time,lon,traj_lons,lat,traj_lats,level,start_time,HUC8,coord_pair
2017-05-08 11:00:00,-100.0,-100.01865219513243,26.5,26.603123402790963,887.4133473336061,2017-05-10,14080107,"(26.5, -100.0)"
2017-05-08 10:00:00,-99.75,-99.85312204099215,26.25,26.19285411148025,898.2802750162886,2017-05-10,14080107,"(26.25, -99.75)"
2017-05-08 09:00:00,-99.75,-99.65837626447944,25.75,25.799503394294092,897.9721031947236,2017-05-10,14080107,"(25.75, -99.75)"
2017-05-08 08:00:00,-99.5,-99.48145775935465,25.25,25.353931226443116,917.8502600140762,2017-05-10,14080107,"(25.25, -99.5)"
2017-05-08 07:00:00,-99.25,-99.301830710873,25.0,24.898966171913386,905.3987980016253,2017-05-10,14080107,"(25.0, -99.25)"
2017-05-08 06:00:00,-99.25,-99.17848785345102,24.5,24.467066008082867,895.12344272584,2017-05-10,14080107,"(24.5, -99.25)"
2017-05-08 05:00:00,-99.0,-99.00641934497666,24.0,24.08199293130003,891.6746117034933,2017-05-10,14080107,"(24.0, -99.0)"
2017-05-08 04:00:00,-99.0,-98.88016469790239,23.75,23.68087276695236,900.9142753107429,2017-05-10,14080107,"(23.75, -99.0)"
2017-05-08 03:00:00,-98.75,-98.77317418995126,23.25,23.330285231025456,912.3908744777459,2017-05-10,14080107,"(23.25, -98.75)"
2017-05-08 02:00:00,-98.5,-98.60699874863406,23.0,23.035183234057197,905.4260957054572,2017-05-10,14080107,"(23.0, -98.5)"
2017-05-08 01:00:00,-98.5,-98.43304811594014,22.75,22.84729275327091,896.9046241613576,2017-05-10,14080107,"(22.75, -98.5)"
2017-05-08 00:00:00,-98.25,-98.26161979777292,22.75,22.716907380649445,892.1729684215786,2017-05-10,14080107,"(22.75, -98.25)"
2017-05-07 23:00:00,-98.25,-98.13258804989276,22.5,22.61499779071958,880.4567414126669,2017-05-10,14080107,"(22.5, -98.25)"
2017-05-07 22:00:00,-98.0,-98.05280149852464,22.5,22.517727021332767,872.6366172601488,2017-05-10,14080107,"(22.5, -98.0)"
2017-05-07 21:00:00,-98.0,-97.99088027744983,22.5,22.40282497052289,867.9507951324075,2017-05-10,14080107,"(22.5, -98.0)"
2017-05-07 20:00:00,-98.0,-97.9312078472834,22.25,22.257259442895855,866.282271011648,2017-05-10,14080107,"(22.25, -98.0)"
2017-05-07 19:00:00,-97.75,-97.85076360989495,22.0,22.099808334833362,862.4117544916348,2017-05-10,14080107,"(22.0, -97.75)"
2017-05-07 18:00:00,-97.75,-97.76771095675976,22.0,21.96384820624347,858.2098133661754,2017-05-10,14080107,"(22.0, -97.75)"
2002-09-08 02:00:00,-94.75,-94.86696610196975,30.0,30.07905687657851,915.8702080794612,2002-09-11,14080105,"(30.0, -94.75)"
2002-09-08 01:00:00,-94.5,-94.41826955665123,29.75,29.82757739736819,921.4767330375682,2002-09-11,14080105,"(29.75, -94.5)"
2017-09-25 16:00:00,-100.0,-100.07624077198639,26.75,26.761325336622363,865.6226795564785,2017-09-28,14080105,"(26.75, -100.0)"
2017-09-25 15:00:00,-100.0,-99.93815689211016,26.5,26.45976374423578,869.9722648507609,2017-09-28,14080105,"(26.5, -100.0)"
2017-09-25 14:00:00,-99.75,-99.78512336518338,26.0,26.106689394608058,870.1125233573669,2017-09-28,14080105,"(26.0, -99.75)"
2017-09-25 13:00:00,-99.75,-99.62671038190162,25.75,25.722636449929848,872.7368965625626,2017-09-28,14080105,"(25.75, -99.75)"
2017-09-25 12:00:00,-99.5,-99.46719327962127,25.25,25.31599473959988,889.9847803447765,2017-09-28,14080105,"(25.25, -99.5)"
2017-09-25 11:00:00,-99.25,-99.28754004921332,25.0,24.89669333727368,882.7707241645998,2017-09-28,14080105,"(25.0, -99.25)"
2017-09-25 10:00:00,-99.25,-99.16065848007378,24.5,24.504862155075973,870.4078167922731,2017-09-28,14080105,"(24.5, -99.25)"
2017-09-25 09:00:00,-99.0,-99.05482763600801,24.25,24.129583597284125,851.724383715359,2017-09-28,14080105,"(24.25, -99.0)"
2017-09-25 08:00:00,-99.0,-98.96750931393402,23.75,23.80926645886428,848.1356216737006,2017-09-28,14080105,"(23.75, -99.0)"
2017-09-25 07:00:00,-99.0,-98.89167649567908,23.5,23.505228684337872,840.8986866464273,2017-09-28,14080105,"(23.5, -99.0)"
2017-09-25 06:00:00,-98.75,-98.81334176850773,23.25,23.22387775326373,835.0499041543627,2017-09-28,14080105,"(23.25, -98.75)"
2017-09-25 05:00:00,-98.75,-98.69641463203878,23.0,22.974213454676818,837.6801984878896,2017-09-28,14080105,"(23.0, -98.75)"
2017-09-25 04:00:00,-98.5,-98.55617209282399,22.75,22.762481206436323,842.8792412820917,2017-09-28,14080105,"(22.75, -98.5)"
2017-09-25 03:00:00,-98.5,-98.40216417096275,22.5,22.590862989806958,850.4950312598833,2017-09-28,14080105,"(22.5, -98.5)"
2017-09-25 02:00:00,-98.25,-98.241612057252,22.5,22.442219287396576,857.1720998069804,2017-09-28,14080105,"(22.5, -98.25)"
2017-09-25 01:00:00,-98.0,-98.07273211649199,22.25,22.296346560721215,862.3721252969449,2017-09-28,14080105,"(22.25, -98.0)"
2008-08-29 17:00:00,-100.0,-100.05495200174197,29.25,29.170005338181934,808.9376891748977,2008-09-01,14020002,"(29.25, -100.0)"
2008-08-29 16:00:00,-99.75,-99.76915070005879,29.0,28.974868966825206,814.6554495371713,2008-09-01,14020002,"(29.0, -99.75)"
2008-08-29 15:00:00,-99.5,-99.50105034234491,28.75,28.812100581291077,816.95784183069,2008-09-01,14020002,"(28.75, -99.5)"
2008-08-29 14:00:00,-99.25,-99.24757388618995,28.75,28.661695010521388,820.6089572549512,2008-09-01,14020002,"(28.75, -99.25)"
2008-08-29 13:00:00,-99.0,-99.01576534014694,28.5,28.51612503968684,823.4589719170139,2008-09-01,14020002,"(28.5, -99.0)"
2008-08-29 12:00:00,-98.75,-98.8204105350552,28.25,28.368029124622215,832.3770778298164,2008-09-01,14020002,"(28.25, -98.75)"
2008-08-29 11:00:00,-98.75,-98.64096358430231,28.25,28.217815610763804,838.8230668377914,2008-09-01,14020002,"(28.25, -98.75)"
2008-08-29 10:00:00,-98.5,-98.47702102907331,28.0,28.058016320141768,844.7835833115886,2008-09-01,14020002,"(28.0, -98.5)"
2008-08-29 09:00:00,-98.25,-98.31611537897545,28.0,27.895874551970287,847.7284525868499,2008-09-01,14020002,"(28.0, -98.25)"
2008-08-29 08:00:00,-98.25,-98.15908710416272,27.75,27.71252469437895,845.5717261552913,2008-09-01,14020002,"(27.75, -98.25)"
2008-08-29 07:00:00,-98.0,-97.99118687525254,27.5,27.518751673530527,844.3700253723072,2008-09-01,14020002,"(27.5, -98.0)"
2008-08-29 06:00:00,-97.75,-97.818110235819,27.25,27.328062373664455,843.2646892403071,2008-09-01,14020002,"(27.25, -97.75)"
2008-08-29 05:00:00,-97.75,-97.64333434080282,27.25,27.15064909254606,840.885807192638,2008-09-01,14020002,"(27.25, -97.75)"
2008-08-29 04:00:00,-97.5,-97.45189248932394,27.0,26.972697249887432,841.28226533234,2008-09-01,14020002,"(27.0, -97.5)"
2008-08-29 03:00:00,-97.25,-97.2391373356785,26.75,26.792555466561733,838.8753700418333,2008-09-01,14020002,"(26.75, -97.25)"
2008-08-29 02:00:00,-97.0,-97.02295064180181,26.75,26.629758788082167,842.0724957349171,2008-09-01,14020002,"(26.75, -97.0)"
2008-08-29 01:00:00,-96.75,-96.81536994422129,26.5,26.472698144414103,845.1891998517763,2008-09-01,14020002,"(26.5, -96.75)"
2008-08-29 21:00:00,-100.0,-100.11067732708813,27.25,27.29056196504813,921.830417222784,2008-09-01,13010005,"(27.25, -100.0)"
2008-08-29 20:00:00,-100.0,-99.93705067535028,27.25,27.23034326010816,927.9802441428933,2008-09-01,13010005,"(27.25, -100.0)"
2008-08-29 19:00:00,-99.75,-99.75098002787884,27.25,27.137165426999324,928.810136938486,2008-09-01,13010005,"(27.25, -99.75)"
2008-08-29 18:00:00,-99.5,-99.57228668319873,27.0,27.035169127251713,932.644111969795,2008-09-01,13010005,"(27.0, -99.5)"
2008-08-29 17:00:00,-99.5,-99.38892549578306,27.0,26.914682472545813,936.9848662476466,2008-09-01,13010005,"(27.0, -99.5)"
2008-08-29 16:00:00,-99.25,-99.19783109216047,26.75,26.776085082136632,940.6114054719701,2008-09-01,13010005,"(26.75, -99.25)"
2008-08-29 15:00:00,-99.0,-98.99253767950113,26.5,26.608105463020266,945.0603988497444,2008-09-01,13010005,"(26.5, -99.0)"
2008-08-29 14:00:00,-98.75,-98.76180570897881,26.5,26.424857695517524,947.9625701868043,2008-09-01,13010005,"(26.5, -98.75)"
2008-08-29 13:00:00,-98.5,-98.50994602220163,26.25,26.216097511270817,949.3517629615518,2008-09-01,13010005,"(26.25, -98.5)"
2008-08-29 12:00:00,-98.25,-98.2744508032845,26.0,26.02323551091049,947.5234301345021,2008-09-01,13010005,"(26.0, -98.25)"
2008-08-29 11:00:00,-98.0,-98.06728474663373,25.75,25.84356226286643,944.3720538316842,2008-09-01,13010005,"(25.75, -98.0)"
2008-08-29 10:00:00,-98.0,-97.87604162524116,25.75,25.68267524120615,941.2794335780611,2008-09-01,13010005,"(25.75, -98.0)"
2008-08-29 09:00:00,-97.75,-97.69147842141,25.5,25.518397061437756,941.6213266049274,2008-09-01,13010005,"(25.5, -97.75)"
2008-08-29 08:00:00,-97.5,-97.50487245379965,25.5,25.377895182091088,946.4868661152129,2008-09-01,13010005,"(25.5, -97.5)"
2008-08-29 07:00:00,-97.25,-97.31562976092395,25.25,25.25194041506533,952.3000503137574,2008-09-01,13010005,"(25.25, -97.25)"
2008-08-29 06:00:00,-97.0,-97.11650900347746,25.25,25.152291692776426,956.7278895633575,2008-09-01,13010005,"(25.25, -97.0)"
2008-08-29 05:00:00,-97.0,-96.90676554966623,25.0,25.05941743474164,957.695003416663,2008-09-01,13010005,"(25.0, -97.0)"
2008-08-29 04:00:00,-96.75,-96.68409944587687,25.0,24.96776975697766,956.5402127648179,2008-09-01,13010005,"(25.0, -96.75)"
2008-08-29 03:00:00,-96.5,-96.46321514166308,25.0,24.881998701828078,955.8734076612906,2008-09-01,13010005,"(25.0, -96.5)"
2008-08-29 02:00:00,-96.25,-96.26332291311876,24.75,24.813625553187062,954.018774725185,2008-09-01,13010005,"(24.75, -96.25)"
2008-08-29 01:00:00,-96.0,-96.07440065995266,24.75,24.759231874045767,953.0548309779198,2008-09-01,13010005,"(24.75, -96.0)"
2000-10-22 23:00:00,-100.0,-99.95339666624646,27.25,27.3014602005267,896.6915133752613,2000-10-24,11020006,"(27.25, -100.0)"
2000-10-22 22:00:00,-99.75,-99.72883046027896,27.0,27.002281534138056,918.6146566963959,2000-10-24,11020006,"(27.0, -99.75)"
2000-10-22 21:00:00,-99.5,-99.55007167044629,26.75,26.710277536583458,931.9166760858956,2000-10-24,11020006,"(26.75, -99.5)"
2000-10-22 20:00:00,-99.5,-99.39144436973521,26.5,26.428162020539077,932.4428182108013,2000-10-24,11020006,"(26.5, -99.5)"
2000-10-22 19:00:00,-99.25,-99.25282342306868,26.25,26.127272793112873,934.2825810827461,2000-10-24,11020006,"(26.25, -99.25)"
2000-10-22 18:00:00,-99.0,-99.12439624334388,25.75,25.816942210679198,935.9992809938454,2000-10-24,11020006,"(25.75, -99.0)"
2000-10-22 17:00:00,-99.0,-98.98913567551473,25.5,25.49830110894913,936.9991108327182,2000-10-24,11020006,"(25.5, -99.0)"
2000-10-22 16:00:00,-98.75,-98.84852364156102,25.25,25.176158270256302,945.6726860778003,2000-10-24,11020006,"(25.25, -98.75)"
2000-10-22 15:00:00,-98.75,-98.71312913333372,24.75,24.8512775942467,946.0459465143626,2000-10-24,11020006,"(24.75, -98.75)"
2000-10-22 14:00:00,-98.5,-98.6039365106412,24.5,24.507538926377787,930.1577534552197,2000-10-24,11020006,"(24.5, -98.5)"
2000-10-22 13:00:00,-98.5,-98.53428049653981,24.0,24.124079781212,938.7675242276985,2000-10-24,11020006,"(24.0, -98.5)"
2000-10-22 12:00:00,-98.5,-98.47460014625646,23.75,23.760590970361317,944.9475237054423,2000-10-24,11020006,"(23.75, -98.5)"
2000-10-22 11:00:00,-98.5,-98.45553336639807,23.5,23.45268593218021,931.8996541415473,2000-10-24,11020006,"(23.5, -98.5)"
2000-10-22 10:00:00,-98.5,-98.45700157376318,23.25,23.195566797347414,910.0198336651578,2000-10-24,11020006,"(23.25, -98.5)"
2000-10-22 09:00:00,-98.5,-98.44794377463086,23.0,22.934076930080032,904.1619118537704,2000-10-24,11020006,"(23.0, -98.5)"
2000-10-22 08:00:00,-98.5,-98.39170204928489,22.75,22.70071704797854,918.7636398305427,2000-10-24,11020006,"(22.75, -98.5)"
2000-10-22 07:00:00,-98.25,-98.32114596480561,22.5,22.4890336055151,931.8521341763155,2000-10-24,11020006,"(22.5, -98.25)"
2000-10-22 06:00:00,-98.25,-98.23334150436425,22.25,22.27764910107806,939.3543830956802,2000-10-24,11020006,"(22.25, -98.25)"
2000-10-22 05:00:00,-98.0,-98.12401676533342,22.0,22.07246603242035,939.0425801021195,2000-10-24,11020006,"(22.0, -98.0)"
2013-09-11 00:00:00,-100.0,-99.97535714849025,27.5,27.620527268176048,858.2294464301282,2013-09-13,11020006,"(27.5, -100.0)"
2013-09-10 23:00:00,-99.75,-99.6750485023788,27.5,27.445960801728614,849.9884334044364,2013-09-13,11020006,"(27.5, -99.75)"
2013-09-10 22:00:00,-99.5,-99.40386516506598,27.25,27.306786732289048,847.9696676058102,2013-09-13,11020006,"(27.25, -99.5)"
2013-09-10 21:00:00,-99.25,-99.15347221579017,27.25,27.165689553759893,857.0097896674861,2013-09-13,11020006,"(27.25, -99.25)"
2013-09-10 20:00:00,-99.0,-98.90199785086125,27.0,27.003016082795448,856.3407533143436,2013-09-13,11020006,"(27.0, -99.0)"
2013-09-10 19:00:00,-98.75,-98.648656964047,26.75,26.868019466986006,866.819445351082,2013-09-13,11020006,"(26.75, -98.75)"
2013-09-10 18:00:00,-98.5,-98.42358002372994,26.75,26.727655526191796,869.9297564812084,2013-09-13,11020006,"(26.75, -98.5)"
2013-09-10 17:00:00,-98.25,-98.1761523528855,26.5,26.584700517388523,866.6434625860167,2013-09-13,11020006,"(26.5, -98.25)"
2013-09-10 16:00:00,-98.0,-97.91545661545493,26.5,26.436768692083128,864.4808784514157,2013-09-13,11020006,"(26.5, -98.0)"
2013-09-10 15:00:00,-97.75,-97.66640239026434,26.25,26.30348569970587,866.957475887092,2013-09-13,11020006,"(26.25, -97.75)"
2013-09-10 14:00:00,-97.5,-97.43794021646912,26.25,26.17985739353604,869.6983700411721,2013-09-13,11020006,"(26.25, -97.5)"
2013-09-10 13:00:00,-97.25,-97.21832822973958,26.0,26.046593785722372,871.9294665616139,2013-09-13,11020006,"(26.0, -97.25)"
2013-09-10 12:00:00,-97.0,-97.01668563410712,26.0,25.884359133762832,869.7875860384623,2013-09-13,11020006,"(26.0, -97.0)"
2013-09-10 11:00:00,-96.75,-96.8231209013098,25.75,25.70608113114432,879.4733976476257,2013-09-13,11020006,"(25.75, -96.75)"
2013-09-10 10:00:00,-96.75,-96.63356997414817,25.5,25.505967752985423,884.9166111420105,2013-09-13,11020006,"(25.5, -96.75)"
2013-09-10 09:00:00,-96.5,-96.42997055176704,25.25,25.3002952281404,886.5884067645328,2013-09-13,11020006,"(25.25, -96.5)"
2013-09-10 08:00:00,-96.25,-96.20312016459343,25.0,25.114291042950846,890.4942338576134,2013-09-13,11020006,"(25.0, -96.25)"
2013-09-10 07:00:00,-96.0,-95.96735430615071,25.0,24.930085435869767,894.7220446800313,2013-09-13,11020006,"(25.0, -96.0)"
2013-09-10 06:00:00,-95.75,-95.71449135051967,24.75,24.749294543261186,895.9914977172795,2013-09-13,11020006,"(24.75, -95.75)"
2013-09-10 05:00:00,-95.5,-95.46095276330894,24.5,24.5650201233945,895.2801587904366,2013-09-13,11020006,"(24.5, -95.5)"
2013-09-10 04:00:00,-95.25,-95.18356510855669,24.25,24.374929539225747,891.4631876764824,2013-09-13,11020006,"(24.25, -95.25)"
2013-09-10 03:00:00,-95.0,-94.89890777684144,24.25,24.222201118533295,896.6533788814791,2013-09-13,11020006,"(24.25, -95.0)"
2013-09-10 02:00:00,-94.5,-94.62408288231056,24.0,24.101316293811482,903.2435947277208,2013-09-13,11020006,"(24.0, -94.5)"
2013-09-10 01:00:00,-94.25,-94.35572542443151,24.0,24.005233056319728,904.9546126277114,2013-09-13,11020006,"(24.0, -94.25)"
2010-07-24 10:00:00,-100.0,-99.9909075233721,27.25,27.306022067234473,932.6022427999521,2010-07-26,11080001,"(27.25, -100.0)"
2010-07-24 09:00:00,-99.75,-99.83389509121541,27.0,27.032589935113638,929.3348762631288,2010-07-26,11080001,"(27.0, -99.75)"
2010-07-24 08:00:00,-99.75,-99.64311285350688,26.75,26.723973900073958,930.807729444649,2010-07-26,11080001,"(26.75, -99.75)"
2010-07-24 07:00:00,-99.5,-99.44694254965397,26.5,26.427736048981835,928.874740838016,2010-07-26,11080001,"(26.5, -99.5)"
2010-07-24 06:00:00,-99.25,-99.2334902745791,26.25,26.150023817823108,930.6334305806914,2010-07-26,11080001,"(26.25, -99.25)"
2010-07-24 05:00:00,-99.0,-99.00584961770299,26.0,25.90471255571799,936.8698899767,2010-07-26,11080001,"(26.0, -99.0)"
2010-07-24 04:00:00,-98.75,-98.74160878429097,25.75,25.66087888314278,937.7003814303692,2010-07-26,11080001,"(25.75, -98.75)"
2010-07-24 03:00:00,-98.5,-98.46154520469531,25.5,25.43435508153849,933.4091646556001,2010-07-26,11080001,"(25.5, -98.5)"
2010-07-24 02:00:00,-98.25,-98.17405845024207,25.25,25.229637700641042,934.757220286252,2010-07-26,11080001,"(25.25, -98.25)"
2010-07-24 01:00:00,-97.75,-97.8683336297289,25.0,25.037125229257903,937.1859060014408,2010-07-26,11080001,"(25.0, -97.75)"
2010-07-24 00:00:00,-97.5,-97.55921746859144,24.75,24.851084345754238,939.4290398303488,2010-07-26,11080001,"(24.75, -97.5)"
2010-07-23 23:00:00,-97.25,-97.25166360672455,24.75,24.67364184216814,943.5807349458166,2010-07-26,11080001,"(24.75, -97.25)"
2010-07-23 22:00:00,-97.0,-96.93214174780435,24.5,24.500722283969733,945.8001467528812,2010-07-26,11080001,"(24.5, -97.0)"
2010-07-23 21:00:00,-96.75,-96.65991688273998,24.25,24.33343242197224,946.3309403108766,2010-07-26,11080001,"(24.25, -96.75)"
2010-07-23 20:00:00,-96.5,-96.37905027644338,24.25,24.149767877079622,953.0656436654083,2010-07-26,11080001,"(24.25, -96.5)"
2010-07-23 19:00:00,-96.0,-96.075353465807,24.0,23.965762139327595,961.081303698823,2010-07-26,11080001,"(24.0, -96.0)"
2010-07-23 18:00:00,-95.75,-95.76784245003144,23.75,23.76232000331895,964.110830626421,2010-07-26,11080001,"(23.75, -95.75)"
2010-07-23 17:00:00,-95.5,-95.47469408488226,23.5,23.533762175141234,964.1260871040618,2010-07-26,11080001,"(23.5, -95.5)"
2010-07-23 16:00:00,-95.25,-95.18890592039818,23.25,23.285095981071773,966.0932169282556,2010-07-26,11080001,"(23.25, -95.25)"
2010-07-23 15:00:00,-95.0,-94.9026579747552,23.0,23.00317878761036,966.3671785124408,2010-07-26,11080001,"(23.0, -95.0)"
2010-07-23 14:00:00,-94.5,-94.62394240266792,22.75,22.69898649305024,966.7680293824786,2010-07-26,11080001,"(22.75, -94.5)"
2010-07-23 13:00:00,-94.25,-94.36024768968194,22.5,22.39368289301717,965.7084284926686,2010-07-26,11080001,"(22.5, -94.25)"
2010-07-23 12:00:00,-94.0,-94.12098000696369,22.0,22.070294532539947,964.9141522639123,2010-07-26,11080001,"(22.0, -94.0)"
2015-05-20 03:00:00,-99.75,-99.79200802500493,29.0,28.906427661313625,945.7885042144034,2015-05-22,11080001,"(29.0, -99.75)"
2015-05-20 02:00:00,-99.5,-99.4522177896217,28.5,28.602924094790296,953.3502222525401,2015-05-22,11080001,"(28.5, -99.5)"
2015-05-20 01:00:00,-99.0,-99.12206438682126,28.25,28.323727557695104,957.8744997897178,2015-05-22,11080001,"(28.25, -99.0)"
2015-05-20 00:00:00,-98.75,-98.83739378104886,28.0,28.074829623273043,963.0687504048253,2015-05-22,11080001,"(28.0, -98.75)"
2015-05-19 23:00:00,-98.5,-98.58947274411028,27.75,27.825450915345673,959.5126446848867,2015-05-22,11080001,"(27.75, -98.5)"
2015-05-19 22:00:00,-98.25,-98.35361604577166,27.5,27.575590301867365,958.966915801856,2015-05-22,11080001,"(27.5, -98.25)"
2015-05-19 21:00:00,-98.25,-98.15786494990239,27.25,27.335346169397162,970.5740205039937,2015-05-22,11080001,"(27.25, -98.25)"
2015-05-19 20:00:00,-98.0,-97.94063498191053,27.0,27.080008233699697,978.5271665899642,2015-05-22,11080001,"(27.0, -98.0)"
2015-05-19 19:00:00,-97.75,-97.7378226926652,26.75,26.819445146814154,983.9359951878612,2015-05-22,11080001,"(26.75, -97.75)"
2015-05-19 18:00:00,-97.5,-97.54104020903546,26.5,26.549076972303915,987.7437613936688,2015-05-22,11080001,"(26.5, -97.5)"
2015-05-19 17:00:00,-97.25,-97.36590885777306,26.25,26.256746419323473,990.2096805490573,2015-05-22,11080001,"(26.25, -97.25)"
2015-05-19 16:00:00,-97.25,-97.21870786762045,26.0,25.961202308908238,990.8096647123061,2015-05-22,11080001,"(26.0, -97.25)"
2015-05-19 15:00:00,-97.0,-97.11210894517707,25.75,25.669246436283778,989.0512240146037,2015-05-22,11080001,"(25.75, -97.0)"
2015-05-19 14:00:00,-97.0,-97.00171127860347,25.5,25.388944456472018,987.7576718125712,2015-05-22,11080001,"(25.5, -97.0)"
2015-05-19 13:00:00,-96.75,-96.86993786838602,25.0,25.123388628853988,986.9411052870582,2015-05-22,11080001,"(25.0, -96.75)"
2015-05-19 12:00:00,-96.75,-96.71924403079942,24.75,24.87481034798491,985.7450736865809,2015-05-22,11080001,"(24.75, -96.75)"
2015-05-19 11:00:00,-96.5,-96.56502479744091,24.75,24.64054169796174,985.34802535698,2015-05-22,11080001,"(24.75, -96.5)"
2015-05-19 10:00:00,-96.5,-96.3955409335435,24.5,24.401818292843487,985.6805279724074,2015-05-22,11080001,"(24.5, -96.5)"
2015-05-19 09:00:00,-96.25,-96.20229903360517,24.25,24.184791261245348,985.4276852012845,2015-05-22,11080001,"(24.25, -96.25)"
2015-05-19 08:00:00,-96.0,-95.97049509707072,24.0,23.97512634770261,985.3492532028687,2015-05-22,11080001,"(24.0, -96.0)"
2015-05-19 07:00:00,-95.75,-95.7111940053396,23.75,23.7841858456947,985.1243817556212,2015-05-22,11080001,"(23.75, -95.75)"
2015-05-19 06:00:00,-95.5,-95.42281047065654,23.5,23.622771311990167,985.7937752909501,2015-05-22,11080001,"(23.5, -95.5)"
2015-05-19 05:00:00,-95.0,-95.10914194279103,23.5,23.490845333299117,986.4178548203455,2015-05-22,11080001,"(23.5, -95.0)"
2015-05-19 04:00:00,-94.75,-94.78784037239659,23.5,23.382681341986615,986.557650314584,2015-05-22,11080001,"(23.5, -94.75)"
2015-05-19 03:00:00,-94.5,-94.46577480996925,23.25,23.29802542015288,984.5840743316415,2015-05-22,11080001,"(23.25, -94.5)"
2015-05-19 02:00:00,-94.25,-94.15533211106364,23.25,23.23889138665845,981.9437506024198,2015-05-22,11080001,"(23.25, -94.25)"
2015-05-19 01:00:00,-93.75,-93.86646593004741,23.25,23.170523588204762,979.9695686984804,2015-05-22,11080001,"(23.25, -93.75)"
2013-09-10 23:00:00,-99.75,-99.68299466994976,30.0,30.09256931709912,937.8723958494189,2013-09-13,11020008,"(30.0, -99.75)"
2013-09-10 22:00:00,-99.5,-99.52536807217781,30.0,29.965696249868376,936.5661862992008,2013-09-13,11020008,"(30.0, -99.5)"
2013-09-10 21:00:00,-99.5,-99.38104588779548,29.75,29.85338733822732,938.9335023604153,2013-09-13,11020008,"(29.75, -99.5)"
2013-09-10 20:00:00,-99.25,-99.20172269364892,29.75,29.76767393100889,945.3330741786388,2013-09-13,11020008,"(29.75, -99.25)"
2013-09-10 19:00:00,-99.0,-99.03112018129791,29.75,29.68114041799687,955.5933319183182,2013-09-13,11020008,"(29.75, -99.0)"
2013-09-10 18:00:00,-99.0,-98.8885045315456,29.5,29.61367472370455,962.1945514772618,2013-09-13,11020008,"(29.5, -99.0)"
2013-09-10 17:00:00,-98.75,-98.76062500902198,29.5,29.5596825879133,968.8357343506076,2013-09-13,11020008,"(29.5, -98.75)"
2013-09-10 16:00:00,-98.75,-98.65698388148995,29.5,29.536545189891918,971.5515321720313,2013-09-13,11020008,"(29.5, -98.75)"
2013-09-10 15:00:00,-98.5,-98.53773207644883,29.5,29.506478766161806,975.406155054699,2013-09-13,11020008,"(29.5, -98.5)"
2013-09-10 14:00:00,-98.5,-98.3893261120585,29.5,29.465306172745233,979.3882312346282,2013-09-13,11020008,"(29.5, -98.5)"
2013-09-10 13:00:00,-98.25,-98.20438076173396,29.5,29.416997871134843,984.2228101115543,2013-09-13,11020008,"(29.5, -98.25)"
2013-09-10 12:00:00,-98.0,-98.04215645233963,29.5,29.394941606632557,986.2816831986021,2013-09-13,11020008,"(29.5, -98.0)"
2013-09-10 11:00:00,-98.0,-97.90317305417634,29.5,29.38463010233351,986.6923567999224,2013-09-13,11020008,"(29.5, -98.0)"
2013-09-10 10:00:00,-97.75,-97.7801714050711,29.25,29.37167473343166,988.2764679424913,2013-09-13,11020008,"(29.25, -97.75)"
2013-09-10 09:00:00,-97.75,-97.6629509253838,29.25,29.35622255550981,989.4975930860944,2013-09-13,11020008,"(29.25, -97.75)"
2013-09-10 08:00:00,-97.5,-97.51627700013813,29.25,29.306187291969994,992.50625151699,2013-09-13,11020008,"(29.25, -97.5)"
2013-09-10 07:00:00,-97.25,-97.36799128631459,29.25,29.256375701552244,993.9536915091102,2013-09-13,11020008,"(29.25, -97.25)"
2013-09-10 06:00:00,-97.25,-97.2245808604535,29.25,29.20326535864919,995.221284131209,2013-09-13,11020008,"(29.25, -97.25)"
2013-09-10 05:00:00,-97.0,-97.09220023931309,29.25,29.15436024845326,996.6443426836279,2013-09-13,11020008,"(29.25, -97.0)"
2013-09-10 04:00:00,-97.0,-96.96254262921423,29.0,29.091442315215936,998.4129659165301,2013-09-13,11020008,"(29.0, -97.0)"
2013-09-10 03:00:00,-96.75,-96.8201692197013,29.0,29.031201687129663,999.8191348264667,2013-09-13,11020008,"(29.0, -96.75)"
2013-09-10 02:00:00,-96.75,-96.654718299621,29.0,28.976680814665354,1000.0,2013-09-13,11020008,"(29.0, -96.75)"
2000-10-22 12:00:00,-98.5,-98.42687342455176,30.0,30.111020065981435,955.5733374282736,2000-10-24,11040002,"(30.0, -98.5)"
2000-10-22 11:00:00,-98.25,-98.34547466090686,29.75,29.857187523274906,957.8381433990947,2000-10-24,11040002,"(29.75, -98.25)"
2000-10-22 10:00:00,-98.25,-98.25960571707515,29.5,29.57471351148816,968.2426314207618,2000-10-24,11040002,"(29.5, -98.25)"
2000-10-22 09:00:00,-98.25,-98.14853395169644,29.25,29.291972896700027,978.2424986722023,2000-10-24,11040002,"(29.25, -98.25)"
2000-10-22 08:00:00,-98.0,-98.00698258278607,29.0,29.064552065406566,982.5313683504694,2000-10-24,11040002,"(29.0, -98.0)"
2000-10-22 07:00:00,-97.75,-97.84715535643247,28.75,28.844951426468903,984.3910593316257,2000-10-24,11040002,"(28.75, -97.75)"
2000-10-22 06:00:00,-97.75,-97.68071911001469,28.5,28.62464462326823,985.371377827632,2000-10-24,11040002,"(28.5, -97.75)"
2000-10-22 05:00:00,-97.5,-97.49624812002963,28.5,28.388950927847635,988.0154615230524,2000-10-24,11040002,"(28.5, -97.5)"
2000-10-22 04:00:00,-97.25,-97.29277453228116,28.25,28.132633890398484,993.2083824204772,2000-10-24,11040002,"(28.25, -97.25)"
2000-10-22 03:00:00,-97.0,-97.09747759289347,27.75,27.863418220497504,996.9014875886237,2000-10-24,11040002,"(27.75, -97.0)"
2000-10-22 02:00:00,-97.0,-96.90334273615373,27.5,27.59965025936035,999.6042455025255,2000-10-24,11040002,"(27.5, -97.0)"
2000-10-22 01:00:00,-96.75,-96.71468015459705,27.25,27.358158446493505,1000.0,2000-10-24,11040002,"(27.25, -96.75)"
2002-09-07 12:00:00,-91.75,-91.74394223129683,30.0,29.910048982359,854.7788346826479,2002-09-10,11040002,"(30.0, -91.75)"
2002-09-07 11:00:00,-91.5,-91.47290276199983,29.5,29.604715977573594,849.903424282779,2002-09-10,11040002,"(29.5, -91.5)"
2002-09-07 10:00:00,-91.25,-91.19550848334232,29.25,29.295172406307845,848.8878406256878,2002-09-10,11040002,"(29.25, -91.25)"
2002-09-07 09:00:00,-91.0,-90.90685248878326,29.0,28.97829911126142,850.7349819011694,2002-09-10,11040002,"(29.0, -91.0)"
2004-06-16 11:00:00,-98.75,-98.8588690101427,30.0,29.906206024062783,930.3199495366617,2004-06-18,11040002,"(30.0, -98.75)"
2004-06-16 10:00:00,-98.75,-98.864496054045,29.75,29.634163791559082,931.0293491621658,2004-06-18,11040002,"(29.75, -98.75)"
2004-06-16 09:00:00,-98.75,-98.78896019876298,29.25,29.34819215660142,936.3073387022644,2004-06-18,11040002,"(29.25, -98.75)"
2004-06-16 08:00:00,-98.75,-98.6812090996307,29.0,29.105186520615014,940.5574164710416,2004-06-18,11040002,"(29.0, -98.75)"
2004-06-16 07:00:00,-98.5,-98.55815640409982,28.75,28.820091276932562,946.3026494541841,2004-06-18,11040002,"(28.75, -98.5)"
2004-06-16 06:00:00,-98.5,-98.39031977589931,28.5,28.500137738586382,955.9976494996441,2004-06-18,11040002,"(28.5, -98.5)"
2004-06-16 05:00:00,-98.25,-98.16958344467373,28.25,28.194371072396567,964.5155083288976,2004-06-18,11040002,"(28.25, -98.25)"
2004-06-16 04:00:00,-98.0,-97.94226317665881,28.0,27.935067603590095,967.7687853158388,2004-06-18,11040002,"(28.0, -98.0)"
2004-06-16 03:00:00,-97.75,-97.71965521870877,27.75,27.724926809054693,968.5885082919158,2004-06-18,11040002,"(27.75, -97.75)"
2004-06-16 02:00:00,-97.5,-97.48057350919,27.5,27.596365448431204,966.6365911085207,2004-06-18,11040002,"(27.5, -97.5)"
2004-06-16 01:00:00,-97.25,-97.2216139335092,27.5,27.512869242929803,971.0532653028706,2004-06-18,11040002,"(27.5, -97.25)"
2004-06-16 00:00:00,-97.0,-96.98082289467541,27.5,27.459307739188187,980.595546093148,2004-06-18,11040002,"(27.5, -97.0)"
2004-06-15 23:00:00,-96.75,-96.77963885125759,27.5,27.440814067767686,988.526109022684,2004-06-18,11040002,"(27.5, -96.75)"
2004-06-15 22:00:00,-96.75,-96.62872170513613,27.5,27.387464144212707,992.3713025010885,2004-06-18,11040002,"(27.5, -96.75)"
2004-06-15 21:00:00,-96.5,-96.51248507684943,27.25,27.306456322227387,992.4786677082252,2004-06-18,11040002,"(27.25, -96.5)"
2004-06-15 20:00:00,-96.5,-96.43300753648397,27.25,27.226809526675623,992.2140052026342,2004-06-18,11040002,"(27.25, -96.5)"
2004-06-15 19:00:00,-96.5,-96.403569276661,27.0,27.106452776152455,994.0490322026525,2004-06-18,11040002,"(27.0, -96.5)"
2004-06-15 18:00:00,-96.5,-96.40528366024373,27.0,26.946244193674346,993.8054503781455,2004-06-18,11040002,"(27.0, -96.5)"
2004-06-15 17:00:00,-96.5,-96.39994733903967,26.75,26.763557721660714,994.8012450402895,2004-06-18,11040002,"(26.75, -96.5)"
2004-06-15 16:00:00,-96.5,-96.38042410220616,26.5,26.558602532499982,995.7737001562914,2004-06-18,11040002,"(26.5, -96.5)"
2004-06-15 15:00:00,-96.25,-96.33593776140594,26.25,26.357735884887497,995.5617527780269,2004-06-18,11040002,"(26.25, -96.25)"
2004-06-15 14:00:00,-96.25,-96.27884935354491,26.25,26.169364285667914,994.95683527183,2004-06-18,11040002,"(26.25, -96.25)"
2004-06-15 13:00:00,-96.25,-96.22668910267996,26.0,25.990497453962472,994.1758969963394,2004-06-18,11040002,"(26.0, -96.25)"
2004-06-15 12:00:00,-96.25,-96.16936658971126,25.75,25.801033031962895,993.1010696988085,2004-06-18,11040002,"(25.75, -96.25)"
2004-06-15 11:00:00,-96.0,-96.09615858318311,25.75,25.63077409475486,992.3465682709249,2004-06-18,11040002,"(25.75, -96.0)"
2004-06-15 10:00:00,-96.0,-96.00794968173282,25.5,25.475113308309464,992.3551970980824,2004-06-18,11040002,"(25.5, -96.0)"
2004-06-15 09:00:00,-96.0,-95.91216648173892,25.25,25.332242935342734,994.9659999042482,2004-06-18,11040002,"(25.25, -96.0)"
2004-06-15 08:00:00,-95.75,-95.82918053263693,25.25,25.198445959988735,995.9462296390908,2004-06-18,11040002,"(25.25, -95.75)"
2004-06-15 07:00:00,-95.75,-95.7437989840974,25.0,25.085835037895876,997.575733176545,2004-06-18,11040002,"(25.0, -95.75)"
2004-06-15 06:00:00,-95.75,-95.66220489084843,25.0,24.996063945302307,998.1232559157802,2004-06-18,11040002,"(25.0, -95.75)"
2004-06-15 05:00:00,-95.5,-95.58240350919714,25.0,24.930516137483263,998.3465545823567,2004-06-18,11040002,"(25.0, -95.5)"
2004-06-15 04:00:00,-95.5,-95.50971664482793,25.0,24.889809680239207,997.5219746700941,2004-06-18,11040002,"(25.0, -95.5)"
2004-06-15 03:00:00,-95.5,-95.43600399506664,25.0,24.879131519454436,995.8815086995385,2004-06-18,11040002,"(25.0, -95.5)"
2004-06-15 02:00:00,-95.25,-95.35787502945766,25.0,24.909716509655155,994.5112247455214,2004-06-18,11040002,"(25.0, -95.25)"
2004-06-15 01:00:00,-95.25,-95.27702771261501,25.0,24.963726775007114,994.2581203026499,2004-06-18,11040002,"(25.0, -95.25)"
2007-03-22 21:00:00,-100.0,-100.00712229994254,28.5,28.560121344552897,959.8614600049384,2007-03-24,11040002,"(28.5, -100.0)"
2007-03-22 20:00:00,-99.75,-99.76872188657156,28.25,28.185280733819926,965.7622516593214,2007-03-24,11040002,"(28.25, -99.75)"
2007-03-22 19:00:00,-99.5,-99.52589793471527,27.75,27.80130963119022,970.6014329298417,2007-03-24,11040002,"(27.75, -99.5)"
2007-03-22 18:00:00,-99.25,-99.27922017304927,27.5,27.39411211912736,978.3834546062136,2007-03-24,11040002,"(27.5, -99.25)"
2007-03-22 17:00:00,-99.0,-99.03008813720346,27.0,27.00445574898825,978.5933563895143,2007-03-24,11040002,"(27.0, -99.0)"
2007-03-22 16:00:00,-98.75,-98.76449917635142,26.5,26.61823601748801,982.5246474830114,2007-03-24,11040002,"(26.5, -98.75)"
2007-03-22 15:00:00,-98.5,-98.51898582942101,26.25,26.26611459345085,987.4156136608782,2007-03-24,11040002,"(26.25, -98.5)"
2007-03-22 14:00:00,-98.25,-98.27517051104415,26.0,25.90014765699563,989.6810438178353,2007-03-24,11040002,"(26.0, -98.25)"
2007-03-22 13:00:00,-98.0,-98.06610398049682,25.5,25.586842196995576,991.5312481673984,2007-03-24,11040002,"(25.5, -98.0)"
2007-03-22 12:00:00,-98.0,-97.87751127558639,25.25,25.28179590094186,996.2491340807783,2007-03-24,11040002,"(25.25, -98.0)"
2007-03-22 11:00:00,-97.75,-97.68226127874969,25.0,24.964670684780835,1000.0,2007-03-24,11040002,"(25.0, -97.75)"
2008-10-12 08:00:00,-99.75,-99.80920502771247,28.75,28.845401943515345,959.7666861110313,2008-10-13,11040002,"(28.75, -99.75)"
2008-10-12 07:00:00,-99.5,-99.475737551602,28.5,28.621936336742653,967.2094795676275,2008-10-13,11040002,"(28.5, -99.5)"
2008-10-12 06:00:00,-99.25,-99.16828683975012,28.5,28.417525904938188,971.1583783399867,2008-10-13,11040002,"(28.5, -99.25)"
2008-10-12 05:00:00,-98.75,-98.85910913864593,28.25,28.21916657926135,976.6560127027894,2008-10-13,11040002,"(28.25, -98.75)"
2008-10-12 04:00:00,-98.5,-98.55103127772368,28.0,28.039916691566145,977.4852161915383,2008-10-13,11040002,"(28.0, -98.5)"
2008-10-12 03:00:00,-98.25,-98.23988619535713,28.0,27.880205238865322,975.8071897873784,2008-10-13,11040002,"(28.0, -98.25)"
2008-10-12 02:00:00,-98.0,-97.8877576663161,27.75,27.73690194708341,983.9297754962851,2008-10-13,11040002,"(27.75, -98.0)"
2008-10-12 01:00:00,-97.5,-97.54725968422744,27.75,27.63674405174877,988.9147390973076,2008-10-13,11040002,"(27.75, -97.5)"
2008-10-12 00:00:00,-97.25,-97.23423102619125,27.5,27.562219734507206,992.6804360881363,2008-10-13,11040002,"(27.5, -97.25)"
2008-10-11 23:00:00,-97.0,-96.9363342548903,27.5,27.505724405823333,997.1809557238338,2008-10-13,11040002,"(27.5, -97.0)"
2008-10-11 22:00:00,-96.75,-96.65420237163951,27.5,27.453714699038642,999.1910568230986,2008-10-13,11040002,"(27.5, -96.75)"
2008-10-11 21:00:00,-96.5,-96.39780506608349,27.5,27.411227256118504,1000.0,2008-10-13,11040002,"(27.5, -96.5)"
2010-07-03 02:00:00,-100.0,-99.98790746407307,29.0,29.063424982503705,907.2657704482582,2010-07-04,11040002,"(29.0, -100.0)"
2010-07-03 01:00:00,-99.5,-99.60370766004425,28.75,28.805050643509247,918.270800515921,2010-07-04,11040002,"(28.75, -99.5)"
2010-07-03 00:00:00,-99.25,-99.21735558639155,28.5,28.535841987769793,928.0168471953707,2010-07-04,11040002,"(28.5, -99.25)"
2010-07-02 23:00:00,-98.75,-98.80825305749579,28.25,28.29124073942423,939.866886388416,2010-07-04,11040002,"(28.25, -98.75)"
2010-07-02 22:00:00,-98.5,-98.39463040356624,28.0,28.067475075547502,946.1455975086657,2010-07-04,11040002,"(28.0, -98.5)"
2010-07-02 21:00:00,-98.0,-98.12029871199421,28.0,27.908443438457184,949.1388002018613,2010-07-04,11040002,"(28.0, -98.0)"
2010-07-02 20:00:00,-97.75,-97.82154214484152,27.75,27.6357888798791,952.9188649655888,2010-07-04,11040002,"(27.75, -97.75)"
2010-07-02 19:00:00,-97.5,-97.54320246533848,27.25,27.335076928412757,957.9593265460734,2010-07-04,11040002,"(27.25, -97.5)"
2010-07-02 18:00:00,-97.25,-97.26947397633204,27.0,27.02801305320295,961.7267091913209,2010-07-04,11040002,"(27.0, -97.25)"
2010-07-02 17:00:00,-97.0,-96.98582193367552,26.75,26.69340977762888,964.3242151954486,2010-07-04,11040002,"(26.75, -97.0)"
2010-07-02 16:00:00,-96.75,-96.68551241950186,26.25,26.34479501442972,966.627593780376,2010-07-04,11040002,"(26.25, -96.75)"
2010-07-02 15:00:00,-96.25,-96.36841630730581,26.0,25.99603142392746,968.4512957594035,2010-07-04,11040002,"(26.0, -96.25)"
2010-07-02 14:00:00,-96.0,-96.02365463885111,25.75,25.656103378543474,967.8496049143854,2010-07-04,11040002,"(25.75, -96.0)"
2010-07-02 13:00:00,-95.75,-95.6751296195552,25.25,25.32725497271988,965.2990351609103,2010-07-04,11040002,"(25.25, -95.75)"
2010-07-02 12:00:00,-95.25,-95.30943948766047,25.0,24.982795070210898,966.4415320119776,2010-07-04,11040002,"(25.0, -95.25)"
2010-07-02 11:00:00,-95.0,-94.91053437692078,24.5,24.607262588546938,967.1626318239422,2010-07-04,11040002,"(24.5, -95.0)"
2010-07-02 10:00:00,-94.5,-94.4678261220547,24.25,24.230547098160333,968.6697678645336,2010-07-04,11040002,"(24.25, -94.5)"
2010-07-02 09:00:00,-94.0,-94.00358272022099,24.0,23.881864858680643,971.225668718887,2010-07-04,11040002,"(24.0, -94.0)"
2010-07-02 08:00:00,-93.5,-93.53057131244081,23.5,23.567687493545016,972.9022170631163,2010-07-04,11040002,"(23.5, -93.5)"
2010-07-02 07:00:00,-93.0,-93.05931123800569,23.25,23.25406070766575,975.276202636939,2010-07-04,11040002,"(23.25, -93.0)"
2010-07-02 06:00:00,-92.5,-92.5821626610762,23.0,22.950783796325883,977.2147525764599,2010-07-04,11040002,"(23.0, -92.5)"
2010-07-02 05:00:00,-92.0,-92.09323943164628,22.75,22.671386907764184,978.8898226702179,2010-07-04,11040002,"(22.75, -92.0)"
2010-07-02 04:00:00,-91.5,-91.60712470030177,22.5,22.417249731249758,980.071226832452,2010-07-04,11040002,"(22.5, -91.5)"
2010-07-02 03:00:00,-91.0,-91.11974286223392,22.25,22.1783600205054,982.2136394473248,2010-07-04,11040002,"(22.25, -91.0)"
2010-07-06 04:00:00,-100.0,-100.03385218547815,28.75,28.843967344257052,797.9196275520875,2010-07-08,11040002,"(28.75, -100.0)"
2010-07-06 03:00:00,-99.75,-99.72186508027443,28.75,28.639399913458327,815.2856988683772,2010-07-08,11040002,"(28.75, -99.75)"
2010-07-06 02:00:00,-99.5,-99.43244573126283,28.5,28.45003124645396,828.0324191586783,2010-07-08,11040002,"(28.5, -99.5)"
2010-07-06 01:00:00,-99.25,-99.17046748808254,28.25,28.265308935605603,830.3577790567455,2010-07-08,11040002,"(28.25, -99.25)"
2010-07-06 00:00:00,-99.0,-98.9175921695899,28.0,28.08047913391534,838.6240709148202,2010-07-08,11040002,"(28.0, -99.0)"
2010-07-05 23:00:00,-98.75,-98.68148021624589,28.0,27.88873165606852,847.7834283082399,2010-07-08,11040002,"(28.0, -98.75)"
2010-07-05 22:00:00,-98.5,-98.43728434374746,27.75,27.692783728701723,857.4530537799523,2010-07-08,11040002,"(27.75, -98.5)"
2010-07-05 21:00:00,-98.25,-98.21339255191316,27.5,27.47551849166148,860.9357950142671,2010-07-08,11040002,"(27.5, -98.25)"
2010-07-05 20:00:00,-98.0,-98.03912795996408,27.25,27.2262176665681,863.9738550884576,2010-07-08,11040002,"(27.25, -98.0)"
2010-07-05 19:00:00,-98.0,-97.87779868223238,27.0,26.982012462669005,865.3127529340238,2010-07-08,11040002,"(27.0, -98.0)"
2010-07-05 18:00:00,-97.75,-97.74269633313318,26.75,26.73991516729726,866.3118605542079,2010-07-08,11040002,"(26.75, -97.75)"
2010-07-05 17:00:00,-97.75,-97.6328493467049,26.5,26.49310694087675,868.9879249798846,2010-07-08,11040002,"(26.5, -97.75)"
2010-07-05 16:00:00,-97.5,-97.5347276642134,26.25,26.222545321110896,870.7404881830964,2010-07-08,11040002,"(26.25, -97.5)"
2010-07-05 15:00:00,-97.5,-97.4353613237949,26.0,25.923089709265895,873.2524909003878,2010-07-08,11040002,"(26.0, -97.5)"
2010-07-05 14:00:00,-97.25,-97.33364608728422,25.5,25.593226875904087,880.2479839069777,2010-07-08,11040002,"(25.5, -97.25)"
2010-07-05 13:00:00,-97.25,-97.22349224467109,25.25,25.24483601039304,884.6228991711345,2010-07-08,11040002,"(25.25, -97.25)"
2010-07-05 12:00:00,-97.0,-97.11305435105581,25.0,24.899827925584226,886.7048863334445,2010-07-08,11040002,"(25.0, -97.0)"
2010-07-05 11:00:00,-97.0,-96.99981407227826,24.5,24.566345165708192,890.040697235235,2010-07-08,11040002,"(24.5, -97.0)"
2010-07-05 10:00:00,-97.0,-96.88346175037536,24.25,24.2467700371901,888.3816408070204,2010-07-08,11040002,"(24.25, -97.0)"
2010-07-05 09:00:00,-96.75,-96.76932448243745,24.0,23.936250347041938,885.0224036598592,2010-07-08,11040002,"(24.0, -96.75)"
2010-07-05 08:00:00,-96.75,-96.69543183026337,23.75,23.63326626850163,874.2130381740222,2010-07-08,11040002,"(23.75, -96.75)"
2010-07-05 07:00:00,-96.75,-96.62891572027124,23.25,23.296261691316626,871.6281934448424,2010-07-08,11040002,"(23.25, -96.75)"
2010-07-05 06:00:00,-96.5,-96.49529791341547,23.0,22.984500149386637,880.7261911006883,2010-07-08,11040002,"(23.0, -96.5)"
2010-07-05 05:00:00,-96.25,-96.2986804114632,22.75,22.708600962252458,886.6768748359884,2010-07-08,11040002,"(22.75, -96.25)"
2010-07-05 04:00:00,-96.0,-96.05956974499237,22.5,22.449418043569725,889.5446958870187,2010-07-08,11040002,"(22.5, -96.0)"
2010-07-05 03:00:00,-95.75,-95.79216537852214,22.25,22.218548133642017,891.2433767535609,2010-07-08,11040002,"(22.25, -95.75)"
2010-07-05 02:00:00,-95.5,-95.5121374677827,22.0,22.027446112277243,892.0828930777502,2010-07-08,11040002,"(22.0, -95.5)"
2013-09-11 00:00:00,-100.0,-99.93581808803201,30.0,30.05598264816109,893.7609546640554,2013-09-12,11040002,"(30.0, -100.0)"
2013-09-10 23:00:00,-99.75,-99.68388175839802,29.75,29.850996718942955,891.0693793200793,2013-09-12,11040002,"(29.75, -99.75)"
2013-09-10 22:00:00,-99.5,-99.4446980485106,29.75,29.670649499607983,894.5120031574595,2013-09-12,11040002,"(29.75, -99.5)"
2013-09-10 21:00:00,-99.25,-99.22464870655763,29.5,29.514482165582724,904.148191010597,2013-09-12,11040002,"(29.5, -99.25)"
2013-09-10 20:00:00,-99.0,-98.9714574498799,29.5,29.408325814243458,902.6246608983728,2013-09-12,11040002,"(29.5, -99.0)"
2013-09-10 19:00:00,-98.75,-98.75829918050516,29.25,29.294403908188283,892.794304921828,2013-09-12,11040002,"(29.25, -98.75)"
2013-09-10 18:00:00,-98.5,-98.54344322737715,29.25,29.176533516359633,895.3139304815084,2013-09-12,11040002,"(29.25, -98.5)"
2013-09-10 17:00:00,-98.25,-98.34680252332744,29.0,29.053158894123037,900.6555564201783,2013-09-12,11040002,"(29.0, -98.25)"
2013-09-10 16:00:00,-98.25,-98.14354385348224,29.0,28.90979045463742,911.8798555842296,2013-09-12,11040002,"(29.0, -98.25)"
2013-09-10 15:00:00,-98.0,-97.94063825430649,28.75,28.761903730312575,914.4176578284389,2013-09-12,11040002,"(28.75, -98.0)"
2013-09-10 14:00:00,-97.75,-97.72309353653249,28.5,28.606695861219823,913.198379044753,2013-09-12,11040002,"(28.5, -97.75)"
2013-09-10 13:00:00,-97.5,-97.47854069940853,28.5,28.44845259435989,906.0793717815553,2013-09-12,11040002,"(28.5, -97.5)"
2013-09-10 12:00:00,-97.25,-97.24705329310599,28.25,28.301901229018643,917.9592679588872,2013-09-12,11040002,"(28.25, -97.25)"
2013-09-10 11:00:00,-97.0,-97.03806864495505,28.25,28.140065852738378,924.3988862451226,2013-09-12,11040002,"(28.25, -97.0)"
2013-09-10 10:00:00,-96.75,-96.86046410948319,28.0,27.952880325659418,926.3497169947138,2013-09-12,11040002,"(28.0, -96.75)"
2013-09-10 09:00:00,-96.75,-96.6749680665756,27.75,27.740922484770497,916.8711254889977,2013-09-12,11040002,"(27.75, -96.75)"
2013-09-10 08:00:00,-96.5,-96.40850812129162,27.5,27.510393833251655,914.7746820482516,2013-09-12,11040002,"(27.5, -96.5)"
2013-09-10 07:00:00,-96.25,-96.15404141390803,27.25,27.283525104237647,923.5624510633784,2013-09-12,11040002,"(27.25, -96.25)"
2013-09-10 06:00:00,-96.0,-95.88014527392454,27.0,27.06547181915557,931.8882078425688,2013-09-12,11040002,"(27.0, -96.0)"
2013-09-10 05:00:00,-95.5,-95.61652196494262,26.75,26.869471605535566,937.5468419121055,2013-09-12,11040002,"(26.75, -95.5)"
2013-09-10 04:00:00,-95.25,-95.34919823131023,26.75,26.682438532427277,942.7763728502298,2013-09-12,11040002,"(26.75, -95.25)"
2013-09-10 03:00:00,-95.0,-95.05660633152551,26.5,26.513439488593946,944.1529560161794,2013-09-12,11040002,"(26.5, -95.0)"
2013-09-10 02:00:00,-94.75,-94.75095312411338,26.25,26.374164364229273,941.6103856548574,2013-09-12,11040002,"(26.25, -94.75)"
2013-09-10 01:00:00,-94.5,-94.4531539137383,26.25,26.239728345600824,937.7977893655424,2013-09-12,11040002,"(26.25, -94.5)"
2013-09-10 00:00:00,-94.25,-94.13449515623257,26.0,26.10422452070075,933.4566094879827,2013-09-12,11040002,"(26.0, -94.25)"
2013-09-09 23:00:00,-93.75,-93.80999405233466,26.0,25.966022184553573,926.149955134829,2013-09-12,11040002,"(26.0, -93.75)"
2013-09-09 22:00:00,-93.5,-93.48591441223284,25.75,25.81526653997264,919.0378427325245,2013-09-12,11040002,"(25.75, -93.5)"
2013-09-09 21:00:00,-93.25,-93.17911537081645,25.75,25.6570080671881,915.467817285533,2013-09-12,11040002,"(25.75, -93.25)"
2013-09-09 20:00:00,-92.75,-92.85353051185447,25.5,25.536806882310724,914.5903973535062,2013-09-12,11040002,"(25.5, -92.75)"
2013-09-09 19:00:00,-92.5,-92.54750397695292,25.5,25.411129378530834,911.4066267177267,2013-09-12,11040002,"(25.5, -92.5)"
2013-09-09 18:00:00,-92.25,-92.25199942324569,25.25,25.282555707516366,907.839606947787,2013-09-12,11040002,"(25.25, -92.25)"
2013-09-09 17:00:00,-92.0,-91.94731275635246,25.25,25.15553097201105,910.1111402160916,2013-09-12,11040002,"(25.25, -92.0)"
2013-09-09 16:00:00,-91.75,-91.63313133766304,25.0,25.036659427743114,908.7446568083013,2013-09-12,11040002,"(25.0, -91.75)"
2013-09-09 15:00:00,-91.25,-91.32109693649711,25.0,24.929044047479422,903.3317589336178,2013-09-12,11040002,"(25.0, -91.25)"
2013-09-09 14:00:00,-91.0,-91.02036430115456,24.75,24.833937550819968,902.1763055818436,2013-09-12,11040002,"(24.75, -91.0)"
2016-06-24 15:00:00,-100.0,-100.10014781014057,27.5,27.61121152509983,844.5824661399251,2016-06-26,11040002,"(27.5, -100.0)"
2016-06-24 14:00:00,-100.0,-99.91563249939144,27.25,27.331195658438016,847.3777606634725,2016-06-26,11040002,"(27.25, -100.0)"
2016-06-24 13:00:00,-99.75,-99.72732715278467,27.0,27.028469261063574,844.5335106081018,2016-06-26,11040002,"(27.0, -99.75)"
2016-06-24 12:00:00,-99.5,-99.55093053264008,26.75,26.7165935658764,843.634444495976,2016-06-26,11040002,"(26.75, -99.5)"
2016-06-24 11:00:00,-99.5,-99.38952901336533,26.5,26.39949538333169,848.7529130393187,2016-06-26,11040002,"(26.5, -99.5)"
2016-06-24 10:00:00,-99.25,-99.23958816264546,26.0,26.0651714330573,854.2104420248469,2016-06-26,11040002,"(26.0, -99.25)"
2016-06-24 09:00:00,-99.0,-99.10810794703536,25.75,25.71192573397611,853.2453241258356,2016-06-26,11040002,"(25.75, -99.0)"
2016-06-24 08:00:00,-99.0,-99.033079912227,25.25,25.353623572123528,848.0631757740045,2016-06-26,11040002,"(25.25, -99.0)"
2016-06-24 07:00:00,-99.0,-98.94285897639351,25.0,24.983827321739863,850.7093970875591,2016-06-26,11040002,"(25.0, -99.0)"
2016-06-24 06:00:00,-98.75,-98.84580122078835,24.5,24.616022058107724,831.2836038087333,2016-06-26,11040002,"(24.5, -98.75)"
2016-06-24 05:00:00,-98.75,-98.75084785306089,24.25,24.25807323900314,808.3583254580411,2016-06-26,11040002,"(24.25, -98.75)"
2016-06-24 04:00:00,-98.75,-98.65716940801003,24.0,23.980283547224037,809.4807547477207,2016-06-26,11040002,"(24.0, -98.75)"
2016-06-24 03:00:00,-98.5,-98.59018985850213,23.75,23.773342784635545,815.8052191111915,2016-06-26,11040002,"(23.75, -98.5)"
2016-06-24 02:00:00,-98.5,-98.54724753028572,23.5,23.597040211986137,819.6031614594298,2016-06-26,11040002,"(23.5, -98.5)"
2016-06-24 01:00:00,-98.5,-98.51057795506838,23.5,23.42886267376586,815.5775692425649,2016-06-26,11040002,"(23.5, -98.5)"
2016-06-24 00:00:00,-98.5,-98.49795471660639,23.25,23.277595165532446,811.0894824881792,2016-06-26,11040002,"(23.25, -98.5)"
2016-06-23 23:00:00,-98.5,-98.47360982143006,23.25,23.160348004655166,817.3433985059326,2016-06-26,11040002,"(23.25, -98.5)"
2016-06-23 22:00:00,-98.5,-98.39604135053511,23.0,23.041385628011874,830.1799408136844,2016-06-26,11040002,"(23.0, -98.5)"
2016-06-23 21:00:00,-98.25,-98.31311635449335,23.0,22.933684006550845,838.7277936476497,2016-06-26,11040002,"(23.0, -98.25)"
2016-06-23 20:00:00,-98.25,-98.23079683403886,22.75,22.841147001292157,844.8993486779337,2016-06-26,11040002,"(22.75, -98.25)"
2016-06-23 19:00:00,-98.25,-98.16676453438231,22.75,22.752517617139013,850.5770809936027,2016-06-26,11040002,"(22.75, -98.25)"
2016-06-23 18:00:00,-98.0,-98.11493991166031,22.75,22.65378486403902,847.0410655709235,2016-06-26,11040002,"(22.75, -98.0)"
2016-06-23 17:00:00,-98.0,-98.05677978818206,22.5,22.531255313404102,840.5815177187415,2016-06-26,11040002,"(22.5, -98.0)"
2016-06-23 16:00:00,-98.0,-97.98602446641812,22.5,22.393163548964175,833.6714868888539,2016-06-26,11040002,"(22.5, -98.0)"
2016-06-23 15:00:00,-98.0,-97.89802870322796,22.25,22.243118537731668,828.6439935767529,2016-06-26,11040002,"(22.25, -98.0)"
2016-06-23 14:00:00,-97.75,-97.79790831809747,22.0,22.08869135029542,827.6098111915401,2016-06-26,11040002,"(22.0, -97.75)"
2016-06-23 13:00:00,-97.75,-97.70354797573758,22.0,21.937041943980812,827.016362349391,2016-06-26,11040002,"(22.0, -97.75)"
2018-06-17 22:00:00,-100.0,-100.05433171586098,29.25,29.37397320053446,780.2278202527897,2018-06-20,11040002,"(29.25, -100.0)"
2018-06-17 21:00:00,-100.0,-99.94218471231171,29.25,29.286560035188263,785.579497441565,2018-06-20,11040002,"(29.25, -100.0)"
2018-06-17 20:00:00,-99.75,-99.82479052802125,29.25,29.238305272664853,764.4732759324088,2018-06-20,11040002,"(29.25, -99.75)"
2018-06-17 19:00:00,-99.75,-99.7157158607625,29.25,29.143379046211628,746.9142769661797,2018-06-20,11040002,"(29.25, -99.75)"
2018-06-17 18:00:00,-99.5,-99.601914379087,29.0,28.986777663231543,737.6962489444869,2018-06-20,11040002,"(29.0, -99.5)"
2018-06-17 17:00:00,-99.5,-99.49185533657504,28.75,28.80838126923846,739.7748669983699,2018-06-20,11040002,"(28.75, -99.5)"
2018-06-17 16:00:00,-99.25,-99.371592905449,28.75,28.625302591704244,741.7829949350246,2018-06-20,11040002,"(28.75, -99.25)"
2018-06-17 15:00:00,-99.25,-99.23243783602852,28.5,28.447577068589073,744.7409839737903,2018-06-20,11040002,"(28.5, -99.25)"
2018-06-17 14:00:00,-99.0,-99.07582625859048,28.25,28.279057752718728,746.2422839984127,2018-06-20,11040002,"(28.25, -99.0)"
2018-06-17 13:00:00,-99.0,-98.9075868798693,28.0,28.11994209582579,745.3891565873068,2018-06-20,11040002,"(28.0, -99.0)"
2018-06-17 12:00:00,-98.75,-98.72409733757515,28.0,27.96219412020362,742.9885209462558,2018-06-20,11040002,"(28.0, -98.75)"
2018-06-17 11:00:00,-98.5,-98.52784581657585,27.75,27.81943911745704,739.0698499428336,2018-06-20,11040002,"(27.75, -98.5)"
2018-06-17 10:00:00,-98.25,-98.32864667484894,27.75,27.696545996323504,736.7290915686156,2018-06-20,11040002,"(27.75, -98.25)"
2018-06-17 09:00:00,-98.25,-98.13972812482464,27.5,27.581082511360673,736.2733818657211,2018-06-20,11040002,"(27.5, -98.25)"
2018-06-17 08:00:00,-98.0,-97.9507343811053,27.5,27.44161512098121,739.531598061956,2018-06-20,11040002,"(27.5, -98.0)"
2018-06-17 07:00:00,-97.75,-97.76446327086468,27.25,27.293766945068846,740.1835935113899,2018-06-20,11040002,"(27.25, -97.75)"
2018-06-17 06:00:00,-97.5,-97.5867844341297,27.25,27.14600923112648,739.4896658209188,2018-06-20,11040002,"(27.25, -97.5)"
2018-06-17 05:00:00,-97.5,-97.4144229996698,27.0,27.002979929556346,738.0377635999051,2018-06-20,11040002,"(27.0, -97.5)"
2018-06-17 04:00:00,-97.25,-97.23596516336349,26.75,26.864767256414666,739.2889299141999,2018-06-20,11040002,"(26.75, -97.25)"
2018-06-17 03:00:00,-97.0,-97.03858254568937,26.75,26.735574592982392,738.0991826281777,2018-06-20,11040002,"(26.75, -97.0)"
2018-06-17 02:00:00,-96.75,-96.82858104748435,26.5,26.615248770313677,727.8393655539089,2018-06-20,11040002,"(26.5, -96.75)"
2018-06-17 01:00:00,-96.75,-96.62512430599558,26.5,26.500864513512,719.3105377519405,2018-06-20,11040002,"(26.5, -96.75)"
2023-10-02 04:00:00,-100.0,-100.02955730196703,29.0,28.920614548718046,888.6269227496945,2023-10-03,11040002,"(29.0, -100.0)"
2023-10-02 03:00:00,-99.5,-99.60996917919984,28.75,28.77358968771234,892.8906193815783,2023-10-03,11040002,"(28.75, -99.5)"
2023-10-02 02:00:00,-99.25,-99.19837331465152,28.75,28.68964299468732,883.2842737185921,2023-10-03,11040002,"(28.75, -99.25)"
2023-10-02 01:00:00,-98.75,-98.81907526454891,28.75,28.655160544077468,869.2766464600824,2023-10-03,11040002,"(28.75, -98.75)"
2023-10-02 00:00:00,-98.5,-98.48171218582084,28.75,28.648148285142305,857.9063111663224,2023-10-03,11040002,"(28.75, -98.5)"
2023-10-01 23:00:00,-98.25,-98.18208810233276,28.75,28.650541048239823,847.6691958110679,2023-10-03,11040002,"(28.75, -98.25)"
2023-10-01 22:00:00,-98.0,-97.92174013402393,28.75,28.650655014222327,844.5673106531287,2023-10-03,11040002,"(28.75, -98.0)"
2023-10-01 21:00:00,-97.75,-97.71031387453196,28.75,28.644302105727448,854.8507074856911,2023-10-03,11040002,"(28.75, -97.75)"
2023-10-01 20:00:00,-97.5,-97.44866821941973,28.75,28.625318260655785,855.71510802691,2023-10-03,11040002,"(28.75, -97.5)"
2023-10-01 19:00:00,-97.25,-97.18217028656306,28.5,28.615094619256137,858.2484554348058,2023-10-03,11040002,"(28.5, -97.25)"
2023-10-01 18:00:00,-97.0,-96.90984650571112,28.5,28.61813888201891,862.4602825352558,2023-10-03,11040002,"(28.5, -97.0)"
2023-10-01 17:00:00,-96.75,-96.63613647166139,28.5,28.622711687476198,868.4374306990076,2023-10-03,11040002,"(28.5, -96.75)"
2023-10-01 16:00:00,-96.25,-96.34857711584993,28.5,28.616492332060353,878.1345458485512,2023-10-03,11040002,"(28.5, -96.25)"
2023-10-01 15:00:00,-96.0,-96.04025785097411,28.5,28.59821994130117,891.6239376113424,2023-10-03,11040002,"(28.5, -96.0)"
2023-10-01 14:00:00,-95.75,-95.70841982090231,28.5,28.58154681751016,900.8288898886238,2023-10-03,11040002,"(28.5, -95.75)"
2023-10-01 13:00:00,-95.25,-95.37042244110116,28.5,28.562908997770293,904.82958400239,2023-10-03,11040002,"(28.5, -95.25)"
2023-10-01 12:00:00,-95.0,-95.02100658167525,28.5,28.542386509925745,903.2650604664749,2023-10-03,11040002,"(28.5, -95.0)"
2023-10-01 11:00:00,-94.75,-94.66329828171037,28.5,28.512165984816118,898.7685062301646,2023-10-03,11040002,"(28.5, -94.75)"
2023-10-01 10:00:00,-94.25,-94.31169277232101,28.5,28.49401580176323,892.0768298651868,2023-10-03,11040002,"(28.5, -94.25)"
2023-10-01 09:00:00,-94.0,-93.94293807596121,28.5,28.47865525143142,894.9014211462214,2023-10-03,11040002,"(28.5, -94.0)"
2023-10-01 08:00:00,-93.5,-93.59065231349325,28.5,28.44380045486484,892.6371318588866,2023-10-03,11040002,"(28.5, -93.5)"
2023-10-01 07:00:00,-93.25,-93.22325383886452,28.5,28.42376771512861,892.0793380427132,2023-10-03,11040002,"(28.5, -93.25)"
2023-10-01 06:00:00,-92.75,-92.83222995924815,28.5,28.42285130340672,889.886271785757,2023-10-03,11040002,"(28.5, -92.75)"
2023-10-01 05:00:00,-92.5,-92.4412132125222,28.5,28.44584825603235,884.5680710593763,2023-10-03,11040002,"(28.5, -92.5)"
2023-10-01 04:00:00,-92.0,-92.05970733782299,28.5,28.48622552863703,882.8689860747952,2023-10-03,11040002,"(28.5, -92.0)"
2023-10-01 03:00:00,-91.75,-91.68184882508416,28.5,28.538942953441282,882.32115850161,2023-10-03,11040002,"(28.5, -91.75)"
2023-10-01 02:00:00,-91.25,-91.314354662618,28.5,28.604100502911468,880.1753160012528,2023-10-03,11040002,"(28.5, -91.25)"
2023-10-01 01:00:00,-91.0,-90.95465270532438,28.75,28.670870734854503,879.2301437703834,2023-10-03,11040002,"(28.75, -91.0)"
2011-07-01 07:00:00,-100.0,-100.04551629620026,26.75,26.80463004690762,720.0176828670615,2011-07-03,10250001,"(26.75, -100.0)"
2011-07-01 06:00:00,-99.75,-99.64956897001386,26.5,26.56010473154919,721.4155869221515,2011-07-03,10250001,"(26.5, -99.75)"
2011-07-01 05:00:00,-99.25,-99.25510699101245,26.25,26.331743181854403,728.8011484121917,2011-07-03,10250001,"(26.25, -99.25)"
2011-07-01 04:00:00,-98.75,-98.86320484309528,26.0,26.116233989790416,735.5933131832572,2011-07-03,10250001,"(26.0, -98.75)"
2011-07-01 03:00:00,-98.5,-98.46345934140537,26.0,25.920928838259957,739.918577369475,2011-07-03,10250001,"(26.0, -98.5)"
2011-07-01 02:00:00,-98.0,-98.051472019946,25.75,25.737584925393843,735.2212634135836,2011-07-03,10250001,"(25.75, -98.0)"
2011-07-01 01:00:00,-97.5,-97.62419116395458,25.5,25.556402693361726,738.9876153140738,2011-07-03,10250001,"(25.5, -97.5)"
2011-07-01 00:00:00,-97.25,-97.17302333819771,25.5,25.392107064891267,745.49999057256,2011-07-03,10250001,"(25.5, -97.25)"
2011-06-30 23:00:00,-96.75,-96.71651438017578,25.25,25.2312599488418,750.3771278948551,2011-07-03,10250001,"(25.25, -96.75)"
2011-06-30 22:00:00,-96.25,-96.25065727300453,25.0,25.064863246352495,759.9467844205805,2011-07-03,10250001,"(25.0, -96.25)"
2011-06-30 21:00:00,-95.75,-95.78240194222998,25.0,24.889233449571194,775.0880175308635,2011-07-03,10250001,"(25.0, -95.75)"
2011-06-30 20:00:00,-95.25,-95.35047948021199,24.75,24.660956669993777,773.966722746395,2011-07-03,10250001,"(24.75, -95.25)"
2011-06-30 19:00:00,-95.0,-94.92425614891019,24.5,24.40828493387655,773.3215435110782,2011-07-03,10250001,"(24.5, -95.0)"
2011-06-30 18:00:00,-94.5,-94.50562942873432,24.25,24.129571445270035,779.0948667273731,2011-07-03,10250001,"(24.25, -94.5)"
2011-06-30 17:00:00,-94.0,-94.0880395498167,23.75,23.822229886134217,779.537977843446,2011-07-03,10250001,"(23.75, -94.0)"
2011-06-30 16:00:00,-93.75,-93.68301548921639,23.5,23.494716395447952,779.2100824625517,2011-07-03,10250001,"(23.5, -93.75)"
2011-06-30 15:00:00,-93.25,-93.27785358259952,23.25,23.137421486982777,785.0780155094186,2011-07-03,10250001,"(23.25, -93.25)"
2011-06-30 14:00:00,-93.0,-92.88134308100301,22.75,22.752489916346068,787.4586433828575,2011-07-03,10250001,"(22.75, -93.0)"
2011-06-30 13:00:00,-92.5,-92.50805709950741,22.25,22.361137693014797,783.4328322797745,2011-07-03,10250001,"(22.25, -92.5)"
2011-06-30 12:00:00,-92.25,-92.15187079987983,22.0,21.971501194054508,781.5704735998438,2011-07-03,10250001,"(22.0, -92.25)"
2013-09-10 16:00:00,-97.0,-97.01822857639267,30.0,30.07101856993651,936.2456854025521,2013-09-13,10250001,"(30.0, -97.0)"
2013-09-10 15:00:00,-96.75,-96.84343996669044,30.0,29.969802811881756,937.879211762829,2013-09-13,10250001,"(30.0, -96.75)"
2013-09-10 14:00:00,-96.75,-96.6715191687404,29.75,29.866314757981293,944.1062150119193,2013-09-13,10250001,"(29.75, -96.75)"
2013-09-10 13:00:00,-96.5,-96.49413846519438,29.75,29.747736745100433,946.8045709681638,2013-09-13,10250001,"(29.75, -96.5)"
2013-09-10 12:00:00,-96.25,-96.2913415111082,29.5,29.598750685257496,948.3845986789084,2013-09-13,10250001,"(29.5, -96.25)"
2013-09-10 11:00:00,-96.0,-96.10110863536795,29.5,29.448931255817612,950.0416484651944,2013-09-13,10250001,"(29.5, -96.0)"
2013-09-10 10:00:00,-96.0,-95.92564379986979,29.25,29.295882062183445,948.0453552892714,2013-09-13,10250001,"(29.25, -96.0)"
2013-09-10 09:00:00,-95.75,-95.75840255113646,29.25,29.148219873325896,943.9941341586793,2013-09-13,10250001,"(29.25, -95.75)"
2013-09-10 08:00:00,-95.5,-95.54890123272985,29.0,28.979241172093847,938.3639817230367,2013-09-13,10250001,"(29.0, -95.5)"
2013-09-10 07:00:00,-95.25,-95.35105732492252,28.75,28.809841869583984,936.5208222837662,2013-09-13,10250001,"(28.75, -95.25)"
2013-09-10 06:00:00,-95.25,-95.14037158577915,28.75,28.645715318857125,937.7356781054019,2013-09-13,10250001,"(28.75, -95.25)"
2013-09-10 05:00:00,-95.0,-94.92270749589056,28.5,28.491356448262973,941.7212636991037,2013-09-13,10250001,"(28.5, -95.0)"
2013-09-10 04:00:00,-94.75,-94.68209217248773,28.25,28.348180328155223,947.6340563826312,2013-09-13,10250001,"(28.25, -94.75)"
2013-09-10 03:00:00,-94.5,-94.42963019742093,28.25,28.225710790893547,951.0618434898145,2013-09-13,10250001,"(28.25, -94.5)"
2013-09-10 02:00:00,-94.25,-94.19266489310095,28.0,28.11607505120318,953.7722847664164,2013-09-13,10250001,"(28.0, -94.25)"
2013-09-10 01:00:00,-94.0,-93.97750745254429,28.0,28.00516054795715,953.7599427211071,2013-09-13,10250001,"(28.0, -94.0)"
2000-10-28 02:00:00,-98.0,-98.09409630828604,30.0,29.964675585997153,880.1402317255469,2000-10-29,10190018,"(30.0, -98.0)"
2000-10-28 01:00:00,-98.0,-97.95474985132935,29.5,29.6178218561775,887.4851585785921,2000-10-29,10190018,"(29.5, -98.0)"
2000-10-28 00:00:00,-97.75,-97.81392190649991,29.25,29.293169434998063,890.6003179968122,2000-10-29,10190018,"(29.25, -97.75)"
2000-10-27 23:00:00,-97.75,-97.65259726090451,29.0,28.980271936864384,897.7841568937312,2000-10-29,10190018,"(29.0, -97.75)"
2000-10-27 22:00:00,-97.5,-97.4935248206539,28.75,28.663137921297075,904.9173961452032,2000-10-29,10190018,"(28.75, -97.5)"
2000-10-27 21:00:00,-97.25,-97.32265521317525,28.25,28.362032263736182,914.4725134036939,2000-10-29,10190018,"(28.25, -97.25)"
2000-10-27 20:00:00,-97.25,-97.17049979495806,28.0,28.077879563723325,922.7177542260348,2000-10-29,10190018,"(28.0, -97.25)"
2000-10-27 19:00:00,-97.0,-97.01687243692105,27.75,27.800431524583967,927.6717972618228,2000-10-29,10190018,"(27.75, -97.0)"
2000-10-27 18:00:00,-96.75,-96.86307328890416,27.5,27.52098437974448,931.9394157967596,2000-10-29,10190018,"(27.5, -96.75)"
2000-10-27 17:00:00,-96.75,-96.69464878227178,27.25,27.241192866662825,930.001889016175,2000-10-29,10190018,"(27.25, -96.75)"
2000-10-27 16:00:00,-96.5,-96.5327857485748,27.0,26.97278169205301,930.8989904229771,2000-10-29,10190018,"(27.0, -96.5)"
2000-10-27 15:00:00,-96.25,-96.3640035110093,26.75,26.70993407101739,933.42636876155,2000-10-29,10190018,"(26.75, -96.25)"
2000-10-27 14:00:00,-96.25,-96.18869815853336,26.5,26.463920748134512,932.448906994418,2000-10-29,10190018,"(26.5, -96.25)"
2000-10-27 13:00:00,-96.0,-96.01779513285108,26.25,26.225496924447448,930.635274360466,2000-10-29,10190018,"(26.25, -96.0)"
2000-10-27 12:00:00,-95.75,-95.84285129024092,26.0,25.98700171852754,930.6441151290329,2000-10-29,10190018,"(26.0, -95.75)"
2000-10-27 11:00:00,-95.75,-95.66047574102946,25.75,25.750218083258833,930.1362553862007,2000-10-29,10190018,"(25.75, -95.75)"
2000-10-27 10:00:00,-95.5,-95.48109374504563,25.5,25.52012395215255,929.982427658046,2000-10-29,10190018,"(25.5, -95.5)"
2000-10-27 09:00:00,-95.25,-95.3045251351216,25.25,25.298055533198735,931.3702740535092,2000-10-29,10190018,"(25.25, -95.25)"
2000-10-27 08:00:00,-95.0,-95.10161477235563,25.0,25.091263861136223,933.3449322167246,2000-10-29,10190018,"(25.0, -95.0)"
2000-10-27 07:00:00,-95.0,-94.88960341660994,25.0,24.89847061475823,933.5584944403871,2000-10-29,10190018,"(25.0, -95.0)"
2000-10-27 06:00:00,-94.75,-94.67452258781351,24.75,24.71843203462314,931.4131882703621,2000-10-29,10190018,"(24.75, -94.75)"
2000-10-27 05:00:00,-94.5,-94.45421405595344,24.5,24.56083325697715,931.2259729990925,2000-10-29,10190018,"(24.5, -94.5)"
2000-10-27 04:00:00,-94.25,-94.22277322262562,24.5,24.41689955239923,930.3396527910558,2000-10-29,10190018,"(24.5, -94.25)"
2000-10-27 03:00:00,-94.0,-93.98621342765847,24.25,24.29149376434454,928.6989622307245,2000-10-29,10190018,"(24.25, -94.0)"
2000-10-27 02:00:00,-93.75,-93.7490254282964,24.25,24.183989316292696,925.7422704938938,2000-10-29,10190018,"(24.25, -93.75)"
2000-10-27 01:00:00,-93.5,-93.52379276082262,24.0,24.099300981472012,922.6208761814369,2000-10-29,10190018,"(24.0, -93.5)"
2000-10-27 00:00:00,-93.25,-93.31912954877696,24.0,24.034274343462553,923.0698012690331,2000-10-29,10190018,"(24.0, -93.25)"
2000-10-26 23:00:00,-93.0,-93.12083991514679,24.0,23.970372266086393,923.8500069913406,2000-10-29,10190018,"(24.0, -93.0)"
2000-10-26 22:00:00,-93.0,-92.9201190889304,24.0,23.904616222471397,924.5086640566852,2000-10-29,10190018,"(24.0, -93.0)"
2000-10-26 21:00:00,-92.75,-92.72480167964915,23.75,23.836911806757477,923.3372102668343,2000-10-29,10190018,"(23.75, -92.75)"
2000-10-26 20:00:00,-92.5,-92.50755396991129,23.75,23.758460818064936,922.3537835346488,2000-10-29,10190018,"(23.75, -92.5)"
2000-10-26 19:00:00,-92.25,-92.2903605603906,23.75,23.679029187254773,921.0319481622497,2000-10-29,10190018,"(23.75, -92.25)"
2000-10-26 18:00:00,-92.0,-92.07126338148029,23.5,23.60699875635921,918.1234959812539,2000-10-29,10190018,"(23.5, -92.0)"
2000-10-26 17:00:00,-91.75,-91.84650031057652,23.5,23.54743389367304,915.3631771426617,2000-10-29,10190018,"(23.5, -91.75)"
2000-10-26 16:00:00,-91.5,-91.61157763373237,23.5,23.50460662113325,913.5672452390395,2000-10-29,10190018,"(23.5, -91.5)"
2000-10-26 15:00:00,-91.25,-91.37148196181789,23.5,23.477094450776868,910.1246030042566,2000-10-29,10190018,"(23.5, -91.25)"
2000-10-26 14:00:00,-91.25,-91.13311833001681,23.5,23.462532835929142,906.7146023073423,2000-10-29,10190018,"(23.5, -91.25)"
2000-10-26 13:00:00,-91.0,-90.89794745449151,23.5,23.452617958300944,903.067604429449,2000-10-29,10190018,"(23.5, -91.0)"
2002-07-05 14:00:00,-98.75,-98.7108996709185,29.75,29.856963874763125,860.1363189813991,2002-07-07,10190018,"(29.75, -98.75)"
2002-07-05 13:00:00,-98.75,-98.71269214609315,29.5,29.48105306073807,856.9699953777529,2002-07-07,10190018,"(29.5, -98.75)"
2002-07-05 12:00:00,-98.75,-98.75199213723512,29.0,29.100833970363105,869.8326740874098,2002-07-07,10190018,"(29.0, -98.75)"
2002-07-05 11:00:00,-98.75,-98.79238706241308,28.75,28.683630497225028,872.131714857867,2002-07-07,10190018,"(28.75, -98.75)"
2002-07-05 10:00:00,-98.75,-98.83040575613514,28.25,28.24800007069334,877.990547179124,2002-07-07,10190018,"(28.25, -98.75)"
2002-07-05 09:00:00,-99.0,-98.88999059558685,27.75,27.79303229454352,886.9538653645157,2002-07-07,10190018,"(27.75, -99.0)"
2002-07-05 08:00:00,-98.75,-98.83555020248062,27.25,27.23537239649421,892.5366640375476,2002-07-07,10190018,"(27.25, -98.75)"
2002-07-05 07:00:00,-98.75,-98.74641621593732,26.75,26.668163028447328,896.2057192193806,2002-07-07,10190018,"(26.75, -98.75)"
2002-07-05 06:00:00,-98.75,-98.64829952008114,26.0,26.09864714392917,903.6193062300971,2002-07-07,10190018,"(26.0, -98.75)"
2002-07-05 05:00:00,-98.5,-98.53290483429355,25.5,25.52285214935169,903.7832994465241,2002-07-07,10190018,"(25.5, -98.5)"
2002-07-05 04:00:00,-98.5,-98.3934018297485,25.0,24.985113081493797,897.8063670420725,2002-07-07,10190018,"(25.0, -98.5)"
2002-07-05 03:00:00,-98.25,-98.25873668607355,24.5,24.495061001550443,890.4407493313875,2002-07-07,10190018,"(24.5, -98.25)"
2002-07-05 02:00:00,-98.25,-98.12764735971058,24.0,24.076753591232652,887.2137281564623,2002-07-07,10190018,"(24.0, -98.25)"
2002-07-05 01:00:00,-98.0,-97.9767735608438,23.75,23.704855842438946,887.4587260865057,2002-07-07,10190018,"(23.75, -98.0)"
2002-07-05 00:00:00,-97.75,-97.79045428761361,23.25,23.372723365169726,895.7654684170546,2002-07-07,10190018,"(23.25, -97.75)"
2002-07-04 23:00:00,-97.5,-97.62423904817935,23.0,23.095046960593127,890.0907602415804,2002-07-07,10190018,"(23.0, -97.5)"
2002-07-04 22:00:00,-97.5,-97.46774032239287,22.75,22.819834523513965,885.7156672168936,2002-07-07,10190018,"(22.75, -97.5)"
2002-07-04 21:00:00,-97.25,-97.24847793524252,22.5,22.54003642752645,884.5676569356496,2002-07-07,10190018,"(22.5, -97.25)"
2002-07-04 20:00:00,-97.0,-97.03721539631117,22.25,22.26602256128499,877.7610529925205,2002-07-07,10190018,"(22.25, -97.0)"
2002-07-04 19:00:00,-96.75,-96.83467493877139,22.0,21.988622632893417,874.7391293778211,2002-07-07,10190018,"(22.0, -96.75)"
2004-06-08 15:00:00,-98.5,-98.531201331735,29.75,29.793928832511654,919.9741849413737,2004-06-10,10190018,"(29.75, -98.5)"
2004-06-08 14:00:00,-98.5,-98.39645291548577,29.5,29.437822958102657,938.757549748277,2004-06-10,10190018,"(29.5, -98.5)"
2004-06-08 13:00:00,-98.25,-98.25205428323987,29.0,29.103622592628906,955.6176773126189,2004-06-10,10190018,"(29.0, -98.25)"
2004-06-08 12:00:00,-98.0,-98.0713200864678,28.75,28.78607123091685,968.878087601016,2004-06-10,10190018,"(28.75, -98.0)"
2004-06-08 11:00:00,-98.0,-97.90368328313029,28.5,28.51870726776526,976.7264618772214,2004-06-10,10190018,"(28.5, -98.0)"
2004-06-08 10:00:00,-97.75,-97.73786090920268,28.25,28.253241143650342,985.3006261307705,2004-06-10,10190018,"(28.25, -97.75)"
2004-06-08 09:00:00,-97.5,-97.61063083780763,28.0,28.01139683797416,991.8510940962294,2004-06-10,10190018,"(28.0, -97.5)"
2004-06-08 08:00:00,-97.5,-97.49668822981809,27.75,27.731627264112884,997.1690130217551,2004-06-10,10190018,"(27.75, -97.5)"
2004-06-08 07:00:00,-97.25,-97.33553897739341,27.5,27.427587764136394,1000.0,2004-06-10,10190018,"(27.5, -97.25)"
2018-06-16 03:00:00,-99.75,-99.82475102946199,28.75,28.787796799421642,949.7366464381522,2018-06-18,10190018,"(28.75, -99.75)"
2018-06-16 02:00:00,-99.5,-99.48271008604411,28.5,28.52275502528198,956.2677276958474,2018-06-18,10190018,"(28.5, -99.5)"
2018-06-16 01:00:00,-99.25,-99.13338044560501,28.25,28.272684565615247,957.535338156689,2018-06-18,10190018,"(28.25, -99.25)"
2018-06-16 00:00:00,-98.75,-98.78453659508888,28.0,28.034859207682594,962.8540735295602,2018-06-18,10190018,"(28.0, -98.75)"
2018-06-15 23:00:00,-98.5,-98.4517931406217,27.75,27.803558851744434,956.0360422164226,2018-06-18,10190018,"(27.75, -98.5)"
2018-06-15 22:00:00,-98.25,-98.14686503304334,27.5,27.561184405392503,960.050107706441,2018-06-18,10190018,"(27.5, -98.25)"
2018-06-15 21:00:00,-97.75,-97.839121571471,27.25,27.3628579245603,956.1088303133,2018-06-18,10190018,"(27.25, -97.75)"
2018-06-15 20:00:00,-97.5,-97.55788182490686,27.25,27.16678552037207,960.4039388899437,2018-06-18,10190018,"(27.25, -97.5)"
2018-06-15 19:00:00,-97.25,-97.28880661426057,27.0,26.9828456630569,961.3968731152116,2018-06-18,10190018,"(27.0, -97.25)"
2018-06-15 18:00:00,-97.0,-97.06365705436592,26.75,26.810895270152134,960.6669383111446,2018-06-18,10190018,"(26.75, -97.0)"
2018-06-15 17:00:00,-96.75,-96.87016935831754,26.75,26.637769643674343,957.0279056913706,2018-06-18,10190018,"(26.75, -96.75)"
2018-06-15 16:00:00,-96.75,-96.69397167985161,26.5,26.461400794600422,957.0560803399886,2018-06-18,10190018,"(26.5, -96.75)"
2018-06-15 15:00:00,-96.5,-96.52464633743072,26.25,26.288115399094973,958.7479754546213,2018-06-18,10190018,"(26.25, -96.5)"
2018-06-15 14:00:00,-96.25,-96.35336021531944,26.0,26.117661052707557,960.7426673896525,2018-06-18,10190018,"(26.0, -96.25)"
2018-06-15 13:00:00,-96.25,-96.18621376990085,26.0,25.944817272867223,964.3270356402694,2018-06-18,10190018,"(26.0, -96.25)"
2018-06-15 12:00:00,-96.0,-96.0272823074065,25.75,25.73388154488034,964.5249881939477,2018-06-18,10190018,"(25.75, -96.0)"
2018-06-15 11:00:00,-95.75,-95.82897649438742,25.5,25.47562190286818,959.0733775535897,2018-06-18,10190018,"(25.5, -95.75)"
2018-06-15 10:00:00,-95.5,-95.60597138630146,25.25,25.167862616145328,955.8485895610528,2018-06-18,10190018,"(25.25, -95.5)"
2018-06-15 09:00:00,-95.25,-95.36859235406465,25.0,24.881475500730918,956.308706368566,2018-06-18,10190018,"(25.0, -95.25)"
2018-06-15 08:00:00,-95.0,-95.12162779950178,24.75,24.664352153341685,959.7700735124662,2018-06-18,10190018,"(24.75, -95.0)"
2018-06-15 07:00:00,-94.75,-94.86269280427254,24.5,24.4172736837699,958.3579896628008,2018-06-18,10190018,"(24.5, -94.75)"
2018-06-15 06:00:00,-94.5,-94.58533510342227,24.25,24.181754620641243,955.3062399100623,2018-06-18,10190018,"(24.25, -94.5)"
2018-06-15 05:00:00,-94.25,-94.30486328600315,24.0,23.925592629705292,954.9224827629905,2018-06-18,10190018,"(24.0, -94.25)"
2018-06-15 04:00:00,-94.0,-94.01106822443776,23.75,23.694734152342882,956.8012671118123,2018-06-18,10190018,"(23.75, -94.0)"
2018-06-15 03:00:00,-93.75,-93.68365940126685,23.5,23.487226265989502,960.4335157074381,2018-06-18,10190018,"(23.5, -93.75)"
2018-06-15 02:00:00,-93.25,-93.33691140747653,23.25,23.29812781226702,963.7668981354958,2018-06-18,10190018,"(23.25, -93.25)"
2018-06-15 01:00:00,-93.0,-92.99159275119277,23.25,23.14290532431997,963.8487053822973,2018-06-18,10190018,"(23.25, -93.0)"
2019-05-26 01:00:00,-98.0,-98.00742337755099,30.0,29.989028278597328,945.0481144749755,2019-05-28,10190018,"(30.0, -98.0)"
2019-05-26 00:00:00,-97.75,-97.77355785478895,29.75,29.663548187617177,957.9480930818223,2019-05-28,10190018,"(29.75, -97.75)"
2019-05-25 23:00:00,-97.5,-97.55159788612818,29.5,29.409891133580356,963.3835703029492,2019-05-28,10190018,"(29.5, -97.5)"
2019-05-25 22:00:00,-97.25,-97.3491676609366,29.25,29.173950207784358,965.7005153738081,2019-05-28,10190018,"(29.25, -97.25)"
2019-05-25 21:00:00,-97.25,-97.19160535035493,29.0,28.942301001340006,965.9546646638281,2019-05-28,10190018,"(29.0, -97.25)"
2019-05-25 20:00:00,-97.0,-97.02883455825538,28.75,28.66435404251859,970.2236990484348,2019-05-28,10190018,"(28.75, -97.0)"
2019-05-25 19:00:00,-96.75,-96.85924565073246,28.5,28.390226157683255,975.9466655944991,2019-05-28,10190018,"(28.5, -96.75)"
2019-05-25 18:00:00,-96.75,-96.6781078598606,28.0,28.12250223376875,980.4173383014703,2019-05-28,10190018,"(28.0, -96.75)"
2019-05-25 17:00:00,-96.5,-96.4915792313073,27.75,27.868053555998262,982.250648882312,2019-05-28,10190018,"(27.75, -96.5)"
2019-05-25 16:00:00,-96.25,-96.3158783650113,27.5,27.61587939233972,981.1739810691466,2019-05-28,10190018,"(27.5, -96.25)"
2019-05-25 15:00:00,-96.25,-96.14198266843545,27.25,27.36310109495115,981.0764090408779,2019-05-28,10190018,"(27.25, -96.25)"
2019-05-25 14:00:00,-96.0,-95.9503926453134,27.0,27.099339050140394,982.3791019162755,2019-05-28,10190018,"(27.0, -96.0)"
2019-05-25 13:00:00,-95.75,-95.73160987200964,26.75,26.84198870442992,980.3849332050776,2019-05-28,10190018,"(26.75, -95.75)"
2019-05-25 12:00:00,-95.5,-95.52615848160845,26.5,26.61227790511099,978.0726514117903,2019-05-28,10190018,"(26.5, -95.5)"
2019-05-25 11:00:00,-95.25,-95.32021464915931,26.5,26.39251083093616,975.8393494076663,2019-05-28,10190018,"(26.5, -95.25)"
2019-05-25 10:00:00,-95.0,-95.10039623419173,26.25,26.17106769527212,974.4754850322721,2019-05-28,10190018,"(26.25, -95.0)"
2019-05-25 09:00:00,-95.0,-94.87528486881459,26.0,25.957975710064883,972.3878945122518,2019-05-28,10190018,"(26.0, -95.0)"
2019-05-25 08:00:00,-94.5,-94.59127980828532,25.75,25.74689173633133,971.0313310985784,2019-05-28,10190018,"(25.75, -94.5)"
2019-05-25 07:00:00,-94.25,-94.28800067493836,25.5,25.55649730750579,969.9146509799814,2019-05-28,10190018,"(25.5, -94.25)"
2019-05-25 06:00:00,-94.0,-93.97776614485704,25.5,25.3867480515549,966.7694665446847,2019-05-28,10190018,"(25.5, -94.0)"
2019-05-25 05:00:00,-93.75,-93.6757546218116,25.25,25.228422820947998,964.0419912904023,2019-05-28,10190018,"(25.25, -93.75)"
2019-05-25 04:00:00,-93.5,-93.37585350189798,25.0,25.08630748855103,960.9304168819165,2019-05-28,10190018,"(25.0, -93.5)"
2019-05-25 03:00:00,-93.0,-93.06941387004868,25.0,24.95954659013756,957.6853376537842,2019-05-28,10190018,"(25.0, -93.0)"
2019-05-25 02:00:00,-92.75,-92.77590218927732,24.75,24.863036915659148,954.036220297361,2019-05-28,10190018,"(24.75, -92.75)"
2019-05-25 01:00:00,-92.5,-92.49170660568886,24.75,24.78538696255828,951.2243317264615,2019-05-28,10190018,"(24.75, -92.5)"
2008-08-30 02:00:00,-100.0,-100.08180930513382,26.5,26.57828971864115,893.9116998348395,2008-09-01,13020102,"(26.5, -100.0)"
2008-08-30 01:00:00,-99.75,-99.77613601265676,26.5,26.477344745173113,918.8010526330534,2008-09-01,13020102,"(26.5, -99.75)"
2008-08-30 00:00:00,-99.5,-99.4572508275578,26.5,26.398453348677453,948.6227971655013,2008-09-01,13020102,"(26.5, -99.5)"
2008-08-29 23:00:00,-99.25,-99.20740109759232,26.25,26.355233148313268,968.7827335232157,2008-09-01,13020102,"(26.25, -99.25)"
2008-08-29 22:00:00,-99.0,-99.0730895293053,26.25,26.339571560489073,969.1254677213698,2008-09-01,13020102,"(26.25, -99.0)"
2008-08-29 21:00:00,-98.75,-98.87396051576654,26.25,26.2646285413611,969.3695665880578,2008-09-01,13020102,"(26.25, -98.75)"
2008-08-29 20:00:00,-98.75,-98.62869460497566,26.25,26.197462421716452,971.5656513610908,2008-09-01,13020102,"(26.25, -98.75)"
2008-08-29 19:00:00,-98.25,-98.36202862482016,26.0,26.09152783525989,970.4677576914088,2008-09-01,13020102,"(26.0, -98.25)"
2008-08-29 18:00:00,-98.25,-98.14509767872956,26.0,25.97430363474474,975.8581968572121,2008-09-01,13020102,"(26.0, -98.25)"
2008-08-29 17:00:00,-98.0,-97.96087395696613,26.0,25.878322650284773,983.6965597289977,2008-09-01,13020102,"(26.0, -98.0)"
2008-08-29 16:00:00,-97.75,-97.796948869724,25.75,25.778153746950444,986.4113085703934,2008-09-01,13020102,"(25.75, -97.75)"
2008-08-29 15:00:00,-97.75,-97.63780355963232,25.75,25.67862123644716,987.762860381627,2008-09-01,13020102,"(25.75, -97.75)"
2008-08-29 14:00:00,-97.5,-97.47574228591648,25.5,25.580364858062445,989.1129819413172,2008-09-01,13020102,"(25.5, -97.5)"
2008-08-29 13:00:00,-97.25,-97.30686336014391,25.5,25.487388913348802,990.2087041101357,2008-09-01,13020102,"(25.5, -97.25)"
2008-08-29 12:00:00,-97.25,-97.15158806715333,25.5,25.39800489725256,990.005799429331,2008-09-01,13020102,"(25.5, -97.25)"
2008-08-29 11:00:00,-97.0,-97.02127253734827,25.25,25.287099572300875,991.1867898937761,2008-09-01,13020102,"(25.25, -97.0)"
2008-08-29 10:00:00,-97.0,-96.88139033931486,25.25,25.2051967542184,992.2445280024757,2008-09-01,13020102,"(25.25, -97.0)"
2008-08-29 09:00:00,-96.75,-96.7153681134345,25.25,25.12774283344328,993.0741298676016,2008-09-01,13020102,"(25.25, -96.75)"
2008-08-29 08:00:00,-96.5,-96.5284302601611,25.0,25.04138584501522,993.9860130248306,2008-09-01,13020102,"(25.0, -96.5)"
2008-08-29 07:00:00,-96.25,-96.31429676309672,25.0,24.953561890924636,994.7521986854754,2008-09-01,13020102,"(25.0, -96.25)"
2008-08-29 06:00:00,-96.0,-96.09346114769255,25.0,24.882858645840134,994.7097382351418,2008-09-01,13020102,"(25.0, -96.0)"
2008-08-29 05:00:00,-95.75,-95.86726920629486,24.75,24.820259456912055,995.0226721655764,2008-09-01,13020102,"(24.75, -95.75)"
2008-08-29 04:00:00,-95.75,-95.64715623832335,24.75,24.75736717052573,994.627598091002,2008-09-01,13020102,"(24.75, -95.75)"
2008-08-29 03:00:00,-95.5,-95.44023335548547,24.75,24.70366887723428,994.1535368553541,2008-09-01,13020102,"(24.75, -95.5)"
2008-08-29 02:00:00,-95.25,-95.24078589834299,24.75,24.651120789705423,992.0481901830082,2008-09-01,13020102,"(24.75, -95.25)"
2008-08-29 01:00:00,-95.0,-95.03670233463077,24.5,24.59562891613649,991.4747913274252,2008-09-01,13020102,"(24.5, -95.0)"
2013-09-12 01:00:00,-100.0,-100.0945374294447,27.0,27.005289795156557,707.164080044302,2013-09-14,13020102,"(27.0, -100.0)"
2013-09-12 00:00:00,-99.75,-99.86689492064266,27.0,26.904228986016705,699.88053079504,2013-09-14,13020102,"(27.0, -99.75)"
2013-09-11 23:00:00,-99.75,-99.64488099626959,26.75,26.810111411870615,707.5676875124561,2013-09-14,13020102,"(26.75, -99.75)"
2013-09-11 22:00:00,-99.5,-99.43790533041762,26.75,26.743488401367603,701.3024416934235,2013-09-14,13020102,"(26.75, -99.5)"
2013-09-11 21:00:00,-99.25,-99.24820125998667,26.75,26.675252200161314,714.889320733795,2013-09-14,13020102,"(26.75, -99.25)"
2013-09-11 20:00:00,-99.0,-99.03767048191416,26.75,26.647431397608187,741.7357240794021,2013-09-14,13020102,"(26.75, -99.0)"
2013-09-11 19:00:00,-98.75,-98.82545613036613,26.5,26.601081856073044,763.6498637373707,2013-09-14,13020102,"(26.5, -98.75)"
2013-09-11 18:00:00,-98.75,-98.63278640484148,26.5,26.512776221549004,758.4362905001705,2013-09-14,13020102,"(26.5, -98.75)"
2013-09-11 17:00:00,-98.5,-98.42512572962939,26.5,26.412938174677215,764.6333661193102,2013-09-14,13020102,"(26.5, -98.5)"
2013-09-11 16:00:00,-98.25,-98.19811872711084,26.25,26.31879423454066,766.3252493231331,2013-09-14,13020102,"(26.25, -98.25)"
2013-09-11 15:00:00,-98.0,-97.97107458094656,26.25,26.235071434627585,765.0278657740567,2013-09-14,13020102,"(26.25, -98.0)"
2013-09-11 14:00:00,-97.75,-97.74475479538378,26.25,26.16446103791955,761.185698330448,2013-09-14,13020102,"(26.25, -97.75)"
2013-09-11 13:00:00,-97.5,-97.51498395717492,26.0,26.095029145932262,764.0525793136995,2013-09-14,13020102,"(26.0, -97.5)"
2013-09-11 12:00:00,-97.25,-97.28584079033705,26.0,26.02108384510453,775.9975459743115,2013-09-14,13020102,"(26.0, -97.25)"
2013-09-11 11:00:00,-97.0,-97.05250442541144,26.0,25.947061210239415,782.3367806139953,2013-09-14,13020102,"(26.0, -97.0)"
2013-09-11 10:00:00,-96.75,-96.82613994425911,25.75,25.871121129370316,787.809549571423,2013-09-14,13020102,"(25.75, -96.75)"
2013-09-11 09:00:00,-96.5,-96.5882652501693,25.75,25.78020914936576,785.1875293609667,2013-09-14,13020102,"(25.75, -96.5)"
2013-09-11 08:00:00,-96.25,-96.33612554625415,25.75,25.71564176401787,785.2421098475526,2013-09-14,13020102,"(25.75, -96.25)"
2013-09-11 07:00:00,-96.0,-96.06851049211298,25.75,25.642355124098625,786.2866595291989,2013-09-14,13020102,"(25.75, -96.0)"
2013-09-11 06:00:00,-95.75,-95.78375251638248,25.5,25.56641204926594,783.9267336987116,2013-09-14,13020102,"(25.5, -95.75)"
2013-09-11 05:00:00,-95.5,-95.49084868465032,25.5,25.494922235588085,781.9702023654254,2013-09-14,13020102,"(25.5, -95.5)"
2013-09-11 04:00:00,-95.25,-95.17686787738268,25.5,25.424740231130404,782.9189984805023,2013-09-14,13020102,"(25.5, -95.25)"
2013-09-11 03:00:00,-94.75,-94.85783843621962,25.25,25.37363716343717,786.1643786694391,2013-09-14,13020102,"(25.25, -94.75)"
2013-09-11 02:00:00,-94.5,-94.53788720825483,25.25,25.34800492353575,786.4650402898574,2013-09-14,13020102,"(25.25, -94.5)"
2013-09-11 01:00:00,-94.25,-94.2294161279108,25.25,25.33951333637473,780.7352041358529,2013-09-14,13020102,"(25.25, -94.25)"
2002-07-04 22:00:00,-99.5,-99.52070288237148,30.0,30.02781149901448,874.4327760665323,2002-07-06,10250006,"(30.0, -99.5)"
2002-07-04 21:00:00,-99.5,-99.48872281389282,29.75,29.716446574258306,881.808550223612,2002-07-06,10250006,"(29.75, -99.5)"
2002-07-04 20:00:00,-99.25,-99.35653214974556,29.5,29.406673709074525,887.7851888392374,2002-07-06,10250006,"(29.5, -99.25)"
2002-07-04 19:00:00,-99.25,-99.19907660896683,29.0,29.101172242394096,892.8509382856782,2002-07-06,10250006,"(29.0, -99.25)"
2002-07-04 18:00:00,-99.0,-99.06451386130759,28.75,28.786522895593198,891.6331440564604,2002-07-06,10250006,"(28.75, -99.0)"
2002-07-04 17:00:00,-99.0,-98.92603229206176,28.5,28.423375268802268,896.451102744676,2002-07-06,10250006,"(28.5, -99.0)"
2002-07-04 16:00:00,-98.75,-98.7975954501721,28.0,28.048263231211408,900.6635836354126,2002-07-06,10250006,"(28.0, -98.75)"
2002-07-04 15:00:00,-98.75,-98.65818724078557,27.75,27.6451232743862,901.6198307445543,2002-07-06,10250006,"(27.75, -98.75)"
2002-07-04 14:00:00,-98.5,-98.49893674109252,27.25,27.175534353209397,901.2995452440053,2002-07-06,10250006,"(27.25, -98.5)"
2002-07-04 13:00:00,-98.25,-98.33209762256837,26.75,26.673921010272053,903.087022257652,2002-07-06,10250006,"(26.75, -98.25)"
2002-07-04 12:00:00,-98.25,-98.15020589675143,26.25,26.148204199901123,905.7139952726378,2002-07-06,10250006,"(26.25, -98.25)"
2002-07-04 11:00:00,-98.0,-97.95524456920228,25.5,25.62171489177349,908.1215834829119,2002-07-06,10250006,"(25.5, -98.0)"
2002-07-04 10:00:00,-97.75,-97.77134842679334,25.0,25.101006085976646,908.4960077140245,2002-07-06,10250006,"(25.0, -97.75)"
2002-07-04 09:00:00,-97.5,-97.61619009530196,24.5,24.610562618900005,909.744338835885,2002-07-06,10250006,"(24.5, -97.5)"
2002-07-04 08:00:00,-97.5,-97.45598298399541,24.0,24.12033947166366,912.2065830406395,2002-07-06,10250006,"(24.0, -97.5)"
2002-07-04 07:00:00,-97.25,-97.29065118068706,23.75,23.6632932068362,913.099975017307,2002-07-06,10250006,"(23.75, -97.25)"
2002-07-04 06:00:00,-97.0,-97.09201752718062,23.25,23.228282439196494,917.9325673338831,2002-07-06,10250006,"(23.25, -97.0)"
2002-07-04 05:00:00,-96.75,-96.852525280897,22.75,22.81272120132161,918.9180581846019,2002-07-06,10250006,"(22.75, -96.75)"
2002-07-04 04:00:00,-96.5,-96.56872124962318,22.5,22.423687027991043,920.1593791910171,2002-07-06,10250006,"(22.5, -96.5)"
2002-07-04 03:00:00,-96.25,-96.25285874104293,22.0,22.059297972778815,920.762833101754,2002-07-06,10250006,"(22.0, -96.25)"
2002-07-05 15:00:00,-98.75,-98.72284107638795,30.0,30.040551763753182,891.5623153380484,2002-07-07,10250006,"(30.0, -98.75)"
2002-07-05 14:00:00,-98.5,-98.62247475627906,29.5,29.619457766622492,889.7796516898674,2002-07-07,10250006,"(29.5, -98.5)"
2002-07-05 13:00:00,-98.5,-98.56045826496377,29.25,29.212523979495387,888.9127226782737,2002-07-07,10250006,"(29.25, -98.5)"
2002-07-05 12:00:00,-98.5,-98.53641949101258,28.75,28.79842783205219,890.9660565645271,2002-07-07,10250006,"(28.75, -98.5)"
2002-07-05 11:00:00,-98.5,-98.53251350414494,28.25,28.364947073026656,881.6922749315006,2002-07-07,10250006,"(28.25, -98.5)"
2002-07-05 10:00:00,-98.5,-98.54094804684591,28.0,27.92312659298011,873.7867395824933,2002-07-07,10250006,"(28.0, -98.5)"
2002-07-05 09:00:00,-98.5,-98.55829269101203,27.5,27.445320474768245,870.252574851649,2002-07-07,10250006,"(27.5, -98.5)"
2002-07-05 08:00:00,-98.5,-98.51307543434791,27.0,26.875281425195833,869.221043363165,2002-07-07,10250006,"(27.0, -98.5)"
2002-07-05 07:00:00,-98.5,-98.45616350423597,26.25,26.314980241582514,870.8905566586118,2002-07-07,10250006,"(26.25, -98.5)"
2002-07-05 06:00:00,-98.25,-98.3749628096456,25.75,25.764551623716397,879.4073271638662,2002-07-07,10250006,"(25.75, -98.25)"
2002-07-05 05:00:00,-98.25,-98.25670826391189,25.25,25.20844446843317,873.6769157205662,2002-07-07,10250006,"(25.25, -98.25)"
2002-07-05 04:00:00,-98.25,-98.1300541682689,24.75,24.698426289413824,868.9619474076162,2002-07-07,10250006,"(24.75, -98.25)"
2002-07-05 03:00:00,-98.0,-98.00112856221418,24.25,24.255678649299398,867.0903031075015,2002-07-07,10250006,"(24.25, -98.0)"
2002-07-05 02:00:00,-97.75,-97.85530163473516,23.75,23.86786924255818,863.9979076563694,2002-07-07,10250006,"(23.75, -97.75)"
2002-07-05 01:00:00,-97.75,-97.70093470481653,23.5,23.513942238761416,867.5474469209664,2002-07-07,10250006,"(23.5, -97.75)"
2002-07-05 00:00:00,-97.5,-97.52372126645935,23.25,23.190421698787432,869.1541582441074,2002-07-07,10250006,"(23.25, -97.5)"
2002-07-04 23:00:00,-97.25,-97.35843149007506,23.0,22.901297369083412,865.9565783908076,2002-07-07,10250006,"(23.0, -97.25)"
2002-07-04 22:00:00,-97.25,-97.16689943985982,22.5,22.609569247176957,870.8949009156593,2002-07-07,10250006,"(22.5, -97.25)"
2002-07-04 21:00:00,-97.0,-96.91763696073129,22.25,22.32483371760863,865.4360615205034,2002-07-07,10250006,"(22.25, -97.0)"
2002-07-04 20:00:00,-96.75,-96.67409437929976,22.0,22.03967129710256,864.6860903328184,2002-07-07,10250006,"(22.0, -96.75)"
2007-06-09 20:00:00,-100.0,-100.01351294238039,28.25,28.370425646132652,942.8125888820522,2007-06-12,10250006,"(28.25, -100.0)"
2007-06-09 19:00:00,-99.75,-99.80792827289,28.25,28.263189955226107,945.9566520690973,2007-06-12,10250006,"(28.25, -99.75)"
2007-06-09 18:00:00,-99.75,-99.64338524207388,28.25,28.15945389262991,949.2699831098695,2007-06-12,10250006,"(28.25, -99.75)"
2007-06-09 17:00:00,-99.5,-99.4972046351881,28.0,28.053507385474703,951.1114506993226,2007-06-12,10250006,"(28.0, -99.5)"
2007-06-09 16:00:00,-99.5,-99.37779266865856,28.0,27.930723328726195,955.8849353222788,2007-06-12,10250006,"(28.0, -99.5)"
2007-06-09 15:00:00,-99.25,-99.29517377236338,27.75,27.78573787762206,959.4121664502329,2007-06-12,10250006,"(27.75, -99.25)"
2007-06-09 14:00:00,-99.25,-99.2226616146572,27.5,27.6019543423542,962.1010330488256,2007-06-12,10250006,"(27.5, -99.25)"
2007-06-09 13:00:00,-99.25,-99.13810098172712,27.5,27.38239503799543,961.1332361553458,2007-06-12,10250006,"(27.5, -99.25)"
2007-06-09 12:00:00,-99.0,-99.00986082192802,27.25,27.163529932709118,958.1104641083888,2007-06-12,10250006,"(27.25, -99.0)"
2007-06-09 11:00:00,-98.75,-98.86899562563548,27.0,26.94239379860921,956.9712564591053,2007-06-12,10250006,"(27.0, -98.75)"
2007-06-09 10:00:00,-98.75,-98.71277491561068,26.75,26.64962295278742,960.1172929347928,2007-06-12,10250006,"(26.75, -98.75)"
2007-06-09 09:00:00,-98.5,-98.50442603805195,26.25,26.32036891813681,963.2807582764354,2007-06-12,10250006,"(26.25, -98.5)"
2007-06-09 08:00:00,-98.25,-98.29617529410287,26.0,26.074294144468585,964.0084189726878,2007-06-12,10250006,"(26.0, -98.25)"
2007-06-09 07:00:00,-98.0,-98.08477384514906,25.75,25.84822857668524,965.9884523466995,2007-06-12,10250006,"(25.75, -98.0)"
2007-06-09 06:00:00,-97.75,-97.85802816392503,25.5,25.6241947781162,966.9934992039792,2007-06-12,10250006,"(25.5, -97.75)"
2007-06-09 05:00:00,-97.5,-97.62459551433963,25.5,25.408355384682757,968.5489221872988,2007-06-12,10250006,"(25.5, -97.5)"
2007-06-09 04:00:00,-97.5,-97.37991659807966,25.25,25.20676573905898,974.3894882045984,2007-06-12,10250006,"(25.25, -97.5)"
2007-06-09 03:00:00,-97.0,-97.11575177274726,25.0,25.02030300316126,977.4256262781872,2007-06-12,10250006,"(25.0, -97.0)"
2007-06-09 02:00:00,-96.75,-96.84159811959472,24.75,24.84366508960959,978.9567960559585,2007-06-12,10250006,"(24.75, -96.75)"
2007-06-09 01:00:00,-96.5,-96.54808116482819,24.75,24.66784894476037,979.7904868579868,2007-06-12,10250006,"(24.75, -96.5)"
2018-06-15 22:00:00,-100.0,-99.98504245639862,28.75,28.764163937874685,975.6859543652721,2018-06-18,10250006,"(28.75, -100.0)"
2018-06-15 21:00:00,-99.75,-99.86082311485434,28.5,28.594388784107213,979.9882142345075,2018-06-18,10250006,"(28.5, -99.75)"
2018-06-15 20:00:00,-99.75,-99.70950402204801,28.5,28.46049936487822,982.81230691653,2018-06-18,10250006,"(28.5, -99.75)"
2018-06-15 19:00:00,-99.5,-99.56717992197478,28.25,28.33208260573409,985.6779529092994,2018-06-18,10250006,"(28.25, -99.5)"
2018-06-15 18:00:00,-99.5,-99.44653960498935,28.25,28.207993385034026,986.8513639482305,2018-06-18,10250006,"(28.25, -99.5)"
2018-06-15 17:00:00,-99.25,-99.33796926318117,28.0,28.084271710866183,987.4673576904013,2018-06-18,10250006,"(28.0, -99.25)"
2018-06-15 16:00:00,-99.25,-99.22450524250374,28.0,27.951724927816848,989.1799033700313,2018-06-18,10250006,"(28.0, -99.25)"
2018-06-15 15:00:00,-99.0,-99.09749947789841,27.75,27.804241957162922,989.9065222183158,2018-06-18,10250006,"(27.75, -99.0)"
2018-06-15 14:00:00,-99.0,-98.96642809802053,27.75,27.64114577541718,988.2310929530777,2018-06-18,10250006,"(27.75, -99.0)"
2018-06-15 13:00:00,-98.75,-98.8311096696427,27.5,27.491740571584668,985.2390897405801,2018-06-18,10250006,"(27.5, -98.75)"
2018-06-15 12:00:00,-98.75,-98.69363968955786,27.5,27.3956472616357,985.0918456104386,2018-06-18,10250006,"(27.5, -98.75)"
2018-06-15 11:00:00,-98.5,-98.55326644830411,27.25,27.299296532645926,987.5831931138713,2018-06-18,10250006,"(27.25, -98.5)"
2018-06-15 10:00:00,-98.5,-98.42320025539364,27.25,27.200100821393185,992.0578251964254,2018-06-18,10250006,"(27.25, -98.5)"
2018-06-15 09:00:00,-98.25,-98.31284766355604,27.0,27.096497812340683,996.1498334861742,2018-06-18,10250006,"(27.0, -98.25)"
2018-06-15 08:00:00,-98.25,-98.21926228353472,27.0,26.991006589260444,998.9247412146233,2018-06-18,10250006,"(27.0, -98.25)"
2018-06-15 07:00:00,-98.0,-98.11701395733343,26.75,26.85432884063556,1000.0,2018-06-18,10250006,"(26.75, -98.0)"
2010-09-21 16:00:00,-100.0,-100.02207513551362,27.25,27.33264973024178,956.1136045483046,2010-09-23,11040001,"(27.25, -100.0)"
2010-09-21 15:00:00,-99.75,-99.83002463106983,27.25,27.217980709087872,959.8420829348519,2010-09-23,11040001,"(27.25, -99.75)"
2010-09-21 14:00:00,-99.75,-99.64881177720771,27.0,27.108972458250502,964.1441139817749,2010-09-23,11040001,"(27.0, -99.75)"
2010-09-21 13:00:00,-99.5,-99.48094340106627,27.0,27.007949876705375,968.391079952772,2010-09-23,11040001,"(27.0, -99.5)"
2010-09-21 12:00:00,-99.25,-99.31938056765318,27.0,26.90558077451356,970.7388897051443,2010-09-23,11040001,"(27.0, -99.25)"
2010-09-21 11:00:00,-99.25,-99.14920161009458,26.75,26.787991705203734,970.2700054245776,2010-09-23,11040001,"(26.75, -99.25)"
2010-09-21 10:00:00,-99.0,-98.99033191157046,26.75,26.66346173091117,971.1735729437429,2010-09-23,11040001,"(26.75, -99.0)"
2010-09-21 09:00:00,-99.0,-98.88237262110879,26.5,26.523196420800506,971.0921116160818,2010-09-23,11040001,"(26.5, -99.0)"
2010-09-21 08:00:00,-98.75,-98.75342942713606,26.25,26.3503748600403,973.1428900418521,2010-09-23,11040001,"(26.25, -98.75)"
2010-09-21 07:00:00,-98.5,-98.61010884105276,26.25,26.170589947612772,974.8404353337629,2010-09-23,11040001,"(26.25, -98.5)"
2010-09-21 06:00:00,-98.5,-98.45195879270936,26.0,25.986674822614845,974.4510844236744,2010-09-23,11040001,"(26.0, -98.5)"
2010-09-21 05:00:00,-98.25,-98.26739898720085,25.75,25.802070985551943,973.7120749201413,2010-09-23,11040001,"(25.75, -98.25)"
2010-09-21 04:00:00,-98.0,-98.05154010711281,25.75,25.63989345782704,979.161934474943,2010-09-23,11040001,"(25.75, -98.0)"
2010-09-21 03:00:00,-97.75,-97.80678690395834,25.5,25.508329233642012,984.5449311529901,2010-09-23,11040001,"(25.5, -97.75)"
2010-09-21 02:00:00,-97.5,-97.55168555412855,25.5,25.41352821193167,986.1896747991591,2010-09-23,11040001,"(25.5, -97.5)"
2010-09-21 01:00:00,-97.25,-97.28925173246847,25.25,25.355775152121605,986.9294259597232,2010-09-23,11040001,"(25.25, -97.25)"
2010-09-21 00:00:00,-97.0,-97.02849881607331,25.25,25.32508678554986,985.6796626108344,2010-09-23,11040001,"(25.25, -97.0)"
2010-09-20 23:00:00,-96.75,-96.80602587285232,25.25,25.29845726355938,985.2926605395728,2010-09-23,11040001,"(25.25, -96.75)"
2010-09-20 22:00:00,-96.5,-96.57444265356413,25.25,25.249648031614303,983.7384151942863,2010-09-23,11040001,"(25.25, -96.5)"
2010-09-20 21:00:00,-96.25,-96.36302053803111,25.25,25.18461396202066,985.4034723649982,2010-09-23,11040001,"(25.25, -96.25)"
2010-09-20 20:00:00,-96.25,-96.18018451207008,25.0,25.115443728583752,986.5567006170609,2010-09-23,11040001,"(25.0, -96.25)"
2010-09-20 19:00:00,-96.0,-96.01396941397387,25.0,25.0426783640035,988.1997775011777,2010-09-23,11040001,"(25.0, -96.0)"
2010-09-20 18:00:00,-95.75,-95.85565901578951,25.0,24.950733060623076,992.4476134594203,2010-09-23,11040001,"(25.0, -95.75)"
2010-09-20 17:00:00,-95.75,-95.66531803605203,24.75,24.84798959707709,996.2642281893349,2010-09-23,11040001,"(24.75, -95.75)"
2010-09-20 16:00:00,-95.5,-95.44535465921588,24.75,24.74534684467463,998.1205074387902,2010-09-23,11040001,"(24.75, -95.5)"
2010-09-20 15:00:00,-95.25,-95.21401385370243,24.75,24.64785298147276,998.0493338156033,2010-09-23,11040001,"(24.75, -95.25)"
2010-09-20 14:00:00,-95.0,-94.99480043726231,24.5,24.538118638915332,997.3317490956897,2010-09-23,11040001,"(24.5, -95.0)"
2010-09-20 13:00:00,-94.75,-94.78398414201801,24.5,24.439251036296337,994.6305261851212,2010-09-23,11040001,"(24.5, -94.75)"
2010-09-20 12:00:00,-94.5,-94.56593145436076,24.25,24.34244043677052,993.1736804474677,2010-09-23,11040001,"(24.25, -94.5)"
2010-09-20 11:00:00,-94.25,-94.35275803631077,24.25,24.244374014894355,992.3118297401938,2010-09-23,11040001,"(24.25, -94.25)"
2010-09-20 10:00:00,-94.0,-94.11576710897275,24.25,24.12981847504993,992.8997439224764,2010-09-23,11040001,"(24.25, -94.0)"
2010-09-20 09:00:00,-93.75,-93.8570589330985,24.0,24.03203418282049,992.2252823663362,2010-09-23,11040001,"(24.0, -93.75)"
2010-09-20 08:00:00,-93.5,-93.59455128922342,24.0,23.974160429604684,992.50047672422,2010-09-23,11040001,"(24.0, -93.5)"
2010-09-20 07:00:00,-93.25,-93.31992416120906,24.0,23.944185112988322,992.3292243289476,2010-09-23,11040001,"(24.0, -93.25)"
2010-09-20 06:00:00,-93.0,-93.03120234807814,24.0,23.940010675888114,991.7319168214926,2010-09-23,11040001,"(24.0, -93.0)"
2010-09-20 05:00:00,-92.75,-92.73668451750449,24.0,23.946222336941066,990.9170006968516,2010-09-23,11040001,"(24.0, -92.75)"
2010-09-20 04:00:00,-92.5,-92.42723871161655,24.0,23.96342131420895,990.686166512479,2010-09-23,11040001,"(24.0, -92.5)"
2010-09-20 03:00:00,-92.0,-92.1141491819953,24.0,24.001240603355704,990.743777082123,2010-09-23,11040001,"(24.0, -92.0)"
2010-09-20 02:00:00,-91.75,-91.80639161488574,24.0,24.063875781538425,990.5329472799934,2010-09-23,11040001,"(24.0, -91.75)"
2010-09-20 01:00:00,-91.5,-91.5189128337937,24.0,24.1191061594856,991.2516339262379,2010-09-23,11040001,"(24.0, -91.5)"
2013-09-11 19:00:00,-100.0,-100.02019455108707,29.75,29.688028856953114,780.8948866519444,2013-09-13,11040001,"(29.75, -100.0)"
2013-09-11 18:00:00,-99.75,-99.84212971565476,29.5,29.553477985000534,779.8579006076133,2013-09-13,11040001,"(29.5, -99.75)"
2013-09-11 17:00:00,-99.75,-99.68238636668603,29.5,29.414532119858798,774.9467727930119,2013-09-13,11040001,"(29.5, -99.75)"
2013-09-11 16:00:00,-99.5,-99.52156443165413,29.25,29.255165636295466,773.0810413531914,2013-09-13,11040001,"(29.25, -99.5)"
2013-09-11 15:00:00,-99.25,-99.36155840411557,29.0,29.065353053512894,780.0355888373621,2013-09-13,11040001,"(29.0, -99.25)"
2013-09-11 14:00:00,-99.25,-99.19859842052624,28.75,28.847545806966526,787.0448817129428,2013-09-13,11040001,"(28.75, -99.25)"
2013-09-11 13:00:00,-99.0,-99.02708413657152,28.5,28.623707679846596,791.6467911248207,2013-09-13,11040001,"(28.5, -99.0)"
2013-09-11 12:00:00,-98.75,-98.83955283338615,28.5,28.40330650094578,791.9309287945225,2013-09-13,11040001,"(28.5, -98.75)"
2013-09-11 11:00:00,-98.75,-98.63277485673986,28.25,28.18800925304283,792.2733530969408,2013-09-13,11040001,"(28.25, -98.75)"
2013-09-11 10:00:00,-98.5,-98.40275709463006,28.0,27.978953855818624,789.7207656192145,2013-09-13,11040001,"(28.0, -98.5)"
2013-09-11 09:00:00,-98.25,-98.15904137507155,27.75,27.782966809970414,790.5866177330962,2013-09-13,11040001,"(27.75, -98.25)"
2013-09-11 08:00:00,-98.0,-97.92929986948822,27.5,27.588485732966628,792.1540092035598,2013-09-13,11040001,"(27.5, -98.0)"
2013-09-11 07:00:00,-97.75,-97.68315143197697,27.5,27.3977806375671,792.3694412451582,2013-09-13,11040001,"(27.5, -97.75)"
2013-09-11 06:00:00,-97.5,-97.42794143901693,27.25,27.21272122677085,791.5644790335675,2013-09-13,11040001,"(27.25, -97.5)"
2013-09-11 05:00:00,-97.25,-97.16193635800417,27.0,27.041135672127847,792.6388217696377,2013-09-13,11040001,"(27.0, -97.25)"
2013-09-11 04:00:00,-97.0,-96.89111515447208,27.0,26.891724538854028,799.1155646507891,2013-09-13,11040001,"(27.0, -97.0)"
2013-09-11 03:00:00,-96.5,-96.59818442502677,26.75,26.753298475409412,803.7795706548412,2013-09-13,11040001,"(26.75, -96.5)"
2013-09-11 02:00:00,-96.25,-96.28504802007173,26.75,26.643854348278158,802.0395282092901,2013-09-13,11040001,"(26.75, -96.25)"
2013-09-11 01:00:00,-96.0,-95.96384223754366,26.5,26.564281290543825,795.4205150805484,2013-09-13,11040001,"(26.5, -96.0)"
2013-09-11 00:00:00,-95.75,-95.63904509037441,26.5,26.508426374734885,789.0828161520859,2013-09-13,11040001,"(26.5, -95.75)"
2013-09-10 23:00:00,-95.25,-95.33123237573196,26.5,26.473298536638524,789.8700507899946,2013-09-13,11040001,"(26.5, -95.25)"
2013-09-10 22:00:00,-95.0,-95.05158074480828,26.5,26.460325510712295,792.1287867558365,2013-09-13,11040001,"(26.5, -95.0)"
2013-09-10 21:00:00,-94.75,-94.77606280265171,26.5,26.43932622946806,795.9876938769044,2013-09-13,11040001,"(26.5, -94.75)"
2013-09-10 20:00:00,-94.5,-94.48707362091697,26.5,26.411185170522863,796.7406461002214,2013-09-13,11040001,"(26.5, -94.5)"
2013-09-10 19:00:00,-94.25,-94.21257390019214,26.5,26.3844389528015,801.619233770727,2013-09-13,11040001,"(26.5, -94.25)"
2013-09-10 18:00:00,-94.0,-93.9407791181216,26.25,26.359596644207937,804.6141013207344,2013-09-13,11040001,"(26.25, -94.0)"
2013-09-10 17:00:00,-93.75,-93.67565076851895,26.25,26.32543255325341,802.2959194675432,2013-09-13,11040001,"(26.25, -93.75)"
2013-09-10 16:00:00,-93.5,-93.41875412046763,26.25,26.279850800299414,800.333699090296,2013-09-13,11040001,"(26.25, -93.5)"
2013-09-10 15:00:00,-93.25,-93.16808134152166,26.25,26.22754118816952,801.9749308234175,2013-09-13,11040001,"(26.25, -93.25)"
2013-09-10 14:00:00,-93.0,-92.92757919138957,26.25,26.180834398545603,801.3321375932202,2013-09-13,11040001,"(26.25, -93.0)"
2013-09-10 13:00:00,-92.75,-92.6995526693202,26.25,26.13481674740225,802.8023380672912,2013-09-13,11040001,"(26.25, -92.75)"
2013-09-10 12:00:00,-92.5,-92.4918528905114,26.0,26.08108945545637,814.6774119956393,2013-09-13,11040001,"(26.0, -92.5)"
2013-09-10 11:00:00,-92.25,-92.28866711002956,26.0,26.004018415132954,825.91205670975,2013-09-13,11040001,"(26.0, -92.25)"
2013-09-10 10:00:00,-92.0,-92.07460648580094,26.0,25.904720758961254,828.0661332766286,2013-09-13,11040001,"(26.0, -92.0)"
2013-09-10 09:00:00,-91.75,-91.8558480109013,25.75,25.7971876868626,819.8013283453411,2013-09-13,11040001,"(25.75, -91.75)"
2013-09-10 08:00:00,-91.75,-91.6559412977033,25.75,25.725326846785972,813.3382237015625,2013-09-13,11040001,"(25.75, -91.75)"
2013-09-10 07:00:00,-91.5,-91.45450938732328,25.75,25.640723897172613,812.9755945792219,2013-09-13,11040001,"(25.75, -91.5)"
2013-09-10 06:00:00,-91.25,-91.23511229679517,25.5,25.55285103120841,816.0676267589157,2013-09-13,11040001,"(25.5, -91.25)"
2013-09-10 05:00:00,-91.0,-91.00384846869775,25.5,25.474298685532393,813.8617056895702,2013-09-13,11040001,"(25.5, -91.0)"
2023-10-02 01:00:00,-99.75,-99.69045515819937,28.25,28.24535526108244,919.3231003347416,2023-10-03,11040001,"(28.25, -99.75)"
2023-10-02 00:00:00,-99.25,-99.27924853323563,28.25,28.190485670366915,912.4491764291929,2023-10-03,11040001,"(28.25, -99.25)"
2023-10-01 23:00:00,-99.0,-98.9330331308038,28.25,28.15753866500787,908.1418234878518,2023-10-03,11040001,"(28.25, -99.0)"
2023-10-01 22:00:00,-98.75,-98.64040498731164,28.25,28.13481181708226,894.4798372629941,2023-10-03,11040001,"(28.25, -98.75)"
2023-10-01 21:00:00,-98.5,-98.38600112106315,28.0,28.116730450294433,873.2628170751336,2023-10-03,11040001,"(28.0, -98.5)"
2023-10-01 20:00:00,-98.25,-98.15206457352762,28.0,28.121404388383226,875.9352339244249,2023-10-03,11040001,"(28.0, -98.25)"
2023-10-01 19:00:00,-98.0,-97.92247768862704,28.0,28.119940525538937,876.6334129389222,2023-10-03,11040001,"(28.0, -98.0)"
2023-10-01 18:00:00,-97.75,-97.69409543604564,28.0,28.121176754397066,874.9714175869402,2023-10-03,11040001,"(28.0, -97.75)"
2023-10-01 17:00:00,-97.5,-97.46932691380631,28.0,28.12478074265816,875.2881293209539,2023-10-03,11040001,"(28.0, -97.5)"
2023-10-01 16:00:00,-97.25,-97.24647678155222,28.0,28.11787140280762,872.7349416652858,2023-10-03,11040001,"(28.0, -97.25)"
2023-10-01 15:00:00,-97.0,-97.02231480285523,28.0,28.096161512201405,873.2152386496703,2023-10-03,11040001,"(28.0, -97.0)"
2023-10-01 14:00:00,-96.75,-96.78930384339701,28.0,28.06154616437466,879.8208688959174,2023-10-03,11040001,"(28.0, -96.75)"
2023-10-01 13:00:00,-96.5,-96.54553658857155,28.0,28.02118378335646,887.9489456135075,2023-10-03,11040001,"(28.0, -96.5)"
2023-10-01 12:00:00,-96.25,-96.30902566427052,28.0,27.984142530669132,898.7238668522509,2023-10-03,11040001,"(28.0, -96.25)"
2023-10-01 11:00:00,-96.0,-96.0445810658467,28.0,27.90323043275073,907.1918128022445,2023-10-03,11040001,"(28.0, -96.0)"
2023-10-01 10:00:00,-95.75,-95.75416016132347,27.75,27.806106599221728,903.9155311615748,2023-10-03,11040001,"(27.75, -95.75)"
2023-10-01 09:00:00,-95.5,-95.44477236845255,27.75,27.75401605625861,896.6590258851428,2023-10-03,11040001,"(27.75, -95.5)"
2023-10-01 08:00:00,-95.25,-95.1380115667397,27.75,27.668257406419503,897.4923240207689,2023-10-03,11040001,"(27.75, -95.25)"
2023-10-01 07:00:00,-94.75,-94.81556055908909,27.5,27.600131498715953,899.0079260936866,2023-10-03,11040001,"(27.5, -94.75)"
2023-10-01 06:00:00,-94.5,-94.47858830467788,27.5,27.55322830999711,905.415558868028,2023-10-03,11040001,"(27.5, -94.5)"
2023-10-01 05:00:00,-94.0,-94.11249118985755,27.5,27.52640524722762,908.7776988547457,2023-10-03,11040001,"(27.5, -94.0)"
2023-10-01 04:00:00,-93.75,-93.74435709189531,27.5,27.533586809241747,909.7904593569405,2023-10-03,11040001,"(27.5, -93.75)"
2023-10-01 03:00:00,-93.5,-93.379686606481,27.5,27.56385778528687,910.9712767860992,2023-10-03,11040001,"(27.5, -93.5)"
2023-10-01 02:00:00,-93.0,-93.02486278439974,27.5,27.612539215179563,910.1993742992685,2023-10-03,11040001,"(27.5, -93.0)"
2023-10-01 01:00:00,-92.75,-92.68038481808175,27.75,27.66528533126484,909.8482132355925,2023-10-03,11040001,"(27.75, -92.75)"
2023-10-01 00:00:00,-92.25,-92.33938102174844,27.75,27.720191530930236,909.3711135149923,2023-10-03,11040001,"(27.75, -92.25)"
2023-09-30 23:00:00,-92.0,-92.00842292708889,27.75,27.779470363638424,909.4711547029004,2023-10-03,11040001,"(27.75, -92.0)"
2023-09-30 22:00:00,-91.75,-91.68991317063666,27.75,27.839144399619514,909.849515318926,2023-10-03,11040001,"(27.75, -91.75)"
2023-09-30 21:00:00,-91.25,-91.37186822949424,28.0,27.89355844147579,904.8669068334209,2023-10-03,11040001,"(28.0, -91.25)"
2023-09-30 20:00:00,-91.0,-91.06329807426665,28.0,27.964506593290945,907.7205667207621,2023-10-03,11040001,"(28.0, -91.0)"
2008-07-05 01:00:00,-100.0,-100.10845003292945,29.0,28.98592563364421,728.4391412846654,2008-07-07,10260001,"(29.0, -100.0)"
2008-07-05 00:00:00,-100.0,-99.89890944791874,29.0,28.946194034729565,720.0908831549672,2008-07-07,10260001,"(29.0, -100.0)"
2008-07-04 23:00:00,-99.75,-99.7138059743618,29.0,28.92578406462749,721.4204709541169,2008-07-07,10260001,"(29.0, -99.75)"
2008-07-04 22:00:00,-99.5,-99.544069610799,29.0,28.891854792180037,739.7641102066765,2008-07-07,10260001,"(29.0, -99.5)"
2008-07-04 21:00:00,-99.25,-99.37286147372741,28.75,28.843575186342896,721.4932774240849,2008-07-07,10260001,"(28.75, -99.25)"
2008-07-04 20:00:00,-99.25,-99.2052037239837,28.75,28.78961568525642,722.7457655923833,2008-07-07,10260001,"(28.75, -99.25)"
2008-07-04 19:00:00,-99.0,-99.0673797254289,28.75,28.730985470229207,782.8714976343322,2008-07-07,10260001,"(28.75, -99.0)"
2008-07-04 18:00:00,-99.0,-98.94562466099977,28.75,28.65546460044142,796.9294281646411,2008-07-07,10260001,"(28.75, -99.0)"
2008-07-04 17:00:00,-98.75,-98.85237241311017,28.5,28.543673202269126,783.4153676370998,2008-07-07,10260001,"(28.5, -98.75)"
2008-07-04 16:00:00,-98.75,-98.75813500000584,28.5,28.401383743064056,782.8069609410468,2008-07-07,10260001,"(28.5, -98.75)"
2008-07-04 15:00:00,-98.75,-98.67144903534268,28.25,28.264335744150134,784.5490823380455,2008-07-07,10260001,"(28.25, -98.75)"
2008-07-04 14:00:00,-98.5,-98.58670031689306,28.0,28.12082297590146,787.5527371054504,2008-07-07,10260001,"(28.0, -98.5)"
2008-07-04 13:00:00,-98.5,-98.50343961446718,28.0,27.96184233489022,793.6778194066108,2008-07-07,10260001,"(28.0, -98.5)"
2008-07-04 12:00:00,-98.5,-98.43386192370839,27.75,27.787036759781415,799.0257474195624,2008-07-07,10260001,"(27.75, -98.5)"
2008-07-04 11:00:00,-98.25,-98.36594513142636,27.5,27.592799192332656,798.9691132266197,2008-07-07,10260001,"(27.5, -98.25)"
2008-07-04 10:00:00,-98.25,-98.28333300576949,27.5,27.38062741133295,792.794059237196,2008-07-07,10260001,"(27.5, -98.25)"
2008-07-04 09:00:00,-98.25,-98.19465126145973,27.25,27.154088574742865,791.8406030427767,2008-07-07,10260001,"(27.25, -98.25)"
2008-07-04 08:00:00,-98.0,-98.11333802131227,27.0,26.895637175011245,796.749559554176,2008-07-07,10260001,"(27.0, -98.0)"
2008-07-04 07:00:00,-98.0,-98.02321220884687,26.75,26.63045810195833,804.5209642684616,2008-07-07,10260001,"(26.75, -98.0)"
2008-07-04 06:00:00,-98.0,-97.91831445154618,26.25,26.354376407687667,818.7291387665116,2008-07-07,10260001,"(26.25, -98.0)"
2008-07-04 05:00:00,-97.75,-97.7985858652857,26.0,26.066931407677796,830.218647751087,2008-07-07,10260001,"(26.0, -97.75)"
2008-07-04 04:00:00,-97.75,-97.67022238051086,25.75,25.76087651344899,837.1785696415927,2008-07-07,10260001,"(25.75, -97.75)"
2008-07-04 03:00:00,-97.5,-97.53252767299318,25.5,25.442559624106725,843.2983870114143,2008-07-07,10260001,"(25.5, -97.5)"
2008-07-04 02:00:00,-97.25,-97.36875762704524,25.25,25.139240362179994,851.3510419669699,2008-07-07,10260001,"(25.25, -97.25)"
2008-07-04 01:00:00,-97.25,-97.18552665833498,24.75,24.86390901872865,852.267752349904,2008-07-07,10260001,"(24.75, -97.25)"
2010-07-03 08:00:00,-99.25,-99.2087370850378,30.0,29.929191291002205,914.2296405255335,2010-07-05,10260001,"(30.0, -99.25)"
2010-07-03 07:00:00,-99.0,-98.97759662513985,29.5,29.576674069480614,928.2129642945126,2010-07-05,10260001,"(29.5, -99.0)"
2010-07-03 06:00:00,-98.75,-98.71045722894256,29.25,29.257832253322313,940.9470625087661,2010-07-05,10260001,"(29.25, -98.75)"
2010-07-03 05:00:00,-98.5,-98.43337611826037,29.0,28.96556946344764,949.8838498025325,2010-07-05,10260001,"(29.0, -98.5)"
2010-07-03 04:00:00,-98.25,-98.14835756763529,28.75,28.697128996245713,954.057524920853,2010-07-05,10260001,"(28.75, -98.25)"
2010-07-03 03:00:00,-97.75,-97.86037424411325,28.5,28.425193594770615,955.7454835960328,2010-07-05,10260001,"(28.5, -97.75)"
2010-07-03 02:00:00,-97.5,-97.57419953919168,28.25,28.145194042384286,957.5799480873554,2010-07-05,10260001,"(28.25, -97.5)"
2010-07-03 01:00:00,-97.25,-97.31222035950233,27.75,27.853371787982148,961.348792686997,2010-07-05,10260001,"(27.75, -97.25)"
2010-07-03 00:00:00,-97.0,-97.03907506618789,27.5,27.555072410607337,966.7328228366125,2010-07-05,10260001,"(27.5, -97.0)"
2010-07-02 23:00:00,-96.75,-96.77117223412313,27.25,27.23134349214482,967.76310524137,2010-07-05,10260001,"(27.25, -96.75)"
2010-07-02 22:00:00,-96.5,-96.49782708165588,27.0,26.905089752215396,972.1448006347706,2010-07-05,10260001,"(27.0, -96.5)"
2010-07-02 21:00:00,-96.25,-96.18394625089303,26.5,26.550413260586687,979.6893516021191,2010-07-05,10260001,"(26.5, -96.25)"
2010-07-02 20:00:00,-95.75,-95.85534873519462,26.25,26.249030852497356,979.9125216554938,2010-07-05,10260001,"(26.25, -95.75)"
2010-07-02 19:00:00,-95.5,-95.5133024781469,26.0,25.938928774062425,981.3926721012009,2010-07-05,10260001,"(26.0, -95.5)"
2010-07-02 18:00:00,-95.25,-95.16860242361956,25.75,25.635614068724283,981.5837710556156,2010-07-05,10260001,"(25.75, -95.25)"
2010-07-02 17:00:00,-94.75,-94.83696507666743,25.25,25.342019996980355,981.5101580842066,2010-07-05,10260001,"(25.25, -94.75)"
2010-07-02 16:00:00,-94.5,-94.5221089814869,25.0,25.036979339577993,980.5919823959473,2010-07-05,10260001,"(25.0, -94.5)"
2010-07-02 15:00:00,-94.25,-94.21245839101842,24.75,24.722541044665913,979.0405746028746,2010-07-05,10260001,"(24.75, -94.25)"
2010-07-02 14:00:00,-94.0,-93.88750865549567,24.5,24.410846324251725,977.7336073638888,2010-07-05,10260001,"(24.5, -94.0)"
2010-07-02 13:00:00,-93.5,-93.54444777383884,24.0,24.09159035832687,977.3143049464152,2010-07-05,10260001,"(24.0, -93.5)"
2010-07-02 12:00:00,-93.25,-93.17377890799773,23.75,23.751057572286417,977.1325727003567,2010-07-05,10260001,"(23.75, -93.25)"
2010-07-02 11:00:00,-92.75,-92.7815585232371,23.5,23.41776198745525,975.1711987125099,2010-07-05,10260001,"(23.5, -92.75)"
2010-07-02 10:00:00,-92.5,-92.3786719374977,23.0,23.110751539775304,974.9315780991423,2010-07-05,10260001,"(23.0, -92.5)"
2010-07-02 09:00:00,-92.0,-91.97968818088934,22.75,22.81231196470316,975.6805556225839,2010-07-05,10260001,"(22.75, -92.0)"
2010-07-02 08:00:00,-91.5,-91.59035458760532,22.5,22.540073337004767,975.4877447531533,2010-07-05,10260001,"(22.5, -91.5)"
2010-07-02 07:00:00,-91.25,-91.18496297797832,22.25,22.25845290823021,975.5374188920448,2010-07-05,10260001,"(22.25, -91.25)"
2013-09-10 18:00:00,-97.25,-97.28616349711999,30.0,30.05358817551093,982.5307056417587,2013-09-13,10260001,"(30.0, -97.25)"
2013-09-10 17:00:00,-97.25,-97.14844930462837,30.0,29.991223963285307,984.9389339617643,2013-09-13,10260001,"(30.0, -97.25)"
2013-09-10 16:00:00,-97.0,-97.00604657187462,30.0,29.925396220804796,985.4495786121126,2013-09-13,10260001,"(30.0, -97.0)"
2013-09-10 15:00:00,-96.75,-96.85454874152266,29.75,29.849506792354337,986.4238210944986,2013-09-13,10260001,"(29.75, -96.75)"
2013-09-10 14:00:00,-96.75,-96.70344554295059,29.75,29.776632214204522,988.3181579287325,2013-09-13,10260001,"(29.75, -96.75)"
2013-09-10 13:00:00,-96.5,-96.54688706244393,29.75,29.72091647900176,989.7522604357755,2013-09-13,10260001,"(29.75, -96.5)"
2013-09-10 12:00:00,-96.5,-96.39118924358077,29.75,29.690690221707122,991.1436560111883,2013-09-13,10260001,"(29.75, -96.5)"
2013-09-10 11:00:00,-96.25,-96.24140400556128,29.75,29.65917160823363,991.9355594471514,2013-09-13,10260001,"(29.75, -96.25)"
2013-09-10 10:00:00,-96.0,-96.10948424773613,29.5,29.614516011509725,991.6408984215632,2013-09-13,10260001,"(29.5, -96.0)"
2013-09-10 09:00:00,-96.0,-95.97960960754949,29.5,29.555886933986127,991.026581648555,2013-09-13,10260001,"(29.5, -96.0)"
2013-09-10 08:00:00,-95.75,-95.81053262500804,29.5,29.47426470255246,990.5130523850484,2013-09-13,10260001,"(29.5, -95.75)"
2013-09-10 07:00:00,-95.75,-95.65464255830763,29.5,29.378430801284164,988.870802679846,2013-09-13,10260001,"(29.5, -95.75)"
2013-09-10 06:00:00,-95.5,-95.48052053908539,29.25,29.267080362264604,987.8598301685876,2013-09-13,10260001,"(29.25, -95.5)"
2013-09-10 05:00:00,-95.25,-95.29795065190214,29.25,29.15002544942644,991.6301554730818,2013-09-13,10260001,"(29.25, -95.25)"
2013-09-10 04:00:00,-95.0,-95.11161527431433,29.0,29.050283109010483,996.6727113781957,2013-09-13,10260001,"(29.0, -95.0)"
2013-09-10 03:00:00,-95.0,-94.892257576315,29.0,28.941203014439456,1000.0,2013-09-13,10260001,"(29.0, -95.0)"
2018-06-17 12:00:00,-95.5,-95.42857148709332,30.0,30.08541099508147,969.3368308603071,2018-06-20,10260001,"(30.0, -95.5)"
2018-06-17 11:00:00,-95.25,-95.24709247022642,30.0,29.99550467826612,972.3698415742705,2018-06-20,10260001,"(30.0, -95.25)"
2018-06-17 10:00:00,-95.0,-95.0639342662236,29.75,29.864531514506268,975.4769438515498,2018-06-20,10260001,"(29.75, -95.0)"
2018-06-17 09:00:00,-94.75,-94.86824561637636,29.75,29.689949981393777,982.9946437302566,2018-06-20,10260001,"(29.75, -94.75)"
2018-06-17 08:00:00,-94.5,-94.61897999692015,29.5,29.490084595692256,990.060763650064,2018-06-20,10260001,"(29.5, -94.5)"
2018-06-17 07:00:00,-94.25,-94.36806284722662,29.25,29.2801215833923,995.7964996633319,2018-06-20,10260001,"(29.25, -94.25)"
2018-06-17 06:00:00,-94.0,-94.11775045617989,29.0,29.047935482065103,997.6063429853839,2018-06-20,10260001,"(29.0, -94.0)"
2018-06-17 05:00:00,-93.75,-93.8654968887472,28.75,28.801273038210663,999.0985582590923,2018-06-20,10260001,"(28.75, -93.75)"
2018-06-17 04:00:00,-93.5,-93.61874011401177,28.5,28.568870664949223,999.1108489881905,2018-06-20,10260001,"(28.5, -93.5)"
2018-06-17 03:00:00,-93.25,-93.35584751487193,28.25,28.355399451556412,999.7199860394559,2018-06-20,10260001,"(28.25, -93.25)"
2018-06-17 02:00:00,-93.0,-93.08434839113305,28.0,28.118810281484272,1000.0,2018-06-20,10260001,"(28.0, -93.0)"
2019-05-26 01:00:00,-100.0,-100.12109205066834,28.75,28.655683731027537,933.8801733168239,2019-05-27,10260001,"(28.75, -100.0)"
2019-05-26 00:00:00,-99.75,-99.80791254167431,28.25,28.333759000355506,942.7207752022423,2019-05-27,10260001,"(28.25, -99.75)"
2019-05-25 23:00:00,-99.5,-99.52105878270821,28.0,28.03645900727978,946.9677969893652,2019-05-27,10260001,"(28.0, -99.5)"
2019-05-25 22:00:00,-99.25,-99.2582270992068,27.75,27.74842017278531,950.4674513213153,2019-05-27,10260001,"(27.75, -99.25)"
2019-05-25 21:00:00,-99.0,-99.02794689638165,27.5,27.476361287688825,952.5360985149339,2019-05-27,10260001,"(27.5, -99.0)"
2019-05-25 20:00:00,-98.75,-98.77646188435348,27.25,27.197032898254204,949.8492760514204,2019-05-27,10260001,"(27.25, -98.75)"
2019-05-25 19:00:00,-98.5,-98.52646741842345,27.0,26.911108995926007,956.3890485044353,2019-05-27,10260001,"(27.0, -98.5)"
2019-05-25 18:00:00,-98.25,-98.2898978726853,26.5,26.617095234838473,962.1718862881029,2019-05-27,10260001,"(26.5, -98.25)"
2019-05-25 17:00:00,-98.0,-98.06937931362019,26.25,26.31314312751011,966.4110927078542,2019-05-27,10260001,"(26.25, -98.0)"
2019-05-25 16:00:00,-97.75,-97.86703272539557,26.0,25.98916900425034,968.6203267000432,2019-05-27,10260001,"(26.0, -97.75)"
2019-05-25 15:00:00,-97.75,-97.66462173117411,25.75,25.644117966226776,970.2168537305573,2019-05-27,10260001,"(25.75, -97.75)"
2019-05-25 14:00:00,-97.5,-97.43948047262906,25.25,25.29501025598992,973.2447126911891,2019-05-27,10260001,"(25.25, -97.5)"
2019-05-25 13:00:00,-97.25,-97.18837021485604,25.0,24.94630286566176,979.1932373032535,2019-05-27,10260001,"(25.0, -97.25)"
2019-05-25 12:00:00,-97.0,-96.92611921206083,24.75,24.63026161291752,979.8238792702298,2019-05-27,10260001,"(24.75, -97.0)"
2019-05-25 11:00:00,-96.75,-96.66535729119776,24.25,24.358455439700016,977.1983395183797,2019-05-27,10260001,"(24.25, -96.75)"
2019-05-25 10:00:00,-96.5,-96.39874105137005,24.0,24.123764256949745,977.0040009327258,2019-05-27,10260001,"(24.0, -96.5)"
2019-05-25 09:00:00,-96.0,-96.11529126387752,24.0,23.941415748595976,977.0933756204249,2019-05-27,10260001,"(24.0, -96.0)"
2019-05-25 08:00:00,-95.75,-95.8137776797454,23.75,23.77298941557748,977.124990672104,2019-05-27,10260001,"(23.75, -95.75)"
2019-05-25 07:00:00,-95.5,-95.50033710652048,23.75,23.631568190936775,977.5625031535762,2019-05-27,10260001,"(23.75, -95.5)"
2019-05-25 06:00:00,-95.25,-95.16288233754948,23.5,23.51384982837119,977.1758402861418,2019-05-27,10260001,"(23.5, -95.25)"
2019-05-25 05:00:00,-94.75,-94.79931003208183,23.5,23.423405259260893,976.7234575117274,2019-05-27,10260001,"(23.5, -94.75)"
2019-05-25 04:00:00,-94.5,-94.41996388559741,23.25,23.351919323865378,974.6409352552419,2019-05-27,10260001,"(23.25, -94.5)"
2019-05-25 03:00:00,-94.0,-94.03737618712698,23.25,23.296078991715927,970.8955278183837,2019-05-27,10260001,"(23.25, -94.0)"
2019-05-25 02:00:00,-93.75,-93.68102402137042,23.25,23.263875379865407,966.4222316181047,2019-05-27,10260001,"(23.25, -93.75)"
2019-05-25 01:00:00,-93.25,-93.36077974500816,23.25,23.245742613636374,961.7454259054282,2019-05-27,10260001,"(23.25, -93.25)"
2019-05-25 00:00:00,-93.0,-93.06620251127484,23.25,23.22496825357764,958.8970445664936,2019-05-27,10260001,"(23.25, -93.0)"
2019-05-24 23:00:00,-92.75,-92.78247504395542,23.25,23.19233688458908,957.0077889610967,2019-05-27,10260001,"(23.25, -92.75)"
2019-05-24 22:00:00,-92.5,-92.50021907365057,23.25,23.152870056975857,957.8564237678759,2019-05-27,10260001,"(23.25, -92.5)"
2019-05-24 21:00:00,-92.25,-92.22804473929345,23.0,23.113828466137914,959.9134759526053,2019-05-27,10260001,"(23.0, -92.25)"
2019-05-24 20:00:00,-92.0,-91.95254541767561,23.0,23.063773509458372,960.8719098695292,2019-05-27,10260001,"(23.0, -92.0)"
2019-05-24 19:00:00,-91.75,-91.68908252404854,23.0,22.99558718544033,962.4231238562697,2019-05-27,10260001,"(23.0, -91.75)"
2019-05-24 18:00:00,-91.5,-91.42992442358359,23.0,22.9038390997141,962.9571283423006,2019-05-27,10260001,"(23.0, -91.5)"
2019-05-24 17:00:00,-91.25,-91.16924545482308,22.75,22.784002670021007,962.2381912567693,2019-05-27,10260001,"(22.75, -91.25)"
2019-05-24 16:00:00,-91.0,-90.90852335988552,22.75,22.642819195404698,959.2443892093793,2019-05-27,10260001,"(22.75, -91.0)"
2000-10-22 11:00:00,-100.0,-100.12351445031321,28.75,28.766388265407,962.0013579748903,2000-10-24,14080102,"(28.75, -100.0)"
2000-10-22 10:00:00,-100.0,-99.95188162530762,28.5,28.518654887152938,966.1053284180306,2000-10-24,14080102,"(28.5, -100.0)"
2000-10-22 09:00:00,-99.75,-99.79111726459543,28.25,28.24500394914374,968.7489135634718,2000-10-24,14080102,"(28.25, -99.75)"
2000-10-22 08:00:00,-99.5,-99.6136941391011,28.0,27.98987757227298,970.3008005441973,2000-10-24,14080102,"(28.0, -99.5)"
2000-10-22 07:00:00,-99.5,-99.43058186342931,27.75,27.715222968457397,971.6186865970983,2000-10-24,14080102,"(27.75, -99.5)"
2000-10-22 06:00:00,-99.25,-99.2368845131255,27.5,27.416902174987253,974.0233831878572,2000-10-24,14080102,"(27.5, -99.25)"
2000-10-22 05:00:00,-99.0,-99.01166411725143,27.0,27.11184030245004,971.07250145629,2000-10-24,14080102,"(27.0, -99.0)"
2000-10-22 04:00:00,-98.75,-98.77506431794163,26.75,26.797995278760368,970.5158963476642,2000-10-24,14080102,"(26.75, -98.75)"
2000-10-22 03:00:00,-98.5,-98.53509480642343,26.5,26.473602202368763,972.4081376479073,2000-10-24,14080102,"(26.5, -98.5)"
2000-10-22 02:00:00,-98.25,-98.31445954665439,26.25,26.146252293503846,975.1888591743394,2000-10-24,14080102,"(26.25, -98.25)"
2000-10-22 01:00:00,-98.0,-98.10330332327156,25.75,25.84010213887354,972.498954732359,2000-10-24,14080102,"(25.75, -98.0)"
2000-10-22 00:00:00,-98.0,-97.9124873331938,25.5,25.53164302453676,969.8121791758355,2000-10-24,14080102,"(25.5, -98.0)"
2000-10-21 23:00:00,-97.75,-97.7426134557199,25.25,25.20422801778664,966.3671009504784,2000-10-24,14080102,"(25.25, -97.75)"
2000-10-21 22:00:00,-97.5,-97.5805006458893,24.75,24.83601629894394,964.5502464341687,2000-10-24,14080102,"(24.75, -97.5)"
2000-10-21 21:00:00,-97.5,-97.42377508704143,24.5,24.469189667697783,968.1497869361735,2000-10-24,14080102,"(24.5, -97.5)"
2000-10-21 20:00:00,-97.25,-97.26453851546236,24.0,24.12039958900528,965.744457385053,2000-10-24,14080102,"(24.0, -97.25)"
2000-10-21 19:00:00,-97.25,-97.13507386644808,23.75,23.829732415299613,965.7784771379063,2000-10-24,14080102,"(23.75, -97.25)"
2000-10-21 18:00:00,-97.0,-97.01018303044619,23.5,23.558177361500498,967.028036751386,2000-10-24,14080102,"(23.5, -97.0)"
2000-10-21 17:00:00,-97.0,-96.89034856311798,23.25,23.317460727021576,968.1981352172876,2000-10-24,14080102,"(23.25, -97.0)"
2000-10-21 16:00:00,-96.75,-96.76424780325817,23.0,23.104488778268028,970.5418916370504,2000-10-24,14080102,"(23.0, -96.75)"
2000-10-21 15:00:00,-96.75,-96.62956625250641,23.0,22.9129243738311,973.855051689519,2000-10-24,14080102,"(23.0, -96.75)"
2000-10-21 14:00:00,-96.5,-96.50910398863769,22.75,22.747939448805532,974.8475655584759,2000-10-24,14080102,"(22.75, -96.5)"
2000-10-21 13:00:00,-96.5,-96.40030623016166,22.5,22.610342064403774,978.117078139364,2000-10-24,14080102,"(22.5, -96.5)"
2000-10-21 12:00:00,-96.25,-96.28606446051408,22.5,22.486153360385142,981.118213950846,2000-10-24,14080102,"(22.5, -96.25)"
2000-10-21 11:00:00,-96.25,-96.16707509279838,22.25,22.35653964685997,983.1863621810334,2000-10-24,14080102,"(22.25, -96.25)"
2000-10-21 10:00:00,-96.0,-96.04553667711019,22.25,22.22035888289083,981.2153343315993,2000-10-24,14080102,"(22.25, -96.0)"
2000-10-21 09:00:00,-96.0,-95.94335905187168,22.0,22.081186658645166,978.6992424334719,2000-10-24,14080102,"(22.0, -96.0)"
2000-10-21 08:00:00,-95.75,-95.83967720991676,22.0,21.926960276070613,977.3581650170142,2000-10-24,14080102,"(22.0, -95.75)"
2008-08-29 12:00:00,-100.0,-100.06215836237881,26.5,26.545774772258195,902.1990210600072,2008-09-01,14080102,"(26.5, -100.0)"
2008-08-29 11:00:00,-99.75,-99.83019266419002,26.25,26.31381821627711,911.1032735907917,2008-09-01,14080102,"(26.25, -99.75)"
2008-08-29 10:00:00,-99.5,-99.62010484246086,26.0,26.087593440343134,917.0105162279306,2008-09-01,14080102,"(26.0, -99.5)"
2008-08-29 09:00:00,-99.5,-99.44381057119271,25.75,25.855268261437057,925.929275230632,2008-09-01,14080102,"(25.75, -99.5)"
2008-08-29 08:00:00,-99.25,-99.30007152955639,25.5,25.612826914608934,937.965692900386,2008-09-01,14080102,"(25.5, -99.25)"
2008-08-29 07:00:00,-99.25,-99.14547037465968,25.5,25.382676284856856,939.8231309141349,2008-09-01,14080102,"(25.5, -99.25)"
2008-08-29 06:00:00,-99.0,-98.98272458600296,25.25,25.160612422938414,943.8129574405488,2008-09-01,14080102,"(25.25, -99.0)"
2008-08-29 05:00:00,-98.75,-98.81287549834272,25.0,24.953759841990646,944.4392197952976,2008-09-01,14080102,"(25.0, -98.75)"
2008-08-29 04:00:00,-98.75,-98.63720996497193,24.75,24.767235242825034,936.3859200483794,2008-09-01,14080102,"(24.75, -98.75)"
2008-08-29 03:00:00,-98.5,-98.47929591804905,24.5,24.572730079629842,934.7787763085984,2008-09-01,14080102,"(24.5, -98.5)"
2008-08-29 02:00:00,-98.25,-98.34603572246833,24.25,24.35559621266,942.7909646774872,2008-09-01,14080102,"(24.25, -98.25)"
2008-08-29 01:00:00,-98.25,-98.21616837054617,24.25,24.18951190759445,947.600520813692,2008-09-01,14080102,"(24.25, -98.25)"
2000-10-22 19:00:00,-100.0,-100.0989786483699,29.5,29.612804174047834,942.7745224520698,2000-10-24,13010002,"(29.5, -100.0)"
2000-10-22 18:00:00,-100.0,-99.98034772612449,29.5,29.39236781407022,956.6957195722345,2000-10-24,13010002,"(29.5, -100.0)"
2000-10-22 17:00:00,-99.75,-99.85441591055232,29.25,29.164801318200393,969.3035682580307,2000-10-24,13010002,"(29.25, -99.75)"
2000-10-22 16:00:00,-99.75,-99.71678354417831,29.0,28.940870274588814,978.7907349177395,2000-10-24,13010002,"(29.0, -99.75)"
2000-10-22 15:00:00,-99.5,-99.54687869353079,28.75,28.712735382847303,985.1791128389841,2000-10-24,13010002,"(28.75, -99.5)"
2000-10-22 14:00:00,-99.25,-99.3700221993567,28.5,28.538517972672672,988.7431925455382,2000-10-24,13010002,"(28.5, -99.25)"
2000-10-22 13:00:00,-99.25,-99.22056886389498,28.5,28.418044594052482,990.1303332963902,2000-10-24,13010002,"(28.5, -99.25)"
2000-10-22 12:00:00,-99.0,-99.08668056968857,28.25,28.28277984114335,992.3084690331193,2000-10-24,13010002,"(28.25, -99.0)"
2000-10-22 11:00:00,-99.0,-98.96648792841681,28.25,28.13770864200715,992.8002315606398,2000-10-24,13010002,"(28.25, -99.0)"
2000-10-22 10:00:00,-98.75,-98.84799967144988,28.0,27.969067174034578,992.4612981985408,2000-10-24,13010002,"(28.0, -98.75)"
2000-10-22 09:00:00,-98.75,-98.72357945480437,27.75,27.775616621848386,988.0922842496041,2000-10-24,13010002,"(27.75, -98.75)"
2000-10-22 08:00:00,-98.5,-98.59330068195693,27.5,27.578830941109974,984.8915294354564,2000-10-24,13010002,"(27.5, -98.5)"
2000-10-22 07:00:00,-98.5,-98.44861673380392,27.25,27.361199393816968,988.1992932481887,2000-10-24,13010002,"(27.25, -98.5)"
2000-10-22 06:00:00,-98.25,-98.31475353544539,27.25,27.149181796088232,994.3429995055856,2000-10-24,13010002,"(27.25, -98.25)"
2000-10-22 05:00:00,-98.25,-98.18989495402927,27.0,26.946608585701703,998.3066369751986,2000-10-24,13010002,"(27.0, -98.25)"
2000-10-22 04:00:00,-98.0,-98.04790877275529,26.75,26.73550338560978,1000.0,2000-10-24,13010002,"(26.75, -98.0)"
2017-05-08 15:00:00,-100.0,-100.05883949345963,29.0,28.96739253262112,875.2492811537753,2017-05-10,11020005,"(29.0, -100.0)"
2017-05-08 14:00:00,-100.0,-99.90259580692222,28.75,28.723266937760144,883.1408974835634,2017-05-10,11020005,"(28.75, -100.0)"
2017-05-08 13:00:00,-99.75,-99.7645422908912,28.5,28.375061996264307,886.8678245201014,2017-05-10,11020005,"(28.5, -99.75)"
2017-05-08 12:00:00,-99.5,-99.6120480054453,28.0,27.95361084085295,886.0154486797735,2017-05-10,11020005,"(28.0, -99.5)"
2017-05-08 11:00:00,-99.5,-99.45568222103067,27.5,27.520134728364418,883.9185626478807,2017-05-10,11020005,"(27.5, -99.5)"
2017-05-08 10:00:00,-99.25,-99.31688957546153,27.0,27.03823710198718,885.3893887886343,2017-05-10,11020005,"(27.0, -99.25)"
2017-05-08 09:00:00,-99.25,-99.15444430047106,26.5,26.50811217049126,892.0334603601481,2017-05-10,11020005,"(26.5, -99.25)"
2017-05-08 08:00:00,-99.0,-98.98858133362074,26.0,25.973510131174294,900.384722751389,2017-05-10,11020005,"(26.0, -99.0)"
2017-05-08 07:00:00,-98.75,-98.82145754024461,25.5,25.451402104535237,895.1770629131189,2017-05-10,11020005,"(25.5, -98.75)"
2017-05-08 06:00:00,-98.75,-98.66455595615365,25.0,24.980369467563442,894.0876627143496,2017-05-10,11020005,"(25.0, -98.75)"
2017-05-08 05:00:00,-98.5,-98.4735363959248,24.5,24.52757664053232,879.7896376240254,2017-05-10,11020005,"(24.5, -98.5)"
2017-05-08 04:00:00,-98.25,-98.3265348420524,24.25,24.165892546046994,895.3277862124745,2017-05-10,11020005,"(24.25, -98.25)"
2017-05-08 03:00:00,-98.25,-98.129424169984,23.75,23.8575333842541,894.3511618627545,2017-05-10,11020005,"(23.75, -98.25)"
2017-05-08 02:00:00,-98.0,-97.94610279547688,23.5,23.58181667302732,890.7094334289563,2017-05-10,11020005,"(23.5, -98.0)"
2017-05-08 01:00:00,-97.75,-97.80062635993457,23.25,23.35267236764738,888.0255980625589,2017-05-10,11020005,"(23.25, -97.75)"
2017-05-08 00:00:00,-97.75,-97.69088341010293,23.25,23.153139818796365,878.3071408967597,2017-05-10,11020005,"(23.25, -97.75)"
2017-05-07 23:00:00,-97.5,-97.59667331252962,23.0,22.97685914053863,876.7890743945401,2017-05-10,11020005,"(23.0, -97.5)"
2017-05-07 22:00:00,-97.5,-97.5075907080512,22.75,22.820382980200915,874.6958848597129,2017-05-10,11020005,"(22.75, -97.5)"
2017-05-07 21:00:00,-97.5,-97.44614717354997,22.75,22.657188840098684,874.8973072844182,2017-05-10,11020005,"(22.75, -97.5)"
2017-05-07 20:00:00,-97.25,-97.32391713245462,22.5,22.475305830721584,873.7253429110658,2017-05-10,11020005,"(22.5, -97.25)"
2017-05-07 19:00:00,-97.25,-97.17661757938727,22.25,22.29754030116012,867.5194954236865,2017-05-10,11020005,"(22.25, -97.25)"
2017-05-07 18:00:00,-97.0,-97.0284971410064,22.25,22.126862657912145,865.2941726422661,2017-05-10,11020005,"(22.25, -97.0)"
2017-05-07 17:00:00,-97.0,-96.88403556454455,22.0,21.956470467092426,866.4159456416904,2017-05-10,11020005,"(22.0, -97.0)"
2021-06-29 09:00:00,-98.5,-98.46555346179103,30.0,29.982577724048827,926.6978909466238,2021-07-02,11020005,"(30.0, -98.5)"
2021-06-29 08:00:00,-98.25,-98.36399386478857,29.75,29.756135759801516,928.6459700455863,2021-07-02,11020005,"(29.75, -98.25)"
2021-06-29 07:00:00,-98.25,-98.25164908711214,29.5,29.523946241888535,934.5273881533172,2021-07-02,11020005,"(29.5, -98.25)"
2021-06-29 06:00:00,-98.0,-98.11563789869116,29.25,29.282736114261624,942.3507131213912,2021-07-02,11020005,"(29.25, -98.0)"
2021-06-29 05:00:00,-98.0,-97.93528183556421,29.0,29.020362445806036,950.1272558421547,2021-07-02,11020005,"(29.0, -98.0)"
2021-06-29 04:00:00,-97.75,-97.7204822154042,28.75,28.742266871974746,952.4153942999369,2021-07-02,11020005,"(28.75, -97.75)"
2021-06-29 03:00:00,-97.5,-97.47920414332081,28.5,28.502725101707565,951.0646467815511,2021-07-02,11020005,"(28.5, -97.5)"
2021-06-29 02:00:00,-97.25,-97.23670103679245,28.25,28.30000475164264,950.853996408877,2021-07-02,11020005,"(28.25, -97.25)"
2021-06-29 01:00:00,-97.0,-97.00914081594092,28.0,28.120286269466177,954.4077488182935,2021-07-02,11020005,"(28.0, -97.0)"
2010-09-20 20:00:00,-100.0,-100.09000237723548,26.25,26.340339553243417,866.3780155251883,2010-09-23,11020010,"(26.25, -100.0)"
2010-09-20 19:00:00,-100.0,-99.8779186773978,26.25,26.22011685595772,876.5862194190374,2010-09-23,11020010,"(26.25, -100.0)"
2010-09-20 18:00:00,-99.75,-99.6742359178088,26.0,26.07851051380812,880.5176441053844,2010-09-23,11020010,"(26.0, -99.75)"
2010-09-20 17:00:00,-99.5,-99.4974550721825,26.0,25.938682691708674,887.5882423509344,2010-09-23,11020010,"(26.0, -99.5)"
2010-09-20 16:00:00,-99.25,-99.34063008713808,25.75,25.784146872224657,902.0245685682756,2010-09-23,11020010,"(25.75, -99.25)"
2010-09-20 15:00:00,-99.25,-99.18913835111061,25.75,25.628749855183376,907.6532316395158,2010-09-23,11020010,"(25.75, -99.25)"
2010-09-20 14:00:00,-99.0,-99.05736639366746,25.5,25.474986934937686,908.4491774688321,2010-09-23,11020010,"(25.5, -99.0)"
2010-09-20 13:00:00,-99.0,-98.94678851620972,25.25,25.31464343987028,908.8172698105716,2010-09-23,11020010,"(25.25, -99.0)"
2010-09-20 12:00:00,-98.75,-98.83548749471757,25.25,25.145220174369733,910.6930600875963,2010-09-23,11020010,"(25.25, -98.75)"
2010-09-20 11:00:00,-98.75,-98.69912800109013,25.0,24.969614516195236,904.2376338943719,2010-09-23,11020010,"(25.0, -98.75)"
2010-09-20 10:00:00,-98.5,-98.53151690430211,24.75,24.78145117828753,892.5419209736648,2010-09-23,11020010,"(24.75, -98.5)"
2010-09-20 09:00:00,-98.25,-98.35377776789697,24.5,24.577294462883483,888.857736544415,2010-09-23,11020010,"(24.5, -98.25)"
2010-09-20 08:00:00,-98.25,-98.14688539872299,24.5,24.3757615334429,897.5783306891008,2010-09-23,11020010,"(24.5, -98.25)"
2010-09-20 07:00:00,-98.0,-97.9103760312664,24.25,24.17825669080662,909.6196060773835,2010-09-23,11020010,"(24.25, -98.0)"
2010-09-20 06:00:00,-97.75,-97.64516207459592,24.0,24.014505062978017,918.2316488343282,2010-09-23,11020010,"(24.0, -97.75)"
2010-09-20 05:00:00,-97.25,-97.35851766072184,24.0,23.882748637709764,924.1986799308539,2010-09-23,11020010,"(24.0, -97.25)"
2010-09-20 04:00:00,-97.0,-97.04439906925893,23.75,23.79327505853518,927.9365734738358,2010-09-23,11020010,"(23.75, -97.0)"
2010-09-20 03:00:00,-96.75,-96.71554593314649,23.75,23.741735476588538,933.3305369951233,2010-09-23,11020010,"(23.75, -96.75)"
2010-09-20 02:00:00,-96.5,-96.39037046578994,23.75,23.70509373483871,940.6075265616943,2010-09-23,11020010,"(23.75, -96.5)"
2010-09-20 01:00:00,-96.0,-96.07408596872307,23.75,23.683548387535616,946.0733833163497,2010-09-23,11020010,"(23.75, -96.0)"
2014-07-11 06:00:00,-100.0,-100.10356682001188,28.25,28.20681817196762,973.6813795917933,2014-07-13,11020010,"(28.25, -100.0)"
2014-07-11 05:00:00,-100.0,-99.91469505140596,28.0,27.946063232555822,979.9352265931324,2014-07-13,11020010,"(28.0, -100.0)"
2014-07-11 04:00:00,-99.75,-99.73779748499388,27.75,27.70940651489224,981.5953397460487,2014-07-13,11020010,"(27.75, -99.75)"
2014-07-11 03:00:00,-99.5,-99.56719965447363,27.5,27.50801410863749,986.041269161495,2014-07-13,11020010,"(27.5, -99.5)"
2014-07-11 02:00:00,-99.5,-99.38435571059634,27.25,27.315678933034203,988.3026984086279,2014-07-13,11020010,"(27.25, -99.5)"
2014-07-11 01:00:00,-99.25,-99.17906426634691,27.25,27.145007869426163,988.9919587348761,2014-07-13,11020010,"(27.25, -99.25)"
2014-07-11 00:00:00,-99.0,-98.95203179077586,27.0,26.974871019368504,988.2164227375627,2014-07-13,11020010,"(27.0, -99.0)"
2014-07-10 23:00:00,-98.75,-98.71278077732971,26.75,26.797042078312614,989.2375650720093,2014-07-13,11020010,"(26.75, -98.75)"
2014-07-10 22:00:00,-98.5,-98.47823167314947,26.5,26.601577744753197,993.1840216931967,2014-07-13,11020010,"(26.5, -98.5)"
2014-07-10 21:00:00,-98.25,-98.26158810224064,26.5,26.429253161589422,997.8272568452443,2014-07-13,11020010,"(26.5, -98.25)"
2014-07-10 20:00:00,-98.0,-98.05433631929674,26.25,26.306607186079994,1000.0,2014-07-13,11020010,"(26.25, -98.0)"
2021-05-22 02:00:00,-100.0,-100.09120875676763,28.5,28.385986663593933,894.9332583496968,2021-05-23,11020010,"(28.5, -100.0)"
2021-05-22 01:00:00,-99.75,-99.82431103587395,28.25,28.246680240401247,889.0796165392171,2021-05-23,11020010,"(28.25, -99.75)"
2021-05-22 00:00:00,-99.5,-99.5766796388033,28.25,28.139383053777966,888.3690437461797,2021-05-23,11020010,"(28.25, -99.5)"
2021-05-21 23:00:00,-99.5,-99.39585190099716,28.0,28.059756321191312,888.6644151434358,2021-05-23,11020010,"(28.0, -99.5)"
2021-05-21 22:00:00,-99.25,-99.28270539336353,28.0,27.999147667244607,892.3891712020684,2021-05-23,11020010,"(28.0, -99.25)"
2021-05-21 21:00:00,-99.25,-99.15972248792681,28.0,27.93018834852331,895.18169363678,2021-05-23,11020010,"(28.0, -99.25)"
2021-05-21 20:00:00,-99.0,-99.03298416096362,27.75,27.853252294464358,902.9537048188748,2021-05-23,11020010,"(27.75, -99.0)"
2021-05-21 19:00:00,-99.0,-98.91556512644014,27.75,27.765138471472774,911.246782335331,2021-05-23,11020010,"(27.75, -99.0)"
2021-05-21 18:00:00,-98.75,-98.8020573238456,27.75,27.657586320890886,914.7366015997715,2021-05-23,11020010,"(27.75, -98.75)"
2021-05-21 17:00:00,-98.75,-98.67819543058685,27.5,27.525985531657852,915.5894867410012,2021-05-23,11020010,"(27.5, -98.75)"
2021-05-21 16:00:00,-98.5,-98.54203546915144,27.5,27.37557659317441,915.2843994297763,2021-05-23,11020010,"(27.5, -98.5)"
2021-05-21 15:00:00,-98.5,-98.39661652750372,27.25,27.202146520240326,917.1233622869123,2021-05-23,11020010,"(27.25, -98.5)"
2021-05-21 14:00:00,-98.25,-98.23761360238872,27.0,27.011861413721594,920.6588271688096,2021-05-23,11020010,"(27.0, -98.25)"
2021-05-21 13:00:00,-98.0,-98.08490939533495,26.75,26.798768496226927,923.8679012786585,2021-05-23,11020010,"(26.75, -98.0)"
2021-05-21 12:00:00,-98.0,-97.95425953753953,26.5,26.565189315690002,924.3378101283377,2021-05-23,11020010,"(26.5, -98.0)"
2021-05-21 11:00:00,-97.75,-97.84825040342666,26.25,26.330051687910167,925.4473106244105,2021-05-23,11020010,"(26.25, -97.75)"
2021-05-21 10:00:00,-97.75,-97.75273182086411,26.0,26.100007962331805,932.2109186444935,2021-05-23,11020010,"(26.0, -97.75)"
2021-05-21 09:00:00,-97.75,-97.66871702282809,26.0,25.88585485327061,939.7554167783494,2021-05-23,11020010,"(26.0, -97.75)"
2021-05-21 08:00:00,-97.5,-97.59708150635664,25.75,25.697064635503242,941.2565905711887,2021-05-23,11020010,"(25.75, -97.5)"
2021-05-21 07:00:00,-97.5,-97.51938828415369,25.5,25.512706343456188,936.0425137854901,2021-05-23,11020010,"(25.5, -97.5)"
2021-05-21 06:00:00,-97.5,-97.44173440659533,25.25,25.327342281321375,927.9749956396163,2021-05-23,11020010,"(25.25, -97.5)"
2021-05-21 05:00:00,-97.25,-97.36457306446499,25.25,25.140002888192083,921.0882682990512,2021-05-23,11020010,"(25.25, -97.25)"
2021-05-21 04:00:00,-97.25,-97.28408926647795,25.0,24.95095654209114,916.6803129150213,2021-05-23,11020010,"(25.0, -97.25)"
2021-05-21 03:00:00,-97.25,-97.20287094373276,24.75,24.780955361863192,916.4662878134199,2021-05-23,11020010,"(24.75, -97.25)"
2021-05-21 02:00:00,-97.0,-97.10325457791349,24.75,24.628661804781,918.8956116442574,2021-05-23,11020010,"(24.75, -97.0)"
2021-05-21 01:00:00,-97.0,-96.97800165858574,24.5,24.513014809511446,927.0733811951254,2021-05-23,11020010,"(24.5, -97.0)"
2021-05-21 00:00:00,-96.75,-96.82271603283988,24.5,24.43361112909352,934.0092340724033,2021-05-23,11020010,"(24.5, -96.75)"
2021-05-20 23:00:00,-96.5,-96.6214370378301,24.5,24.39582929844483,930.3275528902193,2021-05-23,11020010,"(24.5, -96.5)"
2021-05-20 22:00:00,-96.5,-96.40465408671434,24.5,24.380802374480762,927.3719441144148,2021-05-23,11020010,"(24.5, -96.5)"
2021-05-20 21:00:00,-96.25,-96.21823832845459,24.25,24.36627118658832,919.8367235003348,2021-05-23,11020010,"(24.25, -96.25)"
2021-05-20 20:00:00,-96.0,-96.02896945454124,24.25,24.33666080634776,919.4954211414649,2021-05-23,11020010,"(24.25, -96.0)"
2021-05-20 19:00:00,-95.75,-95.83168594898822,24.25,24.30742729397866,913.5094572632989,2021-05-23,11020010,"(24.25, -95.75)"
2021-05-20 18:00:00,-95.75,-95.6394574113052,24.25,24.313432353759314,904.3725848036989,2021-05-23,11020010,"(24.25, -95.75)"
2021-05-20 17:00:00,-95.5,-95.45736612234028,24.25,24.341393244470797,899.345620954948,2021-05-23,11020010,"(24.25, -95.5)"
2021-05-20 16:00:00,-95.25,-95.27116211359039,24.25,24.354535480680795,904.6663622200468,2021-05-23,11020010,"(24.25, -95.25)"
2021-05-20 15:00:00,-95.0,-95.07328999133281,24.25,24.34420940366694,906.4081792337028,2021-05-23,11020010,"(24.25, -95.0)"
2021-05-20 14:00:00,-95.0,-94.89380282480244,24.25,24.311309527347724,910.8480059693131,2021-05-23,11020010,"(24.25, -95.0)"
2021-05-20 13:00:00,-94.75,-94.76773925795194,24.25,24.258765356008123,911.9224284230596,2021-05-23,11020010,"(24.25, -94.75)"
2021-05-20 12:00:00,-94.75,-94.7031525229907,24.25,24.200779322441736,905.1554040254155,2021-05-23,11020010,"(24.25, -94.75)"
2021-05-20 11:00:00,-94.75,-94.62967198832618,24.25,24.157210737983824,899.7282519345889,2021-05-23,11020010,"(24.25, -94.75)"
2021-05-20 10:00:00,-94.5,-94.57099241023666,24.0,24.090794356771067,919.7310600564097,2021-05-23,11020010,"(24.0, -94.5)"
2021-05-20 09:00:00,-94.5,-94.4942673632283,24.0,23.99100993893584,940.854340044834,2021-05-23,11020010,"(24.0, -94.5)"
2021-05-20 08:00:00,-94.25,-94.20892456297426,23.75,23.68770179147807,937.0005308372977,2021-05-23,11020010,"(23.75, -94.25)"
2021-05-20 07:00:00,-94.0,-93.88303329816804,23.5,23.47170673572696,921.5855429266749,2021-05-23,11020010,"(23.5, -94.0)"
2021-05-20 06:00:00,-93.5,-93.54476739098115,23.25,23.3108947253362,900.2609531446667,2021-05-23,11020010,"(23.25, -93.5)"
2021-05-20 05:00:00,-93.25,-93.34226358150175,23.25,23.209765066675608,874.3827095063695,2021-05-23,11020010,"(23.25, -93.25)"
2021-05-20 04:00:00,-93.25,-93.19168571918543,23.0,23.045748727984765,915.3543100227355,2021-05-23,11020010,"(23.0, -93.25)"
2021-05-20 03:00:00,-93.0,-92.92671394064278,22.75,22.873760213896592,917.6491662764962,2021-05-23,11020010,"(22.75, -93.0)"
2021-05-20 02:00:00,-92.75,-92.65937442343201,22.75,22.725609539294567,917.2287450965233,2021-05-23,11020010,"(22.75, -92.75)"
2021-05-20 01:00:00,-92.5,-92.44794884670219,22.5,22.5784701261367,918.9633386862449,2021-05-23,11020010,"(22.5, -92.5)"
2013-09-10 18:00:00,-100.0,-99.94371846085558,29.25,29.293143977684387,920.683869708217,2013-09-13,14010001,"(29.25, -100.0)"
2013-09-10 17:00:00,-99.75,-99.71969280221198,29.25,29.214773815053523,921.7971765809045,2013-09-13,14010001,"(29.25, -99.75)"
2013-09-10 16:00:00,-99.5,-99.4986328204381,29.25,29.134687979055812,920.9489136610372,2013-09-13,14010001,"(29.25, -99.5)"
2013-09-10 15:00:00,-99.25,-99.26230260247176,29.0,29.02802684752074,922.8416139375333,2013-09-13,14010001,"(29.0, -99.25)"
2013-09-10 14:00:00,-99.0,-99.0355665401584,29.0,28.911790048669154,924.1951019407011,2013-09-13,14010001,"(29.0, -99.0)"
2013-09-10 13:00:00,-98.75,-98.82379708528887,28.75,28.77191324889255,923.3825070842352,2013-09-13,14010001,"(28.75, -98.75)"
2013-09-10 12:00:00,-98.75,-98.63162984228224,28.5,28.62154587223701,923.9840718945409,2013-09-13,14010001,"(28.5, -98.75)"
2013-09-10 11:00:00,-98.5,-98.45256731214907,28.5,28.465455506574717,930.3924469939016,2013-09-13,14010001,"(28.5, -98.5)"
2013-09-10 10:00:00,-98.25,-98.30014292093665,28.25,28.29047776492781,942.4741556260974,2013-09-13,14010001,"(28.25, -98.25)"
2013-09-10 09:00:00,-98.25,-98.1469709505585,28.0,28.11162077511259,948.4464913734447,2013-09-13,14010001,"(28.0, -98.25)"
2013-09-10 08:00:00,-98.0,-97.9408614205357,28.0,27.923723659728548,955.8512432005425,2013-09-13,14010001,"(28.0, -98.0)"
2013-09-10 07:00:00,-97.75,-97.73790309197037,27.75,27.725249526345785,962.5525242895718,2013-09-13,14010001,"(27.75, -97.75)"
2013-09-10 06:00:00,-97.5,-97.55926131129459,27.5,27.529313954931833,964.7100312275503,2013-09-13,14010001,"(27.5, -97.5)"
2013-09-10 05:00:00,-97.5,-97.38566164339373,27.25,27.320682083681554,965.6550747791727,2013-09-13,14010001,"(27.25, -97.5)"
2013-09-10 04:00:00,-97.25,-97.18112528390868,27.0,27.118384241675717,964.7078384510304,2013-09-13,14010001,"(27.0, -97.25)"
2013-09-10 03:00:00,-97.0,-96.93025582729987,27.0,26.92419369962077,966.000537244562,2013-09-13,14010001,"(27.0, -97.0)"
2013-09-10 02:00:00,-96.5,-96.61710259704748,26.75,26.756540311039224,964.72606670723,2013-09-13,14010001,"(26.75, -96.5)"
2013-09-10 01:00:00,-96.25,-96.29471406401422,26.5,26.620070539062187,963.5489163425669,2013-09-13,14010001,"(26.5, -96.25)"
2021-06-29 10:00:00,-100.0,-100.02253891296539,29.5,29.430140710704016,890.5106814759534,2021-07-02,10190010,"(29.5, -100.0)"
2021-06-29 09:00:00,-100.0,-99.8861735926356,29.25,29.188632379809373,903.7228768848373,2021-07-02,10190010,"(29.25, -100.0)"
2021-06-29 08:00:00,-99.75,-99.7239098962362,29.0,29.013677561749866,911.8117144046271,2021-07-02,10190010,"(29.0, -99.75)"
2021-06-29 07:00:00,-99.5,-99.5491650544801,28.75,28.839355327836643,919.821524393397,2021-07-02,10190010,"(28.75, -99.5)"
2021-06-29 06:00:00,-99.25,-99.3728065174035,28.75,28.650119773076057,925.8249503659331,2021-07-02,10190010,"(28.75, -99.25)"
2021-06-29 05:00:00,-99.25,-99.17760453161134,28.5,28.44831274781608,928.6257081905193,2021-07-02,10190010,"(28.5, -99.25)"
2021-06-29 04:00:00,-99.0,-98.93655591774973,28.25,28.240329227237297,930.2648208709181,2021-07-02,10190010,"(28.25, -99.0)"
2021-06-29 03:00:00,-98.75,-98.66148397956248,28.0,28.039541861834987,935.3787178223794,2021-07-02,10190010,"(28.0, -98.75)"
2021-06-29 02:00:00,-98.25,-98.37458080871241,28.0,27.875830229617776,930.38540175568,2021-07-02,10190010,"(28.0, -98.25)"
2021-06-29 01:00:00,-98.0,-98.112689706158,27.75,27.744987700673107,931.9149602300608,2021-07-02,10190010,"(27.75, -98.0)"
2010-07-04 20:00:00,-100.0,-100.06888449891864,27.5,27.447597609405015,936.1755896340619,2010-07-07,10190012,"(27.5, -100.0)"
2010-07-04 19:00:00,-100.0,-99.88670234028834,27.25,27.131563176340297,937.3819888820641,2010-07-07,10190012,"(27.25, -100.0)"
2010-07-04 18:00:00,-99.75,-99.70279255619855,26.75,26.787589429162985,940.7061668670599,2010-07-07,10190012,"(26.75, -99.75)"
2010-07-04 17:00:00,-99.5,-99.5145778460564,26.5,26.449009639320586,940.0101439058334,2010-07-07,10190012,"(26.5, -99.5)"
2010-07-04 16:00:00,-99.25,-99.34140228117634,26.0,26.112391550148352,941.701220316859,2010-07-07,10190012,"(26.0, -99.25)"
2010-07-04 15:00:00,-99.25,-99.17448550544816,25.75,25.799331065449106,950.3544467597065,2010-07-07,10190012,"(25.75, -99.25)"
2010-07-04 14:00:00,-99.0,-98.99140280256651,25.5,25.52079904301843,951.5068438793841,2010-07-07,10190012,"(25.5, -99.0)"
2010-07-04 13:00:00,-98.75,-98.79154845255162,25.25,25.173171939706748,958.975680751887,2010-07-07,10190012,"(25.25, -98.75)"
2010-07-04 12:00:00,-98.5,-98.60351610549242,24.75,24.814150165260777,952.778594354373,2010-07-07,10190012,"(24.75, -98.5)"
2010-07-04 11:00:00,-98.5,-98.51072176693799,24.5,24.505691713364097,936.461231238594,2010-07-07,10190012,"(24.5, -98.5)"
2010-07-04 10:00:00,-98.5,-98.47960729333164,24.25,24.16540139590004,935.5643815392934,2010-07-07,10190012,"(24.25, -98.5)"
2010-07-04 09:00:00,-98.5,-98.43782287595066,23.75,23.816496430692982,938.596595775609,2010-07-07,10190012,"(23.75, -98.5)"
2010-07-04 08:00:00,-98.5,-98.38336767274883,23.5,23.510188750250247,934.8055668096881,2010-07-07,10190012,"(23.5, -98.5)"
2010-07-04 07:00:00,-98.25,-98.32658441716985,23.25,23.235501475257646,918.0090039502628,2010-07-07,10190012,"(23.25, -98.25)"
2010-07-04 06:00:00,-98.25,-98.24276077564612,23.0,22.959956414426074,921.4928131080615,2010-07-07,10190012,"(23.0, -98.25)"
2010-07-04 05:00:00,-98.0,-98.11220371975901,22.75,22.707496489274195,957.8060941927849,2010-07-07,10190012,"(22.75, -98.0)"
2010-07-04 04:00:00,-98.0,-97.91930773369836,22.5,22.483727032673823,974.9195663914404,2010-07-07,10190012,"(22.5, -98.0)"
2010-07-04 03:00:00,-97.75,-97.69421789678135,22.25,22.271927640419253,982.8482270995868,2010-07-07,10190012,"(22.25, -97.75)"
2010-07-04 02:00:00,-97.5,-97.45939813561785,22.0,22.080748462745103,983.9438396405059,2010-07-07,10190012,"(22.0, -97.5)"
2010-07-04 01:00:00,-97.25,-97.22033451014765,22.0,21.916922534763945,983.380476751064,2010-07-07,10190012,"(22.0, -97.25)"
2013-09-12 20:00:00,-100.0,-100.07790737675666,29.75,29.730322336874327,763.4086648555007,2013-09-15,10190012,"(29.75, -100.0)"
2013-09-12 19:00:00,-100.0,-99.92482334652779,29.75,29.65344771167906,762.3046020416434,2013-09-15,10190012,"(29.75, -100.0)"
2013-09-12 18:00:00,-99.75,-99.77456608288783,29.5,29.55483729490795,760.2636693403425,2013-09-15,10190012,"(29.5, -99.75)"
2013-09-12 17:00:00,-99.5,-99.62343499450097,29.5,29.43658706266785,760.2555176002154,2013-09-15,10190012,"(29.5, -99.5)"
2013-09-12 16:00:00,-99.5,-99.46120980087365,29.25,29.303809705482735,763.6007381529367,2013-09-15,10190012,"(29.25, -99.5)"
2013-09-12 15:00:00,-99.25,-99.27868191365015,29.25,29.16320556572295,766.6322825734208,2013-09-15,10190012,"(29.25, -99.25)"
2013-09-12 14:00:00,-99.0,-99.07293382737446,29.0,29.02106752524992,770.324450165044,2013-09-15,10190012,"(29.0, -99.0)"
2013-09-12 13:00:00,-98.75,-98.8552190549331,29.0,28.885411323956134,770.5246228893807,2013-09-15,10190012,"(29.0, -98.75)"
2013-09-12 12:00:00,-98.75,-98.63697390489264,28.75,28.760158777609306,768.8230894214461,2013-09-15,10190012,"(28.75, -98.75)"
2013-09-12 11:00:00,-98.5,-98.43052152846113,28.75,28.65330713278588,771.7006070496034,2013-09-15,10190012,"(28.75, -98.5)"
2013-09-12 10:00:00,-98.25,-98.23454369225502,28.5,28.553794541383166,765.3683608480079,2013-09-15,10190012,"(28.5, -98.25)"
2013-09-12 09:00:00,-98.0,-98.05095439070591,28.5,28.46813076338601,770.3143820474504,2013-09-15,10190012,"(28.5, -98.0)"
2013-09-12 08:00:00,-97.75,-97.84708982478999,28.5,28.3762696086361,768.3150029877842,2013-09-15,10190012,"(28.5, -97.75)"
2013-09-12 07:00:00,-97.75,-97.63197431485796,28.25,28.283045647508317,767.7132154239295,2013-09-15,10190012,"(28.25, -97.75)"
2013-09-12 06:00:00,-97.5,-97.39745666381863,28.25,28.188199550275446,764.2170014381425,2013-09-15,10190012,"(28.25, -97.5)"
2013-09-12 05:00:00,-97.25,-97.1483215003323,28.0,28.104679236852036,759.0242605233651,2013-09-15,10190012,"(28.0, -97.25)"
2013-09-12 04:00:00,-97.0,-96.88956974241515,28.0,28.03972577461918,760.4821386364265,2013-09-15,10190012,"(28.0, -97.0)"
2013-09-12 03:00:00,-96.5,-96.62000907310036,28.0,27.995820981323597,763.1510588725286,2013-09-15,10190012,"(28.0, -96.5)"
2013-09-12 02:00:00,-96.25,-96.34330519378494,28.0,27.96655068413671,757.2370009795542,2013-09-15,10190012,"(28.0, -96.25)"
2013-09-12 01:00:00,-96.0,-96.07278318070365,28.0,27.949428848972126,756.7075524080741,2013-09-15,10190012,"(28.0, -96.0)"
2001-06-05 17:00:00,-92.0,-91.95065413304167,30.0,30.088621461435615,935.9061728245854,2001-06-08,11040005,"(30.0, -92.0)"
2001-06-05 16:00:00,-91.5,-91.59759457682279,29.75,29.676185149193426,935.7847867882664,2001-06-08,11040005,"(29.75, -91.5)"
2001-06-05 15:00:00,-91.25,-91.24954470347271,29.25,29.310626424025454,938.8613669409319,2001-06-08,11040005,"(29.25, -91.25)"
2001-06-05 14:00:00,-91.0,-90.88436350443548,29.0,28.963116262230404,946.322778336914,2001-06-08,11040005,"(29.0, -91.0)"
2002-09-07 21:00:00,-93.0,-92.89210816232905,30.0,30.11106888922544,892.5074682365185,2002-09-10,11040005,"(30.0, -93.0)"
2002-09-07 20:00:00,-92.5,-92.53108613860111,30.0,30.008912175787863,881.9906990038511,2002-09-10,11040005,"(30.0, -92.5)"
2002-09-07 19:00:00,-92.25,-92.22217513200727,30.0,29.914470901699154,882.6413923127275,2002-09-10,11040005,"(30.0, -92.25)"
2002-09-07 18:00:00,-92.0,-91.98222372165021,29.75,29.800067181190503,901.0989327188054,2002-09-10,11040005,"(29.75, -92.0)"
2002-09-07 17:00:00,-91.75,-91.78596927697771,29.75,29.68589124313822,913.9115553704003,2002-09-10,11040005,"(29.75, -91.75)"
2002-09-07 16:00:00,-91.5,-91.61511429707357,29.5,29.54509262896176,916.643016795204,2002-09-10,11040005,"(29.5, -91.5)"
2002-09-07 15:00:00,-91.5,-91.48922468521474,29.25,29.363892824886246,922.2330215550414,2002-09-10,11040005,"(29.25, -91.5)"
2002-09-07 14:00:00,-91.5,-91.37942853082095,29.25,29.142503059923165,925.3944257539151,2002-09-10,11040005,"(29.25, -91.5)"
2002-09-07 13:00:00,-91.25,-91.26827224115287,28.75,28.873343420558072,928.2564108527924,2002-09-10,11040005,"(28.75, -91.25)"
2002-09-07 12:00:00,-91.25,-91.1625827418516,28.5,28.569490062766246,930.3305702923682,2002-09-10,11040005,"(28.5, -91.25)"
2002-09-07 11:00:00,-91.0,-91.04417286300638,28.25,28.242009168183852,933.2241936110509,2002-09-10,11040005,"(28.25, -91.0)"
2002-09-07 10:00:00,-91.0,-90.89991012367888,27.75,27.869216916714556,932.5899984182475,2002-09-10,11040005,"(27.75, -91.0)"
2007-03-22 18:00:00,-100.0,-99.97502116733891,26.75,26.76013706046004,947.8636377274113,2007-03-24,11040005,"(26.75, -100.0)"
2007-03-22 17:00:00,-99.75,-99.78630174585615,26.5,26.423526145121496,952.1851253267332,2007-03-24,11040005,"(26.5, -99.75)"
2007-03-22 16:00:00,-99.5,-99.58767942961542,26.0,26.072873464702425,947.2044824278064,2007-03-24,11040005,"(26.0, -99.5)"
2007-03-22 15:00:00,-99.5,-99.38309144871923,25.75,25.707283986056144,965.9132547950342,2007-03-24,11040005,"(25.75, -99.5)"
2007-03-22 14:00:00,-99.25,-99.15562403512978,25.5,25.375589883005272,972.6054984436322,2007-03-24,11040005,"(25.5, -99.25)"
2007-03-22 13:00:00,-99.0,-98.9421957186111,25.0,25.087119199166143,976.114294787808,2007-03-24,11040005,"(25.0, -99.0)"
2007-03-22 12:00:00,-98.75,-98.78000244424247,24.75,24.817131418155547,971.5091925665716,2007-03-24,11040005,"(24.75, -98.75)"
2007-03-22 11:00:00,-98.75,-98.6604353207063,24.5,24.581350447426193,955.3109311952858,2007-03-24,11040005,"(24.5, -98.75)"
2007-03-22 10:00:00,-98.5,-98.58123036637626,24.25,24.308198215248442,961.0763173900505,2007-03-24,11040005,"(24.25, -98.5)"
2007-03-22 09:00:00,-98.5,-98.52163537938269,24.0,24.011894022350614,976.2511204455868,2007-03-24,11040005,"(24.0, -98.5)"
2007-03-22 08:00:00,-98.5,-98.42950222306088,23.75,23.77639449694886,978.0251097653079,2007-03-24,11040005,"(23.75, -98.5)"
2007-03-22 07:00:00,-98.25,-98.3304640061427,23.5,23.582902459474884,973.7057738349187,2007-03-24,11040005,"(23.5, -98.25)"
2007-03-22 06:00:00,-98.25,-98.23133802451942,23.5,23.405124806554863,969.3499155541002,2007-03-24,11040005,"(23.5, -98.25)"
2007-03-22 05:00:00,-98.25,-98.14869873551888,23.25,23.25505192571218,970.381871991996,2007-03-24,11040005,"(23.25, -98.25)"
2007-03-22 04:00:00,-98.0,-98.08345573935799,23.25,23.130739612204966,974.9996536053559,2007-03-24,11040005,"(23.25, -98.0)"
2007-03-22 03:00:00,-98.0,-97.99677417170138,23.0,23.0295532068732,980.0015582208212,2007-03-24,11040005,"(23.0, -98.0)"
2007-03-22 02:00:00,-98.0,-97.88888328244968,23.0,22.960870194831674,986.1613723399959,2007-03-24,11040005,"(23.0, -98.0)"
2007-03-22 01:00:00,-97.75,-97.76008034364176,23.0,22.901966441523175,989.7061591767709,2007-03-24,11040005,"(23.0, -97.75)"
2007-03-22 00:00:00,-97.5,-97.61747277036612,22.75,22.846862277760593,988.9377578259509,2007-03-24,11040005,"(22.75, -97.5)"
2007-03-21 23:00:00,-97.5,-97.46993043755725,22.75,22.792144493906715,988.046117358639,2007-03-24,11040005,"(22.75, -97.5)"
2007-03-21 22:00:00,-97.25,-97.33127770324765,22.75,22.73704538393216,985.9799409268278,2007-03-24,11040005,"(22.75, -97.25)"
2007-03-21 21:00:00,-97.25,-97.20852623233894,22.75,22.67651932425847,983.2851775354886,2007-03-24,11040005,"(22.75, -97.25)"
2007-03-21 20:00:00,-97.0,-97.09371517406684,22.5,22.604484083144197,980.1772183128897,2007-03-24,11040005,"(22.5, -97.0)"
2007-03-21 19:00:00,-97.0,-96.975539463842,22.5,22.51027300515111,980.2888035383078,2007-03-24,11040005,"(22.5, -97.0)"
2007-03-21 18:00:00,-96.75,-96.8501017834465,22.5,22.4013263588048,983.5846459952139,2007-03-24,11040005,"(22.5, -96.75)"
2007-03-21 17:00:00,-96.75,-96.7012246925354,22.25,22.284474314856034,986.8258111843069,2007-03-24,11040005,"(22.25, -96.75)"
2007-03-21 16:00:00,-96.5,-96.51931400310802,22.25,22.165763274723147,988.6511571783324,2007-03-24,11040005,"(22.25, -96.5)"
2007-03-21 15:00:00,-96.25,-96.3089896440506,22.0,22.059284312088288,989.2873506961895,2007-03-24,11040005,"(22.0, -96.25)"
2007-03-21 14:00:00,-96.0,-96.05871559713866,22.0,21.967090696554983,989.9668246032079,2007-03-24,11040005,"(22.0, -96.0)"
2007-03-21 13:00:00,-95.75,-95.77666669015723,22.0,21.895993171330858,990.6146788036489,2007-03-24,11040005,"(22.0, -95.75)"
2007-03-21 05:00:00,-92.75,-92.78925987548944,22.0,21.884419221500703,991.276232669872,2007-03-24,11040005,"(22.0, -92.75)"
2007-03-21 04:00:00,-92.25,-92.33308852032243,22.0,21.978314318299677,990.5075177627706,2007-03-24,11040005,"(22.0, -92.25)"
2007-03-21 03:00:00,-92.0,-91.88253277005515,22.0,22.088171592010763,988.3495699491638,2007-03-24,11040005,"(22.0, -92.0)"
2007-03-21 02:00:00,-91.5,-91.44119219103966,22.25,22.22055806760716,987.1083734534143,2007-03-24,11040005,"(22.25, -91.5)"
2007-03-21 01:00:00,-91.0,-91.00845919869187,22.25,22.364790542149642,984.8594544201379,2007-03-24,11040005,"(22.25, -91.0)"
2010-03-07 12:00:00,-100.0,-100.01543288351658,28.5,28.595060952079127,968.59507841927,2010-03-09,11040005,"(28.5, -100.0)"
2010-03-07 11:00:00,-99.75,-99.80080306091929,28.5,28.40596602352878,973.2067721660031,2010-03-09,11040005,"(28.5, -99.75)"
2010-03-07 10:00:00,-99.5,-99.56479980792128,28.25,28.16925738294842,979.602997574905,2010-03-09,11040005,"(28.25, -99.5)"
2010-03-07 09:00:00,-99.25,-99.34458205448954,28.0,27.905555045521865,983.6572053108798,2010-03-09,11040005,"(28.0, -99.25)"
2010-03-07 08:00:00,-99.25,-99.1533744429973,27.75,27.675034870853114,987.3313695257211,2010-03-09,11040005,"(27.75, -99.25)"
2010-03-07 07:00:00,-99.0,-98.98445469279984,27.5,27.482457362637764,986.2884583037518,2010-03-09,11040005,"(27.5, -99.0)"
2010-03-07 06:00:00,-98.75,-98.79362803809072,27.25,27.293186914700904,983.2095544076337,2010-03-09,11040005,"(27.25, -98.75)"
2010-03-07 05:00:00,-98.5,-98.57637949720285,27.0,27.110273105240626,987.0680815523947,2010-03-09,11040005,"(27.0, -98.5)"
2010-03-07 04:00:00,-98.25,-98.36687015466228,27.0,26.971047108387985,993.6669252791461,2010-03-09,11040005,"(27.0, -98.25)"
2010-03-07 03:00:00,-98.25,-98.15108145748906,26.75,26.86581961810451,999.0807692157455,2010-03-09,11040005,"(26.75, -98.25)"
2010-03-07 02:00:00,-98.0,-97.89127227238214,26.75,26.773628865465135,1000.0,2010-03-09,11040005,"(26.75, -98.0)"
2010-08-21 17:00:00,-100.0,-100.11493368369808,27.5,27.615736473540032,873.8950669610509,2010-08-24,11040005,"(27.5, -100.0)"
2010-08-21 16:00:00,-100.0,-99.94794524740571,27.25,27.338918962897505,871.3193271228924,2010-08-24,11040005,"(27.25, -100.0)"
2010-08-21 15:00:00,-99.75,-99.78571294984759,27.0,26.970850744915108,867.1516018492132,2010-08-24,11040005,"(27.0, -99.75)"
2010-08-21 14:00:00,-99.5,-99.60735315219401,26.5,26.560510760999506,866.1669651390905,2010-08-24,11040005,"(26.5, -99.5)"
2010-08-21 13:00:00,-99.5,-99.40603504550418,26.25,26.15241554974133,862.2101637024215,2010-08-24,11040005,"(26.25, -99.5)"
2010-08-21 12:00:00,-99.25,-99.19627521289013,25.75,25.768420545818355,859.0937309087911,2010-08-24,11040005,"(25.75, -99.25)"
2010-08-21 11:00:00,-99.0,-98.97066179435195,25.5,25.41981131984556,852.0962152157573,2010-08-24,11040005,"(25.5, -99.0)"
2010-08-21 10:00:00,-98.75,-98.72161789360239,25.0,25.096799887596617,853.4363612581005,2010-08-24,11040005,"(25.0, -98.75)"
2010-08-21 09:00:00,-98.5,-98.45192297370366,24.75,24.801871987294337,846.9638619880227,2010-08-24,11040005,"(24.75, -98.5)"
2010-08-21 08:00:00,-98.25,-98.20917986372987,24.5,24.535368409575394,842.3556856726918,2010-08-24,11040005,"(24.5, -98.25)"
2010-08-21 07:00:00,-98.0,-97.94910167237151,24.25,24.31775345981345,854.8285432078293,2010-08-24,11040005,"(24.25, -98.0)"
2010-08-21 06:00:00,-97.75,-97.65944215541754,24.25,24.135821576592758,874.2430276393244,2010-08-24,11040005,"(24.25, -97.75)"
2010-08-21 05:00:00,-97.25,-97.33069504993234,24.0,23.965918889004573,886.7155919992491,2010-08-24,11040005,"(24.0, -97.25)"
2010-08-21 04:00:00,-97.0,-96.9931684952724,23.75,23.829273454950474,894.6607983763316,2010-08-24,11040005,"(23.75, -97.0)"
2010-08-21 03:00:00,-96.75,-96.63651984567583,23.75,23.750122888790408,899.0951384628811,2010-08-24,11040005,"(23.75, -96.75)"
2010-08-21 02:00:00,-96.25,-96.2822587738911,23.75,23.719733755350433,899.0843335396089,2010-08-24,11040005,"(23.75, -96.25)"
2010-08-21 01:00:00,-96.0,-95.9425396978586,23.75,23.719640422446798,895.409342096102,2010-08-24,11040005,"(23.75, -96.0)"
2010-09-22 00:00:00,-100.0,-100.00724243271422,27.5,27.391102659114534,921.2598624814121,2010-09-23,11040005,"(27.5, -100.0)"
2010-09-21 23:00:00,-99.75,-99.69766438503933,27.25,27.2055747518769,931.0346374814451,2010-09-23,11040005,"(27.25, -99.75)"
2010-09-21 22:00:00,-99.5,-99.45899319540679,27.0,27.06225690185259,938.0556102238469,2010-09-23,11040005,"(27.0, -99.5)"
2010-09-21 21:00:00,-99.25,-99.24811443476341,27.0,26.929788574738573,941.2476621144984,2010-09-23,11040005,"(27.0, -99.25)"
2010-09-21 20:00:00,-99.0,-98.98349326700027,26.75,26.77197870796773,943.0394166310117,2010-09-23,11040005,"(26.75, -99.0)"
2010-09-21 19:00:00,-98.75,-98.75431202887181,26.5,26.605747133941478,941.9901036592847,2010-09-23,11040005,"(26.5, -98.75)"
2010-09-21 18:00:00,-98.5,-98.54307192761532,26.5,26.453717285606135,940.1848232425299,2010-09-23,11040005,"(26.5, -98.5)"
2010-09-21 17:00:00,-98.25,-98.33105419131599,26.25,26.304958066526957,942.705100749925,2010-09-23,11040005,"(26.25, -98.25)"
2010-09-21 16:00:00,-98.0,-98.12346421330626,26.25,26.182520330044824,953.939273989299,2010-09-23,11040005,"(26.25, -98.0)"
2010-09-21 15:00:00,-98.0,-97.9327341458385,26.0,26.077246113070363,961.5239460495134,2010-09-23,11040005,"(26.0, -98.0)"
2010-09-21 14:00:00,-97.75,-97.74163811455496,26.0,25.986518111249865,965.2953405758158,2010-09-23,11040005,"(26.0, -97.75)"
2010-09-21 13:00:00,-97.5,-97.55654106766461,25.75,25.868589062597707,967.4694210832521,2010-09-23,11040005,"(25.75, -97.5)"
2010-09-21 12:00:00,-97.5,-97.41261742288646,25.75,25.737601968338954,968.4924830008247,2010-09-23,11040005,"(25.75, -97.5)"
2010-09-21 11:00:00,-97.25,-97.29928087519235,25.5,25.580309338613898,969.4802197738132,2010-09-23,11040005,"(25.5, -97.25)"
2010-09-21 10:00:00,-97.25,-97.19386671136398,25.5,25.40914751703096,969.1195831515244,2010-09-23,11040005,"(25.5, -97.25)"
2010-09-21 09:00:00,-97.0,-97.08792799917954,25.25,25.250950448319546,969.2503475050712,2010-09-23,11040005,"(25.25, -97.0)"
2010-09-21 08:00:00,-97.0,-96.96492893014207,25.0,25.08976755280846,968.8327035787275,2010-09-23,11040005,"(25.0, -97.0)"
2010-09-21 07:00:00,-96.75,-96.83086464848,25.0,24.93921701560259,970.6046494148807,2010-09-23,11040005,"(25.0, -96.75)"
2010-09-21 06:00:00,-96.75,-96.66818860813005,24.75,24.786009674503667,974.8527030927671,2010-09-23,11040005,"(24.75, -96.75)"
2010-09-21 05:00:00,-96.5,-96.47026627332141,24.75,24.63836400234463,977.7756396414416,2010-09-23,11040005,"(24.75, -96.5)"
2010-09-21 04:00:00,-96.25,-96.24403043977225,24.5,24.501551335779023,978.9875080876911,2010-09-23,11040005,"(24.5, -96.25)"
2010-09-21 03:00:00,-96.0,-95.98266778333385,24.5,24.39658384344248,979.7048793080763,2010-09-23,11040005,"(24.5, -96.0)"
2010-09-21 02:00:00,-95.75,-95.70023714873716,24.25,24.319225418648323,978.069968335651,2010-09-23,11040005,"(24.25, -95.75)"
2010-09-21 01:00:00,-95.5,-95.40250088462645,24.25,24.264295926378487,976.2198495639266,2010-09-23,11040005,"(24.25, -95.5)"
2010-09-21 00:00:00,-95.0,-95.1077477193765,24.25,24.233617532499558,973.3761087877874,2010-09-23,11040005,"(24.25, -95.0)"
2010-09-20 23:00:00,-94.75,-94.80156165315151,24.25,24.20664048340284,970.4947349387601,2010-09-23,11040005,"(24.25, -94.75)"
2010-09-20 22:00:00,-94.5,-94.50618439780914,24.25,24.166956619944692,967.5092670986345,2010-09-23,11040005,"(24.25, -94.5)"
2010-09-20 21:00:00,-94.25,-94.20990112046965,24.0,24.116463434713054,965.3411118593355,2010-09-23,11040005,"(24.0, -94.25)"
2010-09-20 20:00:00,-94.0,-93.92063504250108,24.0,24.08582818300178,962.4274066122769,2010-09-23,11040005,"(24.0, -94.0)"
2010-09-20 19:00:00,-93.75,-93.63164878166134,24.0,24.05345978379292,964.1045984670055,2010-09-23,11040005,"(24.0, -93.75)"
2010-09-20 18:00:00,-93.25,-93.35852488346484,24.0,24.026301108186157,970.0019878396828,2010-09-23,11040005,"(24.0, -93.25)"
2010-09-20 17:00:00,-93.0,-93.10292055131832,24.0,23.999078195265344,976.4284508623881,2010-09-23,11040005,"(24.0, -93.0)"
2010-09-20 16:00:00,-92.75,-92.86146418498866,24.0,23.96541371770198,980.2035818670072,2010-09-23,11040005,"(24.0, -92.75)"
2010-09-20 15:00:00,-92.5,-92.62212633609428,24.0,23.912968746621296,980.5144192149734,2010-09-23,11040005,"(24.0, -92.5)"
2010-09-20 14:00:00,-92.5,-92.38766063881266,23.75,23.843976174276857,980.1596397105707,2010-09-23,11040005,"(23.75, -92.5)"
2010-09-20 13:00:00,-92.25,-92.14243303137343,23.75,23.76050457338369,979.8667661296945,2010-09-23,11040005,"(23.75, -92.25)"
2010-09-20 12:00:00,-92.0,-91.88053964606327,23.75,23.666835550419027,979.4482251445332,2010-09-23,11040005,"(23.75, -92.0)"
2010-09-20 11:00:00,-91.5,-91.59687032015687,23.5,23.56978055527688,979.0800186358518,2010-09-23,11040005,"(23.5, -91.5)"
2010-09-20 10:00:00,-91.25,-91.30650178664166,23.5,23.473014640188524,978.4917750124634,2010-09-23,11040005,"(23.5, -91.25)"
2010-09-20 09:00:00,-91.0,-91.00220910018412,23.5,23.39355683557368,977.3008460823078,2010-09-23,11040005,"(23.5, -91.0)"
2013-09-10 20:00:00,-99.25,-99.21679531020915,30.0,30.065087585377245,910.4763765729965,2013-09-12,11040005,"(30.0, -99.25)"
2013-09-10 19:00:00,-99.0,-99.01549160203491,30.0,29.95637337840145,919.2089294583365,2013-09-12,11040005,"(30.0, -99.0)"
2013-09-10 18:00:00,-98.75,-98.85691288832925,29.75,29.863164694929125,924.6919604064902,2013-09-12,11040005,"(29.75, -98.75)"
2013-09-10 17:00:00,-98.75,-98.70079721771926,29.75,29.77696387634718,928.3229194087872,2013-09-12,11040005,"(29.75, -98.75)"
2013-09-10 16:00:00,-98.5,-98.518405684808,29.75,29.685677630629616,928.5714379668592,2013-09-12,11040005,"(29.75, -98.5)"
2013-09-10 15:00:00,-98.25,-98.30135131589634,29.5,29.558816028429263,933.6943424818805,2013-09-12,11040005,"(29.5, -98.25)"
2013-09-10 14:00:00,-98.0,-98.06047071851438,29.5,29.41443184801851,938.9949725626734,2013-09-12,11040005,"(29.5, -98.0)"
2013-09-10 13:00:00,-97.75,-97.80277366788651,29.25,29.270050033830255,942.2437350696987,2013-09-12,11040005,"(29.25, -97.75)"
2013-09-10 12:00:00,-97.5,-97.552444083596,29.25,29.134008209546398,946.5040365494347,2013-09-12,11040005,"(29.25, -97.5)"
2013-09-10 11:00:00,-97.25,-97.32802942541498,29.0,29.002602286699112,950.977847056376,2013-09-12,11040005,"(29.0, -97.25)"
2013-09-10 10:00:00,-97.0,-97.11998800074178,28.75,28.870394060575567,960.0525866604095,2013-09-12,11040005,"(28.75, -97.0)"
2013-09-10 09:00:00,-97.0,-96.91379585848347,28.75,28.765093601995147,967.639047551358,2013-09-12,11040005,"(28.75, -97.0)"
2013-09-10 08:00:00,-96.75,-96.66221261224864,28.75,28.629845857786282,977.2961240064203,2013-09-12,11040005,"(28.75, -96.75)"
2013-09-10 07:00:00,-96.5,-96.42494454652955,28.5,28.52171006413231,983.05413938462,2013-09-12,11040005,"(28.5, -96.5)"
2013-09-10 06:00:00,-96.25,-96.20939103383328,28.5,28.40816820745556,988.0241324875825,2013-09-12,11040005,"(28.5, -96.25)"
2013-09-10 05:00:00,-96.0,-96.0030740772041,28.25,28.290069741504336,990.2651070997928,2013-09-12,11040005,"(28.25, -96.0)"
2013-09-10 04:00:00,-95.75,-95.80277815572396,28.25,28.157837247340844,990.2179821790262,2013-09-12,11040005,"(28.25, -95.75)"
2013-09-10 03:00:00,-95.5,-95.57691568525927,28.0,28.02826435789594,989.7516034302791,2013-09-12,11040005,"(28.0, -95.5)"
2013-09-10 02:00:00,-95.25,-95.35339601626367,28.0,27.898902153269795,988.4972466602701,2013-09-12,11040005,"(28.0, -95.25)"
2013-09-10 01:00:00,-95.25,-95.13705473909582,27.75,27.755239091639456,986.1328840396243,2013-09-12,11040005,"(27.75, -95.25)"
2013-09-10 00:00:00,-95.0,-94.87852804352632,27.75,27.629408665191335,985.9564608417144,2013-09-12,11040005,"(27.75, -95.0)"
2013-09-09 23:00:00,-94.75,-94.65258327158435,27.5,27.543736640914343,985.6738928608318,2013-09-12,11040005,"(27.5, -94.75)"
2013-09-09 22:00:00,-94.5,-94.48400366086143,27.5,27.461431796276496,986.9601898152887,2013-09-12,11040005,"(27.5, -94.5)"
2013-09-09 21:00:00,-94.25,-94.28808122181971,27.25,27.32768858576896,982.9768418272295,2013-09-12,11040005,"(27.25, -94.25)"
2013-09-09 20:00:00,-94.0,-94.05700477306867,27.25,27.254837133841974,982.4380613336225,2013-09-12,11040005,"(27.25, -94.0)"
2013-09-09 19:00:00,-93.75,-93.83726034618827,27.25,27.168707201285176,982.3074813269828,2013-09-12,11040005,"(27.25, -93.75)"
2013-09-09 18:00:00,-93.5,-93.60651301086189,27.0,27.071012188952263,981.0053858285175,2013-09-12,11040005,"(27.0, -93.5)"
2013-09-09 17:00:00,-93.25,-93.36789288192007,27.0,26.97006244972994,978.9614386447065,2013-09-12,11040005,"(27.0, -93.25)"
2013-09-09 16:00:00,-93.25,-93.1503518164029,27.0,26.883037512427585,977.1541411329158,2013-09-12,11040005,"(27.0, -93.25)"
2013-09-09 15:00:00,-93.0,-92.94909392966083,26.75,26.793113532702648,972.7766848063985,2013-09-12,11040005,"(26.75, -93.0)"
2013-09-09 14:00:00,-92.75,-92.75273408036851,26.75,26.686170228949873,968.2541445361212,2013-09-12,11040005,"(26.75, -92.75)"
2013-09-09 13:00:00,-92.5,-92.54147853360521,26.5,26.591958847345076,964.2756340532356,2013-09-12,11040005,"(26.5, -92.5)"
2013-09-09 12:00:00,-92.25,-92.32862577799628,26.5,26.51933963805158,961.327156355363,2013-09-12,11040005,"(26.5, -92.25)"
2013-09-09 11:00:00,-92.25,-92.13956007533614,26.5,26.442469493156047,956.3791879044734,2013-09-12,11040005,"(26.5, -92.25)"
2013-09-09 10:00:00,-92.0,-91.95783305874939,26.25,26.336399177197915,958.245591131107,2013-09-12,11040005,"(26.25, -92.0)"
2013-09-09 09:00:00,-91.75,-91.75008159017237,26.25,26.23214830539239,964.8838663298169,2013-09-12,11040005,"(26.25, -91.75)"
2013-09-09 08:00:00,-91.5,-91.47979048868106,26.25,26.16480475538706,968.6436439243904,2013-09-12,11040005,"(26.25, -91.5)"
2013-09-09 07:00:00,-91.25,-91.19384024418169,26.0,26.11922410118895,969.9853761467574,2013-09-12,11040005,"(26.0, -91.25)"
2013-09-09 06:00:00,-91.0,-90.90309647505578,26.0,26.09542050994571,970.120583576684,2013-09-12,11040005,"(26.0, -91.0)"
2014-07-11 11:00:00,-100.0,-99.91945224394891,28.0,28.040278748247275,957.6111983892915,2014-07-13,11040005,"(28.0, -100.0)"
2014-07-11 10:00:00,-99.75,-99.69721535991961,27.75,27.771340260070033,958.2382518259078,2014-07-13,11040005,"(27.75, -99.75)"
2014-07-11 09:00:00,-99.5,-99.46539619709353,27.5,27.486987014195574,959.4058039206283,2014-07-13,11040005,"(27.5, -99.5)"
2014-07-11 08:00:00,-99.25,-99.18639626373385,27.25,27.203747951580652,964.7959127287559,2014-07-13,11040005,"(27.25, -99.25)"
2014-07-11 07:00:00,-99.0,-98.87699424019436,27.0,26.954317096328403,966.6716882430433,2014-07-13,11040005,"(27.0, -99.0)"
2014-07-11 06:00:00,-98.5,-98.57038905045907,26.75,26.706200251366948,969.6871176908782,2014-07-13,11040005,"(26.75, -98.5)"
2014-07-11 05:00:00,-98.25,-98.29141083658419,26.5,26.460713907516816,976.0583618306521,2014-07-13,11040005,"(26.5, -98.25)"
2014-07-11 04:00:00,-98.0,-98.02920674704912,26.25,26.228959173139028,981.2373732069797,2014-07-13,11040005,"(26.25, -98.0)"
2014-07-11 03:00:00,-97.75,-97.79211753026662,26.0,26.012854254858915,983.8079780181639,2014-07-13,11040005,"(26.0, -97.75)"
2014-07-11 02:00:00,-97.5,-97.57067066851482,25.75,25.82424834718516,984.2012425426418,2014-07-13,11040005,"(25.75, -97.5)"
2014-07-11 01:00:00,-97.5,-97.38346068501693,25.75,25.681571938260017,987.741204164458,2014-07-13,11040005,"(25.75, -97.5)"
2014-07-11 00:00:00,-97.25,-97.23750200065705,25.5,25.540888111060728,990.7377130706014,2014-07-13,11040005,"(25.5, -97.25)"
2014-07-10 23:00:00,-97.0,-97.11258602813427,25.5,25.395197281487324,992.9374745052561,2014-07-13,11040005,"(25.5, -97.0)"
2014-07-10 22:00:00,-97.0,-96.98488243263989,25.25,25.239517895970227,993.9242728166518,2014-07-13,11040005,"(25.25, -97.0)"
2014-07-10 21:00:00,-96.75,-96.87421254283048,25.0,25.04418787011732,991.508360890447,2014-07-13,11040005,"(25.0, -96.75)"
2014-07-10 20:00:00,-96.75,-96.72385657079172,24.75,24.83768195581642,990.0128820855526,2014-07-13,11040005,"(24.75, -96.75)"
2014-07-10 19:00:00,-96.5,-96.58850312084708,24.5,24.607608341014398,990.4878796634466,2014-07-13,11040005,"(24.5, -96.5)"
2014-07-10 18:00:00,-96.5,-96.42184059860635,24.5,24.38192673905197,995.0763680309644,2014-07-13,11040005,"(24.5, -96.5)"
2014-07-10 17:00:00,-96.25,-96.21130937357205,24.25,24.1673817971266,997.6138308129149,2014-07-13,11040005,"(24.25, -96.25)"
2014-07-10 16:00:00,-96.0,-96.01807204069401,24.0,23.974047700321837,999.1080104251129,2014-07-13,11040005,"(24.0, -96.0)"
2014-07-10 15:00:00,-95.75,-95.82423891803688,23.75,23.770588142593716,1000.0,2014-07-13,11040005,"(23.75, -95.75)"
2018-06-17 21:00:00,-96.25,-96.26052799292127,30.0,30.1085519101639,979.076430284334,2018-06-20,11040005,"(30.0, -96.25)"
2018-06-17 20:00:00,-96.0,-96.04398694516303,30.0,30.044942774064815,981.3480622424386,2018-06-20,11040005,"(30.0, -96.0)"
2018-06-17 19:00:00,-95.75,-95.85493767717921,30.0,30.029031114202237,985.200127979682,2018-06-20,11040005,"(30.0, -95.75)"
2018-06-17 18:00:00,-95.75,-95.68687147356398,30.0,30.01060191788967,987.6469329002165,2018-06-20,11040005,"(30.0, -95.75)"
2018-06-17 17:00:00,-95.5,-95.49393301074943,30.0,29.9627958935751,987.515144986371,2018-06-20,11040005,"(30.0, -95.5)"
2018-06-17 16:00:00,-95.25,-95.3186820972252,30.0,29.915423282732817,991.818143992276,2018-06-20,11040005,"(30.0, -95.25)"
2018-06-17 15:00:00,-95.25,-95.16470418654232,29.75,29.869191029842508,994.1138388610011,2018-06-20,11040005,"(29.75, -95.25)"
2018-06-17 14:00:00,-95.0,-95.01352677537754,29.75,29.81211402704751,996.7042854826107,2018-06-20,11040005,"(29.75, -95.0)"
2018-06-17 13:00:00,-94.75,-94.84425209273388,29.75,29.730899404625898,999.8636566120283,2018-06-20,11040005,"(29.75, -94.75)"
2018-06-17 12:00:00,-94.75,-94.66846131096082,29.75,29.639748969038834,1000.0,2018-06-20,11040005,"(29.75, -94.75)"
2021-07-23 20:00:00,-100.0,-100.08878363545385,29.0,28.994404166909803,953.8855800630761,2021-07-26,11040005,"(29.0, -100.0)"
2021-07-23 19:00:00,-100.0,-99.96366359938058,28.75,28.806404296445095,959.4576962813854,2021-07-26,11040005,"(28.75, -100.0)"
2021-07-23 18:00:00,-99.75,-99.85138651310216,28.5,28.611708286421635,963.4174519368726,2021-07-26,11040005,"(28.5, -99.75)"
2021-07-23 17:00:00,-99.75,-99.75776949374972,28.5,28.391626860936316,967.4199342331207,2021-07-26,11040005,"(28.5, -99.75)"
2021-07-23 16:00:00,-99.75,-99.67505107667289,28.25,28.13375726165438,969.0287326270491,2021-07-26,11040005,"(28.25, -99.75)"
2021-07-23 15:00:00,-99.5,-99.58649358060102,27.75,27.85141020203971,969.6161857277134,2021-07-26,11040005,"(27.75, -99.5)"
2021-07-23 14:00:00,-99.5,-99.4870441281264,27.5,27.559214994712267,971.4668989328447,2021-07-26,11040005,"(27.5, -99.5)"
2021-07-23 13:00:00,-99.5,-99.38328465848524,27.25,27.25332906728289,973.8136226024748,2021-07-26,11040005,"(27.25, -99.5)"
2021-07-23 12:00:00,-99.25,-99.2589431252935,27.0,26.906020685576763,974.9818939805135,2021-07-26,11040005,"(27.0, -99.25)"
2021-07-23 11:00:00,-99.0,-99.11527551281586,26.5,26.545182326494437,977.8799891420075,2021-07-26,11040005,"(26.5, -99.0)"
2021-07-23 10:00:00,-99.0,-98.94524350391025,26.25,26.179498166046493,983.961570636184,2021-07-26,11040005,"(26.25, -99.0)"
2021-07-23 09:00:00,-98.75,-98.77050136950851,25.75,25.83325850508753,984.6579113389312,2021-07-26,11040005,"(25.75, -98.75)"
2021-07-23 08:00:00,-98.5,-98.59894178205509,25.5,25.50853856048007,978.4742240286238,2021-07-26,11040005,"(25.5, -98.5)"
2021-07-23 07:00:00,-98.5,-98.43553783568372,25.25,25.169436923848984,975.1382567303856,2021-07-26,11040005,"(25.25, -98.5)"
2021-07-23 06:00:00,-98.25,-98.31025946299015,24.75,24.814923958547695,971.6037562257372,2021-07-26,11040005,"(24.75, -98.25)"
2021-07-23 05:00:00,-98.25,-98.2275904436024,24.5,24.456312716945916,968.6170540023187,2021-07-26,11040005,"(24.5, -98.25)"
2021-07-23 04:00:00,-98.25,-98.15537338619741,24.0,24.12175398176698,965.299027795977,2021-07-26,11040005,"(24.0, -98.25)"
2021-07-23 03:00:00,-98.0,-98.05736308546865,23.75,23.823393147067517,962.1194981976224,2021-07-26,11040005,"(23.75, -98.0)"
2021-07-23 02:00:00,-98.0,-97.95581171351223,23.5,23.55387899678724,957.7868881741317,2021-07-26,11040005,"(23.5, -98.0)"
2021-07-23 01:00:00,-97.75,-97.86586432177249,23.25,23.31764981498836,953.3449442112227,2021-07-26,11040005,"(23.25, -97.75)"
2023-07-05 11:00:00,-100.0,-99.89390924021107,30.0,30.005819070420966,879.2892146464469,2023-07-07,11040005,"(30.0, -100.0)"
2023-07-05 10:00:00,-100.0,-99.8975565848739,29.75,29.646088192854414,864.3611485172745,2023-07-07,11040005,"(29.75, -100.0)"
2023-07-05 09:00:00,-100.0,-99.89357093643115,29.25,29.24827968793603,868.2850355216494,2023-07-07,11040005,"(29.25, -100.0)"
2023-07-05 08:00:00,-99.75,-99.82335957017123,28.75,28.84254002377498,884.4427045706985,2023-07-07,11040005,"(28.75, -99.75)"
2023-07-05 07:00:00,-99.75,-99.68506381233087,28.5,28.42187064299222,901.3260102390026,2023-07-07,11040005,"(28.5, -99.75)"
2023-07-05 06:00:00,-99.5,-99.50398501032893,28.0,27.970505120462228,906.5371201927934,2023-07-07,11040005,"(28.0, -99.5)"
2023-07-05 05:00:00,-99.25,-99.27789768617536,27.5,27.540951093783637,913.392287756524,2023-07-07,11040005,"(27.5, -99.25)"
2023-07-05 04:00:00,-99.0,-99.01294884191184,27.25,27.148295897130826,910.0783444877009,2023-07-07,11040005,"(27.25, -99.0)"
2023-07-05 03:00:00,-98.75,-98.72186182548863,26.75,26.80514948608857,901.59090479081,2023-07-07,11040005,"(26.75, -98.75)"
2023-07-05 02:00:00,-98.5,-98.43995723959472,26.5,26.52801231266576,893.0326809097588,2023-07-07,11040005,"(26.5, -98.5)"
2023-07-05 01:00:00,-98.25,-98.18629535333598,26.25,26.300051570405387,888.407398748253,2023-07-07,11040005,"(26.25, -98.25)"
2023-07-05 00:00:00,-98.0,-97.96670675378282,26.0,26.081537639943615,884.5577322930246,2023-07-07,11040005,"(26.0, -98.0)"
2023-07-04 23:00:00,-97.75,-97.78454655159567,25.75,25.871302738183296,884.3313610789197,2023-07-07,11040005,"(25.75, -97.75)"
2023-07-04 22:00:00,-97.75,-97.62701668506422,25.75,25.663899710675818,882.3228506283463,2023-07-07,11040005,"(25.75, -97.75)"
2023-07-04 21:00:00,-97.5,-97.48787156624894,25.5,25.446168237138057,883.0058326869718,2023-07-07,11040005,"(25.5, -97.5)"
2023-07-04 20:00:00,-97.25,-97.33800622504462,25.25,25.22058490693732,873.4479714185367,2023-07-07,11040005,"(25.25, -97.25)"
2023-07-04 19:00:00,-97.25,-97.21431045806735,25.0,24.99422791906952,866.9434833870441,2023-07-07,11040005,"(25.0, -97.25)"
2023-07-04 18:00:00,-97.0,-97.1067224039794,24.75,24.76796230257333,860.1355270276324,2023-07-07,11040005,"(24.75, -97.0)"
2023-07-04 17:00:00,-97.0,-97.01329227957788,24.5,24.550021293588077,853.7484839370386,2023-07-07,11040005,"(24.5, -97.0)"
2023-07-04 16:00:00,-97.0,-96.92971223608546,24.25,24.331675560060173,853.0851864960274,2023-07-07,11040005,"(24.25, -97.0)"
2023-07-04 15:00:00,-96.75,-96.8479960545967,24.0,24.100927072134073,857.5845516123765,2023-07-07,11040005,"(24.0, -96.75)"
2023-07-04 14:00:00,-96.75,-96.7763637087922,23.75,23.865406379656033,863.2980536136739,2023-07-07,11040005,"(23.75, -96.75)"
2023-07-04 13:00:00,-96.75,-96.70786203472555,23.5,23.61930621747275,867.2024982925883,2023-07-07,11040005,"(23.5, -96.75)"
2023-07-04 12:00:00,-96.5,-96.62485106145719,23.25,23.35503103545896,864.9590441339842,2023-07-07,11040005,"(23.25, -96.5)"
2023-07-04 11:00:00,-96.5,-96.53023280058655,23.0,23.093185499750255,860.542142831951,2023-07-07,11040005,"(23.0, -96.5)"
2023-07-04 10:00:00,-96.5,-96.40667936897248,22.75,22.83482922193845,860.975757475878,2023-07-07,11040005,"(22.75, -96.5)"
2023-07-04 09:00:00,-96.25,-96.24991432640182,22.5,22.57197084994719,859.8983631202219,2023-07-07,11040005,"(22.5, -96.25)"
2023-07-04 08:00:00,-96.0,-96.08866052533301,22.25,22.330995288433233,860.0866071226162,2023-07-07,11040005,"(22.25, -96.0)"
2023-07-04 07:00:00,-96.0,-95.88676826759452,22.0,22.08819297488385,863.9211732076517,2023-07-07,11040005,"(22.0, -96.0)"
2013-09-11 00:00:00,-98.5,-98.4247343230384,30.0,30.08927700376381,898.7361884991649,2013-09-13,10250002,"(30.0, -98.5)"
2013-09-10 23:00:00,-98.25,-98.21540539646267,30.0,29.878482459750646,892.8477549829083,2013-09-13,10250002,"(30.0, -98.25)"
2013-09-10 22:00:00,-98.0,-97.95592119654327,29.75,29.69397310433004,895.8421218985757,2013-09-13,10250002,"(29.75, -98.0)"
2013-09-10 21:00:00,-97.75,-97.73018087934818,29.5,29.54494264852182,894.6045257225097,2013-09-13,10250002,"(29.5, -97.75)"
2013-09-10 20:00:00,-97.5,-97.47771262767368,29.5,29.40231838313434,897.5969815835912,2013-09-13,10250002,"(29.5, -97.5)"
2013-09-10 19:00:00,-97.25,-97.23990008039785,29.25,29.282916532359664,921.5797729766582,2013-09-13,10250002,"(29.25, -97.25)"
2013-09-10 18:00:00,-97.0,-97.03775092916767,29.25,29.192267086283497,945.5099604361804,2013-09-13,10250002,"(29.25, -97.0)"
2013-09-10 17:00:00,-96.75,-96.85523870970677,29.0,29.099649108448144,951.5179793251164,2013-09-13,10250002,"(29.0, -96.75)"
2013-09-10 16:00:00,-96.75,-96.66770161635567,29.0,29.02719406002703,955.8814572546996,2013-09-13,10250002,"(29.0, -96.75)"
2013-09-10 15:00:00,-96.5,-96.4724551512221,29.0,28.95840793738715,961.3119676082432,2013-09-13,10250002,"(29.0, -96.5)"
2013-09-10 14:00:00,-96.25,-96.27590631806696,28.75,28.873054420857017,963.9134120126997,2013-09-13,10250002,"(28.75, -96.25)"
2013-09-10 13:00:00,-96.0,-96.09815643081127,28.75,28.779406332645568,964.1174766294965,2013-09-13,10250002,"(28.75, -96.0)"
2013-09-10 12:00:00,-96.0,-95.903815358743,28.75,28.665168089505002,963.8549270890322,2013-09-13,10250002,"(28.75, -96.0)"
2013-09-10 11:00:00,-95.75,-95.6937520592807,28.5,28.53194319798185,957.0086907845239,2013-09-13,10250002,"(28.5, -95.75)"
2013-09-10 10:00:00,-95.5,-95.49275983928474,28.5,28.396193389637038,954.3823689051103,2013-09-13,10250002,"(28.5, -95.5)"
2013-09-10 09:00:00,-95.25,-95.30669396559799,28.25,28.270301648441496,949.7310366818058,2013-09-13,10250002,"(28.25, -95.25)"
2013-09-10 08:00:00,-95.0,-95.09038499128783,28.0,28.122454087860653,948.6033257182798,2013-09-13,10250002,"(28.0, -95.0)"
2013-09-10 07:00:00,-94.75,-94.86588837903912,28.0,27.968227477596407,946.1599112953237,2013-09-13,10250002,"(28.0, -94.75)"
2013-09-10 06:00:00,-94.75,-94.62988903543359,27.75,27.810715730861894,944.6745988260018,2013-09-13,10250002,"(27.75, -94.75)"
2013-09-10 05:00:00,-94.5,-94.38595602017512,27.75,27.66231668743732,944.3781347855852,2013-09-13,10250002,"(27.75, -94.5)"
2013-09-10 04:00:00,-94.0,-94.12330415845028,27.5,27.532191313240496,946.2017051141212,2013-09-13,10250002,"(27.5, -94.0)"
2013-09-10 03:00:00,-93.75,-93.85766659900692,27.5,27.426628730018155,946.6671186820392,2013-09-13,10250002,"(27.5, -93.75)"
2013-09-10 02:00:00,-93.5,-93.61093811280513,27.25,27.33389328666722,948.6026807114063,2013-09-13,10250002,"(27.25, -93.5)"
2013-09-10 01:00:00,-93.5,-93.38872450642627,27.25,27.24131188425919,949.3651479760711,2013-09-13,10250002,"(27.25, -93.5)"
2000-10-28 05:00:00,-98.75,-98.72713734285138,29.75,29.791908964886005,919.6397648983541,2000-10-29,10250012,"(29.75, -98.75)"
2000-10-28 04:00:00,-98.5,-98.49074551444083,29.5,29.422269590932988,929.650949041088,2000-10-29,10250012,"(29.5, -98.5)"
2000-10-28 03:00:00,-98.25,-98.25097529662204,29.0,29.067772122864707,946.6212029083273,2000-10-29,10250012,"(29.0, -98.25)"
2000-10-28 02:00:00,-98.0,-97.99164356406541,28.75,28.74211734634655,951.141286011083,2000-10-29,10250012,"(28.75, -98.0)"
2000-10-28 01:00:00,-97.75,-97.73832512673577,28.5,28.43233197293224,950.1202476344623,2000-10-29,10250012,"(28.5, -97.75)"
2000-10-28 00:00:00,-97.5,-97.50776236811845,28.0,28.113340306508167,953.4506183361129,2000-10-29,10250012,"(28.0, -97.5)"
2000-10-27 23:00:00,-97.25,-97.29253760976412,27.75,27.797385757528623,954.3114078516054,2000-10-29,10250012,"(27.75, -97.25)"
2000-10-27 22:00:00,-97.0,-97.09637036179615,27.5,27.4989401685623,953.9664724409666,2000-10-29,10250012,"(27.5, -97.0)"
2000-10-27 21:00:00,-97.0,-96.91165836412995,27.25,27.212359811707877,949.641399546339,2000-10-29,10250012,"(27.25, -97.0)"
2000-10-27 20:00:00,-96.75,-96.7195038679464,27.0,26.9318038117099,949.0430273940764,2000-10-29,10250012,"(27.0, -96.75)"
2000-10-27 19:00:00,-96.5,-96.5292722838327,26.75,26.67207683578315,949.9658197533504,2000-10-29,10250012,"(26.75, -96.5)"
2000-10-27 18:00:00,-96.25,-96.34105950008072,26.5,26.424149857318664,949.4026109030538,2000-10-29,10250012,"(26.5, -96.25)"
2000-10-27 17:00:00,-96.25,-96.16337218405393,26.25,26.19183943552909,948.0979017435492,2000-10-29,10250012,"(26.25, -96.25)"
2000-10-27 16:00:00,-96.0,-95.9786103968239,26.0,25.964416348289877,948.0828898135137,2000-10-29,10250012,"(26.0, -96.0)"
2000-10-27 15:00:00,-95.75,-95.79292712199681,25.75,25.74896041299955,946.791967306369,2000-10-29,10250012,"(25.75, -95.75)"
2000-10-27 14:00:00,-95.5,-95.61329523613787,25.5,25.537657635243193,944.9620005489646,2000-10-29,10250012,"(25.5, -95.5)"
2000-10-27 13:00:00,-95.5,-95.42661158460271,25.25,25.33411449063221,943.474300869007,2000-10-29,10250012,"(25.25, -95.5)"
2000-10-27 12:00:00,-95.25,-95.23136208925558,25.25,25.134411505005442,941.6843225490522,2000-10-29,10250012,"(25.25, -95.25)"
2000-10-27 11:00:00,-95.0,-95.03885160095012,25.0,24.940857127087668,939.1279633909921,2000-10-29,10250012,"(25.0, -95.0)"
2000-10-27 10:00:00,-94.75,-94.85263257965272,24.75,24.756373072297023,937.3465746840444,2000-10-29,10250012,"(24.75, -94.75)"
2000-10-27 09:00:00,-94.75,-94.6658588009626,24.5,24.579621922908153,936.4955751462907,2000-10-29,10250012,"(24.5, -94.75)"
2000-10-27 08:00:00,-94.5,-94.44441177476057,24.5,24.413893020350127,935.0850073941099,2000-10-29,10250012,"(24.5, -94.5)"
2000-10-27 07:00:00,-94.25,-94.21551586964625,24.25,24.259812829251786,932.7180167399088,2000-10-29,10250012,"(24.25, -94.25)"
2000-10-27 06:00:00,-94.0,-93.98527866543743,24.0,24.12236687820226,931.4918280013935,2000-10-29,10250012,"(24.0, -94.0)"
2000-10-27 05:00:00,-93.75,-93.74741478562413,24.0,23.99688589171459,930.3513668698578,2000-10-29,10250012,"(24.0, -93.75)"
2000-10-27 04:00:00,-93.5,-93.50037772435226,24.0,23.889036376300435,926.825223645814,2000-10-29,10250012,"(24.0, -93.5)"
2000-10-27 03:00:00,-93.25,-93.25374004625021,23.75,23.80399390391688,923.4897102266044,2000-10-29,10250012,"(23.75, -93.25)"
2000-10-27 02:00:00,-93.0,-93.01322387239348,23.75,23.743132262252328,917.9720332026707,2000-10-29,10250012,"(23.75, -93.0)"
2000-10-27 01:00:00,-92.75,-92.78861859623944,23.75,23.705352801358405,912.8228212644602,2000-10-29,10250012,"(23.75, -92.75)"
2000-10-27 00:00:00,-92.5,-92.57600103703967,23.75,23.67467174462405,908.9030779488517,2000-10-29,10250012,"(23.75, -92.5)"
2000-10-26 23:00:00,-92.25,-92.36346065644184,23.75,23.63992668413382,905.7501681962304,2000-10-29,10250012,"(23.75, -92.25)"
2000-10-26 22:00:00,-92.25,-92.15554241306576,23.5,23.608060155140556,903.5472953416809,2000-10-29,10250012,"(23.5, -92.25)"
2000-10-26 21:00:00,-92.0,-91.95749196345284,23.5,23.575129734615754,899.5236830388762,2000-10-29,10250012,"(23.5, -92.0)"
2000-10-26 20:00:00,-91.75,-91.74124180950645,23.5,23.532414382078624,895.2038307418056,2000-10-29,10250012,"(23.5, -91.75)"
2000-10-26 19:00:00,-91.5,-91.53316387350213,23.5,23.494738150931546,889.9946886836,2000-10-29,10250012,"(23.5, -91.5)"
2000-10-26 18:00:00,-91.25,-91.32710578330732,23.5,23.46929823599479,885.3992772521059,2000-10-29,10250012,"(23.5, -91.25)"
2000-10-26 17:00:00,-91.0,-91.11263896774227,23.5,23.458578584207025,881.0414292576991,2000-10-29,10250012,"(23.5, -91.0)"
2000-10-26 16:00:00,-91.0,-90.88845031152147,23.5,23.465855110898513,876.5850193773787,2000-10-29,10250012,"(23.5, -91.0)"
2008-07-27 00:00:00,-100.0,-100.02709975207935,30.0,29.955227664118468,932.5830572283465,2008-07-29,10250012,"(30.0, -100.0)"
2008-07-26 23:00:00,-100.0,-99.96058042183311,29.75,29.739000633726324,935.4962803781449,2008-07-29,10250012,"(29.75, -100.0)"
2008-07-26 22:00:00,-100.0,-99.8924078907853,29.5,29.538329082198345,944.7129757193027,2008-07-29,10250012,"(29.5, -100.0)"
2008-07-26 21:00:00,-99.75,-99.82058516751113,29.25,29.345509842020633,955.4546124957737,2008-07-29,10250012,"(29.25, -99.75)"
2008-07-26 20:00:00,-99.75,-99.75106007474733,29.25,29.169731620460723,964.6136197118016,2008-07-29,10250012,"(29.25, -99.75)"
2008-07-26 19:00:00,-99.75,-99.67757847918672,29.0,29.003113307096783,971.2161814733604,2008-07-29,10250012,"(29.0, -99.75)"
2008-07-26 18:00:00,-99.5,-99.59890782963062,28.75,28.837210195421758,975.8731623032517,2008-07-29,10250012,"(28.75, -99.5)"
2008-07-26 17:00:00,-99.5,-99.5206635023471,28.75,28.671786805890587,979.2016025570085,2008-07-29,10250012,"(28.75, -99.5)"
2008-07-26 16:00:00,-99.5,-99.4387655908787,28.5,28.51328540756918,981.2138899908032,2008-07-29,10250012,"(28.5, -99.5)"
2008-07-26 15:00:00,-99.25,-99.33695055410152,28.25,28.36061916524015,982.2080169375332,2008-07-29,10250012,"(28.25, -99.25)"
2008-07-26 14:00:00,-99.25,-99.2127906577015,28.25,28.21183004297794,984.5908421640851,2008-07-29,10250012,"(28.25, -99.25)"
2008-07-26 13:00:00,-99.0,-99.08027772568043,28.0,28.07373081624085,988.369367772967,2008-07-29,10250012,"(28.0, -99.0)"
2008-07-26 12:00:00,-99.0,-98.95902260010867,28.0,27.916380771062734,989.8615510870919,2008-07-29,10250012,"(28.0, -99.0)"
2008-07-26 11:00:00,-98.75,-98.8636966032449,27.75,27.743257967268992,985.4704403581951,2008-07-29,10250012,"(27.75, -98.75)"
2008-07-26 10:00:00,-98.75,-98.76977176314494,27.5,27.532476695381636,980.169369001974,2008-07-29,10250012,"(27.5, -98.75)"
2008-07-26 09:00:00,-98.75,-98.65676096567371,27.25,27.28125449680323,978.832870060629,2008-07-29,10250012,"(27.25, -98.75)"
2008-07-26 08:00:00,-98.5,-98.52069924137977,27.0,27.044005779302186,982.3548597324722,2008-07-29,10250012,"(27.0, -98.5)"
2008-07-26 07:00:00,-98.5,-98.38596090890779,26.75,26.785854813527564,986.3378854759683,2008-07-29,10250012,"(26.75, -98.5)"
2008-07-26 06:00:00,-98.25,-98.2413064748213,26.5,26.506558236025885,991.6958332481013,2008-07-29,10250012,"(26.5, -98.25)"
2008-07-26 05:00:00,-98.0,-98.08206956045711,26.25,26.228752514781398,995.4957903586187,2008-07-29,10250012,"(26.25, -98.0)"
2008-07-26 04:00:00,-98.0,-97.89195836479549,26.0,25.970482348758548,997.0258305568844,2008-07-29,10250012,"(26.0, -98.0)"
2008-07-26 03:00:00,-97.75,-97.69324950935882,25.75,25.74014923101644,997.4707215141084,2008-07-29,10250012,"(25.75, -97.75)"
2008-07-26 02:00:00,-97.5,-97.49312715228822,25.5,25.53072019571907,997.7669425939985,2008-07-29,10250012,"(25.5, -97.5)"
2008-07-26 01:00:00,-97.25,-97.28401227199214,25.25,25.31517491518178,1000.0,2008-07-29,10250012,"(25.25, -97.25)"
2011-07-01 13:00:00,-99.75,-99.86500808020438,27.25,27.175942461424338,742.0047059122195,2011-07-03,10250012,"(27.25, -99.75)"
2011-07-01 12:00:00,-99.5,-99.48757088059226,27.0,26.89774527920933,741.1463809388425,2011-07-03,10250012,"(27.0, -99.5)"
2011-07-01 11:00:00,-99.0,-99.10694496742825,26.75,26.626821128450462,740.0103416093094,2011-07-03,10250012,"(26.75, -99.0)"
2011-07-01 10:00:00,-98.75,-98.71514722900584,26.25,26.3725834640934,746.5384892814201,2011-07-03,10250012,"(26.25, -98.75)"
2011-07-01 09:00:00,-98.25,-98.30345962279907,26.25,26.134498053159216,751.4280341660451,2011-07-03,10250012,"(26.25, -98.25)"
2011-07-01 08:00:00,-98.0,-97.92520149636933,25.75,25.841983748339082,755.5741223462724,2011-07-03,10250012,"(25.75, -98.0)"
2011-07-01 07:00:00,-97.5,-97.52264206325376,25.5,25.55662169074992,759.7658259748893,2011-07-03,10250012,"(25.5, -97.5)"
2011-07-01 06:00:00,-97.0,-97.0978469708421,25.25,25.283770013076573,759.4595162199919,2011-07-03,10250012,"(25.25, -97.0)"
2011-07-01 05:00:00,-96.75,-96.6601690949611,25.0,25.019512646419955,761.9302966553402,2011-07-03,10250012,"(25.0, -96.75)"
2011-07-01 04:00:00,-96.25,-96.20030263022261,24.75,24.76331806871316,762.7089077327465,2011-07-03,10250012,"(24.75, -96.25)"
2011-07-01 03:00:00,-95.75,-95.72960649882357,24.5,24.502995084607225,762.4729089444309,2011-07-03,10250012,"(24.5, -95.75)"
2011-07-01 02:00:00,-95.25,-95.2534245914659,24.25,24.2361261315495,765.2165800055687,2011-07-03,10250012,"(24.25, -95.25)"
2011-07-01 01:00:00,-94.75,-94.78255787831428,24.0,23.976604684686645,765.6889063279326,2011-07-03,10250012,"(24.0, -94.75)"
2011-07-01 00:00:00,-94.25,-94.31891049024186,23.75,23.716279140238253,766.0184741169963,2011-07-03,10250012,"(23.75, -94.25)"
2011-06-30 23:00:00,-93.75,-93.86923708331439,23.5,23.453967754964353,761.3051627521141,2011-07-03,10250012,"(23.5, -93.75)"
2011-06-30 22:00:00,-93.5,-93.43136014135197,23.25,23.190428004563973,758.4820953375923,2011-07-03,10250012,"(23.25, -93.5)"
2011-06-30 21:00:00,-93.0,-93.01465835776379,23.0,22.93319320475687,753.388843102421,2011-07-03,10250012,"(23.0, -93.0)"
2011-06-30 20:00:00,-92.5,-92.62145611205446,22.75,22.674924832430744,751.8769503535526,2011-07-03,10250012,"(22.75, -92.5)"
2011-06-30 19:00:00,-92.25,-92.24756962898978,22.5,22.405442709168852,754.7390708930099,2011-07-03,10250012,"(22.5, -92.25)"
2011-06-30 18:00:00,-92.0,-91.90866661268282,22.25,22.125142051493,756.3995511313339,2011-07-03,10250012,"(22.25, -92.0)"
2022-07-05 04:00:00,-100.0,-100.1198553149889,28.5,28.59839899550752,899.1444655792775,2022-07-07,10250012,"(28.5, -100.0)"
2022-07-05 03:00:00,-99.75,-99.78387635866781,28.25,28.19583106306866,910.7692993314306,2022-07-07,10250012,"(28.25, -99.75)"
2022-07-05 02:00:00,-99.5,-99.43781036749961,27.75,27.849070326684547,923.8334501424426,2022-07-07,10250012,"(27.75, -99.5)"
2022-07-05 01:00:00,-99.0,-99.0982035965646,27.5,27.557874351265454,939.943620866988,2022-07-07,10250012,"(27.5, -99.0)"
2022-07-05 00:00:00,-98.75,-98.78952489937856,27.25,27.307891552092073,943.9691965238345,2022-07-07,10250012,"(27.25, -98.75)"
2022-07-04 23:00:00,-98.5,-98.53779182946579,27.0,27.06854637402137,955.3248108297582,2022-07-07,10250012,"(27.0, -98.5)"
2022-07-04 22:00:00,-98.25,-98.34110679702614,26.75,26.84403988914677,965.3322411044905,2022-07-07,10250012,"(26.75, -98.25)"
2022-07-04 21:00:00,-98.25,-98.15388090668773,26.5,26.621150378954443,972.488106335922,2022-07-07,10250012,"(26.5, -98.25)"
2022-07-04 20:00:00,-98.0,-97.95031382331435,26.5,26.37986801804459,977.0914514691011,2022-07-07,10250012,"(26.5, -98.0)"
2022-07-04 19:00:00,-97.75,-97.76586083462496,26.0,26.124371912616517,979.7629047551214,2022-07-07,10250012,"(26.0, -97.75)"
2022-07-04 18:00:00,-97.5,-97.60463333026279,25.75,25.85245020617828,981.0186136585646,2022-07-07,10250012,"(25.75, -97.5)"
2022-07-04 17:00:00,-97.5,-97.4658100733203,25.5,25.5629301511882,983.0573048662253,2022-07-07,10250012,"(25.5, -97.5)"
2022-07-04 16:00:00,-97.25,-97.34449315153579,25.25,25.266149605287055,983.7598039941128,2022-07-07,10250012,"(25.25, -97.25)"
2022-07-04 15:00:00,-97.25,-97.23543921953916,25.0,24.973057704215176,983.7076593020381,2022-07-07,10250012,"(25.0, -97.25)"
2022-07-04 14:00:00,-97.25,-97.1329724033048,24.75,24.692627677743996,986.2617923687425,2022-07-07,10250012,"(24.75, -97.25)"
2022-07-04 13:00:00,-97.0,-97.03034603552504,24.5,24.439339284321044,987.9375746934862,2022-07-07,10250012,"(24.5, -97.0)"
2022-07-04 12:00:00,-97.0,-96.91535949994744,24.25,24.19766169223851,988.2591481135971,2022-07-07,10250012,"(24.25, -97.0)"
2022-07-04 11:00:00,-96.75,-96.79811709274286,24.0,23.97223913034112,986.3816005136722,2022-07-07,10250012,"(24.0, -96.75)"
2022-07-04 10:00:00,-96.75,-96.67733799212078,23.75,23.765088297468573,984.4874337092161,2022-07-07,10250012,"(23.75, -96.75)"
2022-07-04 09:00:00,-96.5,-96.53245585180939,23.5,23.570237291980177,984.6817911324385,2022-07-07,10250012,"(23.5, -96.5)"
2022-07-04 08:00:00,-96.25,-96.33615638654543,23.5,23.38188766613302,984.9196698333234,2022-07-07,10250012,"(23.5, -96.25)"
2022-07-04 07:00:00,-96.0,-96.11068671489636,23.25,23.218424886073873,984.3791357725066,2022-07-07,10250012,"(23.25, -96.0)"
2022-07-04 06:00:00,-95.75,-95.86768303900655,23.0,23.08677108018924,984.1182721590219,2022-07-07,10250012,"(23.0, -95.75)"
2022-07-04 05:00:00,-95.5,-95.61082021875724,23.0,22.9769534648776,983.3047826667187,2022-07-07,10250012,"(23.0, -95.5)"
2022-07-04 04:00:00,-95.25,-95.33920630799953,22.75,22.874573229793327,982.612013548821,2022-07-07,10250012,"(22.75, -95.25)"
2022-07-04 03:00:00,-95.0,-95.0538859584161,22.75,22.779669386372536,980.8131827368732,2022-07-07,10250012,"(22.75, -95.0)"
2022-07-04 02:00:00,-94.75,-94.77354651079249,22.75,22.707766879276036,979.0413432206445,2022-07-07,10250012,"(22.75, -94.75)"
2022-07-04 01:00:00,-94.5,-94.52234022369967,22.75,22.656159422078066,977.0477612293457,2022-07-07,10250012,"(22.75, -94.5)"
2000-10-22 14:00:00,-100.0,-100.04796042371105,28.25,28.269226988174463,977.7872927656415,2000-10-24,13010004,"(28.25, -100.0)"
2000-10-22 13:00:00,-99.75,-99.8747564972047,28.0,28.089152362228738,980.0322411659384,2000-10-24,13010004,"(28.0, -99.75)"
2000-10-22 12:00:00,-99.75,-99.70493590080454,28.0,27.893722884374924,981.3635803266139,2000-10-24,13010004,"(28.0, -99.75)"
2000-10-22 11:00:00,-99.5,-99.54829063286638,27.75,27.681525703374746,981.2787111741428,2000-10-24,13010004,"(27.75, -99.5)"
2000-10-22 10:00:00,-99.5,-99.38750233550724,27.5,27.438727447887555,983.8776551542519,2000-10-24,13010004,"(27.5, -99.5)"
2000-10-22 09:00:00,-99.25,-99.21628214004707,27.25,27.188456503559426,983.8703896200661,2000-10-24,13010004,"(27.25, -99.25)"
2000-10-22 08:00:00,-99.0,-99.03423885012766,27.0,26.9590789408552,983.3830059154566,2000-10-24,13010004,"(27.0, -99.0)"
2000-10-22 07:00:00,-98.75,-98.84765140901297,26.75,26.714475011929284,983.5916795231116,2000-10-24,13010004,"(26.75, -98.75)"
2000-10-22 06:00:00,-98.75,-98.66107952298316,26.5,26.461889156221005,985.2633057200562,2000-10-24,13010004,"(26.5, -98.75)"
2000-10-22 05:00:00,-98.5,-98.48189331505489,26.25,26.193704240269025,989.6701761044693,2000-10-24,13010004,"(26.25, -98.5)"
2000-10-22 04:00:00,-98.25,-98.30773617749995,26.0,25.931694226249157,989.671862581245,2000-10-24,13010004,"(26.0, -98.25)"
2000-10-22 03:00:00,-98.25,-98.15278240087066,25.75,25.672462487705207,990.3610191059214,2000-10-24,13010004,"(25.75, -98.25)"
2000-10-22 02:00:00,-98.0,-98.01563253021179,25.5,25.419681527700508,992.1711646282087,2000-10-24,13010004,"(25.5, -98.0)"
2000-10-22 01:00:00,-97.75,-97.86700088596885,25.25,25.168346875783918,993.5745010051929,2000-10-24,13010004,"(25.25, -97.75)"
2000-10-22 00:00:00,-97.75,-97.72889726637723,25.0,24.912090301169222,994.2499277742226,2000-10-24,13010004,"(25.0, -97.75)"
2000-10-21 23:00:00,-97.5,-97.60400836710896,24.5,24.62139905766684,994.3802236638497,2000-10-24,13010004,"(24.5, -97.5)"
2000-10-21 22:00:00,-97.5,-97.47344311706436,24.25,24.28788274843149,996.500235053431,2000-10-24,13010004,"(24.25, -97.5)"
2000-10-21 21:00:00,-97.25,-97.33585331904935,24.0,23.965681559266773,997.305407657871,2000-10-24,13010004,"(24.0, -97.25)"
2000-10-21 20:00:00,-97.25,-97.20521779338651,23.75,23.683911526580772,996.9386296872087,2000-10-24,13010004,"(23.75, -97.25)"
2000-10-21 19:00:00,-97.0,-97.08694267305421,23.5,23.434317756217006,998.4093985421665,2000-10-24,13010004,"(23.5, -97.0)"
2000-10-21 18:00:00,-97.0,-96.97368982605094,23.25,23.209463429192176,999.0344921743858,2000-10-24,13010004,"(23.25, -97.0)"
2000-10-21 17:00:00,-96.75,-96.86272718588674,23.0,23.006278223480784,999.8969359416417,2000-10-24,13010004,"(23.0, -96.75)"
2000-10-21 16:00:00,-96.75,-96.74109861909005,22.75,22.82216162218155,1000.0,2000-10-24,13010004,"(22.75, -96.75)"
2013-09-10 21:00:00,-100.0,-99.88380809383165,29.0,28.974768748612092,915.0999219338977,2013-09-13,11020001,"(29.0, -100.0)"
2013-09-10 20:00:00,-99.5,-99.60282766189397,29.0,28.882108593776486,907.8721651552224,2013-09-13,11020001,"(29.0, -99.5)"
2013-09-10 19:00:00,-99.25,-99.36731354094997,28.75,28.794325523202573,917.3848813923668,2013-09-13,11020001,"(28.75, -99.25)"
2013-09-10 18:00:00,-99.25,-99.1662483968558,28.75,28.70049272716838,925.0270046001564,2013-09-13,11020001,"(28.75, -99.25)"
2013-09-10 17:00:00,-99.0,-98.95918611870881,28.5,28.62022344401437,925.5896382847139,2013-09-13,11020001,"(28.5, -99.0)"
2013-09-10 16:00:00,-98.75,-98.75578329898994,28.5,28.51181297117022,928.7462106268041,2013-09-13,11020001,"(28.5, -98.75)"
2013-09-10 15:00:00,-98.5,-98.54156840367362,28.25,28.37067166443493,928.1374053387945,2013-09-13,11020001,"(28.25, -98.5)"
2013-09-10 14:00:00,-98.25,-98.29638515589423,28.25,28.239343030482043,923.0243167182869,2013-09-13,11020001,"(28.25, -98.25)"
2013-09-10 13:00:00,-98.0,-98.04551330981809,28.0,28.10773141678316,931.4794368236358,2013-09-13,11020001,"(28.0, -98.0)"
2013-09-10 12:00:00,-97.75,-97.83868119797401,28.0,27.978470434138984,941.889281771088,2013-09-13,11020001,"(28.0, -97.75)"
2013-09-10 11:00:00,-97.75,-97.63204843171731,27.75,27.827949155868662,949.8573288822629,2013-09-13,11020001,"(27.75, -97.75)"
2013-09-10 10:00:00,-97.5,-97.40885445215422,27.75,27.67480216610514,951.9865321219402,2013-09-13,11020001,"(27.75, -97.5)"
2013-09-10 09:00:00,-97.25,-97.19550212186097,27.5,27.508347747192012,948.853035342183,2013-09-13,11020001,"(27.5, -97.25)"
2013-09-10 08:00:00,-97.0,-96.94443059721182,27.25,27.31637823287033,948.0950407720263,2013-09-13,11020001,"(27.25, -97.0)"
2013-09-10 07:00:00,-96.75,-96.71538453094274,27.0,27.111511849934463,946.5602197547418,2013-09-13,11020001,"(27.0, -96.75)"
2013-09-10 06:00:00,-96.5,-96.48576868376308,27.0,26.90006179185956,957.0494794551872,2013-09-13,11020001,"(27.0, -96.5)"
2013-09-10 05:00:00,-96.25,-96.25740770638552,26.75,26.702758191649107,963.9841798664202,2013-09-13,11020001,"(26.75, -96.25)"
2013-09-10 04:00:00,-96.0,-96.02578064859462,26.5,26.520614356321012,966.5855581285568,2013-09-13,11020001,"(26.5, -96.0)"
2013-09-10 03:00:00,-95.75,-95.76051860192416,26.25,26.355997396785273,965.9914302950377,2013-09-13,11020001,"(26.25, -95.75)"
2013-09-10 02:00:00,-95.5,-95.4572064888342,26.25,26.216459870797628,963.3100237608124,2013-09-13,11020001,"(26.25, -95.5)"
2013-09-10 01:00:00,-95.25,-95.14478926784285,26.0,26.114671338125405,959.4730693431148,2013-09-13,11020001,"(26.0, -95.25)"
2013-09-10 12:00:00,-99.75,-99.78867745695837,30.0,30.046933507116737,905.8337787804553,2013-09-13,14010002,"(30.0, -99.75)"
2013-09-10 11:00:00,-99.75,-99.64493328163424,29.75,29.820026848521643,905.7541740859983,2013-09-13,14010002,"(29.75, -99.75)"
2013-09-10 10:00:00,-99.5,-99.50106811575385,29.5,29.59438000766094,912.0933223172888,2013-09-13,14010002,"(29.5, -99.5)"
2013-09-10 09:00:00,-99.25,-99.36637980210078,29.25,29.360987283722046,923.3503322963885,2013-09-13,14010002,"(29.25, -99.25)"
2013-09-10 08:00:00,-99.25,-99.18400315611278,29.25,29.15565041397152,935.4317254196187,2013-09-13,14010002,"(29.25, -99.25)"
2013-09-10 07:00:00,-99.0,-98.9890438042894,29.0,28.95509076149726,943.8071510485639,2013-09-13,14010002,"(29.0, -99.0)"
2013-09-10 06:00:00,-98.75,-98.76206743326678,28.75,28.750436513205106,947.7725719290152,2013-09-13,14010002,"(28.75, -98.75)"
2013-09-10 05:00:00,-98.5,-98.53772189266232,28.5,28.556365276189833,949.8344438657164,2013-09-13,14010002,"(28.5, -98.5)"
2013-09-10 04:00:00,-98.25,-98.27449851821667,28.25,28.33610065372404,952.4429458185726,2013-09-13,14010002,"(28.25, -98.25)"
2013-09-10 03:00:00,-98.0,-97.99340927758426,28.0,28.121576499994013,950.0423217530694,2013-09-13,14010002,"(28.0, -98.0)"
2013-09-10 02:00:00,-97.75,-97.67816941099183,28.0,27.93744110843111,948.7391824899535,2013-09-13,14010002,"(28.0, -97.75)"
2013-09-10 01:00:00,-97.25,-97.33613380021943,27.75,27.76599304546755,951.0183734600499,2013-09-13,14010002,"(27.75, -97.25)"
2000-10-28 07:00:00,-99.5,-99.60745776499931,30.0,29.961033148388676,928.7405936742266,2000-10-29,11040003,"(30.0, -99.5)"
2000-10-28 06:00:00,-99.5,-99.41409159868638,29.75,29.651184536456476,936.1273151968478,2000-10-29,11040003,"(29.75, -99.5)"
2000-10-28 05:00:00,-99.25,-99.18904410704997,29.25,29.354857840441447,955.6370762532836,2000-10-29,11040003,"(29.25, -99.25)"
2000-10-28 04:00:00,-99.0,-98.92788854847343,29.0,29.11084363562552,967.3412218068387,2000-10-29,11040003,"(29.0, -99.0)"
2000-10-28 03:00:00,-98.75,-98.6626634767682,29.0,28.890100341512,974.252735802232,2000-10-29,11040003,"(29.0, -98.75)"
2000-10-28 02:00:00,-98.5,-98.39127636365366,28.75,28.6728091427918,980.1871779012658,2000-10-29,11040003,"(28.75, -98.5)"
2000-10-28 01:00:00,-98.25,-98.13247291103843,28.5,28.464935002618834,983.5252666215582,2000-10-29,11040003,"(28.5, -98.25)"
2000-10-28 00:00:00,-98.0,-97.89010029810014,28.25,28.261937413022384,983.8559636702859,2000-10-29,11040003,"(28.25, -98.0)"
2000-10-27 23:00:00,-97.75,-97.66270252990864,28.0,28.041820341683483,985.6071914712243,2000-10-29,11040003,"(28.0, -97.75)"
2000-10-27 22:00:00,-97.5,-97.44876264078003,27.75,27.819032606012623,987.474875900056,2000-10-29,11040003,"(27.75, -97.5)"
2000-10-27 21:00:00,-97.25,-97.22943334713467,27.5,27.570999371357992,989.2596527550563,2000-10-29,11040003,"(27.5, -97.25)"
2000-10-27 20:00:00,-97.0,-97.0298963675468,27.25,27.320197504504875,989.0848376304375,2000-10-29,11040003,"(27.25, -97.0)"
2000-10-27 19:00:00,-96.75,-96.84647812764008,27.0,27.071820874785757,989.6497619317915,2000-10-29,11040003,"(27.0, -96.75)"
2000-10-27 18:00:00,-96.75,-96.66597952364948,26.75,26.830833780449733,991.1812682706028,2000-10-29,11040003,"(26.75, -96.75)"
2000-10-27 17:00:00,-96.5,-96.494718205721,26.5,26.607707449810555,992.6474456657832,2000-10-29,11040003,"(26.5, -96.5)"
2000-10-27 16:00:00,-96.25,-96.32033806803071,26.5,26.384734810344142,993.31351049753,2000-10-29,11040003,"(26.5, -96.25)"
2000-10-27 15:00:00,-96.25,-96.14225955018617,26.25,26.166024664768706,993.0902484399364,2000-10-29,11040003,"(26.25, -96.25)"
2000-10-27 14:00:00,-96.0,-95.96955497381907,26.0,25.95357029264339,992.2310860706953,2000-10-29,11040003,"(26.0, -96.0)"
2000-10-27 13:00:00,-95.75,-95.80100199822249,25.75,25.744942530649826,991.015867258036,2000-10-29,11040003,"(25.75, -95.75)"
2000-10-27 12:00:00,-95.5,-95.62440895366568,25.5,25.53540715551978,990.8827554075554,2000-10-29,11040003,"(25.5, -95.5)"
2000-10-27 11:00:00,-95.5,-95.44291403249503,25.25,25.326114886920678,990.6714871087514,2000-10-29,11040003,"(25.25, -95.5)"
2000-10-27 10:00:00,-95.25,-95.26773147604507,25.0,25.12321880851131,990.4880022437904,2000-10-29,11040003,"(25.0, -95.25)"
2000-10-27 09:00:00,-95.0,-95.09383700750462,25.0,24.9294136319954,991.7135198048559,2000-10-29,11040003,"(25.0, -95.0)"
2000-10-27 08:00:00,-95.0,-94.89237506025766,24.75,24.747356622060398,991.9837351337271,2000-10-29,11040003,"(24.75, -95.0)"
2000-10-27 07:00:00,-94.75,-94.68130742700426,24.5,24.575346483512202,992.0838364388673,2000-10-29,11040003,"(24.5, -94.75)"
2000-10-27 06:00:00,-94.5,-94.47313776365222,24.5,24.42006301063273,992.1946127980146,2000-10-29,11040003,"(24.5, -94.5)"
2000-10-27 05:00:00,-94.25,-94.26088442150923,24.25,24.281157387451557,991.9405439019231,2000-10-29,11040003,"(24.25, -94.25)"
2000-10-27 04:00:00,-94.0,-94.03556952950073,24.25,24.15234292123629,991.8849987303505,2000-10-29,11040003,"(24.25, -94.0)"
2000-10-27 03:00:00,-93.75,-93.80942896895364,24.0,24.04264993828319,991.2818073228378,2000-10-29,11040003,"(24.0, -93.75)"
2000-10-27 02:00:00,-93.5,-93.58436981081503,24.0,23.95269668211594,990.3937089053711,2000-10-29,11040003,"(24.0, -93.5)"
2000-10-27 01:00:00,-93.25,-93.37081115569801,24.0,23.884365495774325,989.6679254303316,2000-10-29,11040003,"(24.0, -93.25)"
2000-10-27 00:00:00,-93.25,-93.17186673247181,23.75,23.82896695142481,988.8715548089446,2000-10-29,11040003,"(23.75, -93.25)"
2000-10-26 23:00:00,-93.0,-92.97604967997506,23.75,23.771348495074644,988.1103478848567,2000-10-29,11040003,"(23.75, -93.0)"
2000-10-26 22:00:00,-92.75,-92.7797706293505,23.75,23.713052345622202,988.5147510301861,2000-10-29,11040003,"(23.75, -92.75)"
2000-10-26 21:00:00,-92.5,-92.58720860476662,23.75,23.65216243234867,987.0678531248573,2000-10-29,11040003,"(23.75, -92.5)"
2000-10-26 20:00:00,-92.25,-92.37437429383537,23.5,23.581821777944903,986.8892919583141,2000-10-29,11040003,"(23.5, -92.25)"
2000-10-26 19:00:00,-92.25,-92.16222152779189,23.5,23.509204867755617,986.5236206062183,2000-10-29,11040003,"(23.5, -92.25)"
2000-10-26 18:00:00,-92.0,-91.94813915134148,23.5,23.442561076333753,986.166955357979,2000-10-29,11040003,"(23.5, -92.0)"
2000-10-26 17:00:00,-91.75,-91.72622514564324,23.5,23.384858645896795,985.458432274008,2000-10-29,11040003,"(23.5, -91.75)"
2000-10-26 16:00:00,-91.5,-91.49100488249805,23.25,23.339304377786764,985.3084138203761,2000-10-29,11040003,"(23.25, -91.5)"
2000-10-26 15:00:00,-91.25,-91.25030696757328,23.25,23.30945689652651,984.0565681763316,2000-10-29,11040003,"(23.25, -91.25)"
2000-10-26 14:00:00,-91.0,-91.00825446085386,23.25,23.290828431307304,983.2812300812349,2000-10-29,11040003,"(23.25, -91.0)"
2002-09-07 18:00:00,-92.25,-92.23329900495604,30.0,30.09621151091802,915.6977389151394,2002-09-10,11040003,"(30.0, -92.25)"
2002-09-07 17:00:00,-92.0,-91.96029872614007,30.0,29.9750330216556,924.2722787220515,2002-09-10,11040003,"(30.0, -92.0)"
2002-09-07 16:00:00,-91.75,-91.73406309200271,29.75,29.83422804197163,937.1710460453673,2002-09-10,11040003,"(29.75, -91.75)"
2002-09-07 15:00:00,-91.5,-91.5443759460113,29.75,29.672017466496317,944.9246643885455,2002-09-10,11040003,"(29.75, -91.5)"
2002-09-07 14:00:00,-91.25,-91.37386787962771,29.5,29.479858759875217,946.9660334217552,2002-09-10,11040003,"(29.5, -91.25)"
2002-09-07 13:00:00,-91.25,-91.21860437539634,29.25,29.25651211987658,948.9627344148755,2002-09-10,11040003,"(29.25, -91.25)"
2002-09-07 12:00:00,-91.0,-91.08025738044292,29.0,29.009580171596376,951.5736848012954,2002-09-10,11040003,"(29.0, -91.0)"
2002-09-07 11:00:00,-91.0,-90.94895034434367,28.75,28.729866931078732,953.9898384859362,2002-09-10,11040003,"(28.75, -91.0)"
2007-03-23 01:00:00,-100.0,-99.92315122317366,28.25,28.36159313126949,943.2652043605016,2007-03-24,11040003,"(28.25, -100.0)"
2007-03-23 00:00:00,-99.5,-99.47757275165281,28.0,28.088152308092866,950.827168580375,2007-03-24,11040003,"(28.0, -99.5)"
2007-03-22 23:00:00,-99.0,-99.07882494588851,27.75,27.858217754328013,953.6830050228021,2007-03-24,11040003,"(27.75, -99.0)"
2007-03-22 22:00:00,-98.75,-98.76446130352426,27.75,27.64280043987261,954.7258481620751,2007-03-24,11040003,"(27.75, -98.75)"
2007-03-22 21:00:00,-98.5,-98.48049372348353,27.5,27.383626860677932,960.4432545014215,2007-03-24,11040003,"(27.5, -98.5)"
2007-03-22 20:00:00,-98.25,-98.17954358482238,27.0,27.061810861341822,977.7312597832728,2007-03-24,11040003,"(27.0, -98.25)"
2007-03-22 19:00:00,-98.0,-97.88576661081879,26.75,26.753235802027827,988.1515380377091,2007-03-24,11040003,"(26.75, -98.0)"
2007-03-22 18:00:00,-97.5,-97.6130532716463,26.5,26.454236206234096,991.0080761862151,2007-03-24,11040003,"(26.5, -97.5)"
2007-03-22 17:00:00,-97.25,-97.3660298316832,26.25,26.14863518279466,993.8363852611345,2007-03-24,11040003,"(26.25, -97.25)"
2007-03-22 16:00:00,-97.0,-97.11966070037428,25.75,25.831056887108016,996.5989856326619,2007-03-24,11040003,"(25.75, -97.0)"
2007-03-22 15:00:00,-96.75,-96.85565064314116,25.5,25.530608542193768,997.2367994970276,2007-03-24,11040003,"(25.5, -96.75)"
2007-03-22 14:00:00,-96.5,-96.56363785204296,25.25,25.253168771820917,997.6178590542833,2007-03-24,11040003,"(25.25, -96.5)"
2007-03-22 13:00:00,-96.25,-96.24203428176494,25.0,25.012347834469793,996.8726237538972,2007-03-24,11040003,"(25.0, -96.25)"
2007-03-22 12:00:00,-96.0,-95.92336245194285,24.75,24.828835527630194,996.1198339506165,2007-03-24,11040003,"(24.75, -96.0)"
2007-03-22 11:00:00,-95.5,-95.600582828175,24.75,24.677374269393415,995.6823484168517,2007-03-24,11040003,"(24.75, -95.5)"
2007-03-22 10:00:00,-95.25,-95.27433723617685,24.5,24.54256060176903,995.5387461451306,2007-03-24,11040003,"(24.5, -95.25)"
2007-03-22 09:00:00,-95.0,-94.96464824743576,24.5,24.42165979988511,994.7408688518443,2007-03-24,11040003,"(24.5, -95.0)"
2007-03-22 08:00:00,-94.75,-94.66032961197793,24.25,24.297595015033863,993.8401182684365,2007-03-24,11040003,"(24.25, -94.75)"
2007-03-22 07:00:00,-94.25,-94.36702591008773,24.25,24.188158771649373,992.9501587253162,2007-03-24,11040003,"(24.25, -94.25)"
2007-03-22 06:00:00,-94.0,-94.06568742242452,24.0,24.083912573745373,992.153023021264,2007-03-24,11040003,"(24.0, -94.0)"
2007-03-22 05:00:00,-93.75,-93.74384597058655,24.0,23.997308269121042,991.7634869641163,2007-03-24,11040003,"(24.0, -93.75)"
2007-03-22 04:00:00,-93.5,-93.39999079870023,24.0,23.925464849295462,991.5620982749952,2007-03-24,11040003,"(24.0, -93.5)"
2007-03-22 03:00:00,-93.0,-93.06759142414869,23.75,23.865905034837024,990.1795227483958,2007-03-24,11040003,"(23.75, -93.0)"
2007-03-22 02:00:00,-92.75,-92.74412017621826,23.75,23.808182254376515,988.9100279874247,2007-03-24,11040003,"(23.75, -92.75)"
2007-03-22 01:00:00,-92.5,-92.41500087415847,23.75,23.745824086151163,987.1432313592868,2007-03-24,11040003,"(23.75, -92.5)"
2007-03-22 00:00:00,-92.0,-92.0751287769602,23.75,23.676208481636824,986.0124752249283,2007-03-24,11040003,"(23.75, -92.0)"
2007-03-21 23:00:00,-91.75,-91.73904464436892,23.5,23.624277077243605,983.5662419689228,2007-03-24,11040003,"(23.5, -91.75)"
2007-03-21 22:00:00,-91.5,-91.40912684486341,23.5,23.602009449758768,981.3619361873851,2007-03-24,11040003,"(23.5, -91.5)"
2007-03-21 21:00:00,-91.0,-91.09979688848337,23.5,23.592930492036878,979.634865605605,2007-03-24,11040003,"(23.5, -91.0)"
2008-10-12 09:00:00,-100.0,-99.88028367503959,28.75,28.653993006346415,955.7893396156569,2008-10-13,11040003,"(28.75, -100.0)"
2008-10-12 08:00:00,-99.5,-99.5340954432348,28.5,28.402111925665203,963.8759746293144,2008-10-13,11040003,"(28.5, -99.5)"
2008-10-12 07:00:00,-99.25,-99.21187918219893,28.25,28.17440057870648,967.678754399168,2008-10-13,11040003,"(28.25, -99.25)"
2008-10-12 06:00:00,-99.0,-98.89488180352255,28.0,27.945779687835376,973.8889989311573,2008-10-13,11040003,"(28.0, -99.0)"
2008-10-12 05:00:00,-98.5,-98.5688890674225,27.75,27.727761008961984,971.5861103473148,2008-10-13,11040003,"(27.75, -98.5)"
2008-10-12 04:00:00,-98.25,-98.24692130027417,27.5,27.529891502363423,975.6069273438833,2008-10-13,11040003,"(27.5, -98.25)"
2008-10-12 03:00:00,-98.0,-97.92007237198898,27.25,27.36953446113772,985.2588780716085,2008-10-13,11040003,"(27.25, -98.0)"
2008-10-12 02:00:00,-97.5,-97.59503614706792,27.25,27.25172605216702,990.9965168425745,2008-10-13,11040003,"(27.25, -97.5)"
2008-10-12 01:00:00,-97.25,-97.26486708328169,27.25,27.153848017628707,995.2572825466926,2008-10-13,11040003,"(27.25, -97.25)"
2008-10-12 00:00:00,-97.0,-96.94959561863077,27.0,27.057416652095238,999.2310545745493,2008-10-13,11040003,"(27.0, -97.0)"
2008-10-11 23:00:00,-96.75,-96.65436859351242,27.0,26.98169886216593,999.763827597309,2008-10-13,11040003,"(27.0, -96.75)"
2008-10-11 22:00:00,-96.25,-96.3729391409782,27.0,26.918404526322146,1000.0,2008-10-13,11040003,"(27.0, -96.25)"
2010-08-22 02:00:00,-99.75,-99.80992674758372,27.5,27.507133137141743,940.1894117774699,2010-08-24,11040003,"(27.5, -99.75)"
2010-08-22 01:00:00,-99.5,-99.47567296809655,27.25,27.24309700905891,941.008290394848,2010-08-24,11040003,"(27.25, -99.5)"
2010-08-22 00:00:00,-99.25,-99.17061229703175,27.0,27.034034868217493,939.1173874642112,2010-08-24,11040003,"(27.0, -99.25)"
2010-08-21 23:00:00,-99.0,-98.8782750041215,26.75,26.869874832178127,934.6329626909389,2010-08-24,11040003,"(26.75, -99.0)"
2010-08-21 22:00:00,-98.75,-98.63010622704674,26.75,26.708783482747723,934.9679024456708,2010-08-24,11040003,"(26.75, -98.75)"
2010-08-21 21:00:00,-98.5,-98.44829892719501,26.5,26.54732314905538,941.6913189645443,2010-08-24,11040003,"(26.5, -98.5)"
2010-08-21 20:00:00,-98.25,-98.23801809183192,26.5,26.38995669970874,950.2786032822959,2010-08-24,11040003,"(26.5, -98.25)"
2010-08-21 19:00:00,-98.0,-98.04879138959228,26.25,26.222063437438457,958.5503449728388,2010-08-24,11040003,"(26.25, -98.0)"
2010-08-21 18:00:00,-97.75,-97.87341476731666,26.0,26.035749523586336,962.6911230083891,2010-08-24,11040003,"(26.0, -97.75)"
2010-08-21 17:00:00,-97.75,-97.70566786586636,25.75,25.82731738210578,963.4820271432369,2010-08-24,11040003,"(25.75, -97.75)"
2010-08-21 16:00:00,-97.5,-97.53996811262581,25.5,25.60728825310378,965.648537354679,2010-08-24,11040003,"(25.5, -97.5)"
2010-08-21 15:00:00,-97.25,-97.35858513494063,25.5,25.378518193659993,970.3071529531139,2010-08-24,11040003,"(25.5, -97.25)"
2010-08-21 14:00:00,-97.25,-97.1591704186565,25.25,25.165277027235646,974.8698023733953,2010-08-24,11040003,"(25.25, -97.25)"
2010-08-21 13:00:00,-97.0,-96.95141405319552,25.0,24.968214878980085,977.0605398138067,2010-08-24,11040003,"(25.0, -97.0)"
2010-08-21 12:00:00,-96.75,-96.73946637498503,24.75,24.764720867061378,978.0884210604879,2010-08-24,11040003,"(24.75, -96.75)"
2010-08-21 11:00:00,-96.5,-96.51660957161143,24.5,24.549557044162473,979.0478251050943,2010-08-24,11040003,"(24.5, -96.5)"
2010-08-21 10:00:00,-96.25,-96.27197708685392,24.25,24.33925983325643,979.7689457183378,2010-08-24,11040003,"(24.25, -96.25)"
2010-08-21 09:00:00,-96.0,-96.00014412293726,24.25,24.14198673109543,978.5611646920427,2010-08-24,11040003,"(24.25, -96.0)"
2010-08-21 08:00:00,-95.75,-95.69837076032638,24.0,23.939473674747983,978.5604932322708,2010-08-24,11040003,"(24.0, -95.75)"
2010-08-21 07:00:00,-95.5,-95.37993075633284,23.75,23.738058407038963,980.2503697937442,2010-08-24,11040003,"(23.75, -95.5)"
2010-08-21 06:00:00,-95.0,-95.02281123154611,23.5,23.55527455110406,981.3655585896831,2010-08-24,11040003,"(23.5, -95.0)"
2010-08-21 05:00:00,-94.75,-94.63029218587495,23.5,23.398320202298258,982.3755366087763,2010-08-24,11040003,"(23.5, -94.75)"
2010-08-21 04:00:00,-94.25,-94.21437935847963,23.25,23.264180546875764,981.7285387690408,2010-08-24,11040003,"(23.25, -94.25)"
2010-08-21 03:00:00,-93.75,-93.79442825090662,23.25,23.15701627019967,982.477336806886,2010-08-24,11040003,"(23.25, -93.75)"
2010-08-21 02:00:00,-93.5,-93.37537472830013,23.0,23.062390405731986,982.2141902125771,2010-08-24,11040003,"(23.0, -93.5)"
2010-08-21 01:00:00,-93.0,-92.96797836840044,23.0,22.968722418232588,982.198510550559,2010-08-24,11040003,"(23.0, -93.0)"
2011-10-07 03:00:00,-99.75,-99.86309627230375,28.5,28.621750888911,961.6691740165481,2011-10-08,11040003,"(28.5, -99.75)"
2011-10-07 02:00:00,-99.5,-99.49535937688313,28.25,28.35462325893347,968.6257439270266,2011-10-08,11040003,"(28.25, -99.5)"
2011-10-07 01:00:00,-99.25,-99.1316256029562,28.25,28.126054459711987,972.7055918566952,2011-10-08,11040003,"(28.25, -99.25)"
2011-10-07 00:00:00,-98.75,-98.78013384995286,28.0,27.936735762045597,978.1061223618426,2011-10-08,11040003,"(28.0, -98.75)"
2011-10-06 23:00:00,-98.5,-98.50290345329681,27.75,27.791732988812235,974.2157328283406,2011-10-08,11040003,"(27.75, -98.5)"
2011-10-06 22:00:00,-98.25,-98.25553090926343,27.75,27.652619140501535,980.103502854056,2011-10-08,11040003,"(27.75, -98.25)"
2011-10-06 21:00:00,-98.0,-98.05169378232556,27.5,27.539322639819343,987.8426069722972,2011-10-08,11040003,"(27.5, -98.0)"
2011-10-06 20:00:00,-97.75,-97.83981406672707,27.5,27.409185104928685,993.1372098736013,2011-10-08,11040003,"(27.5, -97.75)"
2011-10-06 19:00:00,-97.75,-97.6508521543489,27.25,27.277790902468606,996.3890974062436,2011-10-08,11040003,"(27.25, -97.75)"
2011-10-06 18:00:00,-97.5,-97.4886806172218,27.25,27.14406448780762,998.7714042482206,2011-10-08,11040003,"(27.25, -97.5)"
2011-10-06 17:00:00,-97.25,-97.35452762424964,27.0,27.00516134754796,999.8025656588198,2011-10-08,11040003,"(27.0, -97.25)"
2011-10-06 16:00:00,-97.25,-97.25222662738678,26.75,26.86521424314031,999.933034714114,2011-10-08,11040003,"(26.75, -97.25)"
2011-10-06 15:00:00,-97.25,-97.18939763466122,26.75,26.730389562638194,999.8387372573949,2011-10-08,11040003,"(26.75, -97.25)"
2011-10-06 14:00:00,-97.25,-97.15019914660999,26.5,26.60231461627019,1000.0,2011-10-08,11040003,"(26.5, -97.25)"
2013-09-10 22:00:00,-99.5,-99.49535393260965,30.0,29.911360427306423,868.652141561545,2013-09-12,11040003,"(30.0, -99.5)"
2013-09-10 21:00:00,-99.25,-99.27673729698417,29.75,29.708513913339704,869.7103853535364,2013-09-12,11040003,"(29.75, -99.25)"
2013-09-10 20:00:00,-99.0,-98.98473581713868,29.5,29.52803087931334,861.4526981486063,2013-09-12,11040003,"(29.5, -99.0)"
2013-09-10 19:00:00,-98.75,-98.74404721445237,29.25,29.366039100977165,845.9407286004296,2013-09-12,11040003,"(29.25, -98.75)"
2013-09-10 18:00:00,-98.5,-98.51668463321403,29.25,29.21020006434839,848.2713750225704,2013-09-12,11040003,"(29.25, -98.5)"
2013-09-10 17:00:00,-98.25,-98.30490171500811,29.0,29.04679061404819,853.6769511313846,2013-09-12,11040003,"(29.0, -98.25)"
2013-09-10 16:00:00,-98.0,-98.0906111904884,29.0,28.881071669370108,865.5394430748944,2013-09-12,11040003,"(29.0, -98.0)"
2013-09-10 15:00:00,-97.75,-97.87376379564964,28.75,28.703947360798068,870.5797292923103,2013-09-12,11040003,"(28.75, -97.75)"
2013-09-10 14:00:00,-97.75,-97.66188270768076,28.5,28.527660511658002,873.967329361798,2013-09-12,11040003,"(28.5, -97.75)"
2013-09-10 13:00:00,-97.5,-97.44354915431336,28.25,28.348651481992906,863.7739518248937,2013-09-12,11040003,"(28.25, -97.5)"
2013-09-10 12:00:00,-97.25,-97.24308236254453,28.25,28.183317894425763,880.9611563990023,2013-09-12,11040003,"(28.25, -97.25)"
2013-09-10 11:00:00,-97.0,-97.06513067736331,28.0,28.00433787193503,888.9830509512216,2013-09-12,11040003,"(28.0, -97.0)"
2013-09-10 10:00:00,-97.0,-96.90902820416491,27.75,27.80674254935951,892.0287166781848,2013-09-12,11040003,"(27.75, -97.0)"
2013-09-10 09:00:00,-96.75,-96.74695749103262,27.5,27.591113957229304,877.894015811346,2013-09-12,11040003,"(27.5, -96.75)"
2013-09-10 08:00:00,-96.5,-96.5123855365392,27.25,27.348421245215086,875.3497116547104,2013-09-12,11040003,"(27.25, -96.5)"
2013-09-10 07:00:00,-96.25,-96.2899196202646,27.0,27.100938693101106,883.2988286617178,2013-09-12,11040003,"(27.0, -96.25)"
2013-09-10 06:00:00,-96.0,-96.05162357475959,26.75,26.85639373130192,898.1589905378885,2013-09-12,11040003,"(26.75, -96.0)"
2013-09-10 05:00:00,-95.75,-95.81415424845056,26.5,26.62456964908361,907.2820237969061,2013-09-12,11040003,"(26.5, -95.75)"
2013-09-10 04:00:00,-95.5,-95.56467194901478,26.5,26.401238159217172,914.213645670058,2013-09-12,11040003,"(26.5, -95.5)"
2013-09-10 03:00:00,-95.25,-95.28257011919001,26.25,26.19533098390626,917.0981278795631,2013-09-12,11040003,"(26.25, -95.25)"
2013-09-10 02:00:00,-95.0,-94.98774630534948,26.0,26.017464445990733,916.9819952971728,2013-09-12,11040003,"(26.0, -95.0)"
2013-09-10 01:00:00,-94.75,-94.69329516433737,25.75,25.864245818464436,908.2107284707109,2013-09-12,11040003,"(25.75, -94.75)"
2013-09-10 00:00:00,-94.5,-94.38532408679143,25.75,25.718659520826137,899.818348852306,2013-09-12,11040003,"(25.75, -94.5)"
2013-09-09 23:00:00,-94.0,-94.09579266339438,25.5,25.5644009335274,895.7582097881784,2013-09-12,11040003,"(25.5, -94.0)"
2013-09-09 22:00:00,-93.75,-93.82555728423205,25.5,25.394863249315083,897.3361882632375,2013-09-12,11040003,"(25.5, -93.75)"
2013-09-09 21:00:00,-93.5,-93.56635060474345,25.25,25.19746161775347,905.6837122564235,2013-09-12,11040003,"(25.25, -93.5)"
2013-09-09 20:00:00,-93.25,-93.27156213321564,25.0,25.04792725840598,909.931009868425,2013-09-12,11040003,"(25.0, -93.25)"
2013-09-09 19:00:00,-93.0,-92.98850660221008,25.0,24.897997277576337,910.7587563033795,2013-09-12,11040003,"(25.0, -93.0)"
2013-09-09 18:00:00,-92.75,-92.71975843673475,24.75,24.749415469289524,909.050364960294,2013-09-12,11040003,"(24.75, -92.75)"
2013-09-09 17:00:00,-92.5,-92.45022431158557,24.5,24.60258999111534,913.2216646304365,2013-09-12,11040003,"(24.5, -92.5)"
2013-09-09 16:00:00,-92.25,-92.17551532211392,24.5,24.462498069652586,915.7228408925067,2013-09-12,11040003,"(24.5, -92.25)"
2013-09-09 15:00:00,-92.0,-91.8889437086255,24.25,24.33432726281793,915.0756149689156,2013-09-12,11040003,"(24.25, -92.0)"
2013-09-09 14:00:00,-91.5,-91.6056379092172,24.25,24.21485624760905,915.007113229757,2013-09-12,11040003,"(24.25, -91.5)"
2013-09-09 13:00:00,-91.25,-91.33397499337028,24.0,24.11003978638201,918.5216324452465,2013-09-12,11040003,"(24.0, -91.25)"
2013-09-09 12:00:00,-91.0,-91.08370248701571,24.0,24.02542892631212,920.149148003731,2013-09-12,11040003,"(24.0, -91.0)"
2016-06-24 13:00:00,-100.0,-100.06703889825211,27.0,27.11696122415085,856.2209236403928,2016-06-26,11040003,"(27.0, -100.0)"
2016-06-24 12:00:00,-99.75,-99.86623695230155,26.75,26.78937425057937,852.729464875817,2016-06-26,11040003,"(26.75, -99.75)"
2016-06-24 11:00:00,-99.75,-99.67560314105006,26.5,26.447607477023816,857.0751745560846,2016-06-26,11040003,"(26.5, -99.75)"
2016-06-24 10:00:00,-99.5,-99.48791694631157,26.0,26.088181191556757,861.7700867922299,2016-06-26,11040003,"(26.0, -99.5)"
2016-06-24 09:00:00,-99.25,-99.31256582132178,25.75,25.70887442042105,870.537055830352,2016-06-26,11040003,"(25.75, -99.25)"
2016-06-24 08:00:00,-99.25,-99.21838823668152,25.25,25.32936514005842,867.7448054226878,2016-06-26,11040003,"(25.25, -99.25)"
2016-06-24 07:00:00,-99.0,-99.11932814123968,25.0,24.922479362248637,861.6281690481744,2016-06-26,11040003,"(25.0, -99.0)"
2016-06-24 06:00:00,-99.0,-99.0260323388366,24.5,24.52038865286366,839.795636920242,2016-06-26,11040003,"(24.5, -99.0)"
2016-06-24 05:00:00,-99.0,-98.92632856482113,24.25,24.145025014955106,819.3544559066872,2016-06-26,11040003,"(24.25, -99.0)"
2016-06-24 04:00:00,-98.75,-98.83029913362552,23.75,23.869126031792874,816.1982914463046,2016-06-26,11040003,"(23.75, -98.75)"
2016-06-24 03:00:00,-98.75,-98.75972545953248,23.75,23.656427698824835,818.9177322972968,2016-06-26,11040003,"(23.75, -98.75)"
2016-06-24 02:00:00,-98.75,-98.71690824529776,23.5,23.48878603273354,818.7319705688994,2016-06-26,11040003,"(23.5, -98.75)"
2016-06-24 01:00:00,-98.75,-98.68265368133426,23.25,23.344886286521863,812.4178648281962,2016-06-26,11040003,"(23.25, -98.75)"
2016-06-24 00:00:00,-98.75,-98.6523364167613,23.25,23.224137901429305,801.8519420218752,2016-06-26,11040003,"(23.25, -98.75)"
2016-06-23 23:00:00,-98.5,-98.62281742339854,23.0,23.121244166177267,802.2074508518754,2016-06-26,11040003,"(23.0, -98.5)"
2016-06-23 22:00:00,-98.5,-98.55857984892673,23.0,23.02629658192069,806.3859133563369,2016-06-26,11040003,"(23.0, -98.5)"
2016-06-23 21:00:00,-98.5,-98.48795554920311,23.0,22.920509838857853,809.9672060459703,2016-06-26,11040003,"(23.0, -98.5)"
2016-06-23 20:00:00,-98.5,-98.41253718857058,22.75,22.821493979524313,826.2519843987499,2016-06-26,11040003,"(22.75, -98.5)"
2016-06-23 19:00:00,-98.25,-98.34516526971993,22.75,22.713496861505195,827.7759937517386,2016-06-26,11040003,"(22.75, -98.25)"
2016-06-23 18:00:00,-98.25,-98.28435132377518,22.5,22.588613708118864,821.9947166750579,2016-06-26,11040003,"(22.5, -98.25)"
2016-06-23 17:00:00,-98.25,-98.21890105350369,22.5,22.449849875974316,815.3261080338493,2016-06-26,11040003,"(22.5, -98.25)"
2016-06-23 16:00:00,-98.25,-98.14725139687177,22.25,22.299655604995504,811.0923257044036,2016-06-26,11040003,"(22.25, -98.25)"
2016-06-23 15:00:00,-98.0,-98.06102935061577,22.25,22.140726601955656,807.9859528171811,2016-06-26,11040003,"(22.25, -98.0)"
2016-06-23 14:00:00,-98.0,-97.95752900407948,22.0,21.977929549189497,807.7314081735599,2016-06-26,11040003,"(22.0, -98.0)"
2022-07-26 07:00:00,-98.0,-98.07207469189169,29.75,29.777871636810993,911.733870417607,2022-07-29,11040003,"(29.75, -98.0)"
2022-07-26 06:00:00,-98.0,-98.07810512926366,29.5,29.408671454416293,914.0530655290562,2022-07-29,11040003,"(29.5, -98.0)"
2022-07-26 05:00:00,-98.0,-98.02455574065985,29.0,29.0100512210476,920.0204913939837,2022-07-29,11040003,"(29.0, -98.0)"
2022-07-26 04:00:00,-98.0,-97.91200348552877,28.5,28.582819402905653,920.2296702501114,2022-07-29,11040003,"(28.5, -98.0)"
2022-07-26 03:00:00,-97.75,-97.74934339408452,28.25,28.186247500003066,917.3913225889995,2022-07-29,11040003,"(28.25, -97.75)"
2022-07-26 02:00:00,-97.5,-97.56489578027092,27.75,27.83713890283083,921.1883400289883,2022-07-29,11040003,"(27.75, -97.5)"
2022-07-26 01:00:00,-97.5,-97.38270964827964,27.5,27.531801068749655,913.9182476497876,2022-07-29,11040003,"(27.5, -97.5)"
2023-07-05 09:00:00,-99.75,-99.72727041888753,29.75,29.78918112845912,884.0054149680396,2023-07-07,11040003,"(29.75, -99.75)"
2023-07-05 08:00:00,-99.75,-99.64817673703216,29.5,29.387017042803308,888.686834530688,2023-07-07,11040003,"(29.5, -99.75)"
2023-07-05 07:00:00,-99.5,-99.52580132882866,29.0,28.9733337448611,912.6197636212711,2023-07-07,11040003,"(29.0, -99.5)"
2023-07-05 06:00:00,-99.25,-99.34583352586591,28.5,28.546727163947416,925.5618595238409,2023-07-07,11040003,"(28.5, -99.25)"
2023-07-05 05:00:00,-99.0,-99.12202773972214,28.0,28.107279512419517,930.7679315964172,2023-07-07,11040003,"(28.0, -99.0)"
2023-07-05 04:00:00,-98.75,-98.87387903515882,27.75,27.688798133484582,934.5563650261214,2023-07-07,11040003,"(27.75, -98.75)"
2023-07-05 03:00:00,-98.5,-98.5859102920098,27.25,27.288191500065327,920.8372507019146,2023-07-07,11040003,"(27.25, -98.5)"
2023-07-05 02:00:00,-98.25,-98.2988951236105,27.0,26.95197956486121,918.527671369784,2023-07-07,11040003,"(27.0, -98.25)"
2023-07-05 01:00:00,-98.0,-98.02887799186476,26.75,26.671139430288022,917.0957597267452,2023-07-07,11040003,"(26.75, -98.0)"
2023-07-05 00:00:00,-97.75,-97.78178294197261,26.5,26.419791176009777,916.6531557383331,2023-07-07,11040003,"(26.5, -97.75)"
2023-07-04 23:00:00,-97.5,-97.55970527983548,26.25,26.178751123792548,914.0180247625567,2023-07-07,11040003,"(26.25, -97.5)"
2023-07-04 22:00:00,-97.25,-97.36755438326927,26.0,25.940605714346134,914.9273063576481,2023-07-07,11040003,"(26.0, -97.25)"
2023-07-04 21:00:00,-97.25,-97.20457171018526,25.75,25.70014354206669,914.9647572639915,2023-07-07,11040003,"(25.75, -97.25)"
2023-07-04 20:00:00,-97.0,-97.05163507778519,25.5,25.46334225243266,906.53155673167,2023-07-07,11040003,"(25.5, -97.0)"
2023-07-04 19:00:00,-97.0,-96.92723764733584,25.25,25.234118451149044,902.417124683621,2023-07-07,11040003,"(25.25, -97.0)"
2023-07-04 18:00:00,-96.75,-96.82196728580534,25.0,25.00018720732529,898.7007066529706,2023-07-07,11040003,"(25.0, -96.75)"
2023-07-04 17:00:00,-96.75,-96.73548378167645,24.75,24.76555971533191,895.0903966093737,2023-07-07,11040003,"(24.75, -96.75)"
2023-07-04 16:00:00,-96.75,-96.66225296527112,24.5,24.529953661943548,892.2613866666601,2023-07-07,11040003,"(24.5, -96.75)"
2023-07-04 15:00:00,-96.5,-96.59528072338587,24.25,24.282971794096817,896.9560313035159,2023-07-07,11040003,"(24.25, -96.5)"
2023-07-04 14:00:00,-96.5,-96.52552649791382,24.0,24.025562365182168,903.0491406889834,2023-07-07,11040003,"(24.0, -96.5)"
2023-07-04 13:00:00,-96.5,-96.44204459258296,23.75,23.754477441909746,905.9655890747454,2023-07-07,11040003,"(23.75, -96.5)"
2023-07-04 12:00:00,-96.25,-96.33377329075626,23.5,23.468573657144407,903.4084012677419,2023-07-07,11040003,"(23.5, -96.25)"
2023-07-04 11:00:00,-96.25,-96.21539878542983,23.25,23.192002860065706,898.4806927072261,2023-07-07,11040003,"(23.25, -96.25)"
2023-07-04 10:00:00,-96.0,-96.05800576712048,23.0,22.91776310528249,902.2360298900461,2023-07-07,11040003,"(23.0, -96.0)"
2023-07-04 09:00:00,-95.75,-95.8634939771543,22.75,22.643349491177375,904.8448137509635,2023-07-07,11040003,"(22.75, -95.75)"
2023-07-04 08:00:00,-95.75,-95.6625570830026,22.5,22.406717327557654,909.0287513577726,2023-07-07,11040003,"(22.5, -95.75)"
2023-07-04 07:00:00,-95.5,-95.41046685849204,22.25,22.18157166527782,908.9778628207126,2023-07-07,11040003,"(22.25, -95.5)"
2023-07-04 06:00:00,-95.0,-95.11902362290326,22.0,21.975637696705544,908.8914602443642,2023-07-07,11040003,"(22.0, -95.0)"
2010-07-23 19:00:00,-99.75,-99.8640320671583,27.25,27.25319808110662,919.5715438718937,2010-07-26,13020101,"(27.25, -99.75)"
2010-07-23 18:00:00,-99.5,-99.60953019906994,27.0,27.099531454460816,918.5431311246113,2010-07-26,13020101,"(27.0, -99.5)"
2010-07-23 17:00:00,-99.25,-99.31438205306388,27.0,26.881069849011954,916.8417192561827,2010-07-26,13020101,"(27.0, -99.25)"
2010-07-23 16:00:00,-99.0,-99.02722171358188,26.75,26.676820023348164,914.1629188166929,2010-07-26,13020101,"(26.75, -99.0)"
2010-07-23 15:00:00,-98.75,-98.7313650651318,26.5,26.458420933720106,903.2047769294782,2010-07-26,13020101,"(26.5, -98.75)"
2010-07-23 14:00:00,-98.5,-98.40237741370835,26.25,26.18856828503626,900.8620174096146,2010-07-26,13020101,"(26.25, -98.5)"
2010-07-23 13:00:00,-98.0,-98.05790521819014,26.0,25.920143574537274,900.1119260576837,2010-07-26,13020101,"(26.0, -98.0)"
2010-07-23 12:00:00,-97.75,-97.65771386511298,25.75,25.646344001091645,904.6480234266572,2010-07-26,13020101,"(25.75, -97.75)"
2010-07-23 11:00:00,-97.25,-97.25314855564821,25.25,25.373585923742507,921.8239939825119,2010-07-26,13020101,"(25.25, -97.25)"
2010-07-23 10:00:00,-96.75,-96.7947174453554,25.0,25.115227166079784,939.0412774064513,2010-07-26,13020101,"(25.0, -96.75)"
2010-07-23 09:00:00,-96.25,-96.29753682261686,24.75,24.871458217737075,945.1888528080408,2010-07-26,13020101,"(24.75, -96.25)"
2010-07-23 08:00:00,-96.0,-95.89626960946505,24.75,24.629439035477,945.8096229102081,2010-07-26,13020101,"(24.75, -96.0)"
2010-07-23 07:00:00,-95.5,-95.46095214336925,24.5,24.42491434902262,947.317544992047,2010-07-26,13020101,"(24.5, -95.5)"
2010-07-23 06:00:00,-95.0,-94.99097229784476,24.25,24.253585137994687,952.3880669462276,2010-07-26,13020101,"(24.25, -95.0)"
2010-07-23 05:00:00,-94.5,-94.50204265415131,24.0,24.083011293032673,955.7191447126986,2010-07-26,13020101,"(24.0, -94.5)"
2010-07-23 04:00:00,-94.0,-94.03490925853339,24.0,23.916621278686936,955.8431435462933,2010-07-26,13020101,"(24.0, -94.0)"
2010-07-23 03:00:00,-93.5,-93.57118731085092,23.75,23.72882013058947,955.9860980452354,2010-07-26,13020101,"(23.75, -93.5)"
2010-07-23 02:00:00,-93.0,-93.11464598208535,23.5,23.521791965836453,951.7988979856049,2010-07-26,13020101,"(23.5, -93.0)"
2010-07-23 01:00:00,-92.75,-92.68265813516118,23.25,23.35367753646882,955.4357353978529,2010-07-26,13020101,"(23.25, -92.75)"
2010-09-20 20:00:00,-100.0,-99.95702658690885,26.5,26.511273838284772,887.7427038200001,2010-09-23,13020101,"(26.5, -100.0)"
2010-09-20 19:00:00,-99.75,-99.74644969233887,26.5,26.397731313704515,891.7815669930806,2010-09-23,13020101,"(26.5, -99.75)"
2010-09-20 18:00:00,-99.5,-99.56727839042327,26.25,26.275840117889636,891.9387365241976,2010-09-23,13020101,"(26.25, -99.5)"
2010-09-20 17:00:00,-99.5,-99.40586259232906,26.25,26.13312005615502,895.9058671706358,2010-09-23,13020101,"(26.25, -99.5)"
2010-09-20 16:00:00,-99.25,-99.25262186030088,26.0,25.98482493142049,904.7770201465363,2010-09-23,13020101,"(26.0, -99.25)"
2010-09-20 15:00:00,-99.0,-99.10479783558348,25.75,25.828674251660928,909.2825256455745,2010-09-23,13020101,"(25.75, -99.0)"
2010-09-20 14:00:00,-99.0,-98.971556010557,25.75,25.669466692421523,911.1331736990886,2010-09-23,13020101,"(25.75, -99.0)"
2010-09-20 13:00:00,-98.75,-98.85501324135862,25.5,25.507923673197322,911.796155748347,2010-09-23,13020101,"(25.5, -98.75)"
2010-09-20 12:00:00,-98.75,-98.73283296999196,25.25,25.339399165305167,911.5161242914907,2010-09-23,13020101,"(25.25, -98.75)"
2010-09-20 11:00:00,-98.5,-98.58520783423299,25.25,25.164526002072364,906.7702613408047,2010-09-23,13020101,"(25.25, -98.5)"
2010-09-20 10:00:00,-98.5,-98.40264591832667,25.0,24.983300152988942,899.92124524417,2010-09-23,13020101,"(25.0, -98.5)"
2010-09-20 09:00:00,-98.25,-98.2044679231316,24.75,24.787398018474253,899.1202096708956,2010-09-23,13020101,"(24.75, -98.25)"
2010-09-20 08:00:00,-98.0,-97.99623379928438,24.5,24.58562613561951,902.4470326293425,2010-09-23,13020101,"(24.5, -98.0)"
2010-09-20 07:00:00,-97.75,-97.75837152592274,24.5,24.387426098326983,912.5163574522655,2010-09-23,13020101,"(24.5, -97.75)"
2010-09-20 06:00:00,-97.5,-97.49919470569371,24.25,24.219542585634052,922.7677690225532,2010-09-23,13020101,"(24.25, -97.5)"
2010-09-20 05:00:00,-97.25,-97.21203296267635,24.0,24.093142313425155,928.9472816181344,2010-09-23,13020101,"(24.0, -97.25)"
2010-09-20 04:00:00,-97.0,-96.90225758867466,24.0,24.007479525325785,938.2204864868135,2010-09-23,13020101,"(24.0, -97.0)"
2010-09-20 03:00:00,-96.5,-96.58581354342431,24.0,23.95779383000316,949.2218734719319,2010-09-23,13020101,"(24.0, -96.5)"
2010-09-20 02:00:00,-96.25,-96.26931117980776,24.0,23.927235861588066,956.914666884768,2010-09-23,13020101,"(24.0, -96.25)"
2010-09-20 01:00:00,-96.0,-95.95648832513574,24.0,23.916376379513654,962.1356469781133,2010-09-23,13020101,"(24.0, -96.0)"
2017-10-03 11:00:00,-100.0,-100.0157903895736,25.75,25.832691133974635,716.9537855189369,2017-10-06,13020101,"(25.75, -100.0)"
2017-10-03 10:00:00,-100.0,-99.9024940424836,25.75,25.72635593851533,712.0086341566547,2017-10-06,13020101,"(25.75, -100.0)"
2017-10-03 09:00:00,-99.75,-99.77271152228444,25.5,25.607570220420044,714.6249556296727,2017-10-06,13020101,"(25.5, -99.75)"
2017-10-03 08:00:00,-99.5,-99.61390400773614,25.5,25.47449555545904,709.0579259265023,2017-10-06,13020101,"(25.5, -99.5)"
2017-10-03 07:00:00,-99.5,-99.44486995832762,25.25,25.352063851078622,701.9908230066711,2017-10-06,13020101,"(25.25, -99.5)"
2017-10-03 06:00:00,-99.25,-99.26205144458628,25.25,25.245980289463063,693.7032150750853,2017-10-06,13020101,"(25.25, -99.25)"
2017-10-03 05:00:00,-99.0,-99.07001001128907,25.25,25.16113047832987,689.0654097606019,2017-10-06,13020101,"(25.25, -99.0)"
2017-10-03 04:00:00,-98.75,-98.86793566246567,25.0,25.087726337170707,686.7037792870764,2017-10-06,13020101,"(25.0, -98.75)"
2017-10-03 03:00:00,-98.75,-98.6631026741031,25.0,25.026466947818683,687.7155301482295,2017-10-06,13020101,"(25.0, -98.75)"
2017-10-03 02:00:00,-98.5,-98.48405048145865,25.0,24.999388909388816,688.4157529815222,2017-10-06,13020101,"(25.0, -98.5)"
2017-10-03 01:00:00,-98.25,-98.30607248194556,25.0,24.9848982711462,694.126039434319,2017-10-06,13020101,"(25.0, -98.25)"
2000-10-28 00:00:00,-99.75,-99.86004252879304,29.0,28.94549035315569,895.4820762446476,2000-10-29,11020011,"(29.0, -99.75)"
2000-10-27 23:00:00,-99.5,-99.61010468203395,28.75,28.650161364817667,907.0107728906623,2000-10-29,11020011,"(28.75, -99.5)"
2000-10-27 22:00:00,-99.5,-99.38243775823558,28.25,28.365207396692647,916.1979665524843,2000-10-29,11020011,"(28.25, -99.5)"
2000-10-27 21:00:00,-99.25,-99.17237873968917,28.0,28.1043589003124,923.2748560938708,2000-10-29,11020011,"(28.0, -99.25)"
2000-10-27 20:00:00,-99.0,-98.97973710604924,27.75,27.859554449011743,930.5949315318836,2000-10-29,11020011,"(27.75, -99.0)"
2000-10-27 19:00:00,-98.75,-98.80054974734452,27.5,27.60538746851817,933.6536127675553,2000-10-29,11020011,"(27.5, -98.75)"
2000-10-27 18:00:00,-98.5,-98.61077408249682,27.25,27.332133512625948,936.294447192504,2000-10-29,11020011,"(27.25, -98.5)"
2000-10-27 17:00:00,-98.5,-98.4171679191519,27.0,27.061663509858235,943.6963002603742,2000-10-29,11020011,"(27.0, -98.5)"
2000-10-27 16:00:00,-98.25,-98.2197361634728,26.75,26.806069207252957,950.2233949271945,2000-10-29,11020011,"(26.75, -98.25)"
2000-10-27 15:00:00,-98.0,-98.03122166416449,26.5,26.5575453497868,952.3283719699365,2000-10-29,11020011,"(26.5, -98.0)"
2000-10-27 14:00:00,-97.75,-97.8496178552322,26.25,26.30633331974631,953.4929176417595,2000-10-29,11020011,"(26.25, -97.75)"
2000-10-27 13:00:00,-97.75,-97.65946673909345,26.0,26.03035314411384,954.4017676483909,2000-10-29,11020011,"(26.0, -97.75)"
2000-10-27 12:00:00,-97.5,-97.48314381843193,25.75,25.748358663025975,956.4539577420112,2000-10-29,11020011,"(25.75, -97.5)"
2000-10-27 11:00:00,-97.25,-97.32494047038819,25.5,25.466270197295277,962.4872293826105,2000-10-29,11020011,"(25.5, -97.25)"
2000-10-27 10:00:00,-97.25,-97.15997288113195,25.25,25.185386740712254,969.9067326331722,2000-10-29,11020011,"(25.25, -97.25)"
2000-10-27 09:00:00,-97.0,-96.98130191334295,25.0,24.914911197785816,974.4686827032484,2000-10-29,11020011,"(25.0, -97.0)"
2000-10-27 08:00:00,-96.75,-96.79670225476612,24.75,24.659430547278323,976.1493990507364,2000-10-29,11020011,"(24.75, -96.75)"
2000-10-27 07:00:00,-96.75,-96.62503759191621,24.5,24.423726252664718,978.7639084821137,2000-10-29,11020011,"(24.5, -96.75)"
2000-10-27 06:00:00,-96.5,-96.4433378267914,24.25,24.198940454450774,980.255524029701,2000-10-29,11020011,"(24.25, -96.5)"
2000-10-27 05:00:00,-96.25,-96.25806246647844,24.0,23.996199821925128,980.3127944267181,2000-10-29,11020011,"(24.0, -96.25)"
2000-10-27 04:00:00,-96.0,-96.071263566856,23.75,23.810642344221876,981.0508184947353,2000-10-29,11020011,"(23.75, -96.0)"
2000-10-27 03:00:00,-96.0,-95.87974059764899,23.75,23.641966498545287,982.6153046467882,2000-10-29,11020011,"(23.75, -96.0)"
2000-10-27 02:00:00,-95.75,-95.68590007618144,23.5,23.49316003229632,983.2552983898318,2000-10-29,11020011,"(23.5, -95.75)"
2000-10-27 01:00:00,-95.5,-95.49747651284602,23.25,23.37269988022853,983.2689502655354,2000-10-29,11020011,"(23.25, -95.5)"
2000-10-27 00:00:00,-95.25,-95.31808578731632,23.25,23.260914339492164,984.9195531040358,2000-10-29,11020011,"(23.25, -95.25)"
2000-10-26 23:00:00,-95.25,-95.13538516619258,23.25,23.1445335649011,985.2874827045068,2000-10-29,11020011,"(23.25, -95.25)"
2000-10-26 22:00:00,-95.0,-94.94539759490345,23.0,23.035008360346986,985.3370465923944,2000-10-29,11020011,"(23.0, -95.0)"
2000-10-26 21:00:00,-94.75,-94.75925299598222,23.0,22.93496721736912,984.0574641930314,2000-10-29,11020011,"(23.0, -94.75)"
2000-10-26 20:00:00,-94.5,-94.55915293983713,22.75,22.82750886302005,984.9360434481039,2000-10-29,11020011,"(22.75, -94.5)"
2000-10-26 19:00:00,-94.25,-94.35166644821943,22.75,22.726692996332872,984.7792974689406,2000-10-29,11020011,"(22.75, -94.25)"
2000-10-26 18:00:00,-94.25,-94.13878554418888,22.75,22.630866644071315,984.9554862595771,2000-10-29,11020011,"(22.75, -94.25)"
2000-10-26 17:00:00,-94.0,-93.93164393750071,22.5,22.552906038475005,983.4748682023691,2000-10-29,11020011,"(22.5, -94.0)"
2000-10-26 16:00:00,-93.75,-93.72494172325678,22.5,22.48416221372086,982.7737136383952,2000-10-29,11020011,"(22.5, -93.75)"
2000-10-26 15:00:00,-93.5,-93.50764481116497,22.5,22.419016504376806,982.6400684029014,2000-10-29,11020011,"(22.5, -93.5)"
2000-10-26 14:00:00,-93.25,-93.28045383733378,22.25,22.363820474848673,980.9362420111448,2000-10-29,11020011,"(22.25, -93.25)"
2000-10-26 13:00:00,-93.0,-93.04524687926232,22.25,22.319062918845077,978.7038510122292,2000-10-29,11020011,"(22.25, -93.0)"
2000-10-26 12:00:00,-92.75,-92.80523826549931,22.25,22.275726147464134,976.2792478183662,2000-10-29,11020011,"(22.25, -92.75)"
2000-10-26 11:00:00,-92.5,-92.57000375991586,22.25,22.23243468784963,976.3094455987753,2000-10-29,11020011,"(22.25, -92.5)"
2000-10-26 10:00:00,-92.25,-92.32964234488122,22.25,22.174848020694654,980.3054667308413,2000-10-29,11020011,"(22.25, -92.25)"
2000-10-26 09:00:00,-92.0,-92.06935182414188,22.0,22.11331352620845,984.5052085595563,2000-10-29,11020011,"(22.0, -92.0)"
2000-10-26 08:00:00,-91.75,-91.78749130032813,22.0,22.071491854501712,987.6850173855893,2000-10-29,11020011,"(22.0, -91.75)"
2000-10-26 07:00:00,-91.5,-91.49617870046959,22.0,22.048999339591695,990.9459598499582,2000-10-29,11020011,"(22.0, -91.5)"
2000-10-26 06:00:00,-91.25,-91.18726597282496,22.0,22.04349110206097,992.0268600416828,2000-10-29,11020011,"(22.0, -91.25)"
2000-10-26 05:00:00,-91.0,-90.88037263170013,22.0,22.05689255638791,991.7071522841131,2000-10-29,11020011,"(22.0, -91.0)"
2000-10-28 05:00:00,-100.0,-100.11043400969552,28.25,28.23953620238002,968.5509641929434,2000-10-29,11040004,"(28.25, -100.0)"
2000-10-28 04:00:00,-99.75,-99.81739243157753,28.0,27.959442376642578,973.9418849778591,2000-10-29,11040004,"(28.0, -99.75)"
2000-10-28 03:00:00,-99.5,-99.51638164225375,27.75,27.69652253268983,975.5253346984101,2000-10-29,11040004,"(27.75, -99.5)"
2000-10-28 02:00:00,-99.25,-99.20601691795777,27.5,27.43615893151651,979.4557821187165,2000-10-29,11040004,"(27.5, -99.25)"
2000-10-28 01:00:00,-99.0,-98.92300897662058,27.25,27.209397988140818,974.5977506749184,2000-10-29,11040004,"(27.25, -99.0)"
2000-10-28 00:00:00,-98.75,-98.64940232770165,27.0,26.977735780765293,975.2500862490507,2000-10-29,11040004,"(27.0, -98.75)"
2000-10-27 23:00:00,-98.5,-98.40151679921696,26.75,26.72757377178725,981.9120229477659,2000-10-29,11040004,"(26.75, -98.5)"
2000-10-27 22:00:00,-98.25,-98.19222616631701,26.5,26.47648562872804,988.8282119639465,2000-10-29,11040004,"(26.5, -98.25)"
2000-10-27 21:00:00,-98.0,-97.99581716800823,26.25,26.21203724722123,992.9608067578861,2000-10-29,11040004,"(26.25, -98.0)"
2000-10-27 20:00:00,-97.75,-97.78994335006868,26.0,25.94825462969047,994.2064770610166,2000-10-29,11040004,"(26.0, -97.75)"
2000-10-27 19:00:00,-97.5,-97.60857119888828,25.75,25.69148700018383,994.141578194129,2000-10-29,11040004,"(25.75, -97.5)"
2000-10-27 18:00:00,-97.5,-97.44117626316914,25.5,25.442175495163433,994.1511243981031,2000-10-29,11040004,"(25.5, -97.5)"
2000-10-27 17:00:00,-97.25,-97.29439349225615,25.25,25.198793179060445,994.0801741230873,2000-10-29,11040004,"(25.25, -97.25)"
2000-10-27 16:00:00,-97.25,-97.147035570155,25.0,24.951276503675206,995.2774950695203,2000-10-29,11040004,"(25.0, -97.25)"
2000-10-27 15:00:00,-97.0,-96.98856524926741,24.75,24.712183106797745,996.7309683919249,2000-10-29,11040004,"(24.75, -97.0)"
2000-10-27 14:00:00,-96.75,-96.82276977834117,24.5,24.48813562829529,998.3590670108085,2000-10-29,11040004,"(24.5, -96.75)"
2000-10-27 13:00:00,-96.75,-96.64499233700897,24.25,24.272455600760356,999.2019225078635,2000-10-29,11040004,"(24.25, -96.75)"
2000-10-27 12:00:00,-96.5,-96.4559467585259,24.0,24.06371045896292,1000.0,2000-10-29,11040004,"(24.0, -96.5)"
2001-06-05 19:00:00,-92.0,-91.89342006193036,29.75,29.637523002318208,905.0260268170135,2001-06-08,11040004,"(29.75, -92.0)"
2001-06-05 18:00:00,-91.5,-91.48861097176409,29.0,29.08478319097167,908.5407972709356,2001-06-08,11040004,"(29.0, -91.5)"
2001-06-05 17:00:00,-91.0,-91.06817590419001,28.5,28.542110836292245,914.9902250549897,2001-06-08,11040004,"(28.5, -91.0)"
2002-09-07 14:00:00,-91.75,-91.87130631683492,30.0,30.09931454277636,942.8223782226775,2002-09-10,11040004,"(30.0, -91.75)"
2002-09-07 13:00:00,-91.75,-91.66339714843629,29.75,29.86567719666414,947.4292988332816,2002-09-10,11040004,"(29.75, -91.75)"
2002-09-07 12:00:00,-91.5,-91.46640393319109,29.5,29.603402258560997,948.4056657748685,2002-09-10,11040004,"(29.5, -91.5)"
2002-09-07 11:00:00,-91.25,-91.2747661523562,29.25,29.340185585949,948.4515211136272,2002-09-10,11040004,"(29.25, -91.25)"
2002-09-07 10:00:00,-91.0,-91.07759896142521,29.0,29.05911865139955,954.7679581233295,2002-09-10,11040004,"(29.0, -91.0)"
2007-03-22 23:00:00,-100.0,-100.00151992287061,27.5,27.446763917696472,954.5173843075396,2007-03-24,11040004,"(27.5, -100.0)"
2007-03-22 22:00:00,-99.75,-99.65081046730576,27.25,27.24968215197145,969.3522695463128,2007-03-24,11040004,"(27.25, -99.75)"
2007-03-22 21:00:00,-99.25,-99.35332820433537,27.0,27.006532637838987,980.2331842557918,2007-03-24,11040004,"(27.0, -99.25)"
2007-03-22 20:00:00,-99.0,-99.06615942892324,26.75,26.702249434629866,984.0629925873943,2007-03-24,11040004,"(26.75, -99.0)"
2007-03-22 19:00:00,-98.75,-98.81300039470241,26.5,26.387546236206372,987.3163098913047,2007-03-24,11040004,"(26.5, -98.75)"
2007-03-22 18:00:00,-98.5,-98.55938273604737,26.0,26.049228395535668,993.4201957249779,2007-03-24,11040004,"(26.0, -98.5)"
2007-03-22 17:00:00,-98.25,-98.29798502403432,25.75,25.718334172177414,991.8645575124912,2007-03-24,11040004,"(25.75, -98.25)"
2007-03-22 16:00:00,-98.0,-98.08546368927372,25.5,25.401007387578893,997.0261026181175,2007-03-24,11040004,"(25.5, -98.0)"
2007-03-22 15:00:00,-98.0,-97.89415990526328,25.0,25.06787909331686,1000.0,2007-03-24,11040004,"(25.0, -98.0)"
2010-07-05 17:00:00,-100.0,-100.03407286724551,29.5,29.56459167692982,874.0591817254657,2010-07-08,11040004,"(29.5, -100.0)"
2010-07-05 16:00:00,-100.0,-99.89638031671063,29.25,29.372969943153258,880.2625383577349,2010-07-08,11040004,"(29.25, -100.0)"
2010-07-05 15:00:00,-99.75,-99.74134478229102,29.25,29.154537400325584,890.7102520552747,2010-07-08,11040004,"(29.25, -99.75)"
2010-07-05 14:00:00,-99.5,-99.56702103218066,29.0,28.90566070708359,899.4740524034041,2010-07-08,11040004,"(29.0, -99.5)"
2010-07-05 13:00:00,-99.5,-99.4025996267718,28.5,28.61961615381186,902.8637803428251,2010-07-08,11040004,"(28.5, -99.5)"
2010-07-05 12:00:00,-99.25,-99.24924620568974,28.25,28.24868620578489,904.9244098052361,2010-07-08,11040004,"(28.25, -99.25)"
2010-07-05 11:00:00,-99.0,-99.07924155932783,27.75,27.819052326905265,911.6823960719861,2010-07-08,11040004,"(27.75, -99.0)"
2010-07-05 10:00:00,-99.0,-98.89386026935513,27.25,27.363390159992534,907.8512900500536,2010-07-08,11040004,"(27.25, -99.0)"
2010-07-05 09:00:00,-98.75,-98.70995871363071,27.0,26.876781958035615,905.4542414019006,2010-07-08,11040004,"(27.0, -98.75)"
2010-07-05 08:00:00,-98.5,-98.54283223353993,26.5,26.4226562977234,909.0349049652599,2010-07-08,11040004,"(26.5, -98.5)"
2010-07-05 07:00:00,-98.25,-98.36880616885799,26.0,25.987670143220583,914.3772470548556,2010-07-08,11040004,"(26.0, -98.25)"
2010-07-05 06:00:00,-98.25,-98.19062027678575,25.5,25.571882704199695,914.3047145137357,2010-07-08,11040004,"(25.5, -98.25)"
2010-07-05 05:00:00,-98.0,-97.9865651503499,25.25,25.172162266276505,920.6572978796295,2010-07-08,11040004,"(25.25, -98.0)"
2010-07-05 04:00:00,-97.75,-97.809579767281,24.75,24.802277076735372,921.7472916524886,2010-07-08,11040004,"(24.75, -97.75)"
2010-07-05 03:00:00,-97.75,-97.63393357450501,24.5,24.473630083591885,924.8303653257115,2010-07-08,11040004,"(24.5, -97.75)"
2010-07-05 02:00:00,-97.5,-97.41142951950374,24.25,24.185777922149803,931.2708741905766,2010-07-08,11040004,"(24.25, -97.5)"
2010-07-05 01:00:00,-97.25,-97.18343746061508,24.0,23.955325304944374,933.8539899326577,2010-07-08,11040004,"(24.0, -97.25)"
2010-08-22 00:00:00,-99.75,-99.85882926059489,27.5,27.466201280535927,958.8880175773606,2010-08-24,11040004,"(27.5, -99.75)"
2010-08-21 23:00:00,-99.5,-99.59542266452691,27.25,27.30193718296624,966.3875022601239,2010-08-24,11040004,"(27.25, -99.5)"
2010-08-21 22:00:00,-99.5,-99.39430337562764,27.25,27.160737401641914,971.5409683772391,2010-08-24,11040004,"(27.25, -99.5)"
2010-08-21 21:00:00,-99.25,-99.20846157933875,27.0,27.018326457023115,970.2169253987797,2010-08-24,11040004,"(27.0, -99.25)"
2010-08-21 20:00:00,-99.0,-99.00929633996164,27.0,26.875851118214623,969.6884729975105,2010-08-24,11040004,"(27.0, -99.0)"
2010-08-21 19:00:00,-98.75,-98.83434734273425,26.75,26.73327446328328,969.5936614373874,2010-08-24,11040004,"(26.75, -98.75)"
2010-08-21 18:00:00,-98.75,-98.66940432864448,26.5,26.574465400218735,971.5672040691004,2010-08-24,11040004,"(26.5, -98.75)"
2010-08-21 17:00:00,-98.5,-98.51336833091007,26.5,26.394011142089298,975.109819467969,2010-08-24,11040004,"(26.5, -98.5)"
2010-08-21 16:00:00,-98.25,-98.37165593455099,26.25,26.2046656907207,977.8069503589921,2010-08-24,11040004,"(26.25, -98.25)"
2010-08-21 15:00:00,-98.25,-98.24434462905536,26.0,26.01906239155989,978.3343980120935,2010-08-24,11040004,"(26.0, -98.25)"
2010-08-21 14:00:00,-98.25,-98.13811057863248,25.75,25.85125872455392,978.5061910362449,2010-08-24,11040004,"(25.75, -98.25)"
2010-08-21 13:00:00,-98.0,-98.04842011692504,25.75,25.69005295696805,978.975577263092,2010-08-24,11040004,"(25.75, -98.0)"
2010-08-21 12:00:00,-98.0,-97.96081530333329,25.5,25.497214251363577,977.5072094023328,2010-08-24,11040004,"(25.5, -98.0)"
2010-08-21 11:00:00,-97.75,-97.86521642019102,25.25,25.268068037411318,975.399352708149,2010-08-24,11040004,"(25.25, -97.75)"
2010-08-21 10:00:00,-97.75,-97.74958412091107,25.0,25.012973114291462,976.7337889423643,2010-08-24,11040004,"(25.0, -97.75)"
2010-08-21 09:00:00,-97.5,-97.59293658600701,24.75,24.725971243397655,977.6368167425205,2010-08-24,11040004,"(24.75, -97.5)"
2010-08-21 08:00:00,-97.5,-97.4360265511895,24.5,24.470738420763684,984.5314853865849,2010-08-24,11040004,"(24.5, -97.5)"
2010-08-21 07:00:00,-97.25,-97.23686780611607,24.25,24.267644954612496,992.0159140497408,2010-08-24,11040004,"(24.25, -97.25)"
2010-08-21 06:00:00,-97.0,-96.9885505108603,24.0,24.124590620968664,994.8627750894342,2010-08-24,11040004,"(24.0, -97.0)"
2010-08-21 05:00:00,-96.75,-96.70846372407217,24.0,24.005476492204828,996.6495654006565,2010-08-24,11040004,"(24.0, -96.75)"
2010-08-21 04:00:00,-96.5,-96.41187141075389,24.0,23.914403742551126,997.1182593069162,2010-08-24,11040004,"(24.0, -96.5)"
2010-08-21 03:00:00,-96.0,-96.10673490253279,23.75,23.872165427253616,996.7170180236576,2010-08-24,11040004,"(23.75, -96.0)"
2010-08-21 02:00:00,-95.75,-95.80267378313346,23.75,23.868951918295405,995.821553604637,2010-08-24,11040004,"(23.75, -95.75)"
2010-08-21 01:00:00,-95.5,-95.51515831397793,24.0,23.877033454513874,994.8652183911121,2010-08-24,11040004,"(24.0, -95.5)"
2013-09-10 23:00:00,-99.75,-99.81787441467837,30.0,30.002928923917935,885.4292858826817,2013-09-12,11040004,"(30.0, -99.75)"
2013-09-10 22:00:00,-99.5,-99.5845118966675,29.75,29.80607862850724,881.0795350863118,2013-09-12,11040004,"(29.75, -99.5)"
2013-09-10 21:00:00,-99.25,-99.36537725892063,29.75,29.628672947317277,884.4382929748316,2013-09-12,11040004,"(29.75, -99.25)"
2013-09-10 20:00:00,-99.0,-99.07858712230426,29.5,29.473385917400197,881.1896086519155,2013-09-12,11040004,"(29.5, -99.0)"
2013-09-10 19:00:00,-98.75,-98.83654921098234,29.25,29.327019566172407,871.2109277603208,2013-09-12,11040004,"(29.25, -98.75)"
2013-09-10 18:00:00,-98.5,-98.61197044650625,29.25,29.192367819405778,876.1236265314003,2013-09-12,11040004,"(29.25, -98.5)"
2013-09-10 17:00:00,-98.5,-98.40482642290921,29.0,29.050923252260606,883.2031193702361,2013-09-12,11040004,"(29.0, -98.5)"
2013-09-10 16:00:00,-98.25,-98.19953519823603,29.0,28.90108965265638,894.5349226660078,2013-09-12,11040004,"(29.0, -98.25)"
2013-09-10 15:00:00,-98.0,-97.99757936199184,28.75,28.74745638402326,898.3161723409647,2013-09-12,11040004,"(28.75, -98.0)"
2013-09-10 14:00:00,-97.75,-97.78825222740144,28.5,28.58002167328035,896.9305925381194,2013-09-12,11040004,"(28.5, -97.75)"
2013-09-10 13:00:00,-97.5,-97.55254597573601,28.5,28.40726621012338,889.7907982173164,2013-09-12,11040004,"(28.5, -97.5)"
2013-09-10 12:00:00,-97.25,-97.340070391188,28.25,28.24892662860776,904.4874305320315,2013-09-12,11040004,"(28.25, -97.25)"
2013-09-10 11:00:00,-97.25,-97.14590322672578,28.0,28.074682647177777,914.6995555994763,2013-09-12,11040004,"(28.0, -97.25)"
2013-09-10 10:00:00,-97.0,-96.97287030260898,28.0,27.881405139947912,912.4875198058613,2013-09-12,11040004,"(28.0, -97.0)"
2013-09-10 09:00:00,-96.75,-96.79138454927651,27.75,27.66399177899056,898.7206622810359,2013-09-12,11040004,"(27.75, -96.75)"
2013-09-10 08:00:00,-96.5,-96.54397176004962,27.5,27.423332254848578,896.4556322485893,2013-09-12,11040004,"(27.5, -96.5)"
2013-09-10 07:00:00,-96.25,-96.30929168401471,27.25,27.17931136600361,903.9088313240414,2013-09-12,11040004,"(27.25, -96.25)"
2013-09-10 06:00:00,-96.0,-96.05927583630836,27.0,26.943981475338692,917.7394676915802,2013-09-12,11040004,"(27.0, -96.0)"
2013-09-10 05:00:00,-95.75,-95.81241242462373,26.75,26.72399390956956,925.8380809379993,2013-09-12,11040004,"(26.75, -95.75)"
2013-09-10 04:00:00,-95.5,-95.55720259666624,26.5,26.510986504329058,932.3128583765621,2013-09-12,11040004,"(26.5, -95.5)"
2013-09-10 03:00:00,-95.25,-95.27044715047069,26.25,26.31885026493724,934.1632138037779,2013-09-12,11040004,"(26.25, -95.25)"
2013-09-10 02:00:00,-95.0,-94.96620653190627,26.25,26.154606747718837,933.4917722664349,2013-09-12,11040004,"(26.25, -95.0)"
2013-09-10 01:00:00,-94.75,-94.66422479967697,26.0,26.009661723055547,927.0491423647139,2013-09-12,11040004,"(26.0, -94.75)"
2013-09-10 00:00:00,-94.25,-94.3414056657293,25.75,25.869871121486575,920.187494684846,2013-09-12,11040004,"(25.75, -94.25)"
2013-09-09 23:00:00,-94.0,-94.02186932472758,25.75,25.73099888359962,914.5461624691413,2013-09-12,11040004,"(25.75, -94.0)"
2013-09-09 22:00:00,-93.75,-93.7181124169346,25.5,25.579914479754002,912.7881096164559,2013-09-12,11040004,"(25.5, -93.75)"
2013-09-09 21:00:00,-93.5,-93.43296547446289,25.5,25.406311791143814,919.0522298759741,2013-09-12,11040004,"(25.5, -93.5)"
2013-09-09 20:00:00,-93.0,-93.1203002318682,25.25,25.277775458822415,922.0204105168239,2013-09-12,11040004,"(25.25, -93.0)"
2013-09-09 19:00:00,-92.75,-92.82605701491046,25.25,25.144215919141388,922.5039975251132,2013-09-12,11040004,"(25.25, -92.75)"
2013-09-09 18:00:00,-92.5,-92.54729292701657,25.0,25.00521799890432,921.9673378873491,2013-09-12,11040004,"(25.0, -92.5)"
2013-09-09 17:00:00,-92.25,-92.25969078722304,24.75,24.86988949065966,922.2324797008508,2013-09-12,11040004,"(24.75, -92.25)"
2013-09-09 16:00:00,-92.0,-91.95798028963954,24.75,24.7431670628986,923.7448447656152,2013-09-12,11040004,"(24.75, -92.0)"
2013-09-09 15:00:00,-91.75,-91.65555781343024,24.75,24.63081474050022,920.4158431024606,2013-09-12,11040004,"(24.75, -91.75)"
2013-09-09 14:00:00,-91.25,-91.36744415770622,24.5,24.530774990536294,920.8115190690465,2013-09-12,11040004,"(24.5, -91.25)"
2013-09-09 13:00:00,-91.0,-91.09315074355658,24.5,24.443368577397916,924.0767435832449,2013-09-12,11040004,"(24.5, -91.0)"
2014-09-03 20:00:00,-99.75,-99.83682204526356,27.0,27.108897458543627,897.2872395462502,2014-09-05,11040004,"(27.0, -99.75)"
2014-09-03 19:00:00,-99.5,-99.49186493254892,26.75,26.77591448251394,895.0500353261214,2014-09-05,11040004,"(26.75, -99.5)"
2014-09-03 18:00:00,-99.25,-99.14619196262632,26.5,26.437311360666918,885.8126792511578,2014-09-05,11040004,"(26.5, -99.25)"
2014-09-03 17:00:00,-98.75,-98.8304070810468,26.0,26.104916855001054,881.0870682459343,2014-09-05,11040004,"(26.0, -98.75)"
2014-09-03 16:00:00,-98.5,-98.53041121372578,25.75,25.767143163733483,873.2740931170515,2014-09-05,11040004,"(25.75, -98.5)"
2014-09-03 15:00:00,-98.25,-98.23234374564224,25.5,25.4219811438743,873.4780167299195,2014-09-05,11040004,"(25.5, -98.25)"
2014-09-03 14:00:00,-98.0,-97.90524770919087,25.0,25.058156362005693,884.3528577160724,2014-09-05,11040004,"(25.0, -98.0)"
2014-09-03 13:00:00,-97.5,-97.54929110139251,24.75,24.686074419198366,903.068862959369,2014-09-05,11040004,"(24.75, -97.5)"
2014-09-03 12:00:00,-97.25,-97.17372018177663,24.25,24.312557142285872,908.013231049233,2014-09-05,11040004,"(24.25, -97.25)"
2014-09-03 11:00:00,-96.75,-96.77550207960996,24.0,23.965893818953006,904.6911164921441,2014-09-05,11040004,"(24.0, -96.75)"
2014-09-03 10:00:00,-96.25,-96.36429437676763,23.5,23.59103493217867,911.3496961790387,2014-09-05,11040004,"(23.5, -96.25)"
2014-09-03 09:00:00,-96.0,-95.9361679428483,23.25,23.183593508385684,919.7605876203005,2014-09-05,11040004,"(23.25, -96.0)"
2014-09-03 08:00:00,-95.5,-95.4942226835256,22.75,22.72839689614529,926.9209170877547,2014-09-05,11040004,"(22.75, -95.5)"
2014-09-03 07:00:00,-95.0,-95.05379426717282,22.25,22.295902849140784,931.7170055612064,2014-09-05,11040004,"(22.25, -95.0)"
2014-09-03 06:00:00,-94.5,-94.59416548875565,22.0,21.903504227832855,934.4975534998774,2014-09-05,11040004,"(22.0, -94.5)"
2023-10-02 03:00:00,-100.0,-99.95347903440539,29.0,28.884586214565616,893.304315411595,2023-10-03,11040004,"(29.0, -100.0)"
2023-10-02 02:00:00,-99.5,-99.53721557957708,28.75,28.767461346681092,888.8352178878222,2023-10-03,11040004,"(28.75, -99.5)"
2023-10-02 01:00:00,-99.25,-99.14451004917153,28.75,28.70287213713385,875.2250794983626,2023-10-03,11040004,"(28.75, -99.25)"
2023-10-02 00:00:00,-98.75,-98.78996085073939,28.75,28.66999261569409,860.55049612179,2023-10-03,11040004,"(28.75, -98.75)"
2023-10-01 23:00:00,-98.5,-98.47269370041246,28.75,28.649024876148825,853.1985134538731,2023-10-03,11040004,"(28.75, -98.5)"
2023-10-01 22:00:00,-98.25,-98.18855948530529,28.75,28.632485880819672,854.1380161149477,2023-10-03,11040004,"(28.75, -98.25)"
2023-10-01 21:00:00,-98.0,-97.93692252671438,28.5,28.618934120291183,850.7452738054702,2023-10-03,11040004,"(28.5, -98.0)"
2023-10-01 20:00:00,-97.75,-97.6835472660236,28.5,28.59502563637203,850.9064617972173,2023-10-03,11040004,"(28.5, -97.75)"
2023-10-01 19:00:00,-97.5,-97.43008856354122,28.5,28.581483367639894,851.6199766127064,2023-10-03,11040004,"(28.5, -97.5)"
2023-10-01 18:00:00,-97.25,-97.17796924515697,28.5,28.584309310880915,855.0276557512292,2023-10-03,11040004,"(28.5, -97.25)"
2023-10-01 17:00:00,-97.0,-96.92278427773012,28.5,28.586118112369828,858.2087363750728,2023-10-03,11040004,"(28.5, -97.0)"
2023-10-01 16:00:00,-96.75,-96.66002357101083,28.5,28.571680750223774,862.7742478910843,2023-10-03,11040004,"(28.5, -96.75)"
2023-10-01 15:00:00,-96.5,-96.37811389152552,28.5,28.540696824315678,873.4216154123365,2023-10-03,11040004,"(28.5, -96.5)"
2023-10-01 14:00:00,-96.0,-96.07120738917115,28.5,28.506381659190083,886.3289057000169,2023-10-03,11040004,"(28.5, -96.0)"
2023-10-01 13:00:00,-95.75,-95.75222185973446,28.5,28.471107431390283,889.6148467760657,2023-10-03,11040004,"(28.5, -95.75)"
2023-10-01 12:00:00,-95.5,-95.42229511077531,28.5,28.443281801014436,887.1749152542197,2023-10-03,11040004,"(28.5, -95.5)"
2023-10-01 11:00:00,-95.0,-95.08735891409216,28.5,28.412916246749255,883.9238175003576,2023-10-03,11040004,"(28.5, -95.0)"
2023-10-01 10:00:00,-94.75,-94.76272555890178,28.5,28.3796955663053,884.0984424006178,2023-10-03,11040004,"(28.5, -94.75)"
2023-10-01 09:00:00,-94.5,-94.42556990329507,28.25,28.361220311440054,874.7243387453059,2023-10-03,11040004,"(28.25, -94.5)"
2023-10-01 08:00:00,-94.0,-94.10077839085199,28.25,28.3003585958489,874.5717094944084,2023-10-03,11040004,"(28.25, -94.0)"
2023-10-01 07:00:00,-93.75,-93.76014086813557,28.25,28.24874389836035,877.0518661550825,2023-10-03,11040004,"(28.25, -93.75)"
2023-10-01 06:00:00,-93.5,-93.38995520904699,28.25,28.21316808267754,879.3073949757952,2023-10-03,11040004,"(28.25, -93.5)"
2023-10-01 05:00:00,-93.0,-93.00408072711534,28.25,28.20365448226137,879.9698821718798,2023-10-03,11040004,"(28.25, -93.0)"
2023-10-01 04:00:00,-92.5,-92.62071520292628,28.25,28.219910839560765,883.4686059209153,2023-10-03,11040004,"(28.25, -92.5)"
2023-10-01 03:00:00,-92.25,-92.23288148610943,28.25,28.253046232000855,891.0991198768436,2023-10-03,11040004,"(28.25, -92.25)"
2023-10-01 02:00:00,-91.75,-91.84896064934003,28.25,28.302597317308784,896.7925030144165,2023-10-03,11040004,"(28.25, -91.75)"
2023-10-01 01:00:00,-91.5,-91.46313466913374,28.25,28.35969772691982,900.9278958995337,2023-10-03,11040004,"(28.25, -91.5)"
2023-10-01 00:00:00,-91.0,-91.07474872189303,28.5,28.424501530662777,901.9143885960752,2023-10-03,11040004,"(28.5, -91.0)"
2008-07-26 18:00:00,-100.0,-100.04069445401862,28.0,27.99878001853013,971.6828006043172,2008-07-29,10250003,"(28.0, -100.0)"
2008-07-26 17:00:00,-100.0,-99.92826218592097,27.75,27.786049520718393,973.2978886130059,2008-07-29,10250003,"(27.75, -100.0)"
2008-07-26 16:00:00,-99.75,-99.80406512918847,27.5,27.568120914172408,973.2056771510044,2008-07-29,10250003,"(27.5, -99.75)"
2008-07-26 15:00:00,-99.75,-99.66522271261418,27.25,27.347283871399245,974.4283460043162,2008-07-29,10250003,"(27.25, -99.75)"
2008-07-26 14:00:00,-99.5,-99.51118226682995,27.0,27.116791997700197,979.1580574323037,2008-07-29,10250003,"(27.0, -99.5)"
2008-07-26 13:00:00,-99.25,-99.34457431943933,27.0,26.893890093592915,981.1852524238391,2008-07-29,10250003,"(27.0, -99.25)"
2008-07-26 12:00:00,-99.25,-99.18356052377032,26.75,26.670818705049577,981.8959034415541,2008-07-29,10250003,"(26.75, -99.25)"
2008-07-26 11:00:00,-99.0,-99.04001816810558,26.5,26.41496746664029,981.3802907785981,2008-07-29,10250003,"(26.5, -99.0)"
2008-07-26 10:00:00,-99.0,-98.89791941928866,26.0,26.124142852273643,983.1022296899938,2008-07-29,10250003,"(26.0, -99.0)"
2008-07-26 09:00:00,-98.75,-98.75711746942581,25.75,25.817730133905783,979.2767746229642,2008-07-29,10250003,"(25.75, -98.75)"
2008-07-26 08:00:00,-98.5,-98.58860279958427,25.5,25.510016886770632,974.4371588724216,2008-07-29,10250003,"(25.5, -98.5)"
2008-07-26 07:00:00,-98.5,-98.40345826651492,25.25,25.191934802421585,972.4479355959362,2008-07-29,10250003,"(25.25, -98.5)"
2008-07-26 06:00:00,-98.25,-98.23129237911063,25.0,24.879498433735574,973.3678506050678,2008-07-29,10250003,"(25.0, -98.25)"
2008-07-26 05:00:00,-98.0,-98.07978685487753,24.5,24.579038908350206,978.493402173033,2008-07-29,10250003,"(24.5, -98.0)"
2008-07-26 04:00:00,-98.0,-97.91913644321434,24.25,24.31136151941961,982.6228667460489,2008-07-29,10250003,"(24.25, -98.0)"
2008-07-26 03:00:00,-97.75,-97.74450330628443,24.0,24.073421402538173,986.8128892935532,2008-07-29,10250003,"(24.0, -97.75)"
2008-07-26 02:00:00,-97.5,-97.55880543042677,23.75,23.845285140047363,992.2640674374062,2008-07-29,10250003,"(23.75, -97.5)"
2008-07-26 01:00:00,-97.25,-97.36910150694504,23.5,23.62226520887435,993.7583407135406,2008-07-29,10250003,"(23.5, -97.25)"
2019-03-10 18:00:00,-100.0,-100.04491174985039,28.0,28.019770572926276,905.808119823724,2019-03-13,14080101,"(28.0, -100.0)"
2019-03-10 17:00:00,-100.0,-99.92171852059475,28.0,27.932918959559558,906.3737548951356,2019-03-13,14080101,"(28.0, -100.0)"
2019-03-10 16:00:00,-99.75,-99.82353196089504,27.75,27.82453625910271,908.6551146541642,2019-03-13,14080101,"(27.75, -99.75)"
2019-03-10 15:00:00,-99.75,-99.73914359827371,27.75,27.649392415788054,914.5978409961649,2019-03-13,14080101,"(27.75, -99.75)"
2019-03-10 14:00:00,-99.75,-99.643161095429,27.5,27.431505730664224,920.9505519344026,2019-03-13,14080101,"(27.5, -99.75)"
2019-03-10 13:00:00,-99.5,-99.54517889229247,27.25,27.199041248278093,926.0666792568089,2019-03-13,14080101,"(27.25, -99.5)"
2019-03-10 12:00:00,-99.5,-99.43555859056929,27.0,26.99223682703707,927.4702923662503,2019-03-13,14080101,"(27.0, -99.5)"
2019-03-10 11:00:00,-99.25,-99.30914454066507,26.75,26.77873635688966,930.1822496217131,2019-03-13,14080101,"(26.75, -99.25)"
2019-03-10 10:00:00,-99.25,-99.15646856348879,26.5,26.542842698468775,932.66894542613,2019-03-13,14080101,"(26.5, -99.25)"
2019-03-10 09:00:00,-99.0,-98.98579211709395,26.25,26.32211023658492,936.1785743872972,2019-03-13,14080101,"(26.25, -99.0)"
2019-03-10 08:00:00,-98.75,-98.81035953004519,26.0,26.110409275359316,939.5726204090084,2019-03-13,14080101,"(26.0, -98.75)"
2019-03-10 07:00:00,-98.5,-98.62394058014756,26.0,25.918100304349768,941.1731859850764,2019-03-13,14080101,"(26.0, -98.5)"
2019-03-10 06:00:00,-98.5,-98.43977097151694,25.75,25.739652285770365,937.5773192285493,2019-03-13,14080101,"(25.75, -98.5)"
2019-03-10 05:00:00,-98.25,-98.2668067988269,25.5,25.594127841575926,934.138929991431,2019-03-13,14080101,"(25.5, -98.25)"
2019-03-10 04:00:00,-98.0,-98.10800415259615,25.5,25.48471882275698,935.1776583429977,2019-03-13,14080101,"(25.5, -98.0)"
2019-03-10 03:00:00,-98.0,-97.96378348377377,25.25,25.36943832426431,934.0470670148028,2019-03-13,14080101,"(25.25, -98.0)"
2019-03-10 02:00:00,-97.75,-97.85233899818981,25.25,25.247170280061447,930.7178757296995,2019-03-13,14080101,"(25.25, -97.75)"
2019-03-10 01:00:00,-97.75,-97.77783566126804,25.0,25.11185059624926,928.4479373967008,2019-03-13,14080101,"(25.0, -97.75)"
2017-09-25 13:00:00,-100.0,-100.11327867995882,29.25,29.26275881762588,874.2861132567621,2017-09-28,13010003,"(29.25, -100.0)"
2017-09-25 12:00:00,-100.0,-100.05594007484392,29.0,28.901737503520668,878.3576226143275,2017-09-28,13010003,"(29.0, -100.0)"
2017-09-25 11:00:00,-100.0,-99.97800146201402,28.5,28.5160179484786,889.24522620919,2017-09-28,13010003,"(28.5, -100.0)"
2017-09-25 10:00:00,-100.0,-99.8804604533872,28.0,28.109800561145374,891.7714332534429,2017-09-28,13010003,"(28.0, -100.0)"
2017-09-25 09:00:00,-99.75,-99.72594290993123,27.75,27.666175035538128,885.3084958866799,2017-09-28,13010003,"(27.75, -99.75)"
2017-09-25 08:00:00,-99.5,-99.53898354022567,27.25,27.224004361508616,889.7148000736463,2017-09-28,13010003,"(27.25, -99.5)"
2017-09-25 07:00:00,-99.25,-99.33253438073852,26.75,26.782089038012522,896.6132515156601,2017-09-28,13010003,"(26.75, -99.25)"
2017-09-25 06:00:00,-99.0,-99.11483466636201,26.25,26.347673293219795,896.9964536012718,2017-09-28,13010003,"(26.25, -99.0)"
2017-09-25 05:00:00,-99.0,-98.90401502517572,26.0,25.95778550911201,898.9001255299398,2017-09-28,13010003,"(26.0, -99.0)"
2017-09-25 04:00:00,-98.75,-98.68602665738663,25.5,25.596898604630052,896.4890826318868,2017-09-28,13010003,"(25.5, -98.75)"
2017-09-25 03:00:00,-98.5,-98.4702966259266,25.25,25.264016739688365,895.4778489930326,2017-09-28,13010003,"(25.25, -98.5)"
2017-09-25 02:00:00,-98.25,-98.27193513813405,25.0,24.963010330935763,894.1978274382717,2017-09-28,13010003,"(25.0, -98.25)"
2017-09-25 01:00:00,-98.0,-98.09047732856214,24.75,24.690918317046425,895.5475674022322,2017-09-28,13010003,"(24.75, -98.0)"
2001-06-05 20:00:00,-92.75,-92.79876568906202,29.75,29.86008340838585,878.5837366793631,2001-06-08,11020009,"(29.75, -92.75)"
2001-06-05 19:00:00,-92.25,-92.24632417776232,29.25,29.23467289842084,878.6211128847821,2001-06-08,11020009,"(29.25, -92.25)"
2001-06-05 18:00:00,-91.75,-91.76872565991117,28.5,28.592639804671652,859.5779171209338,2001-06-08,11020009,"(28.5, -91.75)"
2001-06-05 17:00:00,-91.25,-91.31940155317783,28.0,27.952284792321574,852.0133820629803,2001-06-08,11020009,"(28.0, -91.25)"
2010-05-24 03:00:00,-97.5,-97.59814528494361,29.75,29.867925921137527,985.1577617045629,2010-05-26,10260004,"(29.75, -97.5)"
2010-05-24 02:00:00,-97.5,-97.41772098939049,29.5,29.624729506402566,988.6726433402033,2010-05-26,10260004,"(29.5, -97.5)"
2010-05-24 01:00:00,-97.25,-97.22624271569252,29.5,29.410482240914476,991.0297783137459,2010-05-26,10260004,"(29.5, -97.25)"
2010-05-24 00:00:00,-97.0,-97.02437609845569,29.25,29.21991421766078,993.5002544330324,2010-05-26,10260004,"(29.25, -97.0)"
2010-05-23 23:00:00,-96.75,-96.82714888669724,29.0,29.028716539774717,997.0391320350999,2010-05-26,10260004,"(29.0, -96.75)"
2010-05-23 22:00:00,-96.5,-96.62415503975451,28.75,28.812295112076757,1000.0,2010-05-26,10260004,"(28.75, -96.5)"
2010-07-03 04:00:00,-98.5,-98.61259779998505,30.0,30.12204510044787,949.2463439584072,2010-07-05,10260004,"(30.0, -98.5)"
2010-07-03 03:00:00,-98.5,-98.40670938814034,30.0,29.948357815649803,956.1456101422125,2010-07-05,10260004,"(30.0, -98.5)"
2010-07-03 02:00:00,-98.25,-98.19983284938746,29.75,29.79126123858798,964.1916067672064,2010-07-05,10260004,"(29.75, -98.25)"
2010-07-03 01:00:00,-98.0,-97.99833934734546,29.75,29.64549418018683,973.8089063134032,2010-07-05,10260004,"(29.75, -98.0)"
2010-07-03 00:00:00,-97.75,-97.76273343505312,29.5,29.490210476786103,983.2435065413812,2010-07-05,10260004,"(29.5, -97.75)"
2010-07-02 23:00:00,-97.5,-97.54140161460492,29.25,29.362855871543346,988.2678858330127,2010-07-05,10260004,"(29.25, -97.5)"
2010-07-02 22:00:00,-97.25,-97.37254013689653,29.25,29.280952757819968,990.4560131165388,2010-07-05,10260004,"(29.25, -97.25)"
2010-07-02 21:00:00,-97.25,-97.21873317820842,29.25,29.18404544972034,994.5323498975756,2010-07-05,10260004,"(29.25, -97.25)"
2010-07-02 20:00:00,-97.0,-97.07469790628885,29.0,29.072748663937997,996.0724165269547,2010-07-05,10260004,"(29.0, -97.0)"
2010-07-02 19:00:00,-97.0,-96.92784404765538,29.0,28.973711465463598,999.3887439092452,2010-07-05,10260004,"(29.0, -97.0)"
2010-07-02 18:00:00,-96.75,-96.77488978503531,28.75,28.846714883405955,1000.0,2010-07-05,10260004,"(28.75, -96.75)"
2019-05-25 13:00:00,-100.0,-99.99125598247382,29.0,29.110635576556994,969.6252822079146,2019-05-27,10260004,"(29.0, -100.0)"
2019-05-25 12:00:00,-99.75,-99.82179949268492,29.0,28.924308938591516,976.5466064817635,2019-05-27,10260004,"(29.0, -99.75)"
2019-05-25 11:00:00,-99.75,-99.63444024805864,28.75,28.741368462794828,980.6978719517965,2019-05-27,10260004,"(28.75, -99.75)"
2019-05-25 10:00:00,-99.5,-99.43806830103986,28.5,28.565243437544535,983.0758486422327,2019-05-27,10260004,"(28.5, -99.5)"
2019-05-25 09:00:00,-99.25,-99.21904797845868,28.25,28.37118862295705,984.4161251136936,2019-05-27,10260004,"(28.25, -99.25)"
2019-05-25 08:00:00,-99.0,-99.02430660614223,28.25,28.143793058379966,987.2492601751153,2019-05-27,10260004,"(28.25, -99.0)"
2019-05-25 07:00:00,-98.75,-98.83568581696072,28.0,27.896439744091758,989.0180589262308,2019-05-27,10260004,"(28.0, -98.75)"
2019-05-25 06:00:00,-98.75,-98.63902723567872,27.75,27.669364020423625,984.770211505558,2019-05-27,10260004,"(27.75, -98.75)"
2019-05-25 05:00:00,-98.5,-98.40647160022225,27.5,27.42536074284178,986.1191375300396,2019-05-27,10260004,"(27.5, -98.5)"
2019-05-25 04:00:00,-98.25,-98.1905711162523,27.25,27.21364392574564,994.715734323832,2019-05-27,10260004,"(27.25, -98.25)"
2019-05-25 03:00:00,-98.0,-97.97713501714055,27.0,27.02724732361777,999.4497135535787,2019-05-27,10260004,"(27.0, -98.0)"
2019-05-25 02:00:00,-97.75,-97.7381994080612,26.75,26.8288302383161,1000.0,2019-05-27,10260004,"(26.75, -97.75)"
2021-05-23 00:00:00,-99.0,-99.05151501555919,30.0,29.91524364195626,921.3342723222908,2021-05-24,10260004,"(30.0, -99.0)"
2021-05-22 23:00:00,-99.0,-98.92018490185845,29.75,29.70155437107548,923.8537922340123,2021-05-24,10260004,"(29.75, -99.0)"
2021-05-22 22:00:00,-98.75,-98.79035433168082,29.5,29.471198098081963,935.2309777807976,2021-05-24,10260004,"(29.5, -98.75)"
2021-05-22 21:00:00,-98.75,-98.74909534233458,29.25,29.28564761097671,948.265191202764,2021-05-24,10260004,"(29.25, -98.75)"
2021-05-22 20:00:00,-98.75,-98.72428168926113,29.0,29.079499278440224,953.5024041914872,2021-05-24,10260004,"(29.0, -98.75)"
2021-05-22 19:00:00,-98.75,-98.72981147768708,29.0,28.89839002727744,953.9424892756746,2021-05-24,10260004,"(29.0, -98.75)"
2021-05-22 18:00:00,-98.75,-98.78673956117072,28.75,28.737188224448655,950.685875136722,2021-05-24,10260004,"(28.75, -98.75)"
2021-05-22 17:00:00,-99.0,-98.87860026780449,28.5,28.599001532834208,949.1234058928144,2021-05-24,10260004,"(28.5, -99.0)"
2021-05-22 16:00:00,-99.0,-98.98710408037132,28.5,28.481271493672704,950.3560355340949,2021-05-24,10260004,"(28.5, -99.0)"
2021-05-22 15:00:00,-99.0,-99.10151765890663,28.5,28.395564420946908,946.4723763905846,2021-05-24,10260004,"(28.5, -99.0)"
2021-05-22 14:00:00,-99.25,-99.2176651980766,28.25,28.31816698033321,941.7527371697549,2021-05-24,10260004,"(28.25, -99.25)"
2021-05-22 13:00:00,-99.25,-99.31795986787141,28.25,28.227958638679333,936.2548731629554,2021-05-24,10260004,"(28.25, -99.25)"
2021-05-22 12:00:00,-99.5,-99.4085820091861,28.0,28.124637612179555,931.0803902463367,2021-05-24,10260004,"(28.0, -99.5)"
2021-05-22 11:00:00,-99.5,-99.45131536356743,28.0,28.002548063500747,927.5725769294557,2021-05-24,10260004,"(28.0, -99.5)"
2021-05-22 10:00:00,-99.5,-99.46559273940002,27.75,27.855332358762535,923.1966743904644,2021-05-24,10260004,"(27.75, -99.5)"
2021-05-22 09:00:00,-99.5,-99.40365192273032,27.75,27.740845231269688,922.7098277927669,2021-05-24,10260004,"(27.75, -99.5)"
2021-05-22 08:00:00,-99.25,-99.30898012107836,27.75,27.63077452745703,930.6472346971301,2021-05-24,10260004,"(27.75, -99.25)"
2021-05-22 07:00:00,-99.25,-99.16495442027296,27.5,27.544388915798034,934.9715854843635,2021-05-24,10260004,"(27.5, -99.25)"
2021-05-22 06:00:00,-99.0,-98.99549264934777,27.5,27.483753355433254,937.318803425894,2021-05-24,10260004,"(27.5, -99.0)"
2021-05-22 05:00:00,-98.75,-98.79694489796638,27.5,27.469163554877387,939.0122222470357,2021-05-24,10260004,"(27.5, -98.75)"
2021-05-22 04:00:00,-98.5,-98.56286375349207,27.5,27.517801707626084,940.6970698870203,2021-05-24,10260004,"(27.5, -98.5)"
2021-05-22 03:00:00,-98.25,-98.31976295824701,27.75,27.62524578454914,943.5973523314681,2021-05-24,10260004,"(27.75, -98.25)"
2021-05-22 02:00:00,-98.0,-98.0805331769834,27.75,27.769547843209054,948.8142415028481,2021-05-24,10260004,"(27.75, -98.0)"
2021-05-22 01:00:00,-97.75,-97.86505655769321,28.0,27.94519913168045,951.3464580915714,2021-05-24,10260004,"(28.0, -97.75)"
2021-05-22 00:00:00,-97.75,-97.66317582786132,28.25,28.12849672251323,954.7566551219091,2021-05-24,10260004,"(28.25, -97.75)"
2021-05-21 23:00:00,-97.5,-97.46065622479765,28.25,28.285215390548426,952.0120124111628,2021-05-24,10260004,"(28.25, -97.5)"
2021-05-21 22:00:00,-97.25,-97.27981146129056,28.5,28.45147727573962,955.0186089234821,2021-05-24,10260004,"(28.5, -97.25)"
2021-05-21 21:00:00,-97.25,-97.17415430132928,28.5,28.591669249551927,968.9862946483236,2021-05-24,10260004,"(28.5, -97.25)"
2021-05-21 20:00:00,-97.0,-97.03692307222795,28.75,28.66866842903919,975.627708191203,2021-05-24,10260004,"(28.75, -97.0)"
2021-05-21 19:00:00,-97.0,-96.96196633265103,28.75,28.721593615889276,975.45851445713,2021-05-24,10260004,"(28.75, -97.0)"
2021-05-21 18:00:00,-96.75,-96.85402080596624,28.75,28.752248496267185,971.8098647078425,2021-05-24,10260004,"(28.75, -96.75)"
2021-05-21 17:00:00,-96.75,-96.72233652374425,28.75,28.750754889651613,967.8430315114598,2021-05-24,10260004,"(28.75, -96.75)"
2021-05-21 16:00:00,-96.5,-96.60150857094581,28.75,28.74419479473803,965.4189487250414,2021-05-24,10260004,"(28.75, -96.5)"
2021-05-21 15:00:00,-96.5,-96.48585245778045,28.75,28.72790802368902,963.2304705059214,2021-05-24,10260004,"(28.75, -96.5)"
2021-05-21 14:00:00,-96.5,-96.37849728655969,28.75,28.688004268172996,963.7481422796583,2021-05-24,10260004,"(28.75, -96.5)"
2021-05-21 13:00:00,-96.25,-96.2881972190592,28.75,28.63561207537185,963.9224929452337,2021-05-24,10260004,"(28.75, -96.25)"
2021-05-21 12:00:00,-96.25,-96.22191532215034,28.5,28.585139088676787,963.7002991357746,2021-05-24,10260004,"(28.5, -96.25)"
2021-05-21 11:00:00,-96.25,-96.19824249945113,28.5,28.53247423406256,965.3997415645755,2021-05-24,10260004,"(28.5, -96.25)"
2021-05-21 10:00:00,-96.25,-96.18708123487417,28.5,28.474012702270944,968.522097503428,2021-05-24,10260004,"(28.5, -96.25)"
2021-05-21 09:00:00,-96.25,-96.16756639459949,28.5,28.40291170083677,972.5777271191798,2021-05-24,10260004,"(28.5, -96.25)"
2021-05-21 08:00:00,-96.0,-96.08524906982844,28.25,28.278293502676707,975.8673297468606,2021-05-24,10260004,"(28.25, -96.0)"
2021-05-21 07:00:00,-96.0,-96.00655238092341,28.25,28.151810625491773,979.1065043715689,2021-05-24,10260004,"(28.25, -96.0)"
2021-05-21 06:00:00,-96.0,-95.95447849683606,28.0,28.01952957929734,980.7453842575298,2021-05-24,10260004,"(28.0, -96.0)"
2021-05-21 05:00:00,-96.0,-95.90441414941252,28.0,27.890939405417992,978.3970999188298,2021-05-24,10260004,"(28.0, -96.0)"
2021-05-21 04:00:00,-95.75,-95.83978410423828,27.75,27.77891157420162,974.7166368957497,2021-05-24,10260004,"(27.75, -95.75)"
2021-05-21 03:00:00,-95.75,-95.76445617807506,27.75,27.68888976699912,970.5988084571816,2021-05-24,10260004,"(27.75, -95.75)"
2021-05-21 02:00:00,-95.75,-95.70014969243145,27.5,27.60376698842336,966.4462302000951,2021-05-24,10260004,"(27.5, -95.75)"
2021-05-21 01:00:00,-95.75,-95.68933642125884,27.5,27.527358840820945,970.6473527776014,2021-05-24,10260004,"(27.5, -95.75)"
2008-07-26 17:00:00,-100.0,-100.0942759783544,28.5,28.593989967021628,979.4689635691816,2008-07-29,10260002,"(28.5, -100.0)"
2008-07-26 16:00:00,-100.0,-99.9744100885217,28.5,28.407419678905,981.2688579364257,2008-07-29,10260002,"(28.5, -100.0)"
2008-07-26 15:00:00,-99.75,-99.8403624242912,28.25,28.22659870086018,982.4376181046208,2008-07-29,10260002,"(28.25, -99.75)"
2008-07-26 14:00:00,-99.75,-99.6919422690324,28.0,28.054460758095765,984.6740590523203,2008-07-29,10260002,"(28.0, -99.75)"
2008-07-26 13:00:00,-99.5,-99.55279096684728,28.0,27.918929894059737,986.2951942089563,2008-07-29,10260002,"(28.0, -99.5)"
2008-07-26 12:00:00,-99.5,-99.42508555151103,27.75,27.78003460924441,989.3862060069188,2008-07-29,10260002,"(27.75, -99.5)"
2008-07-26 11:00:00,-99.25,-99.30624761485521,27.5,27.60176127104618,989.4246852758395,2008-07-29,10260002,"(27.5, -99.25)"
2008-07-26 10:00:00,-99.25,-99.18318809242801,27.5,27.407869563090497,987.3583898306047,2008-07-29,10260002,"(27.5, -99.25)"
2008-07-26 09:00:00,-99.0,-99.04823453444806,27.25,27.189626450541137,983.8558008438816,2008-07-29,10260002,"(27.25, -99.0)"
2008-07-26 08:00:00,-99.0,-98.8892145279631,27.0,26.966768550907133,984.1098284497791,2008-07-29,10260002,"(27.0, -99.0)"
2008-07-26 07:00:00,-98.75,-98.73405154055554,26.75,26.729644317924773,985.8329155475694,2008-07-29,10260002,"(26.75, -98.75)"
2008-07-26 06:00:00,-98.5,-98.57647520736596,26.5,26.477377999515213,989.0129817293146,2008-07-29,10260002,"(26.5, -98.5)"
2008-07-26 05:00:00,-98.5,-98.4041946879934,26.25,26.20755562386745,993.2181889675079,2008-07-29,10260002,"(26.25, -98.5)"
2008-07-26 04:00:00,-98.25,-98.20537244808979,26.0,25.948521011849177,993.463704644871,2008-07-29,10260002,"(26.0, -98.25)"
2008-07-26 03:00:00,-98.0,-98.00355298419909,25.75,25.711666357769083,995.3232539860802,2008-07-29,10260002,"(25.75, -98.0)"
2008-07-26 02:00:00,-97.75,-97.79020151696908,25.5,25.48630558115774,996.0527097237217,2008-07-29,10260002,"(25.5, -97.75)"
2008-07-26 01:00:00,-97.5,-97.57898779482117,25.25,25.264048749184997,998.0196584310386,2008-07-29,10260002,"(25.25, -97.5)"
2010-07-03 07:00:00,-99.25,-99.17736639835826,30.0,30.06763087948193,902.8722335865432,2010-07-05,10260002,"(30.0, -99.25)"
2010-07-03 06:00:00,-99.0,-98.92165778102398,29.75,29.666508851390933,912.3123263312094,2010-07-05,10260002,"(29.75, -99.0)"
2010-07-03 05:00:00,-98.75,-98.6372642196498,29.25,29.312296172796618,923.279396935182,2010-07-05,10260002,"(29.25, -98.75)"
2010-07-03 04:00:00,-98.25,-98.34523435385775,29.0,28.98579472183985,932.9840913174463,2010-07-05,10260002,"(29.0, -98.25)"
2010-07-03 03:00:00,-98.0,-98.04124785882001,28.75,28.6654053593701,937.1810230340624,2010-07-05,10260002,"(28.75, -98.0)"
2010-07-03 02:00:00,-97.75,-97.73138644909858,28.25,28.351902749814286,935.4422345760372,2010-07-05,10260002,"(28.25, -97.75)"
2010-07-03 01:00:00,-97.5,-97.45117281344214,28.0,28.03697526442466,936.7503138576413,2010-07-05,10260002,"(28.0, -97.5)"
2010-07-03 00:00:00,-97.25,-97.1669593340441,27.75,27.73312980334312,940.89254700652,2010-07-05,10260002,"(27.75, -97.25)"
2010-07-02 23:00:00,-97.0,-96.92252833913498,27.5,27.427125676177955,945.701037925331,2010-07-05,10260002,"(27.5, -97.0)"
2010-07-02 22:00:00,-96.75,-96.68550387011632,27.0,27.11285908257879,948.2023985220249,2010-07-05,10260002,"(27.0, -96.75)"
2010-07-02 21:00:00,-96.5,-96.42239046747629,26.75,26.757192046643883,956.9836440035897,2010-07-05,10260002,"(26.75, -96.5)"
2010-07-02 20:00:00,-96.0,-96.12347253086465,26.5,26.401180776164495,958.4290391006612,2010-07-05,10260002,"(26.5, -96.0)"
2010-07-02 19:00:00,-95.75,-95.81525033562077,26.0,26.03325469159126,961.3605540781697,2010-07-05,10260002,"(26.0, -95.75)"
2010-07-02 18:00:00,-95.5,-95.49516297225489,25.75,25.667315708835595,963.1114950199649,2010-07-05,10260002,"(25.75, -95.5)"
2010-07-02 17:00:00,-95.25,-95.17198692645398,25.25,25.30728602114861,964.0194691572974,2010-07-05,10260002,"(25.25, -95.25)"
2010-07-02 16:00:00,-94.75,-94.85476457216757,25.0,24.937841264158145,962.7188660443073,2010-07-05,10260002,"(25.0, -94.75)"
2010-07-02 15:00:00,-94.5,-94.53399290984147,24.5,24.562373682996142,958.378760000507,2010-07-05,10260002,"(24.5, -94.5)"
2010-07-02 14:00:00,-94.25,-94.20495330494937,24.25,24.184872732313206,957.0871533529756,2010-07-05,10260002,"(24.25, -94.25)"
2010-07-02 13:00:00,-93.75,-93.85556020283276,23.75,23.796811474587198,956.7582896504221,2010-07-05,10260002,"(23.75, -93.75)"
2010-07-02 12:00:00,-93.5,-93.47935227377741,23.5,23.386101230796626,955.9893452594398,2010-07-05,10260002,"(23.5, -93.5)"
2010-07-02 11:00:00,-93.0,-93.08411800829957,23.0,22.987368816401105,953.7314102096484,2010-07-05,10260002,"(23.0, -93.0)"
2010-07-02 10:00:00,-92.75,-92.68953121108024,22.5,22.60461036045195,954.7857992591182,2010-07-05,10260002,"(22.5, -92.75)"
2010-07-02 09:00:00,-92.25,-92.29690848232819,22.25,22.21433281702745,954.3186012533589,2010-07-05,10260002,"(22.25, -92.25)"
2013-09-10 12:00:00,-96.5,-96.49246710286916,30.0,30.108608675902744,984.9943857199878,2013-09-13,10260002,"(30.0, -96.5)"
2013-09-10 11:00:00,-96.25,-96.3500662989909,30.0,30.062058881322013,984.9061677750643,2013-09-13,10260002,"(30.0, -96.25)"
2013-09-10 10:00:00,-96.25,-96.22466256999344,30.0,30.00763457301672,984.2960315706697,2013-09-13,10260002,"(30.0, -96.25)"
2013-09-10 09:00:00,-96.0,-96.10165210008618,30.0,29.926107745722778,983.4416096253067,2013-09-13,10260002,"(30.0, -96.0)"
2013-09-10 08:00:00,-96.0,-95.93729245276545,29.75,29.816557602901046,983.3458266739973,2013-09-13,10260002,"(29.75, -96.0)"
2013-09-10 07:00:00,-95.75,-95.7783187532422,29.75,29.69238441317982,982.7697520951242,2013-09-13,10260002,"(29.75, -95.75)"
2013-09-10 06:00:00,-95.5,-95.60340251607549,29.5,29.562308899859154,983.0952462387684,2013-09-13,10260002,"(29.5, -95.5)"
2013-09-10 05:00:00,-95.5,-95.42823503970084,29.5,29.446787751264953,985.3737281251713,2013-09-13,10260002,"(29.5, -95.5)"
2013-09-10 04:00:00,-95.25,-95.25219656931192,29.25,29.35044153954177,986.8247805540234,2013-09-13,10260002,"(29.25, -95.25)"
2013-09-10 03:00:00,-95.0,-95.05931412539957,29.25,29.25035280783188,991.9568666123103,2013-09-13,10260002,"(29.25, -95.0)"
2013-09-10 02:00:00,-94.75,-94.86258434580935,29.25,29.144027535502676,997.983841529926,2013-09-13,10260002,"(29.25, -94.75)"
2013-09-10 01:00:00,-94.75,-94.65909482731553,29.0,29.038119893052688,1000.0,2013-09-13,10260002,"(29.0, -94.75)"
2014-06-26 13:00:00,-100.0,-100.07494416251109,28.0,27.955871637746448,941.143243537523,2014-06-29,10260002,"(28.0, -100.0)"
2014-06-26 12:00:00,-100.0,-99.93185721791082,27.75,27.68861482855068,943.7577611590491,2014-06-29,10260002,"(27.75, -100.0)"
2014-06-26 11:00:00,-99.75,-99.76557781262142,27.5,27.388564625156732,945.4668205358994,2014-06-29,10260002,"(27.5, -99.75)"
2014-06-26 10:00:00,-99.5,-99.60039657676302,27.0,27.076492076336653,945.9342883740896,2014-06-29,10260002,"(27.0, -99.5)"
2014-06-26 09:00:00,-99.5,-99.44046882797305,26.75,26.746074276039575,945.1938431149325,2014-06-29,10260002,"(26.75, -99.5)"
2014-06-26 08:00:00,-99.25,-99.29921773878455,26.5,26.42339379331523,941.3883818398741,2014-06-29,10260002,"(26.5, -99.25)"
2014-06-26 07:00:00,-99.25,-99.13750263956481,26.0,26.069628284178485,940.7579402759585,2014-06-29,10260002,"(26.0, -99.25)"
2014-06-26 06:00:00,-99.0,-98.94722648784995,25.75,25.725601848414502,938.4717843681996,2014-06-29,10260002,"(25.75, -99.0)"
2014-06-26 05:00:00,-98.75,-98.7533994583447,25.5,25.418930192243334,936.4709150016507,2014-06-29,10260002,"(25.5, -98.75)"
2014-06-26 04:00:00,-98.5,-98.52734140875468,25.25,25.167020772272803,926.3197848695231,2014-06-29,10260002,"(25.25, -98.5)"
2014-06-26 03:00:00,-98.25,-98.2766709535675,25.0,24.921505615419406,914.2889438016656,2014-06-29,10260002,"(25.0, -98.25)"
2014-06-26 02:00:00,-98.0,-98.04563428801016,24.75,24.696157878965522,914.0639834280829,2014-06-29,10260002,"(24.75, -98.0)"
2014-06-26 01:00:00,-97.75,-97.82422434551883,24.5,24.489116293293446,922.74166831319,2014-06-29,10260002,"(24.5, -97.75)"
2019-05-26 00:00:00,-100.0,-100.00572404645894,27.5,27.468914687737648,933.7622114442366,2019-05-27,10260002,"(27.5, -100.0)"
2019-05-25 23:00:00,-99.75,-99.69091727469879,27.25,27.15500404011585,938.3033608735956,2019-05-27,10260002,"(27.25, -99.75)"
2019-05-25 22:00:00,-99.5,-99.41264851442016,26.75,26.85068077087425,940.1586262171419,2019-05-27,10260002,"(26.75, -99.5)"
2019-05-25 21:00:00,-99.25,-99.14946566113309,26.5,26.560043661225833,940.621111916687,2019-05-27,10260002,"(26.5, -99.25)"
2019-05-25 20:00:00,-98.75,-98.87204092715787,26.25,26.265655531896474,945.231376278868,2019-05-27,10260002,"(26.25, -98.75)"
2019-05-25 19:00:00,-98.5,-98.59387183052434,26.0,25.96579173038602,949.9505328388442,2019-05-27,10260002,"(26.0, -98.5)"
2019-05-25 18:00:00,-98.25,-98.33323005873778,25.75,25.655365276839454,945.2748379000288,2019-05-27,10260002,"(25.75, -98.25)"
2019-05-25 17:00:00,-98.0,-98.10697512238022,25.25,25.338673062640144,945.6697647197884,2019-05-27,10260002,"(25.25, -98.0)"
2019-05-25 16:00:00,-98.0,-97.91019199376588,25.0,25.00071290154217,949.5535501529595,2019-05-27,10260002,"(25.0, -98.0)"
2019-05-25 15:00:00,-97.75,-97.72023316020869,24.75,24.62653583943498,954.1261957290726,2019-05-27,10260002,"(24.75, -97.75)"
2019-05-25 14:00:00,-97.5,-97.51844416060366,24.25,24.22972925269153,954.6707099919751,2019-05-27,10260002,"(24.25, -97.5)"
2019-05-25 13:00:00,-97.25,-97.3175209151679,24.0,23.87885836231409,965.928710287235,2019-05-27,10260002,"(24.0, -97.25)"
2019-05-25 12:00:00,-97.0,-97.07822662890744,23.5,23.57816094541099,971.6280283434957,2019-05-27,10260002,"(23.5, -97.0)"
2019-05-25 11:00:00,-96.75,-96.81317844636934,23.25,23.327962676936256,969.024571422415,2019-05-27,10260002,"(23.25, -96.75)"
2019-05-25 10:00:00,-96.5,-96.53008903625636,23.0,23.12199458402281,967.156444155349,2019-05-27,10260002,"(23.0, -96.5)"
2019-05-25 09:00:00,-96.25,-96.22264621976613,23.0,22.960214946195038,966.2077492196584,2019-05-27,10260002,"(23.0, -96.25)"
2019-05-25 08:00:00,-96.0,-95.89807324238835,22.75,22.827691418022063,967.8420853405503,2019-05-27,10260002,"(22.75, -96.0)"
2019-05-25 07:00:00,-95.5,-95.55233945320467,22.75,22.715465867432247,968.6259588406641,2019-05-27,10260002,"(22.75, -95.5)"
2019-05-25 06:00:00,-95.25,-95.18698612891812,22.75,22.63750441562554,968.899901406061,2019-05-27,10260002,"(22.75, -95.25)"
2019-05-25 05:00:00,-94.75,-94.80346877028836,22.5,22.596037624119578,968.007057534906,2019-05-27,10260002,"(22.5, -94.75)"
2019-05-25 04:00:00,-94.5,-94.40936496730745,22.5,22.58209137567005,965.5040488757694,2019-05-27,10260002,"(22.5, -94.5)"
2019-05-25 03:00:00,-94.0,-94.02317173691704,22.5,22.585245099825393,960.8715657294873,2019-05-27,10260002,"(22.5, -94.0)"
2019-05-25 02:00:00,-93.75,-93.6637540360486,22.5,22.595419359040495,955.3524064330574,2019-05-27,10260002,"(22.5, -93.75)"
2019-05-25 01:00:00,-93.25,-93.3471606743926,22.5,22.612847654097163,950.3933162171598,2019-05-27,10260002,"(22.5, -93.25)"
2019-05-25 00:00:00,-93.0,-93.05772659738301,22.75,22.627376039684098,946.5608385974697,2019-05-27,10260002,"(22.75, -93.0)"
2019-05-24 23:00:00,-92.75,-92.77843529323047,22.5,22.620017730208083,943.9955924126016,2019-05-27,10260002,"(22.5, -92.75)"
2019-05-24 22:00:00,-92.5,-92.51096996772766,22.5,22.58907003617553,945.4427340805692,2019-05-27,10260002,"(22.5, -92.5)"
2019-05-24 21:00:00,-92.25,-92.24963016536702,22.5,22.539220687253543,949.03053138187,2019-05-27,10260002,"(22.5, -92.25)"
2019-05-24 20:00:00,-92.0,-91.97838714222392,22.5,22.471841412305807,949.7855761374341,2019-05-27,10260002,"(22.5, -92.0)"
2019-05-24 19:00:00,-91.75,-91.71714084405679,22.5,22.379106806806803,951.424279392995,2019-05-27,10260002,"(22.5, -91.75)"
2019-05-24 18:00:00,-91.5,-91.45388578793231,22.25,22.257785320823572,952.6800478348307,2019-05-27,10260002,"(22.25, -91.5)"
2019-05-24 17:00:00,-91.25,-91.17700460497234,22.0,22.109551508594976,951.3204817002347,2019-05-27,10260002,"(22.0, -91.25)"
2019-05-24 16:00:00,-91.0,-90.89009616118453,22.0,21.941794946292603,946.1943648549391,2019-05-27,10260002,"(22.0, -91.0)"
2019-07-18 20:00:00,-100.0,-100.10620553741813,29.5,29.542112511783472,943.5115906778083,2019-07-21,10260002,"(29.5, -100.0)"
2019-07-18 19:00:00,-100.0,-100.0129404632475,29.25,29.346275631342237,954.3692001962354,2019-07-21,10260002,"(29.25, -100.0)"
2019-07-18 18:00:00,-100.0,-99.92477304653328,29.25,29.16150847631754,963.448038746985,2019-07-21,10260002,"(29.25, -100.0)"
2019-07-18 17:00:00,-99.75,-99.85488732521979,29.0,28.97607474884928,970.5477459765759,2019-07-21,10260002,"(29.0, -99.75)"
2019-07-18 16:00:00,-99.75,-99.78638895841681,28.75,28.772447944515235,974.7854145048991,2019-07-21,10260002,"(28.75, -99.75)"
2019-07-18 15:00:00,-99.75,-99.71313558826795,28.5,28.553406929549244,978.2969009837611,2019-07-21,10260002,"(28.5, -99.75)"
2019-07-18 14:00:00,-99.75,-99.62902091743896,28.25,28.320052171685973,979.1340228706022,2019-07-21,10260002,"(28.25, -99.75)"
2019-07-18 13:00:00,-99.5,-99.52174442189668,28.0,28.075847545437778,978.3302431944717,2019-07-21,10260002,"(28.0, -99.5)"
2019-07-18 12:00:00,-99.5,-99.38901673618194,27.75,27.868466978491615,978.3480576417678,2019-07-21,10260002,"(27.75, -99.5)"
2019-07-18 11:00:00,-99.25,-99.24401642189059,27.75,27.670877568042535,980.13481624271,2019-07-21,10260002,"(27.75, -99.25)"
2019-07-18 10:00:00,-99.0,-99.0762682592432,27.5,27.44630287471426,980.4286644382278,2019-07-21,10260002,"(27.5, -99.0)"
2019-07-18 09:00:00,-99.0,-98.88475756549539,27.25,27.22704575696153,976.7211249380592,2019-07-21,10260002,"(27.25, -99.0)"
2019-07-18 08:00:00,-98.75,-98.65927887755493,27.0,26.96158456119065,979.20733141436,2019-07-21,10260002,"(27.0, -98.75)"
2019-07-18 07:00:00,-98.5,-98.44662629510182,26.75,26.678618695373324,983.3636169382949,2019-07-21,10260002,"(26.75, -98.5)"
2019-07-18 06:00:00,-98.25,-98.24144485581448,26.5,26.388351437696592,989.134102331373,2019-07-21,10260002,"(26.5, -98.25)"
2019-07-18 05:00:00,-98.0,-98.05742866949556,26.0,26.10294166578249,991.0978497813684,2019-07-21,10260002,"(26.0, -98.0)"
2019-07-18 04:00:00,-98.0,-97.89902579093904,25.75,25.827652857227395,990.4971822708272,2019-07-21,10260002,"(25.75, -98.0)"
2019-07-18 03:00:00,-97.75,-97.74183770723648,25.5,25.544240939592562,990.8528556368509,2019-07-21,10260002,"(25.5, -97.75)"
2019-07-18 02:00:00,-97.5,-97.57979229856686,25.25,25.25907869082538,992.0454319368358,2019-07-21,10260002,"(25.25, -97.5)"
2019-07-18 01:00:00,-97.5,-97.41858519891564,25.0,24.96249795120227,992.3431358428965,2019-07-21,10260002,"(25.0, -97.5)"
2000-10-22 09:00:00,-100.0,-100.0211976677893,28.0,28.020318801251562,967.2141751681711,2000-10-24,14030003,"(28.0, -100.0)"
2000-10-22 08:00:00,-99.75,-99.83735567074494,27.75,27.754563992060703,969.8064784115746,2000-10-24,14030003,"(27.75, -99.75)"
2000-10-22 07:00:00,-99.75,-99.64153464810643,27.5,27.477947872877873,971.2433984392924,2000-10-24,14030003,"(27.5, -99.75)"
2000-10-22 06:00:00,-99.5,-99.43770646228444,27.25,27.184416322532194,975.8029113079987,2000-10-24,14030003,"(27.25, -99.5)"
2000-10-22 05:00:00,-99.25,-99.20182484217091,27.0,26.87850155249993,977.884779824894,2000-10-24,14030003,"(27.0, -99.25)"
2000-10-22 04:00:00,-99.0,-98.95708412416448,26.5,26.575951992332463,977.9977915371844,2000-10-24,14030003,"(26.5, -99.0)"
2000-10-22 03:00:00,-98.75,-98.70831188651364,26.25,26.275268493883548,979.3274162172257,2000-10-24,14030003,"(26.25, -98.75)"
2000-10-22 02:00:00,-98.5,-98.47472174620208,26.0,25.981629402351018,978.7138932637828,2000-10-24,14030003,"(26.0, -98.5)"
2000-10-22 01:00:00,-98.25,-98.2536732375841,25.75,25.712514157940184,974.5977638523459,2000-10-24,14030003,"(25.75, -98.25)"
2000-10-22 00:00:00,-98.0,-98.04195828190088,25.5,25.432786055300667,976.5344456054961,2000-10-24,14030003,"(25.5, -98.0)"
2000-10-21 23:00:00,-97.75,-97.85981201598855,25.25,25.139179261429167,975.5969803376989,2000-10-24,14030003,"(25.25, -97.75)"
2000-10-21 22:00:00,-97.75,-97.69209526805159,24.75,24.805776157581004,974.7257691312184,2000-10-24,14030003,"(24.75, -97.75)"
2000-10-21 21:00:00,-97.5,-97.53938460188994,24.5,24.454389697254122,975.8245623278272,2000-10-24,14030003,"(24.5, -97.5)"
2000-10-21 20:00:00,-97.5,-97.37855540612476,24.0,24.102048548927886,974.6278930277776,2000-10-24,14030003,"(24.0, -97.5)"
2000-10-21 19:00:00,-97.25,-97.251281366618,23.75,23.807854895278876,973.8985282938361,2000-10-24,14030003,"(23.75, -97.25)"
2000-10-21 18:00:00,-97.25,-97.14022147381907,23.5,23.538661449948748,973.5407474974738,2000-10-24,14030003,"(23.5, -97.25)"
2000-10-21 17:00:00,-97.0,-97.03396402996047,23.25,23.299628102586176,973.7886763427663,2000-10-24,14030003,"(23.25, -97.0)"
2000-10-21 16:00:00,-97.0,-96.92543597641568,23.0,23.088387976886633,975.6577063425589,2000-10-24,14030003,"(23.0, -97.0)"
2000-10-21 15:00:00,-96.75,-96.80686643817005,23.0,22.89807465657664,977.2910678266948,2000-10-24,14030003,"(23.0, -96.75)"
2000-10-21 14:00:00,-96.75,-96.700655936174,22.75,22.73067313261988,977.339502717396,2000-10-24,14030003,"(22.75, -96.75)"
2000-10-21 13:00:00,-96.5,-96.61380347812037,22.5,22.593453234860206,977.7616635931132,2000-10-24,14030003,"(22.5, -96.5)"
2000-10-21 12:00:00,-96.5,-96.52095930373164,22.5,22.46897737233691,979.226471890553,2000-10-24,14030003,"(22.5, -96.5)"
2000-10-21 11:00:00,-96.5,-96.42235361585044,22.25,22.3353593124804,982.0916419761979,2000-10-24,14030003,"(22.25, -96.5)"
2000-10-21 10:00:00,-96.25,-96.303921160191,22.25,22.187349516403977,982.0586575029137,2000-10-24,14030003,"(22.25, -96.25)"
2000-10-21 09:00:00,-96.25,-96.19394806326154,22.0,22.03437400583915,979.4737851815628,2000-10-24,14030003,"(22.0, -96.25)"
2000-10-22 04:00:00,-100.0,-99.93424992520116,29.25,29.14309099408734,958.620161206068,2000-10-24,13010001,"(29.25, -100.0)"
2000-10-22 03:00:00,-99.75,-99.6678179349637,29.0,28.991662953782782,966.3264172923134,2000-10-24,13010001,"(29.0, -99.75)"
2000-10-22 02:00:00,-99.25,-99.3717784808673,28.75,28.860316506679858,972.0566807491754,2000-10-24,13010001,"(28.75, -99.25)"
2000-10-22 01:00:00,-99.0,-99.03725252882745,28.75,28.748232099965445,977.2434160051658,2000-10-24,13010001,"(28.75, -99.0)"
2000-10-22 00:00:00,-98.75,-98.69295245267732,28.75,28.672099480136993,980.3944111215596,2000-10-24,13010001,"(28.75, -98.75)"
2000-10-21 23:00:00,-98.5,-98.42931813334614,28.5,28.6070384410135,983.8497237893966,2000-10-24,13010001,"(28.5, -98.5)"
2000-10-21 22:00:00,-98.25,-98.23837658445092,28.5,28.529662921001812,985.8916684635786,2000-10-24,13010001,"(28.5, -98.25)"
2000-10-21 21:00:00,-98.0,-98.08494941741644,28.5,28.410963214542317,989.4527922260381,2000-10-24,13010001,"(28.5, -98.0)"
2000-10-21 20:00:00,-98.0,-97.89489648324553,28.25,28.257443572026265,990.6204453968551,2000-10-24,13010001,"(28.25, -98.0)"
2000-10-21 19:00:00,-97.75,-97.69499906352524,28.0,28.08819229465747,992.9109305323584,2000-10-24,13010001,"(28.0, -97.75)"
2000-10-21 18:00:00,-97.5,-97.52701439221246,28.0,27.901093056308937,995.7548904698257,2000-10-24,13010001,"(28.0, -97.5)"
2000-10-21 17:00:00,-97.25,-97.36791925419902,27.75,27.69928625826488,999.0982256652866,2000-10-24,13010001,"(27.75, -97.25)"
2000-10-21 16:00:00,-97.25,-97.20333010360788,27.5,27.502225421099595,1000.0,2000-10-24,13010001,"(27.5, -97.25)"
2001-06-05 18:00:00,-92.25,-92.24704604449035,29.75,29.780378327664373,907.4098006448272,2001-06-08,11020013,"(29.75, -92.25)"
2001-06-05 17:00:00,-91.75,-91.81201147857233,29.25,29.286886171054277,912.628271755358,2001-06-08,11020013,"(29.25, -91.75)"
2001-06-05 16:00:00,-91.25,-91.36896865262861,28.75,28.796563183268614,917.0400360534868,2001-06-08,11020013,"(28.75, -91.25)"
2001-06-05 15:00:00,-91.0,-90.94507683155172,28.25,28.325958569857832,916.942074246207,2001-06-08,11020013,"(28.25, -91.0)"
2002-07-04 05:00:00,-97.75,-97.74486637015718,30.0,30.116589676168747,906.1863360351925,2002-07-06,11020013,"(30.0, -97.75)"
2002-07-04 04:00:00,-97.5,-97.51414464603661,29.75,29.67808009826668,913.0203291691688,2002-07-06,11020013,"(29.75, -97.5)"
2002-07-04 03:00:00,-97.25,-97.2641124716483,29.25,29.265283118903014,914.1684288905797,2002-07-06,11020013,"(29.25, -97.25)"
2002-07-04 02:00:00,-97.0,-97.0244113124487,29.0,28.878283196182387,914.9388655221564,2002-07-06,11020013,"(29.0, -97.0)"
2002-07-04 01:00:00,-96.75,-96.81815638198309,28.5,28.51130736151508,916.0878465567421,2002-07-06,11020013,"(28.5, -96.75)"
2002-07-04 00:00:00,-96.75,-96.65957333914483,28.25,28.177678416176338,919.6896620975796,2002-07-06,11020013,"(28.25, -96.75)"
2002-07-03 23:00:00,-96.5,-96.53723580120682,27.75,27.842844855872617,926.2332945360185,2002-07-06,11020013,"(27.75, -96.5)"
2002-07-03 22:00:00,-96.5,-96.42570879965382,27.5,27.487400832427596,928.6987869195109,2002-07-06,11020013,"(27.5, -96.5)"
2002-07-03 21:00:00,-96.25,-96.34406944911488,27.25,27.138919774624647,930.8700724744626,2002-07-06,11020013,"(27.25, -96.25)"
2002-07-03 20:00:00,-96.25,-96.18580924393494,26.75,26.79693797240679,930.2584995736636,2002-07-06,11020013,"(26.75, -96.25)"
2002-07-03 19:00:00,-96.0,-96.03192069998457,26.5,26.43651640912647,932.5236385689391,2002-07-06,11020013,"(26.5, -96.0)"
2002-07-03 18:00:00,-96.0,-95.88426163484098,26.0,26.03857388383163,937.7600639095627,2002-07-06,11020013,"(26.0, -96.0)"
2002-07-03 17:00:00,-95.75,-95.72716130600084,25.75,25.636672343447735,941.040342519446,2002-07-06,11020013,"(25.75, -95.75)"
2002-07-03 16:00:00,-95.5,-95.5518567268025,25.25,25.255920538507517,940.5617103067863,2002-07-06,11020013,"(25.25, -95.5)"
2002-07-03 15:00:00,-95.25,-95.35027325114471,25.0,24.8894861229569,940.0530022595183,2002-07-06,11020013,"(25.0, -95.25)"
2002-07-03 14:00:00,-95.25,-95.12999704232483,24.5,24.539677736977062,939.3556087261519,2002-07-06,11020013,"(24.5, -95.25)"
2002-07-03 13:00:00,-95.0,-94.91084914724215,24.25,24.197508169750304,940.1275580511149,2002-07-06,11020013,"(24.25, -95.0)"
2002-07-03 12:00:00,-94.75,-94.67699380025647,23.75,23.859794471644864,940.6276485957026,2002-07-06,11020013,"(23.75, -94.75)"
2002-07-03 11:00:00,-94.5,-94.42337803224525,23.5,23.5528552239001,939.2939306759268,2002-07-06,11020013,"(23.5, -94.5)"
2002-07-03 10:00:00,-94.25,-94.15640581569971,23.25,23.28648312118193,938.8749875233334,2002-07-06,11020013,"(23.25, -94.25)"
2002-07-03 09:00:00,-94.0,-93.88201895467101,23.0,23.064017581521142,937.7179005306419,2002-07-06,11020013,"(23.0, -94.0)"
2002-07-03 08:00:00,-93.5,-93.58974442423481,23.0,22.88174770277336,936.3248453177258,2002-07-06,11020013,"(23.0, -93.5)"
2002-07-03 07:00:00,-93.25,-93.29142627753193,22.75,22.730117033433196,937.3593234823762,2002-07-06,11020013,"(22.75, -93.25)"
2002-07-03 06:00:00,-93.0,-92.99969157639039,22.5,22.59593150119453,939.9474721012765,2002-07-06,11020013,"(22.5, -93.0)"
2002-07-03 05:00:00,-92.75,-92.7308679454155,22.5,22.4886257710818,938.9737899643133,2002-07-06,11020013,"(22.5, -92.75)"
2002-07-03 04:00:00,-92.5,-92.48731685044353,22.5,22.403526762351294,937.1718318079353,2002-07-06,11020013,"(22.5, -92.5)"
2002-07-03 03:00:00,-92.25,-92.26329323092725,22.25,22.315732197049723,934.4111987866032,2002-07-06,11020013,"(22.25, -92.25)"
2002-07-03 02:00:00,-92.0,-92.04788597854748,22.25,22.230283631851428,928.450445171523,2002-07-06,11020013,"(22.25, -92.0)"
2002-07-03 01:00:00,-91.75,-91.84312088306436,22.25,22.145804383091924,921.9168927919195,2002-07-06,11020013,"(22.25, -91.75)"
2007-03-22 23:00:00,-99.75,-99.83801453632383,27.25,27.200065953066215,945.0477541356672,2007-03-24,11020013,"(27.25, -99.75)"
2007-03-22 22:00:00,-99.5,-99.4948952257871,27.0,26.959921778105848,965.6541852701325,2007-03-24,11020013,"(27.0, -99.5)"
2007-03-22 21:00:00,-99.25,-99.18717210907025,26.75,26.690398107140755,973.6666008910194,2007-03-24,11020013,"(26.75, -99.25)"
2007-03-22 20:00:00,-99.0,-98.88710851799061,26.25,26.36030268637673,978.629589760808,2007-03-24,11020013,"(26.25, -99.0)"
2007-03-22 19:00:00,-98.75,-98.62657598756516,26.0,26.016920407931103,984.9097878909525,2007-03-24,11020013,"(26.0, -98.75)"
2007-03-22 18:00:00,-98.25,-98.36539674680044,25.75,25.66670282689622,983.5374594958821,2007-03-24,11020013,"(25.75, -98.25)"
2007-03-22 17:00:00,-98.0,-98.12182521151698,25.25,25.33165699307315,988.3994434518698,2007-03-24,11020013,"(25.25, -98.0)"
2007-03-22 16:00:00,-98.0,-97.91898532973852,25.0,24.98855868397729,995.4190757872659,2007-03-24,11020013,"(25.0, -98.0)"
2007-03-22 15:00:00,-97.75,-97.7183549008324,24.75,24.678104417687933,1000.0,2007-03-24,11020013,"(24.75, -97.75)"
2010-09-21 16:00:00,-100.0,-100.00190913607422,27.0,27.09824870172659,923.6829514596619,2010-09-23,11020013,"(27.0, -100.0)"
2010-09-21 15:00:00,-99.75,-99.806846265288,27.0,26.893485904068548,930.1258899978899,2010-09-23,11020013,"(27.0, -99.75)"
2010-09-21 14:00:00,-99.75,-99.63382941274222,26.75,26.710086220892535,936.3127502330827,2010-09-23,11020013,"(26.75, -99.75)"
2010-09-21 13:00:00,-99.5,-99.47755172627252,26.5,26.52849980256612,944.5202007577608,2010-09-23,11020013,"(26.5, -99.5)"
2010-09-21 12:00:00,-99.25,-99.33091880273312,26.25,26.31570466843733,949.2469496525159,2010-09-23,11020013,"(26.25, -99.25)"
2010-09-21 11:00:00,-99.25,-99.17849384449065,26.0,26.10913195772393,953.6867202154388,2010-09-23,11020013,"(26.0, -99.25)"
2010-09-21 10:00:00,-99.0,-99.03762399048325,26.0,25.906279137331154,953.1243919958712,2010-09-23,11020013,"(26.0, -99.0)"
2010-09-21 09:00:00,-99.0,-98.92624310704913,25.75,25.69735140477517,948.6523915295493,2010-09-23,11020013,"(25.75, -99.0)"
2010-09-21 08:00:00,-98.75,-98.78450403443169,25.5,25.45847174177804,945.9828596445955,2010-09-23,11020013,"(25.5, -98.75)"
2010-09-21 07:00:00,-98.75,-98.64149600841402,25.25,25.235972572507933,943.3279048593201,2010-09-23,11020013,"(25.25, -98.75)"
2010-09-21 06:00:00,-98.5,-98.49591412513546,25.0,25.02314429789126,940.4593896679971,2010-09-23,11020013,"(25.0, -98.5)"
2010-09-21 05:00:00,-98.25,-98.33780156557484,24.75,24.816795442143007,938.5909902777242,2010-09-23,11020013,"(24.75, -98.25)"
2010-09-21 04:00:00,-98.25,-98.17556857353497,24.75,24.641223673716638,945.2637468496838,2010-09-23,11020013,"(24.75, -98.25)"
2010-09-21 03:00:00,-98.0,-97.99428774813781,24.5,24.512621737514753,956.1206696468272,2010-09-23,11020013,"(24.5, -98.0)"
2010-09-21 02:00:00,-97.75,-97.82362701124302,24.5,24.42311088308152,964.972273604392,2010-09-23,11020013,"(24.5, -97.75)"
2010-09-21 01:00:00,-97.75,-97.63554218049568,24.25,24.346059223315685,977.6292676178789,2010-09-23,11020013,"(24.25, -97.75)"
2010-09-21 00:00:00,-97.5,-97.44527717633055,24.25,24.294562542289487,983.105099110469,2010-09-23,11020013,"(24.25, -97.5)"
2010-09-20 23:00:00,-97.25,-97.25451963651025,24.25,24.26417909204752,983.467040708923,2010-09-23,11020013,"(24.25, -97.25)"
2010-09-20 22:00:00,-97.0,-97.07286565942158,24.25,24.226324889936084,982.7151761296308,2010-09-23,11020013,"(24.25, -97.0)"
2010-09-20 21:00:00,-97.0,-96.92311399441142,24.25,24.166093358000005,980.9298491647942,2010-09-23,11020013,"(24.25, -97.0)"
2010-09-20 20:00:00,-96.75,-96.80482831653147,24.0,24.114620433063642,979.741035105016,2010-09-23,11020013,"(24.0, -96.75)"
2010-09-20 19:00:00,-96.75,-96.70547812359449,24.0,24.02884277089383,976.9825511050312,2010-09-23,11020013,"(24.0, -96.75)"
2010-09-20 18:00:00,-96.5,-96.602840854078,24.0,23.922556221188508,972.8079175742727,2010-09-23,11020013,"(24.0, -96.5)"
2010-09-20 17:00:00,-96.5,-96.46975850752501,23.75,23.81570273457427,968.6090280975919,2010-09-23,11020013,"(23.75, -96.5)"
2010-09-20 16:00:00,-96.25,-96.32523517581913,23.75,23.715151781364707,969.8189584637671,2010-09-23,11020013,"(23.75, -96.25)"
2010-09-20 15:00:00,-96.25,-96.15598874490541,23.75,23.627887291375384,974.9707960041067,2010-09-23,11020013,"(23.75, -96.25)"
2010-09-20 14:00:00,-96.0,-95.96678971952066,23.5,23.55071243199656,982.8024495746208,2010-09-23,11020013,"(23.5, -96.0)"
2010-09-20 13:00:00,-95.75,-95.76031638559255,23.5,23.465237907533748,987.3841510406307,2010-09-23,11020013,"(23.5, -95.75)"
2010-09-20 12:00:00,-95.5,-95.55109643393533,23.5,23.37720269034167,990.6736537856317,2010-09-23,11020013,"(23.5, -95.5)"
2010-09-20 11:00:00,-95.25,-95.35179015893642,23.25,23.283681905150793,992.4949579956142,2010-09-23,11020013,"(23.25, -95.25)"
2010-09-20 10:00:00,-95.25,-95.15870116551314,23.25,23.18920612470358,994.648738680154,2010-09-23,11020013,"(23.25, -95.25)"
2010-09-20 09:00:00,-95.0,-94.97447351216353,23.0,23.09321345805022,995.1098197222499,2010-09-23,11020013,"(23.0, -95.0)"
2010-09-20 08:00:00,-94.75,-94.78852289218318,23.0,23.004740413599887,996.8155213790906,2010-09-23,11020013,"(23.0, -94.75)"
2010-09-20 07:00:00,-94.5,-94.58597799791472,23.0,22.922218656364176,997.6326783284522,2010-09-23,11020013,"(23.0, -94.5)"
2010-09-20 06:00:00,-94.25,-94.3554527082359,22.75,22.857370223394298,997.8907494890417,2010-09-23,11020013,"(22.75, -94.25)"
2010-09-20 05:00:00,-94.0,-94.11096862585256,22.75,22.81311695910629,998.0401213862524,2010-09-23,11020013,"(22.75, -94.0)"
2010-09-20 04:00:00,-93.75,-93.86298206517058,22.75,22.785871264252624,998.3743289253671,2010-09-23,11020013,"(22.75, -93.75)"
2010-09-20 03:00:00,-93.5,-93.62004254935388,22.75,22.777794356272373,998.8698574583779,2010-09-23,11020013,"(22.75, -93.5)"
2010-09-20 02:00:00,-93.5,-93.38333754352952,22.75,22.773006036219154,999.4852175076871,2010-09-23,11020013,"(22.75, -93.5)"
2010-09-20 01:00:00,-93.25,-93.1497929464643,22.75,22.75988794329375,999.67018660871,2010-09-23,11020013,"(22.75, -93.25)"
2013-09-10 23:00:00,-100.0,-99.9220597852666,29.5,29.577552815769494,893.3465952699526,2013-09-12,11020013,"(29.5, -100.0)"
2013-09-10 22:00:00,-99.75,-99.6504967378682,29.5,29.415421223166668,898.6383085778901,2013-09-12,11020013,"(29.5, -99.75)"
2013-09-10 21:00:00,-99.5,-99.40538125434158,29.25,29.279190397089202,902.0868092195402,2013-09-12,11020013,"(29.25, -99.5)"
2013-09-10 20:00:00,-99.25,-99.14264885366049,29.25,29.171422803100967,903.6326333910273,2013-09-12,11020013,"(29.25, -99.25)"
2013-09-10 19:00:00,-99.0,-98.91257812503662,29.0,29.05555263987618,884.2271887867813,2013-09-12,11020013,"(29.0, -99.0)"
2013-09-10 18:00:00,-98.75,-98.69182927087158,29.0,28.921225118108318,878.6521123184871,2013-09-12,11020013,"(29.0, -98.75)"
2013-09-10 17:00:00,-98.5,-98.47759154423392,28.75,28.781027560605768,883.6344842863826,2013-09-12,11020013,"(28.75, -98.5)"
2013-09-10 16:00:00,-98.25,-98.2714651068197,28.75,28.632350825387366,890.1146993465039,2013-09-12,11020013,"(28.75, -98.25)"
2013-09-10 15:00:00,-98.0,-98.0634286867883,28.5,28.470810857909143,892.5631878586308,2013-09-12,11020013,"(28.5, -98.0)"
2013-09-10 14:00:00,-97.75,-97.85252107828566,28.25,28.291903676455295,891.649564950953,2013-09-12,11020013,"(28.25, -97.75)"
2013-09-10 13:00:00,-97.5,-97.61087051939606,28.0,28.121093775506445,890.904520191405,2013-09-12,11020013,"(28.0, -97.5)"
2013-09-10 12:00:00,-97.5,-97.38740993644966,28.0,27.96464294909072,914.419476043926,2013-09-12,11020013,"(28.0, -97.5)"
2013-09-10 11:00:00,-97.25,-97.18022225438222,27.75,27.796165861706996,927.063110064402,2013-09-12,11020013,"(27.75, -97.25)"
2013-09-10 10:00:00,-97.0,-96.98943789917764,27.5,27.61066656958343,929.5155017936821,2013-09-12,11020013,"(27.5, -97.0)"
2013-09-10 09:00:00,-96.75,-96.7901822714561,27.5,27.41180522746535,920.0874395011011,2013-09-12,11020013,"(27.5, -96.75)"
2013-09-10 08:00:00,-96.5,-96.52914029027352,27.25,27.196160524333056,917.3445888509323,2013-09-12,11020013,"(27.25, -96.5)"
2013-09-10 07:00:00,-96.25,-96.28487083212237,27.0,26.972352916941606,921.7715304644266,2013-09-12,11020013,"(27.0, -96.25)"
2013-09-10 06:00:00,-96.0,-96.03007363217237,26.75,26.747235828872096,933.904530299775,2013-09-12,11020013,"(26.75, -96.0)"
2013-09-10 05:00:00,-95.75,-95.7841395921126,26.5,26.54615101944114,941.6483633038946,2013-09-12,11020013,"(26.5, -95.75)"
2013-09-10 04:00:00,-95.5,-95.52978719626012,26.25,26.359160455502078,946.869425216672,2013-09-12,11020013,"(26.25, -95.5)"
2013-09-10 03:00:00,-95.25,-95.24428844210321,26.25,26.19038442758435,949.6817775059682,2013-09-12,11020013,"(26.25, -95.25)"
2013-09-10 02:00:00,-95.0,-94.94047548846125,26.0,26.04339847600795,949.8055206600199,2013-09-12,11020013,"(26.0, -95.0)"
2013-09-10 01:00:00,-94.75,-94.63482674940697,26.0,25.913312671470404,944.0341966975197,2013-09-12,11020013,"(26.0, -94.75)"
2013-09-10 00:00:00,-94.25,-94.31007627296736,25.75,25.796967085476954,938.1698484262932,2013-09-12,11020013,"(25.75, -94.25)"
2013-09-09 23:00:00,-94.0,-93.9912480331261,25.75,25.686960620804523,932.8503596477486,2013-09-12,11020013,"(25.75, -94.0)"
2013-09-09 22:00:00,-93.75,-93.68544271199553,25.5,25.56266369042122,931.2673655354746,2013-09-12,11020013,"(25.5, -93.75)"
2013-09-09 21:00:00,-93.5,-93.393932722324,25.5,25.411990445309147,936.1481121878373,2013-09-12,11020013,"(25.5, -93.5)"
2013-09-09 20:00:00,-93.0,-93.08458897727651,25.25,25.304436893925924,938.4648116334376,2013-09-12,11020013,"(25.25, -93.0)"
2013-09-09 19:00:00,-92.75,-92.7997116968133,25.25,25.194215099353094,938.4992456092037,2013-09-12,11020013,"(25.25, -92.75)"
2013-09-09 18:00:00,-92.5,-92.53080373433836,25.0,25.07713716958873,937.5392215089572,2013-09-12,11020013,"(25.0, -92.5)"
2013-09-09 17:00:00,-92.25,-92.25016575476043,25.0,24.961910541000115,936.2978089987371,2013-09-12,11020013,"(25.0, -92.25)"
2013-09-09 16:00:00,-92.0,-91.95197572673956,24.75,24.851630079390556,936.6408676566921,2013-09-12,11020013,"(24.75, -92.0)"
2013-09-09 15:00:00,-91.75,-91.65781683643907,24.75,24.754870573646063,933.4101082119713,2013-09-12,11020013,"(24.75, -91.75)"
2013-09-09 14:00:00,-91.5,-91.37872147790341,24.75,24.67459319589437,932.1079003142954,2013-09-12,11020013,"(24.75, -91.5)"
2013-09-09 13:00:00,-91.0,-91.11593496540877,24.5,24.603609740880664,935.0618627841687,2013-09-12,11020013,"(24.5, -91.0)"
2013-09-09 12:00:00,-91.0,-90.88158607804125,24.5,24.54373693242709,936.9182008626766,2013-09-12,11020013,"(24.5, -91.0)"
2018-06-18 00:00:00,-100.0,-99.9692875900538,28.0,28.05236528407142,908.9668647991418,2018-06-20,11020013,"(28.0, -100.0)"
2018-06-17 23:00:00,-99.75,-99.78640525314967,28.0,28.054982740757367,905.6186361574405,2018-06-20,11020013,"(28.0, -99.75)"
2018-06-17 22:00:00,-99.5,-99.621815674226,28.0,28.048841424367957,902.9467962870496,2018-06-20,11020013,"(28.0, -99.5)"
2018-06-17 21:00:00,-99.5,-99.48071148320763,28.0,28.02411176395241,906.0088904069561,2018-06-20,11020013,"(28.0, -99.5)"
2018-06-17 20:00:00,-99.25,-99.3132371354682,28.0,28.062047608311552,909.0103880687824,2018-06-20,11020013,"(28.0, -99.25)"
2018-06-17 19:00:00,-99.25,-99.18185120972097,28.0,28.09930579724994,911.5675813225962,2018-06-20,11020013,"(28.0, -99.25)"
2018-06-17 18:00:00,-99.0,-99.07534610321197,28.25,28.12709101335135,913.8792027775162,2018-06-20,11020013,"(28.25, -99.0)"
2018-06-17 17:00:00,-99.0,-98.98805725654815,28.25,28.13428610001554,915.1717758692387,2018-06-20,11020013,"(28.25, -99.0)"
2018-06-17 16:00:00,-99.0,-98.91842276590859,28.0,28.123552669917203,916.9729223945293,2018-06-20,11020013,"(28.0, -99.0)"
2018-06-17 15:00:00,-98.75,-98.85298411088978,28.0,28.09996295593618,920.0327624141637,2018-06-20,11020013,"(28.0, -98.75)"
2018-06-17 14:00:00,-98.75,-98.7855882574812,28.0,28.053719107988055,921.7580881513792,2018-06-20,11020013,"(28.0, -98.75)"
2018-06-17 13:00:00,-98.75,-98.72533097037422,28.0,27.952322517844344,922.379467231193,2018-06-20,11020013,"(28.0, -98.75)"
2018-06-17 12:00:00,-98.75,-98.6564330296647,27.75,27.780467908390683,921.8194042982217,2018-06-20,11020013,"(27.75, -98.75)"
2018-06-17 11:00:00,-98.5,-98.56365291556489,27.5,27.575816378643218,918.9630409034268,2018-06-20,11020013,"(27.5, -98.5)"
2018-06-17 10:00:00,-98.5,-98.44802563889863,27.25,27.352706259134592,915.8914604414606,2018-06-20,11020013,"(27.25, -98.5)"
2018-06-17 09:00:00,-98.25,-98.30258834888527,27.0,27.114187613763416,913.8009545002317,2018-06-20,11020013,"(27.0, -98.25)"
2018-06-17 08:00:00,-98.25,-98.13270228397212,27.0,26.90143985601158,913.009998943357,2018-06-20,11020013,"(27.0, -98.25)"
2018-06-17 07:00:00,-98.0,-97.94599557329332,26.75,26.68491921200775,914.3167539577034,2018-06-20,11020013,"(26.75, -98.0)"
2018-06-17 06:00:00,-97.75,-97.7417093376673,26.5,26.47817886711655,916.7537253337428,2018-06-20,11020013,"(26.5, -97.75)"
2018-06-17 05:00:00,-97.5,-97.53187869993543,26.25,26.290029864553674,920.5083084915617,2018-06-20,11020013,"(26.25, -97.5)"
2018-06-17 04:00:00,-97.25,-97.32019549446792,26.25,26.131229600445394,926.6358177267666,2018-06-20,11020013,"(26.25, -97.25)"
2018-06-17 03:00:00,-97.0,-97.10646910380594,26.0,26.006976776908257,928.706680147237,2018-06-20,11020013,"(26.0, -97.0)"
2018-06-17 02:00:00,-96.75,-96.87205080556696,26.0,25.915509258961574,923.5391971848065,2018-06-20,11020013,"(26.0, -96.75)"
2018-06-17 01:00:00,-96.75,-96.62787766136945,25.75,25.846678851538666,915.8726260909049,2018-06-20,11020013,"(25.75, -96.75)"
2018-10-06 18:00:00,-100.0,-100.10144088279506,27.75,27.853379083465544,955.7351043580073,2018-10-08,11020013,"(27.75, -100.0)"
2018-10-06 17:00:00,-100.0,-99.95665338559459,27.75,27.626328108702797,957.8902021634003,2018-10-08,11020013,"(27.75, -100.0)"
2018-10-06 16:00:00,-99.75,-99.82282342438081,27.5,27.39307311973054,959.1213159949017,2018-10-08,11020013,"(27.5, -99.75)"
2018-10-06 15:00:00,-99.75,-99.69631921296467,27.25,27.16735992859162,961.9175696969037,2018-10-08,11020013,"(27.25, -99.75)"
2018-10-06 14:00:00,-99.5,-99.56181240377047,27.0,26.956052440941672,966.0644273265643,2018-10-08,11020013,"(27.0, -99.5)"
2018-10-06 13:00:00,-99.5,-99.40013895506378,26.75,26.75749295589724,969.1060572579099,2018-10-08,11020013,"(26.75, -99.5)"
2018-10-06 12:00:00,-99.25,-99.24358511438386,26.5,26.514786161065718,973.2208287780203,2018-10-08,11020013,"(26.5, -99.25)"
2018-10-06 11:00:00,-99.0,-99.06949249224975,26.25,26.253324758306455,975.8871649363648,2018-10-08,11020013,"(26.25, -99.0)"
2018-10-06 10:00:00,-99.0,-98.89416103281577,26.0,25.979436774884,977.51893930447,2018-10-08,11020013,"(26.0, -99.0)"
2018-10-06 09:00:00,-98.75,-98.7829898958457,25.75,25.682921060344405,973.7356017011366,2018-10-08,11020013,"(25.75, -98.75)"
2018-10-06 08:00:00,-98.75,-98.63936050144504,25.5,25.44243828966832,970.4665699927116,2018-10-08,11020013,"(25.5, -98.75)"
2018-10-06 07:00:00,-98.5,-98.50046499891322,25.25,25.18004697374664,969.2582764673128,2018-10-08,11020013,"(25.25, -98.5)"
2018-10-06 06:00:00,-98.25,-98.36571774551075,25.0,24.902030996743935,966.623997266135,2018-10-08,11020013,"(25.0, -98.25)"
2018-10-06 05:00:00,-98.25,-98.23619765500996,24.75,24.6358201139877,965.7073420855764,2018-10-08,11020013,"(24.75, -98.25)"
2018-10-06 04:00:00,-98.0,-98.09825842336929,24.5,24.40452638255946,966.0307673320262,2018-10-08,11020013,"(24.5, -98.0)"
2018-10-06 03:00:00,-98.0,-97.92972492157843,24.25,24.212654615315845,968.5130387011612,2018-10-08,11020013,"(24.25, -98.0)"
2018-10-06 02:00:00,-97.75,-97.75841809940725,24.0,24.046904575523392,971.3184212442325,2018-10-08,11020013,"(24.0, -97.75)"
2018-10-06 01:00:00,-97.5,-97.6048631218138,24.0,23.91340359511867,974.5034684817768,2018-10-08,11020013,"(24.0, -97.5)"
2018-10-06 00:00:00,-97.5,-97.46171539541058,23.75,23.804793948758263,974.8347624438449,2018-10-08,11020013,"(23.75, -97.5)"
2018-10-05 23:00:00,-97.25,-97.33053463713757,23.75,23.71603266592597,971.3284416857797,2018-10-08,11020013,"(23.75, -97.25)"
2018-10-05 22:00:00,-97.25,-97.2117109619305,23.5,23.618763766842235,966.1708684398354,2018-10-08,11020013,"(23.5, -97.25)"
2018-10-05 21:00:00,-97.25,-97.12511202743094,23.5,23.54150285259117,956.7609384167919,2018-10-08,11020013,"(23.5, -97.25)"
2018-10-05 20:00:00,-97.0,-97.03117796111354,23.5,23.45102382122612,951.2617480809555,2018-10-08,11020013,"(23.5, -97.0)"
2018-10-05 19:00:00,-97.0,-96.94972180770345,23.25,23.362817963866988,946.4034498874911,2018-10-08,11020013,"(23.25, -97.0)"
2018-10-05 18:00:00,-96.75,-96.8685470828795,23.25,23.277539152726938,953.8205200062738,2018-10-08,11020013,"(23.25, -96.75)"
2018-10-05 17:00:00,-96.75,-96.79740197934312,23.25,23.183912922168116,962.7989092227458,2018-10-08,11020013,"(23.25, -96.75)"
2018-10-05 16:00:00,-96.75,-96.72368062543403,23.0,23.09188119831436,968.5070378200958,2018-10-08,11020013,"(23.0, -96.75)"
2018-10-05 15:00:00,-96.75,-96.62962889602147,23.0,23.020353451646958,973.7387827196077,2018-10-08,11020013,"(23.0, -96.75)"
2018-10-05 14:00:00,-96.5,-96.51882713484066,23.0,22.96280719042835,978.1722879509058,2018-10-08,11020013,"(23.0, -96.5)"
2018-10-05 13:00:00,-96.5,-96.38207964336151,23.0,22.942869358162294,979.174810191968,2018-10-08,11020013,"(23.0, -96.5)"
2018-10-05 12:00:00,-96.25,-96.25000960528348,23.0,22.943518405216,978.9394472906936,2018-10-08,11020013,"(23.0, -96.25)"
2018-10-05 11:00:00,-96.0,-96.12097226673126,23.0,22.941814129040566,977.2277054806939,2018-10-08,11020013,"(23.0, -96.0)"
2018-10-05 10:00:00,-96.0,-95.98728538269248,23.0,22.95338341844196,974.2616197434655,2018-10-08,11020013,"(23.0, -96.0)"
2018-10-05 09:00:00,-95.75,-95.86044617923866,23.0,22.960958801972694,967.5926475670578,2018-10-08,11020013,"(23.0, -95.75)"
2018-10-05 08:00:00,-95.75,-95.75249738492779,23.0,22.95767375855464,966.5961146590814,2018-10-08,11020013,"(23.0, -95.75)"
2018-10-05 07:00:00,-95.5,-95.60784057668099,23.0,22.955086801708603,969.6656104069214,2018-10-08,11020013,"(23.0, -95.5)"
2018-10-05 06:00:00,-95.5,-95.44024608400949,23.0,22.946360260671838,968.1132165978638,2018-10-08,11020013,"(23.0, -95.5)"
2018-10-05 05:00:00,-95.25,-95.25134060140738,23.0,22.930681459464886,963.3734949929577,2018-10-08,11020013,"(23.0, -95.25)"
2018-10-05 04:00:00,-95.0,-95.04836634115271,23.0,22.937963609067094,959.1556103043965,2018-10-08,11020013,"(23.0, -95.0)"
2018-10-05 03:00:00,-94.75,-94.82953840974842,23.0,22.974670387168576,957.0929710872597,2018-10-08,11020013,"(23.0, -94.75)"
2018-10-05 02:00:00,-94.5,-94.61274260705218,23.0,23.035266059798374,955.6486585885355,2018-10-08,11020013,"(23.0, -94.5)"
2018-10-05 01:00:00,-94.5,-94.40102045898618,23.0,23.10741526617048,954.6592435462446,2018-10-08,11020013,"(23.0, -94.5)"
2008-10-12 09:00:00,-100.0,-99.89342626156582,29.5,29.454863994886907,904.0145608986148,2008-10-13,11030002,"(29.5, -100.0)"
2008-10-12 08:00:00,-99.5,-99.51013224842944,29.0,29.092692255738783,924.3359597698601,2008-10-13,11030002,"(29.0, -99.5)"
2008-10-12 07:00:00,-99.25,-99.13176552886958,28.75,28.74840294636161,935.0656931576107,2008-10-13,11030002,"(28.75, -99.25)"
2008-10-12 06:00:00,-98.75,-98.76728340336544,28.5,28.41640977775187,941.5492706410165,2008-10-13,11030002,"(28.5, -98.75)"
2008-10-12 05:00:00,-98.5,-98.39840777316527,28.0,28.12123638533622,946.0703417507175,2008-10-13,11030002,"(28.0, -98.5)"
2008-10-12 04:00:00,-98.0,-98.0240718419641,27.75,27.87459078694131,946.5655112943726,2008-10-13,11030002,"(27.75, -98.0)"
2008-10-12 03:00:00,-97.75,-97.64035643514751,27.75,27.686988745990018,952.7894732350469,2008-10-13,11030002,"(27.75, -97.75)"
2008-10-12 02:00:00,-97.25,-97.23589467058865,27.5,27.550917109637048,956.7585267317077,2008-10-13,11030002,"(27.5, -97.25)"
2008-10-12 01:00:00,-96.75,-96.85800072599767,27.5,27.455531475285913,960.9603864629632,2008-10-13,11030002,"(27.5, -96.75)"
2008-10-12 00:00:00,-96.5,-96.52714674771158,27.5,27.39176365722578,960.5651989124664,2008-10-13,11030002,"(27.5, -96.5)"
2008-10-11 23:00:00,-96.25,-96.22014903224215,27.25,27.354225544293797,960.8472168712441,2008-10-13,11030002,"(27.25, -96.25)"
2008-10-11 22:00:00,-96.0,-95.94128207107782,27.25,27.330735755270176,960.8653415120336,2008-10-13,11030002,"(27.25, -96.0)"
2008-10-11 21:00:00,-95.75,-95.69842349416807,27.25,27.327275081934232,959.3979710262686,2008-10-13,11030002,"(27.25, -95.75)"
2008-10-11 20:00:00,-95.5,-95.44922158994443,27.25,27.325202063598162,956.4710665732695,2008-10-13,11030002,"(27.25, -95.5)"
2008-10-11 19:00:00,-95.25,-95.22008529266331,27.25,27.319226093011366,954.0907111845935,2008-10-13,11030002,"(27.25, -95.25)"
2008-10-11 18:00:00,-95.0,-95.0033321093183,27.25,27.304956637858446,952.7112209930378,2008-10-13,11030002,"(27.25, -95.0)"
2008-10-11 17:00:00,-94.75,-94.78984691508974,27.25,27.284032592242927,951.6188251573437,2008-10-13,11030002,"(27.25, -94.75)"
2008-10-11 16:00:00,-94.5,-94.57919766366048,27.25,27.281295067332415,947.5194564588851,2008-10-13,11030002,"(27.25, -94.5)"
2008-10-11 15:00:00,-94.5,-94.39196774337448,27.25,27.303387377687645,941.728522329259,2008-10-13,11030002,"(27.25, -94.5)"
2008-10-11 14:00:00,-94.25,-94.23990831188496,27.25,27.34501628276487,936.2048800198644,2008-10-13,11030002,"(27.25, -94.25)"
2008-10-11 13:00:00,-94.0,-94.11581409226655,27.5,27.38216737358825,931.499792040002,2008-10-13,11030002,"(27.5, -94.0)"
2008-10-11 12:00:00,-94.0,-94.02062863155109,27.5,27.40225145714203,928.1074051439501,2008-10-13,11030002,"(27.5, -94.0)"
2008-10-11 11:00:00,-94.0,-93.96121730536882,27.5,27.40853581589468,929.469354985669,2008-10-13,11030002,"(27.5, -94.0)"
2008-10-11 10:00:00,-94.0,-93.91137590042233,27.5,27.391961622406523,930.8807160721236,2008-10-13,11030002,"(27.5, -94.0)"
2008-10-11 09:00:00,-93.75,-93.8635316772242,27.25,27.3466950793295,928.1549641263775,2008-10-13,11030002,"(27.25, -93.75)"
2008-10-11 08:00:00,-93.75,-93.75333226568299,27.25,27.29934621094428,925.980140829268,2008-10-13,11030002,"(27.25, -93.75)"
2008-10-11 07:00:00,-93.75,-93.65196881572336,27.25,27.26795107282286,923.0485810795451,2008-10-13,11030002,"(27.25, -93.75)"
2008-10-11 06:00:00,-93.5,-93.57007245722782,27.25,27.251020637790184,917.4068552851321,2008-10-13,11030002,"(27.25, -93.5)"
2008-10-11 05:00:00,-93.5,-93.5038603850554,27.25,27.23627082922022,911.7305144733202,2008-10-13,11030002,"(27.25, -93.5)"
2008-10-11 04:00:00,-93.5,-93.45290202393085,27.25,27.227016530023338,905.3536537189308,2008-10-13,11030002,"(27.25, -93.5)"
2008-10-11 03:00:00,-93.5,-93.4305225393124,27.25,27.231817366835948,898.0846554219067,2008-10-13,11030002,"(27.25, -93.5)"
2008-10-11 02:00:00,-93.5,-93.44661875881746,27.25,27.233399851310143,890.4111814074746,2008-10-13,11030002,"(27.25, -93.5)"
2008-10-11 01:00:00,-93.5,-93.5036354102734,27.25,27.222698500293074,886.4730757245391,2008-10-13,11030002,"(27.25, -93.5)"
2008-10-11 00:00:00,-93.5,-93.597392394933,27.25,27.200568000215647,883.8531927754382,2008-10-13,11030002,"(27.25, -93.5)"
2008-10-10 23:00:00,-93.75,-93.72130960951685,27.25,27.158922257376215,884.9243249202061,2008-10-13,11030002,"(27.25, -93.75)"
2008-10-10 22:00:00,-93.75,-93.86804052379244,27.0,27.09391723632207,888.7740628563233,2008-10-13,11030002,"(27.0, -93.75)"
2008-10-10 21:00:00,-94.0,-94.01880608615859,27.0,27.001094003497652,889.0645655015132,2008-10-13,11030002,"(27.0, -94.0)"
2008-10-10 20:00:00,-94.25,-94.15389001968173,27.0,26.9205420200255,886.432212524453,2008-10-13,11030002,"(27.0, -94.25)"
2008-10-10 19:00:00,-94.25,-94.28098334338972,26.75,26.804880377890132,885.0241434595298,2008-10-13,11030002,"(26.75, -94.25)"
2008-10-10 18:00:00,-94.5,-94.39630699795104,26.75,26.66341874393676,885.3975352107427,2008-10-13,11030002,"(26.75, -94.5)"
2008-10-10 17:00:00,-94.5,-94.48690192543323,26.5,26.51181880221873,885.5501503633493,2008-10-13,11030002,"(26.5, -94.5)"
2008-10-10 16:00:00,-94.5,-94.55726449924377,26.25,26.36573494839795,881.5119572491267,2008-10-13,11030002,"(26.25, -94.5)"
2008-10-10 15:00:00,-94.5,-94.60362721344491,26.25,26.23547795477953,874.9300652784285,2008-10-13,11030002,"(26.25, -94.5)"
2008-10-10 14:00:00,-94.75,-94.64504807490242,26.0,26.10929943972093,870.7973218357799,2008-10-13,11030002,"(26.0, -94.75)"
2008-10-10 13:00:00,-94.75,-94.71876712017837,26.0,25.9556706691219,868.9038293633046,2008-10-13,11030002,"(26.0, -94.75)"
2008-10-10 12:00:00,-94.75,-94.80606312020718,25.75,25.780585048358628,866.8075429614416,2008-10-13,11030002,"(25.75, -94.75)"
2008-10-10 11:00:00,-95.0,-94.89791458618096,25.5,25.602977991332136,867.0035766959903,2008-10-13,11030002,"(25.5, -95.0)"
2008-10-10 10:00:00,-95.0,-94.99399721678267,25.5,25.42482465561425,867.3012150943185,2008-10-13,11030002,"(25.5, -95.0)"
2008-10-10 09:00:00,-95.0,-95.09364824911516,25.25,25.245012013950845,868.2682049641786,2008-10-13,11030002,"(25.25, -95.0)"
2008-10-10 08:00:00,-95.25,-95.1988088459487,25.0,25.058871752416987,871.2015502230881,2008-10-13,11030002,"(25.0, -95.25)"
2008-10-10 07:00:00,-95.25,-95.28568101263545,25.0,24.879739490827596,871.8647222853039,2008-10-13,11030002,"(25.0, -95.25)"
2008-10-10 06:00:00,-95.25,-95.35594026518977,24.75,24.707804099111165,870.2022024454675,2008-10-13,11030002,"(24.75, -95.25)"
2008-10-10 05:00:00,-95.5,-95.40903401655923,24.5,24.550297817850538,867.7549496010233,2008-10-13,11030002,"(24.5, -95.5)"
2008-10-10 04:00:00,-95.5,-95.44861662367657,24.5,24.416227260104883,864.4463517622743,2008-10-13,11030002,"(24.5, -95.5)"
2008-10-10 03:00:00,-95.5,-95.48037885058072,24.25,24.311371244763123,862.6505195459021,2008-10-13,11030002,"(24.25, -95.5)"
2008-10-10 02:00:00,-95.5,-95.51031682687017,24.25,24.238885199079355,860.3029243215824,2008-10-13,11030002,"(24.25, -95.5)"
2008-10-10 01:00:00,-95.5,-95.54593833647314,24.25,24.19073358917964,853.4816637188035,2008-10-13,11030002,"(24.25, -95.5)"
2010-07-03 13:00:00,-99.25,-99.23144239371028,30.0,29.920832005077912,919.5214741802554,2010-07-05,11030002,"(30.0, -99.25)"
2010-07-03 12:00:00,-99.0,-99.03190863317744,29.5,29.622287857334307,929.6998932735065,2010-07-05,11030002,"(29.5, -99.0)"
2010-07-03 11:00:00,-98.75,-98.8410919006031,29.25,29.366267836666466,936.8718386779622,2010-07-05,11030002,"(29.25, -98.75)"
2010-07-03 10:00:00,-98.75,-98.69906741566766,29.0,29.11551322474622,941.8728757802779,2010-07-05,11030002,"(29.0, -98.75)"
2010-07-03 09:00:00,-98.5,-98.54746201744435,28.75,28.791343643676917,948.2269990716463,2010-07-05,11030002,"(28.75, -98.5)"
2010-07-03 08:00:00,-98.25,-98.30329979454926,28.5,28.45670766912439,954.849151566633,2010-07-05,11030002,"(28.5, -98.25)"
2010-07-03 07:00:00,-98.0,-98.04241633761912,28.0,28.11107722943849,956.036444035518,2010-07-05,11030002,"(28.0, -98.0)"
2010-07-03 06:00:00,-97.75,-97.78015642485302,27.75,27.762961607026625,959.7544895472455,2010-07-05,11030002,"(27.75, -97.75)"
2010-07-03 05:00:00,-97.5,-97.49259191780821,27.5,27.425787837651104,963.7597522197597,2010-07-05,11030002,"(27.5, -97.5)"
2010-07-03 04:00:00,-97.25,-97.19874661705624,27.0,27.110046532790047,966.1697102628569,2010-07-05,11030002,"(27.0, -97.25)"
2010-07-03 03:00:00,-97.0,-96.92164219656097,26.75,26.815013032158973,967.0763479313921,2010-07-05,11030002,"(26.75, -97.0)"
2010-07-03 02:00:00,-96.75,-96.64760133007076,26.5,26.531209150674048,966.0064090805155,2010-07-05,11030002,"(26.5, -96.75)"
2010-07-03 01:00:00,-96.25,-96.36332239676757,26.25,26.24615816868969,963.0414241550411,2010-07-05,11030002,"(26.25, -96.25)"
2010-07-03 00:00:00,-96.0,-96.05822669722508,26.0,25.962795617826945,962.0465990489453,2010-07-05,11030002,"(26.0, -96.0)"
2010-07-02 23:00:00,-95.75,-95.72540557236523,25.75,25.656000591158048,959.5214267083173,2010-07-05,11030002,"(25.75, -95.75)"
2010-07-02 22:00:00,-95.5,-95.39617457842446,25.25,25.31729950183639,958.3577574960111,2010-07-05,11030002,"(25.25, -95.5)"
2010-07-02 21:00:00,-95.0,-95.07764276560536,25.0,24.98510596430338,958.5688854480208,2010-07-05,11030002,"(25.0, -95.0)"
2010-07-02 20:00:00,-94.75,-94.71419617244625,24.75,24.687115667265704,955.0614236116721,2010-07-05,11030002,"(24.75, -94.75)"
2010-07-02 19:00:00,-94.25,-94.36349555535874,24.5,24.396855598237497,953.7950493576966,2010-07-05,11030002,"(24.5, -94.25)"
2010-07-02 18:00:00,-94.0,-94.02651825837953,24.0,24.10431977410738,953.5439060428725,2010-07-05,11030002,"(24.0, -94.0)"
2010-07-02 17:00:00,-93.75,-93.6988706050091,23.75,23.79314769164785,954.8764853090374,2010-07-05,11030002,"(23.75, -93.75)"
2010-07-02 16:00:00,-93.25,-93.37274995653627,23.5,23.4665216947003,956.8281939645849,2010-07-05,11030002,"(23.5, -93.25)"
2010-07-02 15:00:00,-93.0,-93.032446732375,23.25,23.12736888550792,959.2187840270403,2010-07-05,11030002,"(23.25, -93.0)"
2010-07-02 14:00:00,-92.75,-92.66263657296486,22.75,22.771552438019718,959.486620213725,2010-07-05,11030002,"(22.75, -92.75)"
2010-07-02 13:00:00,-92.25,-92.27247132095337,22.5,22.40846175681873,955.5946571967276,2010-07-05,11030002,"(22.5, -92.25)"
2010-07-02 12:00:00,-92.0,-91.87939185509445,22.0,22.055401500675803,951.3496923283604,2010-07-05,11030002,"(22.0, -92.0)"
2010-07-21 11:00:00,-100.0,-99.96080268921204,27.25,27.312744361999897,784.8004182415659,2010-07-23,11030002,"(27.25, -100.0)"
2010-07-21 10:00:00,-99.75,-99.76477061959584,27.25,27.166286492265375,782.158744277957,2010-07-23,11030002,"(27.25, -99.75)"
2010-07-21 09:00:00,-99.5,-99.57810491936813,27.0,27.023135784445238,777.3713862337493,2010-07-23,11030002,"(27.0, -99.5)"
2010-07-21 08:00:00,-99.25,-99.34871645205486,26.75,26.848731413472954,770.7027376933546,2010-07-23,11030002,"(26.75, -99.25)"
2010-07-21 07:00:00,-99.0,-99.11686866863668,26.75,26.66993367398274,766.6015674775738,2010-07-23,11030002,"(26.75, -99.0)"
2010-07-21 06:00:00,-99.0,-98.8863959672954,26.5,26.479059014082335,764.6865304276438,2010-07-23,11030002,"(26.5, -99.0)"
2010-07-21 05:00:00,-98.75,-98.6553528238947,26.25,26.290800562186682,764.7146792147632,2010-07-23,11030002,"(26.25, -98.75)"
2010-07-21 04:00:00,-98.5,-98.42402870238946,26.25,26.126007894984383,765.3318896780272,2010-07-23,11030002,"(26.25, -98.5)"
2010-07-21 03:00:00,-98.25,-98.18130940966415,26.0,25.982813441394935,764.6138858915309,2010-07-23,11030002,"(26.0, -98.25)"
2010-07-21 02:00:00,-98.0,-97.93554661844789,25.75,25.869062939100647,764.4558944091428,2010-07-23,11030002,"(25.75, -98.0)"
2010-07-21 01:00:00,-97.75,-97.68303698395324,25.75,25.790791166543606,764.0158197126505,2010-07-23,11030002,"(25.75, -97.75)"
2010-07-21 00:00:00,-97.5,-97.4308523347528,25.75,25.73094272638079,754.0160824978113,2010-07-23,11030002,"(25.75, -97.5)"
2010-07-20 23:00:00,-97.25,-97.16207056380026,25.75,25.69631688184423,766.8770021638769,2010-07-23,11030002,"(25.75, -97.25)"
2010-07-20 22:00:00,-97.0,-96.90519512337262,25.75,25.66887571750068,758.0220241035034,2010-07-23,11030002,"(25.75, -97.0)"
2010-07-20 21:00:00,-96.5,-96.62483932212513,25.75,25.638181481251014,759.3808101364394,2010-07-23,11030002,"(25.75, -96.5)"
2010-07-20 20:00:00,-96.5,-96.38350083213591,25.5,25.62347046407711,754.5843541817037,2010-07-23,11030002,"(25.5, -96.5)"
2010-07-20 19:00:00,-96.25,-96.14534127015962,25.5,25.60239557158175,756.5539788635805,2010-07-23,11030002,"(25.5, -96.25)"
2010-07-20 18:00:00,-96.0,-95.90735883529965,25.5,25.57502644917688,766.4746478076837,2010-07-23,11030002,"(25.5, -96.0)"
2010-07-20 17:00:00,-95.75,-95.67297071968159,25.5,25.548176478508257,769.7985871258156,2010-07-23,11030002,"(25.5, -95.75)"
2010-07-20 16:00:00,-95.5,-95.4480134272874,25.5,25.51594984172257,767.4203523500469,2010-07-23,11030002,"(25.5, -95.5)"
2010-07-20 15:00:00,-95.25,-95.23155473395862,25.5,25.471230260984882,760.2605485241195,2010-07-23,11030002,"(25.5, -95.25)"
2010-07-20 14:00:00,-95.0,-95.00610065682724,25.5,25.42111713666455,758.6097782242086,2010-07-23,11030002,"(25.5, -95.0)"
2010-07-20 13:00:00,-94.75,-94.78364129398868,25.5,25.37999441739433,755.8524503474058,2010-07-23,11030002,"(25.5, -94.75)"
2010-07-20 12:00:00,-94.5,-94.55627249289246,25.25,25.334561416684497,747.0383895242167,2010-07-23,11030002,"(25.25, -94.5)"
2010-07-20 11:00:00,-94.25,-94.31837883421184,25.25,25.285988209540665,752.8557734531289,2010-07-23,11030002,"(25.25, -94.25)"
2010-07-20 10:00:00,-94.0,-94.08036150563584,25.25,25.223635881598156,758.0621445520347,2010-07-23,11030002,"(25.25, -94.0)"
2010-07-20 09:00:00,-93.75,-93.82604053823832,25.25,25.15224134918394,757.0092412649465,2010-07-23,11030002,"(25.25, -93.75)"
2010-07-20 08:00:00,-93.5,-93.56314453920979,25.0,25.052069949387754,757.0470399512302,2010-07-23,11030002,"(25.0, -93.5)"
2010-07-20 07:00:00,-93.25,-93.27465376112386,25.0,24.96151212932367,757.5711315305233,2010-07-23,11030002,"(25.0, -93.25)"
2010-07-20 06:00:00,-93.0,-92.96321054870575,25.0,24.886098522089103,760.3559746903827,2010-07-23,11030002,"(25.0, -93.0)"
2010-07-20 05:00:00,-92.75,-92.63604297034037,24.75,24.830973980955058,763.0063704840777,2010-07-23,11030002,"(24.75, -92.75)"
2010-07-20 04:00:00,-92.25,-92.30846267219624,24.75,24.794899284278152,762.5759737286169,2010-07-23,11030002,"(24.75, -92.25)"
2010-07-20 03:00:00,-92.0,-91.98404675802908,24.75,24.778058068101178,762.1479856753351,2010-07-23,11030002,"(24.75, -92.0)"
2010-07-20 02:00:00,-91.75,-91.66004666740045,24.75,24.787136716051506,757.7357228095058,2010-07-23,11030002,"(24.75, -91.75)"
2010-07-20 01:00:00,-91.25,-91.35451144627748,24.75,24.81229901123815,754.2192702050882,2010-07-23,11030002,"(24.75, -91.25)"
2018-10-06 12:00:00,-96.5,-96.56240201205999,30.0,30.06931455256191,989.5452873472515,2018-10-08,11030002,"(30.0, -96.5)"
2018-10-06 11:00:00,-96.5,-96.54055680687729,30.0,29.95628239162202,989.71349380619,2018-10-08,11030002,"(30.0, -96.5)"
2018-10-06 10:00:00,-96.5,-96.50788606339687,29.75,29.810013780122866,990.2534951420561,2018-10-08,11030002,"(29.75, -96.5)"
2018-10-06 09:00:00,-96.5,-96.42991665357782,29.75,29.6792125106475,992.3872171454676,2018-10-08,11030002,"(29.75, -96.5)"
2018-10-06 08:00:00,-96.25,-96.34361011163608,29.5,29.520913275922325,994.9975525969373,2018-10-08,11030002,"(29.5, -96.25)"
2018-10-06 07:00:00,-96.25,-96.22934494457891,29.25,29.34906437865449,997.0713104230689,2018-10-08,11030002,"(29.25, -96.25)"
2018-10-06 06:00:00,-96.0,-96.09906508181444,29.25,29.17656018078425,998.8431166082953,2018-10-08,11030002,"(29.25, -96.0)"
2018-10-06 05:00:00,-96.0,-95.95457336500277,29.0,29.006892712844394,999.8165901397513,2018-10-08,11030002,"(29.0, -96.0)"
2018-10-06 04:00:00,-95.75,-95.8013791860348,28.75,28.857709175457046,1000.0,2018-10-08,11030002,"(28.75, -95.75)"
2019-07-19 14:00:00,-100.0,-100.04570576651957,27.5,27.62220448923578,924.600892071919,2019-07-21,11030002,"(27.5, -100.0)"
2019-07-19 13:00:00,-100.0,-99.92249120946671,27.25,27.291785903625055,918.1249985100817,2019-07-21,11030002,"(27.25, -100.0)"
2019-07-19 12:00:00,-99.75,-99.79318846100934,26.75,26.863076728466996,912.6709296404325,2019-07-21,11030002,"(26.75, -99.75)"
2019-07-19 11:00:00,-99.75,-99.64608866006868,26.5,26.415131713294887,919.7969369563529,2019-07-21,11030002,"(26.5, -99.75)"
2019-07-19 10:00:00,-99.5,-99.49597672356369,26.0,25.97878048131373,920.9067531374961,2019-07-21,11030002,"(26.0, -99.5)"
2019-07-19 09:00:00,-99.25,-99.33423857452252,25.5,25.546654578764034,939.2133778477033,2019-07-21,11030002,"(25.5, -99.25)"
2019-07-19 08:00:00,-99.25,-99.15694663978692,25.25,25.13780832091599,936.5480796308923,2019-07-21,11030002,"(25.25, -99.25)"
2019-07-19 07:00:00,-99.0,-99.03048121115856,24.75,24.719822916649896,933.5113685540798,2019-07-21,11030002,"(24.75, -99.0)"
2019-07-19 06:00:00,-99.0,-98.9120112477029,24.5,24.400579135987268,899.6130302552955,2019-07-21,11030002,"(24.5, -99.0)"
2019-07-19 05:00:00,-98.75,-98.83597976644573,24.0,23.98079555395415,899.3785874353522,2019-07-21,11030002,"(24.0, -98.75)"
2019-07-19 04:00:00,-98.75,-98.81919483855857,23.5,23.587338419026416,890.5172889917819,2019-07-21,11030002,"(23.5, -98.75)"
2019-07-19 03:00:00,-98.75,-98.80349518017415,23.25,23.213749143929075,878.8472550617715,2019-07-21,11030002,"(23.25, -98.75)"
2019-07-19 02:00:00,-98.75,-98.74163416619491,23.0,22.907184969470805,879.1524527390103,2019-07-21,11030002,"(23.0, -98.75)"
2019-07-19 01:00:00,-98.5,-98.61901939305834,22.75,22.675033769654906,893.2644298136403,2019-07-21,11030002,"(22.75, -98.5)"
2019-07-19 00:00:00,-98.5,-98.44842666450029,22.5,22.49745291913228,894.299777800603,2019-07-21,11030002,"(22.5, -98.5)"
2019-07-18 23:00:00,-98.25,-98.23155673100733,22.25,22.33925774403154,889.5021416372293,2019-07-21,11030002,"(22.25, -98.25)"
2019-07-18 22:00:00,-98.0,-97.9969726282168,22.25,22.182991486865276,902.9136876567381,2019-07-21,11030002,"(22.25, -98.0)"
2019-07-18 21:00:00,-97.75,-97.7854577093985,22.0,22.03278070374047,898.4463847541926,2019-07-21,11030002,"(22.0, -97.75)"
2019-07-18 20:00:00,-97.5,-97.58488480976173,22.0,21.904313252934656,885.1743633239117,2019-07-21,11030002,"(22.0, -97.5)"
2000-10-22 05:00:00,-98.0,-97.95299534760407,30.0,29.946114502085397,972.7031059634826,2000-10-24,11030001,"(30.0, -98.0)"
2000-10-22 04:00:00,-97.75,-97.79663375642431,29.75,29.712248526060414,984.3678576623855,2000-10-24,11030001,"(29.75, -97.75)"
2000-10-22 03:00:00,-97.5,-97.61776873467628,29.5,29.50066948464152,991.5494566816244,2000-10-24,11030001,"(29.5, -97.5)"
2000-10-22 02:00:00,-97.5,-97.4479522407752,29.25,29.342561286593547,994.2457246914746,2000-10-24,11030001,"(29.25, -97.5)"
2000-10-22 01:00:00,-97.25,-97.28860090085679,29.25,29.21506105124178,995.6421915425836,2000-10-24,11030001,"(29.25, -97.25)"
2000-10-22 00:00:00,-97.25,-97.14014312704074,29.0,29.112164907922324,995.9879840104151,2000-10-24,11030001,"(29.0, -97.25)"
2000-10-21 23:00:00,-97.0,-97.00227986370527,29.0,28.998703555561832,997.0902088375237,2000-10-24,11030001,"(29.0, -97.0)"
2000-10-21 22:00:00,-96.75,-96.85660174042667,29.0,28.882374689293087,999.874637484149,2000-10-24,11030001,"(29.0, -96.75)"
2000-10-21 21:00:00,-96.75,-96.7567645547442,28.75,28.76830123764328,1000.0,2000-10-24,11030001,"(28.75, -96.75)"
2000-10-28 03:00:00,-98.0,-97.98463167934764,30.0,30.10474100018454,967.9492208809162,2000-10-29,11030001,"(30.0, -98.0)"
2000-10-28 02:00:00,-97.75,-97.81131723006767,30.0,29.909482904787378,978.3191666282058,2000-10-29,11030001,"(30.0, -97.75)"
2000-10-28 01:00:00,-97.75,-97.63390682130168,29.75,29.730740524737822,986.6896453121444,2000-10-29,11030001,"(29.75, -97.75)"
2000-10-28 00:00:00,-97.5,-97.48689475611923,29.5,29.585152280601598,990.0474650177101,2000-10-29,11030001,"(29.5, -97.5)"
2000-10-27 23:00:00,-97.25,-97.34303361618615,29.5,29.457250800183633,991.5654007190193,2000-10-29,11030001,"(29.5, -97.25)"
2000-10-27 22:00:00,-97.25,-97.20449578624994,29.25,29.33515003302117,993.3669843487495,2000-10-29,11030001,"(29.25, -97.25)"
2000-10-27 21:00:00,-97.0,-97.11203087188366,29.25,29.180122987292076,993.8176712835074,2000-10-29,11030001,"(29.25, -97.0)"
2000-10-27 20:00:00,-97.0,-96.99874036939948,29.0,29.006202705925656,996.6279341765221,2000-10-29,11030001,"(29.0, -97.0)"
2000-10-27 19:00:00,-97.0,-96.88342509216774,28.75,28.841199475744066,1000.0,2000-10-29,11030001,"(28.75, -97.0)"
2001-06-05 04:00:00,-96.25,-96.29781762407812,30.0,29.898776424835667,950.9716327613874,2001-06-08,11030001,"(30.0, -96.25)"
2001-06-05 03:00:00,-96.0,-96.0759834582614,29.5,29.576240163883938,952.5897929431413,2001-06-08,11030001,"(29.5, -96.0)"
2001-06-05 02:00:00,-95.75,-95.85775619674769,29.25,29.274738669789507,953.703767286045,2001-06-08,11030001,"(29.25, -95.75)"
2001-06-05 01:00:00,-95.75,-95.6304135755664,29.0,28.98742094124023,953.2127098407697,2001-06-08,11030001,"(29.0, -95.75)"
2002-09-07 18:00:00,-91.0,-91.06130499424313,30.0,30.010096582921566,922.6769514108636,2002-09-10,11030001,"(30.0, -91.0)"
2008-10-12 07:00:00,-98.75,-98.7761740749794,30.0,29.89763194158741,903.4629002250716,2008-10-13,11030001,"(30.0, -98.75)"
2008-10-12 06:00:00,-98.5,-98.49507797519564,29.5,29.55485269169879,907.8614506759451,2008-10-13,11030001,"(29.5, -98.5)"
2008-10-12 05:00:00,-98.25,-98.19002860033123,29.25,29.255792252591927,925.461062436564,2008-10-13,11030001,"(29.25, -98.25)"
2008-10-12 04:00:00,-97.75,-97.83108264294218,29.0,28.97404872620251,932.5641880045223,2008-10-13,11030001,"(29.0, -97.75)"
2008-10-12 03:00:00,-97.5,-97.45344852932081,28.75,28.74595802901411,931.3956493165844,2008-10-13,11030001,"(28.75, -97.5)"
2008-10-12 02:00:00,-97.0,-97.08086638721534,28.5,28.567241773756546,929.6255511298817,2008-10-13,11030001,"(28.5, -97.0)"
2008-10-12 01:00:00,-96.75,-96.73876309681658,28.5,28.45309429790348,926.2405581948406,2008-10-13,11030001,"(28.5, -96.75)"
2008-10-12 00:00:00,-96.5,-96.44809111377076,28.5,28.412118876656788,920.5883681583211,2008-10-13,11030001,"(28.5, -96.5)"
2008-10-11 23:00:00,-96.25,-96.21015043962828,28.5,28.413630973811397,915.3983114310433,2008-10-13,11030001,"(28.5, -96.25)"
2008-10-11 22:00:00,-96.0,-96.00725607844909,28.5,28.43519616610176,912.8323297955563,2008-10-13,11030001,"(28.5, -96.0)"
2008-10-11 21:00:00,-95.75,-95.8460890620648,28.5,28.471072773329613,910.6467688404678,2008-10-13,11030001,"(28.5, -95.75)"
2008-10-11 20:00:00,-95.75,-95.67371101850667,28.5,28.496376972050903,910.4176927027904,2008-10-13,11030001,"(28.5, -95.75)"
2008-10-11 19:00:00,-95.5,-95.53557128216298,28.5,28.514213493048292,912.405762533702,2008-10-13,11030001,"(28.5, -95.5)"
2008-10-11 18:00:00,-95.5,-95.42475147436625,28.5,28.524972008190858,913.5731446644919,2008-10-13,11030001,"(28.5, -95.5)"
2008-10-11 17:00:00,-95.25,-95.32781204946043,28.5,28.52367360550042,909.5044995479457,2008-10-13,11030001,"(28.5, -95.25)"
2008-10-11 16:00:00,-95.25,-95.23203145311219,28.5,28.507976229601265,902.0689269643625,2008-10-13,11030001,"(28.5, -95.25)"
2008-10-11 15:00:00,-95.25,-95.1332884631864,28.5,28.49695249039325,895.0054643626481,2008-10-13,11030001,"(28.5, -95.25)"
2008-10-11 14:00:00,-95.0,-95.0410964933971,28.5,28.5046143934495,888.1081303369576,2008-10-13,11030001,"(28.5, -95.0)"
2008-10-11 13:00:00,-95.0,-94.96701041941984,28.5,28.534296557150643,883.0272342912573,2008-10-13,11030001,"(28.5, -95.0)"
2008-10-11 12:00:00,-95.0,-94.91764318811067,28.5,28.574102054848954,881.9695711046202,2008-10-13,11030001,"(28.5, -95.0)"
2008-10-11 11:00:00,-95.0,-94.90078999947595,28.5,28.605158174998753,884.3635399006366,2008-10-13,11030001,"(28.5, -95.0)"
2008-10-11 10:00:00,-95.0,-94.90967700258979,28.5,28.60567263638713,885.0929511182286,2008-10-13,11030001,"(28.5, -95.0)"
2008-10-11 09:00:00,-95.0,-94.94642083669964,28.5,28.581779368279012,885.0145469893499,2008-10-13,11030001,"(28.5, -95.0)"
2008-10-11 08:00:00,-95.0,-94.94526334479829,28.5,28.550985361746314,887.4254738282388,2008-10-13,11030001,"(28.5, -95.0)"
2008-10-11 07:00:00,-95.0,-94.94155647927555,28.5,28.492153914886597,886.6232322737017,2008-10-13,11030001,"(28.5, -95.0)"
2008-10-11 06:00:00,-95.0,-94.93115302299118,28.5,28.408617123380292,885.4311700276182,2008-10-13,11030001,"(28.5, -95.0)"
2008-10-11 05:00:00,-95.0,-94.91564066761858,28.25,28.32482056031287,885.6943103127337,2008-10-13,11030001,"(28.25, -95.0)"
2008-10-11 04:00:00,-95.0,-94.89111611273972,28.25,28.25138949291321,885.1168856035559,2008-10-13,11030001,"(28.25, -95.0)"
2008-10-11 03:00:00,-94.75,-94.86460997539238,28.25,28.18306168845146,881.9346778812029,2008-10-13,11030001,"(28.25, -94.75)"
2008-10-11 02:00:00,-94.75,-94.85720672260759,28.0,28.113607863355995,876.8429017634545,2008-10-13,11030001,"(28.0, -94.75)"
2008-10-11 01:00:00,-95.0,-94.88992903851435,28.0,28.038985276691307,876.1299041399026,2008-10-13,11030001,"(28.0, -95.0)"
2008-10-11 00:00:00,-95.0,-94.9389095747316,28.0,27.94947113116352,877.8997816638766,2008-10-13,11030001,"(28.0, -95.0)"
2008-10-10 23:00:00,-95.0,-94.9896458282349,27.75,27.85266602401781,881.0601341289591,2008-10-13,11030001,"(27.75, -95.0)"
2008-10-10 22:00:00,-95.0,-95.04216396303613,27.75,27.747744764862706,880.532607234842,2008-10-13,11030001,"(27.75, -95.0)"
2008-10-10 21:00:00,-95.0,-95.08994012868466,27.5,27.623274438418534,876.2258408590274,2008-10-13,11030001,"(27.5, -95.0)"
2008-10-10 20:00:00,-95.0,-95.10858383800317,27.5,27.522599103600797,872.6106365227582,2008-10-13,11030001,"(27.5, -95.0)"
2008-10-10 19:00:00,-95.0,-95.12294553837015,27.5,27.41650242034814,871.0848220123465,2008-10-13,11030001,"(27.5, -95.0)"
2008-10-10 18:00:00,-95.25,-95.12740155631104,27.25,27.310843207079717,872.5343388404227,2008-10-13,11030001,"(27.25, -95.25)"
2008-10-10 17:00:00,-95.0,-95.1177394170753,27.25,27.209313412212442,873.7222978893799,2008-10-13,11030001,"(27.25, -95.0)"
2008-10-10 16:00:00,-95.0,-95.10095779856609,27.25,27.1255583362481,873.9999534607035,2008-10-13,11030001,"(27.25, -95.0)"
2008-10-10 15:00:00,-95.0,-95.08568021257288,27.0,27.059277601860806,871.265174891633,2008-10-13,11030001,"(27.0, -95.0)"
2008-10-10 14:00:00,-95.0,-95.07717124526083,27.0,27.001208735046024,867.4442346161195,2008-10-13,11030001,"(27.0, -95.0)"
2008-10-10 13:00:00,-95.0,-95.0709719808109,27.0,26.941192001163675,864.7710958471814,2008-10-13,11030001,"(27.0, -95.0)"
2008-10-10 12:00:00,-95.0,-95.08032867201828,26.75,26.86999088044335,864.5447488785649,2008-10-13,11030001,"(26.75, -95.0)"
2008-10-10 11:00:00,-95.0,-95.0947782401752,26.75,26.797315498791566,864.809890905457,2008-10-13,11030001,"(26.75, -95.0)"
2008-10-10 10:00:00,-95.0,-95.11632245959441,26.75,26.710681902491945,866.2752425341258,2008-10-13,11030001,"(26.75, -95.0)"
2008-10-10 09:00:00,-95.25,-95.13286386735813,26.5,26.617433722426327,867.361007245221,2008-10-13,11030001,"(26.5, -95.25)"
2008-10-10 08:00:00,-95.25,-95.14865720347964,26.5,26.515453340227484,867.7209084264283,2008-10-13,11030001,"(26.5, -95.25)"
2008-10-10 07:00:00,-95.25,-95.14585940907077,26.5,26.410041464900793,865.8140821772683,2008-10-13,11030001,"(26.5, -95.25)"
2008-10-10 06:00:00,-95.25,-95.13744920777576,26.25,26.31111196259639,864.4022720575448,2008-10-13,11030001,"(26.25, -95.25)"
2008-10-10 05:00:00,-95.0,-95.11736561770883,26.25,26.218815128397498,864.3464959342955,2008-10-13,11030001,"(26.25, -95.0)"
2008-10-10 04:00:00,-95.0,-95.08367778567442,26.25,26.12989217392144,865.9680254276077,2008-10-13,11030001,"(26.25, -95.0)"
2008-10-10 03:00:00,-95.0,-95.04447827895959,26.0,26.060597059487556,866.4726981641064,2008-10-13,11030001,"(26.0, -95.0)"
2008-10-10 02:00:00,-95.0,-94.99761886520182,26.0,26.00631846745113,862.4359162433576,2008-10-13,11030001,"(26.0, -95.0)"
2008-10-10 01:00:00,-95.0,-94.94383811294347,26.0,25.94897456700531,855.5385183283855,2008-10-13,11030001,"(26.0, -95.0)"
2011-10-07 04:00:00,-99.75,-99.72643140828505,29.75,29.85564136338137,932.401994801462,2011-10-08,11030001,"(29.75, -99.75)"
2011-10-07 03:00:00,-99.5,-99.5058288698979,29.5,29.579268969702472,939.4584257255644,2011-10-08,11030001,"(29.5, -99.5)"
2011-10-07 02:00:00,-99.25,-99.23546957057016,29.25,29.32243336548594,960.029102291945,2011-10-08,11030001,"(29.25, -99.25)"
2011-10-07 01:00:00,-99.0,-98.95566448316058,29.0,29.109286714545338,972.9230128962402,2011-10-08,11030001,"(29.0, -99.0)"
2011-10-07 00:00:00,-98.75,-98.68343244566562,29.0,28.927210312534555,979.2062898573047,2011-10-08,11030001,"(29.0, -98.75)"
2011-10-06 23:00:00,-98.5,-98.44970983768533,28.75,28.769809483145178,984.6083410658362,2011-10-08,11030001,"(28.75, -98.5)"
2011-10-06 22:00:00,-98.25,-98.25449298410807,28.75,28.632642402199927,989.4339473565944,2011-10-08,11030001,"(28.75, -98.25)"
2011-10-06 21:00:00,-98.0,-98.095990057673,28.5,28.51641857479289,989.2631516757937,2011-10-08,11030001,"(28.5, -98.0)"
2011-10-06 20:00:00,-98.0,-97.93648591952362,28.5,28.389766968107338,989.8024548724793,2011-10-08,11030001,"(28.5, -98.0)"
2011-10-06 19:00:00,-97.75,-97.79282715049695,28.25,28.259870224680675,991.7274289055009,2011-10-08,11030001,"(28.25, -97.75)"
2011-10-06 18:00:00,-97.75,-97.65770583637634,28.0,28.12452092627259,994.7453736797651,2011-10-08,11030001,"(28.0, -97.75)"
2011-10-06 17:00:00,-97.5,-97.53099260609865,28.0,27.98752409176157,997.0028544113302,2011-10-08,11030001,"(28.0, -97.5)"
2011-10-06 16:00:00,-97.5,-97.4202057427437,27.75,27.859502451605,999.0567832226814,2011-10-08,11030001,"(27.75, -97.5)"
2011-10-06 15:00:00,-97.25,-97.33606485735744,27.75,27.750428558782975,1000.0,2011-10-08,11030001,"(27.75, -97.25)"
2014-06-26 16:00:00,-100.0,-100.03570306517025,28.0,28.042639054236112,899.89720955588,2014-06-28,11030001,"(28.0, -100.0)"
2014-06-26 15:00:00,-100.0,-99.93951752571681,27.75,27.821035774657563,898.5325467141521,2014-06-28,11030001,"(27.75, -100.0)"
2014-06-26 14:00:00,-99.75,-99.84031101875166,27.5,27.557696167600525,893.5693601483531,2014-06-28,11030001,"(27.5, -99.75)"
2014-06-26 13:00:00,-99.75,-99.70987724177797,27.25,27.264253708134532,893.8802958962749,2014-06-28,11030001,"(27.25, -99.75)"
2014-06-26 12:00:00,-99.5,-99.54028475984035,27.0,26.913273422959477,906.4095314883623,2014-06-28,11030001,"(27.0, -99.5)"
2014-06-26 11:00:00,-99.25,-99.35603418081004,26.5,26.53635387093338,907.7731684386533,2014-06-28,11030001,"(26.5, -99.25)"
2014-06-26 10:00:00,-99.25,-99.1526255862529,26.25,26.150899050349686,913.6531186884885,2014-06-28,11030001,"(26.25, -99.25)"
2014-06-26 09:00:00,-99.0,-98.93261740314834,25.75,25.78594449392767,922.4347739595715,2014-06-28,11030001,"(25.75, -99.0)"
2014-06-26 08:00:00,-98.75,-98.71739280271682,25.5,25.451977631168194,921.0432873357303,2014-06-28,11030001,"(25.5, -98.75)"
2014-06-26 07:00:00,-98.5,-98.46930403983244,25.25,25.145050707423987,914.22350366336,2014-06-28,11030001,"(25.25, -98.5)"
2014-06-26 06:00:00,-98.25,-98.21936115258899,25.0,24.890181129083437,898.7709357975052,2014-06-28,11030001,"(25.0, -98.25)"
2014-06-26 05:00:00,-98.0,-97.93427951389197,24.75,24.645064983044477,894.173848036149,2014-06-28,11030001,"(24.75, -98.0)"
2014-06-26 04:00:00,-97.75,-97.62758505601147,24.5,24.440827230754486,904.1889647830577,2014-06-28,11030001,"(24.5, -97.75)"
2014-06-26 03:00:00,-97.25,-97.31991127430786,24.25,24.27221043209927,913.8186427307082,2014-06-28,11030001,"(24.25, -97.25)"
2014-06-26 02:00:00,-97.0,-97.02176469400598,24.0,24.114942616980947,933.7028044887643,2014-06-28,11030001,"(24.0, -97.0)"
2014-06-26 01:00:00,-96.75,-96.72542538793442,24.0,23.97366296570182,935.7414521280463,2014-06-28,11030001,"(24.0, -96.75)"
2014-06-26 00:00:00,-96.5,-96.44419043955101,23.75,23.815899397194258,932.6312593666993,2014-06-28,11030001,"(23.75, -96.5)"
2014-06-25 23:00:00,-96.25,-96.1962011477854,23.75,23.634144610059078,922.7410660763974,2014-06-28,11030001,"(23.75, -96.25)"
2014-06-25 22:00:00,-96.0,-95.99557317244559,23.5,23.447129512541782,924.1339298603519,2014-06-28,11030001,"(23.5, -96.0)"
2014-06-25 21:00:00,-95.75,-95.83585291868998,23.25,23.250711720833177,932.8923773167962,2014-06-28,11030001,"(23.25, -95.75)"
2014-06-25 20:00:00,-95.75,-95.63702655828949,23.0,22.982831971637516,941.8738680354057,2014-06-28,11030001,"(23.0, -95.75)"
2014-06-25 19:00:00,-95.5,-95.39339722357823,22.75,22.66830539787692,944.7053705613699,2014-06-28,11030001,"(22.75, -95.5)"
2014-06-25 18:00:00,-95.0,-95.12405573132533,22.25,22.337328271782066,943.0049421265479,2014-06-28,11030001,"(22.25, -95.0)"
2014-06-25 17:00:00,-94.75,-94.86943843755219,22.0,22.012332550284516,941.2508159831268,2014-06-28,11030001,"(22.0, -94.75)"
2017-09-24 05:00:00,-100.0,-99.99775898231594,30.0,29.997580531678963,886.1038293998846,2017-09-25,11030001,"(30.0, -100.0)"
2017-09-24 04:00:00,-99.75,-99.71077179168974,29.5,29.579428780760555,885.9967085311589,2017-09-25,11030001,"(29.5, -99.75)"
2017-09-24 03:00:00,-99.25,-99.3708683689832,29.25,29.22987559691759,900.6080437582243,2017-09-25,11030001,"(29.25, -99.25)"
2017-09-24 02:00:00,-99.0,-99.02588041116272,29.0,28.949252949856845,910.5250908710049,2017-09-25,11030001,"(29.0, -99.0)"
2017-09-24 01:00:00,-98.75,-98.68826261424638,28.75,28.697574598235686,914.004323249918,2017-09-25,11030001,"(28.75, -98.75)"
2017-09-24 00:00:00,-98.25,-98.36744670481056,28.5,28.45738016032567,912.9813340169449,2017-09-25,11030001,"(28.5, -98.25)"
2017-09-23 23:00:00,-98.0,-98.07649789562856,28.25,28.25593012581249,902.0901579100995,2017-09-25,11030001,"(28.25, -98.0)"
2017-09-23 22:00:00,-97.75,-97.83121584773362,28.0,28.083876195295844,894.9000899800454,2017-09-25,11030001,"(28.0, -97.75)"
2017-09-23 21:00:00,-97.75,-97.63081914481653,28.0,27.93802145786329,886.7597592352575,2017-09-25,11030001,"(28.0, -97.75)"
2017-09-23 20:00:00,-97.5,-97.45670622872538,27.75,27.807180399077904,888.6663785182482,2017-09-25,11030001,"(27.75, -97.5)"
2017-09-23 19:00:00,-97.25,-97.29968792594902,27.75,27.67155756391583,892.3093248880743,2017-09-25,11030001,"(27.75, -97.25)"
2017-09-23 18:00:00,-97.25,-97.15517881508468,27.5,27.524584301762104,892.6504913563144,2017-09-25,11030001,"(27.5, -97.25)"
2017-09-23 17:00:00,-97.0,-97.0219583283681,27.25,27.36535698271161,891.4738164081566,2017-09-25,11030001,"(27.25, -97.0)"
2017-09-23 16:00:00,-97.0,-96.89401578485703,27.25,27.189482023867427,892.847541502753,2017-09-25,11030001,"(27.25, -97.0)"
2017-09-23 15:00:00,-96.75,-96.7561785613902,27.0,27.006263762047688,893.3151003855248,2017-09-25,11030001,"(27.0, -96.75)"
2017-09-23 14:00:00,-96.5,-96.60666181758413,26.75,26.824013097668704,891.607919712954,2017-09-25,11030001,"(26.75, -96.5)"
2017-09-23 13:00:00,-96.5,-96.4452448372724,26.75,26.653714018834982,893.0382551054896,2017-09-25,11030001,"(26.75, -96.5)"
2017-09-23 12:00:00,-96.25,-96.26775404596967,26.5,26.491552790798757,891.6096048718737,2017-09-25,11030001,"(26.5, -96.25)"
2017-09-23 11:00:00,-96.0,-96.07367780760522,26.25,26.343409079368477,888.0811361845098,2017-09-25,11030001,"(26.25, -96.0)"
2017-09-23 10:00:00,-95.75,-95.86953246378151,26.25,26.210517379126525,888.4456400309075,2017-09-25,11030001,"(26.25, -95.75)"
2017-09-23 09:00:00,-95.75,-95.66632728427986,26.0,26.09550743379689,894.1573918914856,2017-09-25,11030001,"(26.0, -95.75)"
2017-09-23 08:00:00,-95.5,-95.43798791175071,26.0,26.011121676237124,894.0566161751939,2017-09-25,11030001,"(26.0, -95.5)"
2017-09-23 07:00:00,-95.25,-95.19796441580483,26.0,25.941865916900596,894.2929951197254,2017-09-25,11030001,"(26.0, -95.25)"
2017-09-23 06:00:00,-95.0,-94.95439286499257,26.0,25.88382962181332,892.7272677528329,2017-09-25,11030001,"(26.0, -95.0)"
2017-09-23 05:00:00,-94.75,-94.71634703692561,25.75,25.845398337544854,890.281993432278,2017-09-25,11030001,"(25.75, -94.75)"
2017-09-23 04:00:00,-94.5,-94.47017327609163,25.75,25.83725856461037,888.5406721661852,2017-09-25,11030001,"(25.75, -94.5)"
2017-09-23 03:00:00,-94.25,-94.2217851897947,25.75,25.851276235842874,882.9181857152823,2017-09-25,11030001,"(25.75, -94.25)"
2017-09-23 02:00:00,-94.0,-93.99649423805747,26.0,25.88993362087485,877.3692309591515,2017-09-25,11030001,"(26.0, -94.0)"
2017-09-23 01:00:00,-93.75,-93.77768266062732,26.0,25.933810613675362,873.2343629124426,2017-09-25,11030001,"(26.0, -93.75)"
2017-09-23 00:00:00,-93.5,-93.59295189343882,26.0,25.97774941738404,870.1545293036444,2017-09-25,11030001,"(26.0, -93.5)"
2017-09-22 23:00:00,-93.5,-93.41315300602302,26.0,26.022639513527874,869.5967000942645,2017-09-25,11030001,"(26.0, -93.5)"
2017-09-22 22:00:00,-93.25,-93.25177384743225,26.0,26.066509148138195,868.1457730205748,2017-09-25,11030001,"(26.0, -93.25)"
2017-09-22 21:00:00,-93.0,-93.10568634699757,26.0,26.103783770053308,866.536008414135,2017-09-25,11030001,"(26.0, -93.0)"
2017-09-22 20:00:00,-93.0,-92.95597243064151,26.25,26.140626708928234,864.9594739492156,2017-09-25,11030001,"(26.25, -93.0)"
2017-09-22 19:00:00,-92.75,-92.81085959383779,26.25,26.160833393411995,862.5304576634414,2017-09-25,11030001,"(26.25, -92.75)"
2017-09-22 18:00:00,-92.75,-92.65850659319293,26.25,26.165302716421458,862.9150569224241,2017-09-25,11030001,"(26.25, -92.75)"
2017-09-22 17:00:00,-92.5,-92.49541861811066,26.25,26.165102546424798,865.4656148815743,2017-09-25,11030001,"(26.25, -92.5)"
2017-09-22 16:00:00,-92.25,-92.32177614210028,26.25,26.164608848488054,874.7286036389075,2017-09-25,11030001,"(26.25, -92.25)"
2017-09-22 15:00:00,-92.25,-92.1310245794071,26.25,26.17180699144635,878.4474331172128,2017-09-25,11030001,"(26.25, -92.25)"
2017-09-22 14:00:00,-92.0,-91.92857269880398,26.25,26.18365941233742,878.5228352271599,2017-09-25,11030001,"(26.25, -92.0)"
2017-09-22 13:00:00,-91.75,-91.72469456163726,26.25,26.19537382823564,877.2176636114747,2017-09-25,11030001,"(26.25, -91.75)"
2017-09-22 12:00:00,-91.5,-91.52063553454411,26.25,26.205838479761415,877.610271812232,2017-09-25,11030001,"(26.25, -91.5)"
2017-09-22 11:00:00,-91.25,-91.31274233894356,26.25,26.21515612678072,880.2811207715716,2017-09-25,11030001,"(26.25, -91.25)"
2017-09-22 10:00:00,-91.0,-91.10245934466269,26.25,26.23402147441824,879.9478816148113,2017-09-25,11030001,"(26.25, -91.0)"
2017-09-22 09:00:00,-91.0,-90.88488805709311,26.25,26.253226936056016,878.4789020189695,2017-09-25,11030001,"(26.25, -91.0)"
2018-06-17 12:00:00,-95.25,-95.14523655201681,30.0,30.076419330644875,980.2157188310424,2018-06-20,11030001,"(30.0, -95.25)"
2018-06-17 11:00:00,-95.0,-94.96198071002287,30.0,30.011803643842843,984.2481771006845,2018-06-20,11030001,"(30.0, -95.0)"
2018-06-17 10:00:00,-94.75,-94.79326962458434,30.0,29.910249277698032,988.8382833702324,2018-06-20,11030001,"(30.0, -94.75)"
2018-06-17 09:00:00,-94.75,-94.63071873340296,29.75,29.769140692005955,995.6252034213683,2018-06-20,11030001,"(29.75, -94.75)"
2018-06-17 08:00:00,-94.5,-94.41179373179669,29.5,29.589458420217948,1000.0,2018-06-20,11030001,"(29.5, -94.5)"
2021-05-24 02:00:00,-100.0,-100.06447561919836,30.0,29.9198712969347,880.8819462950097,2021-05-25,11030001,"(30.0, -100.0)"
2021-05-24 01:00:00,-99.75,-99.73898364973023,29.75,29.757297681062965,869.8164627951827,2021-05-25,11030001,"(29.75, -99.75)"
2021-05-24 00:00:00,-99.5,-99.44204373065685,29.75,29.64414136094377,858.0771779012206,2021-05-25,11030001,"(29.75, -99.5)"
2021-05-23 23:00:00,-99.25,-99.22550688847627,29.5,29.539058798393697,865.4292975063485,2021-05-25,11030001,"(29.5, -99.25)"
2021-05-23 22:00:00,-99.0,-99.04436483231186,29.5,29.461539014422588,865.2289264852463,2021-05-25,11030001,"(29.5, -99.0)"
2021-05-23 21:00:00,-98.75,-98.86810470558046,29.5,29.402844503995965,849.5371739917103,2021-05-25,11030001,"(29.5, -98.75)"
2021-05-23 20:00:00,-98.75,-98.72892411429169,29.25,29.323112243609916,861.7608272617848,2021-05-25,11030001,"(29.25, -98.75)"
2021-05-23 19:00:00,-98.5,-98.59202105530744,29.25,29.25166109983919,873.3826415371603,2021-05-25,11030001,"(29.25, -98.5)"
2021-05-23 18:00:00,-98.5,-98.47663610782104,29.25,29.174634953737264,882.5129946446501,2021-05-25,11030001,"(29.25, -98.5)"
2021-05-23 17:00:00,-98.25,-98.37402881218848,29.0,29.088143754808602,889.1997600906514,2021-05-25,11030001,"(29.0, -98.25)"
2021-05-23 16:00:00,-98.25,-98.28506801358122,29.0,28.98505299110871,888.8178683825664,2021-05-25,11030001,"(29.0, -98.25)"
2021-05-23 15:00:00,-98.25,-98.18429501741545,28.75,28.8532348753445,888.7252806562265,2021-05-25,11030001,"(28.75, -98.25)"
2021-05-23 14:00:00,-98.0,-98.0826606504876,28.75,28.69798882904921,884.3980625905327,2021-05-25,11030001,"(28.75, -98.0)"
2021-05-23 13:00:00,-98.0,-97.97335344758005,28.5,28.5367442366131,890.0104538980855,2021-05-25,11030001,"(28.5, -98.0)"
2021-05-23 12:00:00,-97.75,-97.84507277511493,28.5,28.375694328142107,905.521550107285,2021-05-25,11030001,"(28.5, -97.75)"
2021-05-23 11:00:00,-97.75,-97.6790850580636,28.25,28.195846448914676,922.2847475184315,2021-05-25,11030001,"(28.25, -97.75)"
2021-05-23 10:00:00,-97.5,-97.47770394865444,28.0,28.00560654604264,932.5532961914904,2021-05-25,11030001,"(28.0, -97.5)"
2021-05-23 09:00:00,-97.25,-97.24470082067351,27.75,27.792681619719186,945.2252217272828,2021-05-25,11030001,"(27.75, -97.25)"
2021-05-23 08:00:00,-97.0,-96.97711271139305,27.75,27.634694079364383,948.3028924563691,2021-05-25,11030001,"(27.75, -97.0)"
2021-05-23 07:00:00,-96.75,-96.68854700777246,27.5,27.479125093970925,950.2179170628563,2021-05-25,11030001,"(27.5, -96.75)"
2021-05-23 06:00:00,-96.5,-96.39716421926157,27.25,27.335851137279068,948.8431579015297,2021-05-25,11030001,"(27.25, -96.5)"
2021-05-23 05:00:00,-96.0,-96.0849342358211,27.25,27.19571059102826,954.1102571252446,2021-05-25,11030001,"(27.25, -96.0)"
2021-05-23 04:00:00,-95.75,-95.74625026177786,27.0,27.051406855510717,960.2147976607198,2021-05-25,11030001,"(27.0, -95.75)"
2021-05-23 03:00:00,-95.5,-95.3796251581902,27.0,26.934911836776692,970.560956334507,2021-05-25,11030001,"(27.0, -95.5)"
2021-05-23 02:00:00,-95.0,-94.9979623444597,26.75,26.86448842287238,975.9733092179879,2021-05-25,11030001,"(26.75, -95.0)"
2021-05-23 01:00:00,-94.75,-94.64663268678487,26.75,26.821689540483405,975.4150458896606,2021-05-25,11030001,"(26.75, -94.75)"
2021-05-23 00:00:00,-94.25,-94.33638868416234,26.75,26.771517470578928,969.1842136570777,2021-05-25,11030001,"(26.75, -94.25)"
2021-05-22 23:00:00,-94.0,-94.04156590022039,26.75,26.69741697597962,961.9524961735251,2021-05-25,11030001,"(26.75, -94.0)"
2021-05-22 22:00:00,-93.75,-93.75709811984746,26.5,26.609944808227805,957.6526419729632,2021-05-25,11030001,"(26.5, -93.75)"
2021-05-22 21:00:00,-93.5,-93.50007134342252,26.5,26.520932135380573,961.5686917748053,2021-05-25,11030001,"(26.5, -93.5)"
2021-05-22 20:00:00,-93.25,-93.25010735254334,26.25,26.309665476808778,971.1325343131904,2021-05-25,11030001,"(26.25, -93.25)"
2021-05-22 19:00:00,-93.0,-92.96506676167151,26.0,26.061682912799693,974.9089457861687,2021-05-25,11030001,"(26.0, -93.0)"
2021-05-22 18:00:00,-92.75,-92.63744071962785,25.75,25.81152623915723,979.8156539492064,2021-05-25,11030001,"(25.75, -92.75)"
2021-05-22 17:00:00,-92.25,-92.27118800983764,25.5,25.578156341306205,986.8292098601182,2021-05-25,11030001,"(25.5, -92.25)"
2021-05-22 16:00:00,-92.0,-91.89074004944077,25.5,25.387658937089494,991.1576234388781,2021-05-25,11030001,"(25.5, -92.0)"
2021-05-22 15:00:00,-91.5,-91.49208382613918,25.25,25.23475057522592,992.5471918464654,2021-05-25,11030001,"(25.25, -91.5)"
2021-05-22 14:00:00,-91.0,-91.1078251792869,25.0,25.117279794270296,990.8460002107004,2021-05-25,11030001,"(25.0, -91.0)"
2023-07-05 07:00:00,-99.75,-99.7079216437814,30.0,30.076187233893016,911.0786893074014,2023-07-07,11030001,"(30.0, -99.75)"
2023-07-05 06:00:00,-99.5,-99.56419840556762,29.75,29.72025644588847,908.2274284452814,2023-07-07,11030001,"(29.75, -99.5)"
2023-07-05 05:00:00,-99.25,-99.37288860150908,29.25,29.339759788706647,926.3790118403682,2023-07-07,11030001,"(29.25, -99.25)"
2023-07-05 04:00:00,-99.0,-99.1206817796271,29.0,28.956608646619507,944.3640988824112,2023-07-07,11030001,"(29.0, -99.0)"
2023-07-05 03:00:00,-98.75,-98.83998165570982,28.5,28.60385178543721,946.5561576806347,2023-07-07,11030001,"(28.5, -98.75)"
2023-07-05 02:00:00,-98.5,-98.53608662233536,28.25,28.28105729965231,946.8747338292891,2023-07-07,11030001,"(28.25, -98.5)"
2023-07-05 01:00:00,-98.25,-98.22249037931438,28.0,27.972009298935454,939.2197571868891,2023-07-07,11030001,"(28.0, -98.25)"
2023-07-05 00:00:00,-98.0,-97.94547736364622,27.75,27.703542484272116,934.7079463465213,2023-07-07,11030001,"(27.75, -98.0)"
2023-07-04 23:00:00,-97.75,-97.7151387774525,27.5,27.482132811849695,933.7732668075812,2023-07-07,11030001,"(27.5, -97.75)"
2023-07-04 22:00:00,-97.5,-97.50641678859675,27.25,27.287637184498347,933.9607160413201,2023-07-07,11030001,"(27.25, -97.5)"
2023-07-04 21:00:00,-97.25,-97.36152988418289,27.0,27.076711544314637,929.4306601531918,2023-07-07,11030001,"(27.0, -97.25)"
2023-07-04 20:00:00,-97.25,-97.24860071827734,26.75,26.844891411760813,920.8779694461099,2023-07-07,11030001,"(26.75, -97.25)"
2023-07-04 19:00:00,-97.25,-97.18026390359049,26.5,26.594858794685653,912.199984268373,2023-07-07,11030001,"(26.5, -97.25)"
2023-07-04 18:00:00,-97.0,-97.12163255879618,26.25,26.34059905472243,905.254910815256,2023-07-07,11030001,"(26.25, -97.0)"
2023-07-04 17:00:00,-97.0,-97.08097115694665,26.0,26.075377091651433,899.0609019403064,2023-07-07,11030001,"(26.0, -97.0)"
2023-07-04 16:00:00,-97.0,-97.04041183582964,25.75,25.786072502326064,899.4983497359542,2023-07-07,11030001,"(25.75, -97.0)"
2023-07-04 15:00:00,-97.0,-96.99182777517599,25.5,25.479274941460755,901.7402263018805,2023-07-07,11030001,"(25.5, -97.0)"
2023-07-04 14:00:00,-97.0,-96.93999040103238,25.25,25.160685963768458,903.798225504796,2023-07-07,11030001,"(25.25, -97.0)"
2023-07-04 13:00:00,-97.0,-96.87963503552253,24.75,24.82602806009191,903.5776956564957,2023-07-07,11030001,"(24.75, -97.0)"
2023-07-04 12:00:00,-96.75,-96.81589159318712,24.5,24.48294904047791,909.7269946735072,2023-07-07,11030001,"(24.5, -96.75)"
2023-07-04 11:00:00,-96.75,-96.71719530621685,24.25,24.131027497865993,913.0253728996104,2023-07-07,11030001,"(24.25, -96.75)"
2023-07-04 10:00:00,-96.5,-96.5746637157055,23.75,23.80171686928808,911.402293172251,2023-07-07,11030001,"(23.75, -96.5)"
2023-07-04 09:00:00,-96.5,-96.41404176095546,23.5,23.50143945394237,906.5457261291459,2023-07-07,11030001,"(23.5, -96.5)"
2023-07-04 08:00:00,-96.25,-96.25980148106687,23.25,23.24642560267574,903.8942021061918,2023-07-07,11030001,"(23.25, -96.25)"
2023-07-04 07:00:00,-96.0,-96.0604072112266,23.0,22.996508217943763,906.0499664832695,2023-07-07,11030001,"(23.0, -96.0)"
2023-07-04 06:00:00,-95.75,-95.82197237141487,22.75,22.771274787444884,908.6858366117051,2023-07-07,11030001,"(22.75, -95.75)"
2023-07-04 05:00:00,-95.5,-95.56716890582966,22.5,22.576725007053827,906.6788471744669,2023-07-07,11030001,"(22.5, -95.5)"
2023-07-04 04:00:00,-95.25,-95.30025557264123,22.5,22.401029942419203,903.3301702793057,2023-07-07,11030001,"(22.5, -95.25)"
2023-07-04 03:00:00,-95.0,-95.02070842683851,22.25,22.2498029104521,902.8676052100535,2023-07-07,11030001,"(22.25, -95.0)"
2023-07-04 02:00:00,-94.75,-94.73550234682325,22.25,22.1299991658926,901.5490859645877,2023-07-07,11030001,"(22.25, -94.75)"
2023-07-04 01:00:00,-94.5,-94.46130955213796,22.0,22.040582461695653,898.2395685424935,2023-07-07,11030001,"(22.0, -94.5)"
2000-10-28 07:00:00,-99.0,-98.9965243375663,29.75,29.70595471143274,899.7277475458284,2000-10-29,10250013,"(29.75, -99.0)"
2000-10-28 06:00:00,-98.75,-98.80260699585847,29.25,29.236538192198005,910.9203360211436,2000-10-29,10250013,"(29.25, -98.75)"
2000-10-28 05:00:00,-98.5,-98.57798877782382,28.75,28.802000782148266,922.229726838582,2000-10-29,10250013,"(28.75, -98.5)"
2000-10-28 04:00:00,-98.25,-98.3325551608204,28.25,28.369280093595336,931.6235430888638,2000-10-29,10250013,"(28.25, -98.25)"
2000-10-28 03:00:00,-98.0,-98.07934953420714,28.0,27.957912649626113,933.0064135948293,2000-10-29,10250013,"(28.0, -98.0)"
2000-10-28 02:00:00,-97.75,-97.83005945414648,27.5,27.57634838838191,936.3052234034316,2000-10-29,10250013,"(27.5, -97.75)"
2000-10-28 01:00:00,-97.5,-97.59105271566908,27.25,27.226037907285924,936.3997153974484,2000-10-29,10250013,"(27.25, -97.5)"
2000-10-28 00:00:00,-97.25,-97.36215941694529,27.0,26.90993137016681,934.3236310776214,2000-10-29,10250013,"(27.0, -97.25)"
2000-10-27 23:00:00,-97.25,-97.16744105958063,26.5,26.616964769176906,932.05918256203,2000-10-29,10250013,"(26.5, -97.25)"
2000-10-27 22:00:00,-97.0,-96.98731107005804,26.25,26.332804611877666,931.0209631624404,2000-10-29,10250013,"(26.25, -97.0)"
2000-10-27 21:00:00,-96.75,-96.81174441292265,26.0,26.050120385510485,930.1452306525192,2000-10-29,10250013,"(26.0, -96.75)"
2000-10-27 20:00:00,-96.75,-96.63135212321919,25.75,25.782948599435517,932.7236574216532,2000-10-29,10250013,"(25.75, -96.75)"
2000-10-27 19:00:00,-96.5,-96.45255613373084,25.5,25.53663803992303,935.0975533427679,2000-10-29,10250013,"(25.5, -96.5)"
2000-10-27 18:00:00,-96.25,-96.27542381969636,25.25,25.30909102345436,936.3872660576277,2000-10-29,10250013,"(25.25, -96.25)"
2000-10-27 17:00:00,-96.0,-96.08328096855763,25.0,25.08862531414761,936.0022471904074,2000-10-29,10250013,"(25.0, -96.0)"
2000-10-27 16:00:00,-96.0,-95.87928122567446,25.0,24.880833063640832,934.107799068821,2000-10-29,10250013,"(25.0, -96.0)"
2000-10-27 15:00:00,-95.75,-95.67215068099235,24.75,24.683220325582457,930.5164067158704,2000-10-29,10250013,"(24.75, -95.75)"
2000-10-27 14:00:00,-95.5,-95.46685526793766,24.5,24.496380625698443,927.4644867814574,2000-10-29,10250013,"(24.5, -95.5)"
2000-10-27 13:00:00,-95.25,-95.25637082287994,24.25,24.326415495395022,925.1342651398166,2000-10-29,10250013,"(24.25, -95.25)"
2000-10-27 12:00:00,-95.0,-95.04440576772184,24.25,24.167130190557664,922.4517707031785,2000-10-29,10250013,"(24.25, -95.0)"
2000-10-27 11:00:00,-94.75,-94.84440177706844,24.0,24.01922216792698,919.8769016671063,2000-10-29,10250013,"(24.0, -94.75)"
2000-10-27 10:00:00,-94.75,-94.65863693799353,24.0,23.880750627193095,918.850691556173,2000-10-29,10250013,"(24.0, -94.75)"
2000-10-27 09:00:00,-94.5,-94.47627354223657,23.75,23.742997364928264,918.1964617868892,2000-10-29,10250013,"(23.75, -94.5)"
2000-10-27 08:00:00,-94.25,-94.26238446443512,23.5,23.6147818042774,917.4343346015771,2000-10-29,10250013,"(23.5, -94.25)"
2000-10-27 07:00:00,-94.0,-94.04241829001796,23.5,23.498557262773748,915.9768890682107,2000-10-29,10250013,"(23.5, -94.0)"
2000-10-27 06:00:00,-93.75,-93.81492868395146,23.5,23.392162551066956,916.0558591669634,2000-10-29,10250013,"(23.5, -93.75)"
2000-10-27 05:00:00,-93.5,-93.5775621908959,23.25,23.298970014736803,915.2213046086248,2000-10-29,10250013,"(23.25, -93.5)"
2000-10-27 04:00:00,-93.25,-93.33773978077313,23.25,23.23328644303235,912.432622599937,2000-10-29,10250013,"(23.25, -93.25)"
2000-10-27 03:00:00,-93.0,-93.10404398775007,23.25,23.19106787040029,909.645448786913,2000-10-29,10250013,"(23.25, -93.0)"
2000-10-27 02:00:00,-93.0,-92.88180438329937,23.25,23.171261025976786,906.9048136374197,2000-10-29,10250013,"(23.25, -93.0)"
2000-10-27 01:00:00,-92.75,-92.66812274913104,23.25,23.163413104595918,904.6571879659841,2000-10-29,10250013,"(23.25, -92.75)"
2000-10-27 00:00:00,-92.5,-92.45738137455685,23.25,23.152241050049735,903.6159081903877,2000-10-29,10250013,"(23.25, -92.5)"
2000-10-26 23:00:00,-92.25,-92.24806670025673,23.25,23.138313816795158,902.5896629377382,2000-10-29,10250013,"(23.25, -92.25)"
2000-10-26 22:00:00,-92.0,-92.04411070549864,23.25,23.128222911355085,900.7812082432905,2000-10-29,10250013,"(23.25, -92.0)"
2000-10-26 21:00:00,-91.75,-91.85168395805732,23.0,23.11529557085923,897.5775069329462,2000-10-29,10250013,"(23.0, -91.75)"
2000-10-26 20:00:00,-91.75,-91.6495046601958,23.0,23.09871815418537,892.7402500137229,2000-10-29,10250013,"(23.0, -91.75)"
2000-10-26 19:00:00,-91.5,-91.46184274704804,23.0,23.08731233824439,885.7405862180992,2000-10-29,10250013,"(23.0, -91.5)"
2000-10-26 18:00:00,-91.25,-91.28051870309793,23.0,23.086356325196455,880.8240079100054,2000-10-29,10250013,"(23.0, -91.25)"
2000-10-26 17:00:00,-91.0,-91.09323868072805,23.0,23.09753818928395,875.5526568983115,2000-10-29,10250013,"(23.0, -91.0)"
2000-10-26 16:00:00,-91.0,-90.89687802014616,23.25,23.125727876390602,870.7594904116994,2000-10-29,10250013,"(23.25, -91.0)"
2007-03-28 01:00:00,-100.0,-99.89054278339106,26.5,26.61368673542371,889.6265858612416,2007-03-29,10250013,"(26.5, -100.0)"
2007-03-28 00:00:00,-99.75,-99.65153660993971,26.5,26.381263652164638,894.9649703068989,2007-03-29,10250013,"(26.5, -99.75)"
2007-03-27 23:00:00,-99.5,-99.44337317133416,26.25,26.18509447368308,903.6339739148618,2007-03-29,10250013,"(26.25, -99.5)"
2007-03-27 22:00:00,-99.25,-99.26858827103847,26.0,26.012950004080395,907.7880135165286,2007-03-29,10250013,"(26.0, -99.25)"
2007-03-27 21:00:00,-99.25,-99.13158511423151,25.75,25.856581748931465,907.8686664306049,2007-03-29,10250013,"(25.75, -99.25)"
2007-03-27 20:00:00,-99.0,-98.99171769624797,25.75,25.696199632840536,911.981626781617,2007-03-29,10250013,"(25.75, -99.0)"
2007-03-27 19:00:00,-99.0,-98.87989396630724,25.5,25.53211208941653,918.0605115983178,2007-03-29,10250013,"(25.5, -99.0)"
2007-03-27 18:00:00,-98.75,-98.79537675365233,25.25,25.35674725154746,922.2895887389585,2007-03-29,10250013,"(25.25, -98.75)"
2007-03-27 17:00:00,-98.75,-98.72983901758222,25.25,25.179294868954358,923.2147342682889,2007-03-29,10250013,"(25.25, -98.75)"
2007-03-27 16:00:00,-98.75,-98.67159790595626,25.0,24.997304413759664,921.6692220813239,2007-03-29,10250013,"(25.0, -98.75)"
2007-03-27 15:00:00,-98.5,-98.62436523563095,24.75,24.813956894378713,918.0911953106109,2007-03-29,10250013,"(24.75, -98.5)"
2007-03-27 14:00:00,-98.5,-98.59744441645157,24.5,24.61943630311486,912.7706124945598,2007-03-29,10250013,"(24.5, -98.5)"
2007-03-27 13:00:00,-98.5,-98.58810904542328,24.5,24.43700276567703,910.9192381541579,2007-03-29,10250013,"(24.5, -98.5)"
2007-03-27 12:00:00,-98.5,-98.5971958146596,24.25,24.27290325075804,912.4713876677861,2007-03-29,10250013,"(24.25, -98.5)"
2007-03-27 11:00:00,-98.5,-98.62193416789438,24.25,24.136219036782048,913.8404986459574,2007-03-29,10250013,"(24.25, -98.5)"
2007-03-27 10:00:00,-98.75,-98.66025405304366,24.0,24.010519914446764,910.3737873129807,2007-03-29,10250013,"(24.0, -98.75)"
2007-03-27 09:00:00,-98.75,-98.69732018615865,24.0,23.88248672826267,906.6531982510329,2007-03-29,10250013,"(24.0, -98.75)"
2007-03-27 08:00:00,-98.75,-98.72368664453602,23.75,23.73509442163576,910.1302352755333,2007-03-29,10250013,"(23.75, -98.75)"
2007-03-27 07:00:00,-98.75,-98.75326692856684,23.5,23.552035335383362,912.238361834235,2007-03-29,10250013,"(23.5, -98.75)"
2007-03-27 06:00:00,-98.75,-98.78040108637825,23.25,23.322605409846695,909.642809864296,2007-03-29,10250013,"(23.25, -98.75)"
2007-03-27 05:00:00,-98.75,-98.78868769036089,23.0,23.08076385494134,906.152945896988,2007-03-29,10250013,"(23.0, -98.75)"
2007-03-27 04:00:00,-98.75,-98.78236385182765,22.75,22.848957679422416,911.3949835214502,2007-03-29,10250013,"(22.75, -98.75)"
2007-03-27 03:00:00,-98.75,-98.74141720756886,22.5,22.61895718567454,920.6699809865686,2007-03-29,10250013,"(22.5, -98.75)"
2007-03-27 02:00:00,-98.75,-98.64837583752721,22.5,22.387990045451744,925.7815874192845,2007-03-29,10250013,"(22.5, -98.75)"
2007-03-27 01:00:00,-98.5,-98.51255329663122,22.25,22.182393675416392,938.8235837045962,2007-03-29,10250013,"(22.25, -98.5)"
2007-03-27 00:00:00,-98.25,-98.32944347241295,22.0,22.00904168240027,947.9582368887187,2007-03-29,10250013,"(22.0, -98.25)"
2008-07-27 02:00:00,-99.75,-99.81976493290115,30.0,30.075143666587316,933.3276179367219,2008-07-29,10250013,"(30.0, -99.75)"
2008-07-27 01:00:00,-99.75,-99.77075755313818,29.75,29.850995513791666,932.88303627944,2008-07-29,10250013,"(29.75, -99.75)"
2008-07-27 00:00:00,-99.75,-99.70161884409015,29.75,29.64605291566424,940.1084794326125,2008-07-29,10250013,"(29.75, -99.75)"
2008-07-26 23:00:00,-99.75,-99.62757027669964,29.5,29.45625362137312,951.0746185943307,2008-07-29,10250013,"(29.5, -99.75)"
2008-07-26 22:00:00,-99.5,-99.5480293597515,29.25,29.26789981730422,963.3173960492572,2008-07-29,10250013,"(29.25, -99.5)"
2008-07-26 21:00:00,-99.5,-99.47545069802179,29.0,29.096045128882366,971.2196771881722,2008-07-29,10250013,"(29.0, -99.5)"
2008-07-26 20:00:00,-99.5,-99.4043992262814,29.0,28.93100300347168,976.5107690761873,2008-07-29,10250013,"(29.0, -99.5)"
2008-07-26 19:00:00,-99.25,-99.32627450176173,28.75,28.769493920589184,980.393173290692,2008-07-29,10250013,"(28.75, -99.25)"
2008-07-26 18:00:00,-99.25,-99.24994443573334,28.5,28.620453271180814,984.1725286246148,2008-07-29,10250013,"(28.5, -99.25)"
2008-07-26 17:00:00,-99.25,-99.18338342553615,28.5,28.47984616093655,986.8793698389737,2008-07-29,10250013,"(28.5, -99.25)"
2008-07-26 16:00:00,-99.0,-99.11745050925073,28.25,28.335018265849605,989.091622674925,2008-07-29,10250013,"(28.25, -99.0)"
2008-07-26 15:00:00,-99.0,-99.03147167961819,28.25,28.187095334955853,990.7309741067145,2008-07-29,10250013,"(28.25, -99.0)"
2008-07-26 14:00:00,-99.0,-98.92109702329135,28.0,28.025339618329077,992.5375700537114,2008-07-29,10250013,"(28.0, -99.0)"
2008-07-26 13:00:00,-98.75,-98.80408458107809,27.75,27.856942972391163,990.8004559598722,2008-07-29,10250013,"(27.75, -98.75)"
2008-07-26 12:00:00,-98.75,-98.69953211192933,27.75,27.689165961623257,986.9748672715773,2008-07-29,10250013,"(27.75, -98.75)"
2008-07-26 11:00:00,-98.5,-98.6173843268415,27.5,27.520277430804512,983.4393473516676,2008-07-29,10250013,"(27.5, -98.5)"
2008-07-26 10:00:00,-98.5,-98.5377609258314,27.25,27.3003784443045,984.3565337023674,2008-07-29,10250013,"(27.25, -98.5)"
2008-07-26 09:00:00,-98.5,-98.44609262045377,27.0,27.05213445547201,986.3287154226678,2008-07-29,10250013,"(27.0, -98.5)"
2008-07-26 08:00:00,-98.25,-98.32992334509474,26.75,26.827529031205742,990.7589301909044,2008-07-29,10250013,"(26.75, -98.25)"
2008-07-26 07:00:00,-98.25,-98.20630022232247,26.5,26.579807312197982,994.2292889497854,2008-07-29,10250013,"(26.5, -98.25)"
2008-07-26 06:00:00,-98.0,-98.06591911767285,26.25,26.31319650182726,998.142688554534,2008-07-29,10250013,"(26.25, -98.0)"
2008-07-26 05:00:00,-98.0,-97.91253526478552,26.0,26.051445951486123,999.5260293984963,2008-07-29,10250013,"(26.0, -98.0)"
2008-07-26 04:00:00,-97.75,-97.73296342262668,25.75,25.80997999914067,1000.0,2008-07-29,10250013,"(25.75, -97.75)"
2019-07-19 00:00:00,-100.0,-100.10443760470659,30.0,30.093813058471184,927.4826599122196,2019-07-21,10250013,"(30.0, -100.0)"
2019-07-18 23:00:00,-100.0,-99.99884906477648,29.75,29.824832057872836,929.4542970958523,2019-07-21,10250013,"(29.75, -100.0)"
2019-07-18 22:00:00,-100.0,-99.89695337029839,29.5,29.60497740985942,934.8148824095302,2019-07-21,10250013,"(29.5, -100.0)"
2019-07-18 21:00:00,-99.75,-99.79902974619803,29.5,29.396490858122455,944.0568196635984,2019-07-21,10250013,"(29.5, -99.75)"
2019-07-18 20:00:00,-99.75,-99.71456502660979,29.25,29.179539651466396,955.1817876406989,2019-07-21,10250013,"(29.25, -99.75)"
2019-07-18 19:00:00,-99.5,-99.62456340392032,29.0,28.96777179621144,963.0473428683271,2019-07-21,10250013,"(29.0, -99.5)"
2019-07-18 18:00:00,-99.5,-99.53573815982023,28.75,28.76112566742996,967.798636593951,2019-07-21,10250013,"(28.75, -99.5)"
2019-07-18 17:00:00,-99.5,-99.451539774621,28.5,28.548046510022697,973.1160369254166,2019-07-21,10250013,"(28.5, -99.5)"
2019-07-18 16:00:00,-99.25,-99.36259020575919,28.25,28.325035550770686,975.8399412575302,2019-07-21,10250013,"(28.25, -99.25)"
2019-07-18 15:00:00,-99.25,-99.26920617515385,28.0,28.09243153571183,977.4942920522692,2019-07-21,10250013,"(28.0, -99.25)"
2019-07-18 14:00:00,-99.25,-99.17999980278414,27.75,27.852792049973406,978.4828559961743,2019-07-21,10250013,"(27.75, -99.25)"
2019-07-18 13:00:00,-99.0,-99.07848860925951,27.5,27.611339323493517,977.3925951933345,2019-07-21,10250013,"(27.5, -99.0)"
2019-07-18 12:00:00,-99.0,-98.94768704042447,27.5,27.377502914487135,973.4674712125396,2019-07-21,10250013,"(27.5, -99.0)"
2019-07-18 11:00:00,-98.75,-98.77752310545844,27.0,27.122753595505483,972.8887200452147,2019-07-21,10250013,"(27.0, -98.75)"
2019-07-18 10:00:00,-98.5,-98.58376641008829,26.75,26.84645589219561,977.4331504732116,2019-07-21,10250013,"(26.75, -98.5)"
2019-07-18 09:00:00,-98.5,-98.39147245297089,26.5,26.54529535111882,981.1277786738086,2019-07-21,10250013,"(26.5, -98.5)"
2019-07-18 08:00:00,-98.25,-98.19246976147886,26.25,26.242963730239072,985.1084336785223,2019-07-21,10250013,"(26.25, -98.25)"
2019-07-18 07:00:00,-98.0,-98.00189714407476,26.0,25.94754933587736,985.2108724877147,2019-07-21,10250013,"(26.0, -98.0)"
2019-07-18 06:00:00,-97.75,-97.82743358961143,25.75,25.649761658589085,985.4120167438128,2019-07-21,10250013,"(25.75, -97.75)"
2019-07-18 05:00:00,-97.75,-97.6876813659133,25.25,25.353769266231275,986.6908881868153,2019-07-21,10250013,"(25.25, -97.75)"
2019-07-18 04:00:00,-97.5,-97.55571766858066,25.0,25.043444534585888,989.6929398561348,2019-07-21,10250013,"(25.0, -97.5)"
2019-07-18 03:00:00,-97.5,-97.41692792612155,24.75,24.74122027123039,990.9139024738172,2019-07-21,10250013,"(24.75, -97.5)"
2019-07-18 02:00:00,-97.25,-97.27763294402715,24.5,24.462517996906797,990.5659437053403,2019-07-21,10250013,"(24.5, -97.25)"
2019-07-18 01:00:00,-97.25,-97.13639057646618,24.25,24.20743247924083,990.0203756074385,2019-07-21,10250013,"(24.25, -97.25)"
