time,lon,traj_lons,lat,traj_lats,level,start_time,HUC8,coord_pair
2013-10-08 03:00:00,-123.75,-123.7779116696608,39.0,38.88244221644023,950.7491080588665,2013-10-11,14080107,"(39.0, -123.75)"
2013-10-08 02:00:00,-123.75,-123.87032548784366,39.5,39.404330090855915,941.6020996802408,2013-10-11,14080107,"(39.5, -123.75)"
2013-10-08 01:00:00,-124.0,-123.89143600981586,39.75,39.87332253060101,937.2927642549346,2013-10-11,14080107,"(39.75, -124.0)"
2015-12-20 07:00:00,-122.5,-122.48049067858496,39.0,38.94767338618218,691.0027397609545,2015-12-23,14080107,"(39.0, -122.5)"
2015-12-20 06:00:00,-122.75,-122.7014198234716,39.0,39.08939079662096,687.395016077052,2015-12-23,14080107,"(39.0, -122.75)"
2015-12-20 05:00:00,-123.0,-122.8908920377929,39.25,39.251749260536236,682.6867851055748,2015-12-23,14080107,"(39.25, -123.0)"
2015-12-20 04:00:00,-123.0,-123.06573496864175,39.5,39.451200699290595,670.5715705548907,2015-12-23,14080107,"(39.5, -123.0)"
2015-12-20 03:00:00,-123.25,-123.26124499943262,39.75,39.69923837823375,661.9064309201747,2015-12-23,14080107,"(39.75, -123.25)"
2015-12-20 02:00:00,-123.5,-123.48404312740468,40.0,39.97804639571736,665.7332606278236,2015-12-23,14080107,"(40.0, -123.5)"
2015-12-20 01:00:00,-123.75,-123.76575078707333,40.25,40.231063956937064,661.7177460302751,2015-12-23,14080107,"(40.25, -123.75)"
2022-12-25 06:00:00,-120.25,-120.29628561334279,46.0,46.1050507644639,633.4500777676047,2022-12-28,14080105,"(46.0, -120.25)"
2022-12-25 05:00:00,-121.25,-121.21412624674107,46.25,46.14359828900975,673.0530938475937,2022-12-28,14080105,"(46.25, -121.25)"
2022-12-25 04:00:00,-122.25,-122.14609458806478,46.25,46.19979777867075,586.8287689567093,2022-12-28,14080105,"(46.25, -122.25)"
2022-12-25 03:00:00,-123.25,-123.19823550591447,46.25,46.14769972651583,589.3009167832748,2022-12-28,14080105,"(46.25, -123.25)"
2022-12-25 02:00:00,-124.25,-124.19380958597948,46.0,45.99129448306267,590.7127346923097,2022-12-28,14080105,"(46.0, -124.25)"
2000-05-07 08:00:00,-120.0,-119.99549074947709,39.5,39.443153061897895,629.2158118277023,2000-05-09,14020005,"(39.5, -120.0)"
2000-05-07 07:00:00,-120.75,-120.70212466251671,39.25,39.341438387381054,593.3023380572215,2000-05-09,14020005,"(39.25, -120.75)"
2000-05-07 06:00:00,-121.5,-121.41602236182479,39.25,39.2541402026495,582.4158991472192,2000-05-09,14020005,"(39.25, -121.5)"
2000-05-07 05:00:00,-122.0,-122.12305879590069,39.25,39.23470833895559,592.0540393472781,2000-05-09,14020005,"(39.25, -122.0)"
2000-05-07 04:00:00,-122.75,-122.86240363867367,39.25,39.223114148846214,604.9247168936989,2000-05-09,14020005,"(39.25, -122.75)"
2000-05-07 03:00:00,-123.75,-123.64601751322178,39.25,39.209636003439385,583.1352831721588,2000-05-09,14020005,"(39.25, -123.75)"
2000-05-07 02:00:00,-124.5,-124.44589441575,39.25,39.194995782171226,580.5557765072656,2000-05-09,14020005,"(39.25, -124.5)"
2006-09-21 04:00:00,-120.0,-120.02264657811354,43.25,43.31597838003638,805.6941460363522,2006-09-23,14020005,"(43.25, -120.0)"
2006-09-21 03:00:00,-120.5,-120.48010533404536,43.25,43.33227064974331,808.6136368004974,2006-09-23,14020005,"(43.25, -120.5)"
2006-09-21 02:00:00,-121.0,-120.89219638690435,43.25,43.32495875145698,807.5225711885346,2006-09-23,14020005,"(43.25, -121.0)"
2006-09-21 01:00:00,-121.25,-121.2550975236661,43.25,43.31666660534455,798.5490721382307,2006-09-23,14020005,"(43.25, -121.25)"
2006-09-21 00:00:00,-121.5,-121.59956894804233,43.25,43.32218783181184,787.0410565960601,2006-09-23,14020005,"(43.25, -121.5)"
2006-09-20 23:00:00,-122.0,-121.94044795535612,43.25,43.35888525914161,773.0755496941244,2006-09-23,14020005,"(43.25, -122.0)"
2006-09-20 22:00:00,-122.25,-122.27217773279345,43.5,43.42060024388195,763.2120981381563,2006-09-23,14020005,"(43.5, -122.25)"
2006-09-20 21:00:00,-122.5,-122.58336026228038,43.5,43.55750243986613,769.8198147944349,2006-09-23,14020005,"(43.5, -122.5)"
2006-09-20 20:00:00,-122.75,-122.79906944967736,43.75,43.72702675922645,770.2297545147342,2006-09-23,14020005,"(43.75, -122.75)"
2006-09-20 19:00:00,-123.0,-122.9950415101312,44.0,43.92499338463219,767.6763146376036,2006-09-23,14020005,"(44.0, -123.0)"
2006-09-20 18:00:00,-123.25,-123.19257123463787,44.25,44.163193207561584,771.3671667421131,2006-09-23,14020005,"(44.25, -123.25)"
2006-09-20 17:00:00,-123.5,-123.40483421389372,44.5,44.42909247295005,779.4218116218389,2006-09-23,14020005,"(44.5, -123.5)"
2006-09-20 16:00:00,-123.5,-123.62066862328606,44.75,44.697091809542776,778.7229483335223,2006-09-23,14020005,"(44.75, -123.5)"
2006-09-20 15:00:00,-123.75,-123.84989658529786,45.0,44.97763311919107,767.6371961475553,2006-09-23,14020005,"(45.0, -123.75)"
2006-09-20 14:00:00,-124.0,-124.08853606259251,45.25,45.2830904174888,757.8068027832643,2006-09-23,14020005,"(45.25, -124.0)"
2006-09-20 13:00:00,-124.25,-124.32366470332754,45.5,45.601966499203485,756.9176175838255,2006-09-23,14020005,"(45.5, -124.25)"
2006-09-20 12:00:00,-124.5,-124.56206936383573,46.0,45.89394457687555,752.1538282253421,2006-09-23,14020005,"(46.0, -124.5)"
2006-09-20 11:00:00,-124.75,-124.7984199975676,46.25,46.16949589997791,746.7876957972106,2006-09-23,14020005,"(46.25, -124.75)"
2006-09-20 10:00:00,-125.0,-125.03504017469739,46.5,46.431029790045876,738.315856610369,2006-09-23,14020005,"(46.5, -125.0)"
2009-12-05 12:00:00,-124.5,-124.53651976016724,39.0,38.934512589224376,706.7633530528155,2009-12-08,14020005,"(39.0, -124.5)"
2009-12-05 11:00:00,-124.75,-124.77074978769224,39.5,39.43695207978997,709.1573678183267,2009-12-08,14020005,"(39.5, -124.75)"
2009-12-05 10:00:00,-125.0,-125.03714263746011,40.0,39.92361153136121,712.3458492687988,2009-12-08,14020005,"(40.0, -125.0)"
2016-01-30 10:00:00,-120.25,-120.31228073825241,40.25,40.177005700659194,708.6176325375905,2016-02-01,14020005,"(40.25, -120.25)"
2016-01-30 09:00:00,-121.0,-120.91630073697549,40.0,40.111752084517875,730.1258124644254,2016-02-01,14020005,"(40.0, -121.0)"
2016-01-30 08:00:00,-121.25,-121.35854904651721,40.0,39.96117633357353,768.4564516130089,2016-02-01,14020005,"(40.0, -121.25)"
2016-01-30 07:00:00,-121.75,-121.66870779493377,39.75,39.845058632588575,827.5368842046137,2016-02-01,14020005,"(39.75, -121.75)"
2016-01-30 06:00:00,-121.75,-121.80802690100266,39.75,39.757050223383196,862.5335230636675,2016-02-01,14020005,"(39.75, -121.75)"
2016-01-30 05:00:00,-121.75,-121.86230698513033,39.75,39.685877901706995,884.6164741208731,2016-02-01,14020005,"(39.75, -121.75)"
2016-01-30 04:00:00,-122.0,-121.89515597675974,39.75,39.659356874961574,904.6509382002187,2016-02-01,14020005,"(39.75, -122.0)"
2016-01-30 03:00:00,-122.0,-121.95987709754196,39.75,39.643061895608035,925.1318599248534,2016-02-01,14020005,"(39.75, -122.0)"
2016-01-30 02:00:00,-122.0,-122.08920139288344,39.5,39.55773929673849,946.4908188428158,2016-02-01,14020005,"(39.5, -122.0)"
2016-01-30 01:00:00,-122.25,-122.23841936930084,39.5,39.39043333089762,937.4115434592078,2016-02-01,14020005,"(39.5, -122.25)"
2016-01-30 00:00:00,-122.5,-122.46438364130971,39.25,39.26351238791208,895.9952181521053,2016-02-01,14020005,"(39.25, -122.5)"
2016-01-29 23:00:00,-122.75,-122.8100490902899,39.25,39.18713990357439,849.6184278435691,2016-02-01,14020005,"(39.25, -122.75)"
2016-01-29 22:00:00,-123.25,-123.23260666471703,39.0,39.09368379611932,840.359275934884,2016-02-01,14020005,"(39.0, -123.25)"
2016-01-29 21:00:00,-123.75,-123.64628771984059,39.0,38.89517077595465,859.3109949390825,2016-02-01,14020005,"(39.0, -123.75)"
2018-04-06 04:00:00,-120.25,-120.31274474971003,40.5,40.49181915266308,699.6454980250879,2018-04-08,14020005,"(40.5, -120.25)"
2018-04-06 03:00:00,-120.75,-120.87225740615193,40.25,40.358861995965924,699.4334682820339,2018-04-08,14020005,"(40.25, -120.75)"
2018-04-06 02:00:00,-121.5,-121.41238541773104,40.25,40.137902367226935,688.4694830784841,2018-04-08,14020005,"(40.25, -121.5)"
2018-04-06 01:00:00,-121.75,-121.85984023625302,40.0,39.911212497401564,690.6999135238668,2018-04-08,14020005,"(40.0, -121.75)"
2018-04-06 00:00:00,-122.25,-122.23896168986842,39.75,39.7382517800464,708.1159733052261,2018-04-08,14020005,"(39.75, -122.25)"
2018-04-05 23:00:00,-122.5,-122.58304944642015,39.5,39.61043443812521,747.1713512896007,2018-04-08,14020005,"(39.5, -122.5)"
2018-04-05 22:00:00,-123.0,-122.97581125711832,39.5,39.45557547937791,747.340942288645,2018-04-08,14020005,"(39.5, -123.0)"
2018-04-05 21:00:00,-123.5,-123.44468301426322,39.25,39.29507428900161,760.359808829042,2018-04-08,14020005,"(39.25, -123.5)"
2018-04-05 20:00:00,-123.75,-123.76284259571361,39.25,39.18095608334696,764.1322598042896,2018-04-08,14020005,"(39.25, -123.75)"
2018-04-05 19:00:00,-124.0,-124.09280952428136,39.0,39.081224706794444,767.6465440458984,2018-04-08,14020005,"(39.0, -124.0)"
2018-04-05 18:00:00,-124.5,-124.44136940072227,39.0,38.977250311764934,766.0291901219764,2018-04-08,14020005,"(39.0, -124.5)"
2018-04-05 17:00:00,-124.75,-124.84813022089548,39.0,38.880106788849474,763.9951664882916,2018-04-08,14020005,"(39.0, -124.75)"
2022-12-25 09:00:00,-120.0,-119.96418352777825,39.5,39.503159388283024,578.7255808573851,2022-12-28,14020005,"(39.5, -120.0)"
2022-12-25 08:00:00,-120.25,-120.3679578012916,39.75,39.71831411921948,574.5758022516882,2022-12-28,14020005,"(39.75, -120.25)"
2022-12-25 07:00:00,-120.75,-120.79951815409538,40.0,39.91645904532046,570.9705971538616,2022-12-28,14020005,"(40.0, -120.75)"
2022-12-25 06:00:00,-121.25,-121.26227733798326,40.0,40.09389669719647,568.8837296574447,2022-12-28,14020005,"(40.0, -121.25)"
2022-12-25 05:00:00,-121.75,-121.75693121093639,40.25,40.25219175955628,567.5245362842415,2022-12-28,14020005,"(40.25, -121.75)"
2022-12-25 04:00:00,-122.25,-122.28798002541352,40.25,40.36817489146004,576.9454721444658,2022-12-28,14020005,"(40.25, -122.25)"
2022-12-25 03:00:00,-122.75,-122.8320008787621,40.5,40.46217896501929,576.723879454033,2022-12-28,14020005,"(40.5, -122.75)"
2022-12-25 02:00:00,-123.5,-123.42660635336127,40.5,40.54729121295639,577.0240001587414,2022-12-28,14020005,"(40.5, -123.5)"
2022-12-25 01:00:00,-124.0,-124.04291539996343,40.5,40.60996805881403,566.908851178607,2022-12-28,14020005,"(40.5, -124.0)"
2003-09-09 15:00:00,-120.0,-119.90337369426031,39.25,39.348840805441895,677.625876178081,2003-09-11,14020002,"(39.25, -120.0)"
2003-09-09 14:00:00,-120.5,-120.39735496909957,39.25,39.340485753876465,681.3743328867896,2003-09-11,14020002,"(39.25, -120.5)"
2003-09-09 13:00:00,-120.75,-120.84412530947323,39.25,39.302341925018354,670.4241353541883,2003-09-11,14020002,"(39.25, -120.75)"
2003-09-09 12:00:00,-121.25,-121.26868685848781,39.25,39.31949185262505,672.038177734316,2003-09-11,14020002,"(39.25, -121.25)"
2003-09-09 11:00:00,-121.75,-121.6682441958233,39.25,39.335109491941594,674.6253948276972,2003-09-11,14020002,"(39.25, -121.75)"
2003-09-09 10:00:00,-122.0,-122.04375832667876,39.25,39.36151021736799,675.7806184054259,2003-09-11,14020002,"(39.25, -122.0)"
2003-09-09 09:00:00,-122.5,-122.38350245473225,39.5,39.3846948228334,654.8204537160532,2003-09-11,14020002,"(39.5, -122.5)"
2003-09-09 08:00:00,-122.75,-122.78043427691095,39.5,39.45401758182113,659.4403135353266,2003-09-11,14020002,"(39.5, -122.75)"
2003-09-09 07:00:00,-123.25,-123.14267596792047,39.5,39.580319622607334,654.4635109220947,2003-09-11,14020002,"(39.5, -123.25)"
2003-09-09 06:00:00,-123.5,-123.52464115989665,39.75,39.753120816880184,648.6293692803667,2003-09-11,14020002,"(39.75, -123.5)"
2003-09-09 05:00:00,-124.0,-123.91124891532354,40.0,39.95053723764581,653.1493258946596,2003-09-11,14020002,"(40.0, -124.0)"
2003-09-09 04:00:00,-124.25,-124.30724116174349,40.25,40.16858374201494,651.7189791184976,2003-09-11,14020002,"(40.25, -124.25)"
2003-09-09 03:00:00,-124.75,-124.7125310962989,40.5,40.392034924631545,650.3087905535239,2003-09-11,14020002,"(40.5, -124.75)"
2004-11-25 21:00:00,-120.0,-120.0332662136838,43.5,43.5489188247321,583.6966681387695,2004-11-28,14020002,"(43.5, -120.0)"
2004-11-25 20:00:00,-120.5,-120.52463576182437,43.75,43.7843999659947,587.5417368677287,2004-11-28,14020002,"(43.75, -120.5)"
2004-11-25 19:00:00,-121.0,-121.02648744007614,44.0,44.02243400632356,595.4521535056037,2004-11-28,14020002,"(44.0, -121.0)"
2004-11-25 18:00:00,-121.5,-121.52735935246262,44.25,44.26198148891518,624.2359017214637,2004-11-28,14020002,"(44.25, -121.5)"
2004-11-25 17:00:00,-122.0,-122.0500460830577,44.5,44.46909416839084,609.5479017055296,2004-11-28,14020002,"(44.5, -122.0)"
2004-11-25 16:00:00,-122.75,-122.64081007034055,44.75,44.659703530085714,559.9119805584248,2004-11-28,14020002,"(44.75, -122.75)"
2004-11-25 15:00:00,-123.25,-123.28310950208333,44.75,44.81634722670144,562.6688133334329,2004-11-28,14020002,"(44.75, -123.25)"
2004-11-25 14:00:00,-124.0,-123.92122561661294,45.0,44.973498948502325,579.2387922734654,2004-11-28,14020002,"(45.0, -124.0)"
2004-11-25 13:00:00,-124.5,-124.58856790001106,45.25,45.137944713019884,568.251433781886,2004-11-28,14020002,"(45.25, -124.5)"
2010-10-25 01:00:00,-120.25,-120.28317078359065,43.5,43.39315137114898,586.0302973090917,2010-10-26,14020002,"(43.5, -120.25)"
2010-10-25 00:00:00,-121.25,-121.24777603649227,43.0,43.100457365404644,583.7775670856847,2010-10-26,14020002,"(43.0, -121.25)"
2010-10-24 23:00:00,-122.25,-122.20272408689893,42.75,42.7036061254855,573.480039164645,2010-10-26,14020002,"(42.75, -122.25)"
2010-10-24 22:00:00,-123.25,-123.20153121598177,42.25,42.271420939840134,581.4482882806938,2010-10-26,14020002,"(42.25, -123.25)"
2010-10-24 21:00:00,-124.0,-124.12034920472821,41.75,41.80249913532221,610.8379654321919,2010-10-26,14020002,"(41.75, -124.0)"
2010-10-24 20:00:00,-125.0,-124.94564857520118,41.5,41.38011819541468,658.4023054078441,2010-10-26,14020002,"(41.5, -125.0)"
2019-03-02 18:00:00,-120.25,-120.21328799547695,40.0,39.89418893130381,678.9280454557098,2019-03-04,14020002,"(40.0, -120.25)"
2019-03-02 17:00:00,-120.5,-120.52858605837307,39.5,39.616994842584106,686.3502671744261,2019-03-04,14020002,"(39.5, -120.5)"
2019-03-02 16:00:00,-120.75,-120.76627610362429,39.25,39.2687805706639,700.1962933555775,2019-03-04,14020002,"(39.25, -120.75)"
2019-03-02 15:00:00,-121.0,-120.97739459911882,39.0,38.94437194845009,731.2224675054135,2019-03-04,14020002,"(39.0, -121.0)"
2021-10-25 09:00:00,-120.0,-120.06429063173134,40.25,40.17844348054526,563.5764308034594,2021-10-27,14020002,"(40.25, -120.0)"
2021-10-25 08:00:00,-120.75,-120.76392803909346,39.25,39.24180093049814,546.8664288034256,2021-10-27,14020002,"(39.25, -120.75)"
2001-10-08 11:00:00,-120.25,-120.29319441911377,43.0,42.926234902294254,637.0117652673543,2001-10-10,14050002,"(43.0, -120.25)"
2001-10-08 10:00:00,-120.75,-120.7743229919929,43.0,42.93509605520831,638.3403560658749,2001-10-10,14050002,"(43.0, -120.75)"
2001-10-08 09:00:00,-121.25,-121.24297473559358,43.0,42.91751786773544,637.9858099761722,2001-10-10,14050002,"(43.0, -121.25)"
2001-10-08 08:00:00,-121.75,-121.69457870736174,43.0,42.885421535575425,643.5253373790785,2001-10-10,14050002,"(43.0, -121.75)"
2001-10-08 07:00:00,-122.25,-122.15459719325813,42.75,42.8534195119258,648.734562754418,2001-10-10,14050002,"(42.75, -122.25)"
2001-10-08 06:00:00,-122.75,-122.62879472445961,42.75,42.8033576371605,639.0051161411167,2001-10-10,14050002,"(42.75, -122.75)"
2001-10-08 05:00:00,-123.0,-123.1029706660303,42.75,42.7593392613002,636.3002862667835,2001-10-10,14050002,"(42.75, -123.0)"
2001-10-08 04:00:00,-123.5,-123.54145814865237,42.75,42.713154677332014,637.122755244515,2001-10-10,14050002,"(42.75, -123.5)"
2001-10-08 03:00:00,-124.0,-123.96121220957555,42.75,42.67594328592137,645.4587527818932,2001-10-10,14050002,"(42.75, -124.0)"
2001-10-08 02:00:00,-124.5,-124.38825589350623,42.75,42.669962437595785,639.9171328572589,2001-10-10,14050002,"(42.75, -124.5)"
2001-10-08 01:00:00,-124.75,-124.86828715183597,42.75,42.70221251714813,642.265528431839,2001-10-10,14050002,"(42.75, -124.75)"
2004-11-25 15:00:00,-120.25,-120.1452779462487,40.25,40.27058319819681,785.6434724023262,2004-11-28,14050002,"(40.25, -120.25)"
2004-11-25 14:00:00,-120.5,-120.46871973965898,40.25,40.19188570211688,776.2347731224805,2004-11-28,14050002,"(40.25, -120.5)"
2004-11-25 13:00:00,-120.75,-120.80109908612263,40.0,40.12170614175405,760.4467244067364,2004-11-28,14050002,"(40.0, -120.75)"
2004-11-25 12:00:00,-121.25,-121.16523360553376,40.0,40.09895447312162,755.1147737756062,2004-11-28,14050002,"(40.0, -121.25)"
2004-11-25 11:00:00,-121.5,-121.50409671947463,40.0,40.10407557442077,753.2670326599938,2004-11-28,14050002,"(40.0, -121.5)"
2004-11-25 10:00:00,-121.75,-121.80699802703074,40.25,40.145114383244355,759.0873110025544,2004-11-28,14050002,"(40.25, -121.75)"
2004-11-25 09:00:00,-122.25,-122.12559536688204,40.25,40.244895738207425,762.4339333553188,2004-11-28,14050002,"(40.25, -122.25)"
2004-11-25 08:00:00,-122.5,-122.42538083765545,40.25,40.25685883119988,775.4125795799413,2004-11-28,14050002,"(40.25, -122.5)"
2004-11-25 07:00:00,-122.75,-122.67912414515648,40.25,40.2634209505946,784.9802377134488,2004-11-28,14050002,"(40.25, -122.75)"
2004-11-25 06:00:00,-123.0,-122.90624529433858,40.25,40.28185246009606,786.9288731120113,2004-11-28,14050002,"(40.25, -123.0)"
2004-11-25 05:00:00,-123.25,-123.13965642605429,40.25,40.32120161602982,785.2689714550997,2004-11-28,14050002,"(40.25, -123.25)"
2004-11-25 04:00:00,-123.5,-123.38309233668306,40.25,40.369683471723874,782.7511667082489,2004-11-28,14050002,"(40.25, -123.5)"
2004-11-25 03:00:00,-123.75,-123.62603511405499,40.5,40.41838513921155,781.7872843242279,2004-11-28,14050002,"(40.5, -123.75)"
2004-11-25 02:00:00,-123.75,-123.86625974710257,40.5,40.4665887172054,782.865996100403,2004-11-28,14050002,"(40.5, -123.75)"
2004-11-25 01:00:00,-124.0,-124.10170952323011,40.5,40.519879273329295,783.8684468675093,2004-11-28,14050002,"(40.5, -124.0)"
2005-06-02 12:00:00,-120.25,-120.32655653649046,39.0,38.998748792796384,603.6172217035609,2005-06-04,14050002,"(39.0, -120.25)"
2005-06-02 11:00:00,-120.75,-120.73366489281115,39.25,39.165261315574114,604.1166389837321,2005-06-04,14050002,"(39.25, -120.75)"
2005-06-02 10:00:00,-121.25,-121.12971493072091,39.25,39.363738959497645,603.8343798379672,2005-06-04,14050002,"(39.25, -121.25)"
2005-06-02 09:00:00,-121.5,-121.52795862387396,39.5,39.57846277943572,594.3271214287754,2005-06-04,14050002,"(39.5, -121.5)"
2005-06-02 08:00:00,-122.0,-121.9313759191876,39.75,39.78027461735423,591.1307752951229,2005-06-04,14050002,"(39.75, -122.0)"
2005-06-02 07:00:00,-122.25,-122.3203241439271,40.0,40.01054642690428,588.6096922518569,2005-06-04,14050002,"(40.0, -122.25)"
2005-06-02 06:00:00,-122.75,-122.69517413584157,40.25,40.26535585914675,580.3872214668909,2005-06-04,14050002,"(40.25, -122.75)"
2005-06-02 05:00:00,-123.0,-123.07013897860746,40.5,40.55906251721175,567.0662883763027,2005-06-04,14050002,"(40.5, -123.0)"
2005-06-02 04:00:00,-123.5,-123.46413158514459,41.0,40.8986206391888,570.9224253630143,2005-06-04,14050002,"(41.0, -123.5)"
2005-06-02 03:00:00,-124.0,-123.88621043245733,41.25,41.2980610328793,564.6038407206407,2005-06-04,14050002,"(41.25, -124.0)"
2005-06-02 02:00:00,-124.25,-124.34747133632337,41.75,41.73653389585574,549.4110876583362,2005-06-04,14050002,"(41.75, -124.25)"
2005-06-02 01:00:00,-124.75,-124.84618694284231,42.25,42.17305602786471,541.0719848647673,2005-06-04,14050002,"(42.25, -124.75)"
2007-10-20 04:00:00,-120.0,-119.92135710248215,39.0,39.00652898593526,759.8280929173121,2007-10-21,14050002,"(39.0, -120.0)"
2011-04-16 19:00:00,-120.0,-119.9711694192997,41.0,40.933877804985904,773.7836417834785,2011-04-19,14050002,"(41.0, -120.0)"
2011-04-16 18:00:00,-120.0,-120.0861679732878,40.75,40.853465803889804,772.302271299833,2011-04-19,14050002,"(40.75, -120.0)"
2011-04-16 17:00:00,-120.25,-120.1883319171521,40.75,40.8104613408141,769.2883752998142,2011-04-19,14050002,"(40.75, -120.25)"
2011-04-16 16:00:00,-120.25,-120.31613105249276,40.75,40.808707237549726,766.3541331586459,2011-04-19,14050002,"(40.75, -120.25)"
2011-04-16 15:00:00,-120.5,-120.47691808953725,40.75,40.8404948701264,762.6985818926127,2011-04-19,14050002,"(40.75, -120.5)"
2011-04-16 14:00:00,-120.75,-120.67347530893532,41.0,40.89334457278857,761.4932042896737,2011-04-19,14050002,"(41.0, -120.75)"
2011-04-16 13:00:00,-121.0,-120.91114801821853,41.0,40.953420058358475,759.2051379749755,2011-04-19,14050002,"(41.0, -121.0)"
2011-04-16 12:00:00,-121.25,-121.18735233717335,41.0,41.01755453378081,754.1988470505057,2011-04-19,14050002,"(41.0, -121.25)"
2011-04-16 11:00:00,-121.5,-121.49439116293921,41.0,41.09358113704283,745.5088809864008,2011-04-19,14050002,"(41.0, -121.5)"
2011-04-16 10:00:00,-121.75,-121.83406611245356,41.25,41.1743656784113,734.8220225228076,2011-04-19,14050002,"(41.25, -121.75)"
2011-04-16 09:00:00,-122.25,-122.18273234494384,41.25,41.251914007917335,720.7004475673376,2011-04-19,14050002,"(41.25, -122.25)"
2011-04-16 08:00:00,-122.5,-122.58290339268409,41.25,41.30204481439216,715.1722496239195,2011-04-19,14050002,"(41.25, -122.5)"
2011-04-16 07:00:00,-123.0,-123.04578509458855,41.25,41.338598546058435,707.7006468613255,2011-04-19,14050002,"(41.25, -123.0)"
2011-04-16 06:00:00,-123.5,-123.56531438930759,41.25,41.3397533750108,701.2142688785924,2011-04-19,14050002,"(41.25, -123.5)"
2011-04-16 05:00:00,-124.0,-124.08076169471504,41.25,41.331838508102734,702.0488364853634,2011-04-19,14050002,"(41.25, -124.0)"
2011-04-16 04:00:00,-124.5,-124.55112254030821,41.25,41.318476032062186,706.3408778071303,2011-04-19,14050002,"(41.25, -124.5)"
2011-04-16 03:00:00,-125.0,-125.008194319823,41.25,41.28580950610253,710.8864404889425,2011-04-19,14050002,"(41.25, -125.0)"
2013-12-02 23:00:00,-120.5,-120.40379581027524,43.5,43.41133463974126,599.3655255415497,2013-12-04,14050002,"(43.5, -120.5)"
2013-12-02 22:00:00,-121.5,-121.43934549728907,43.5,43.58706933393359,631.6737578546312,2013-12-04,14050002,"(43.5, -121.5)"
2013-12-02 21:00:00,-122.5,-122.40676696084003,43.75,43.71570803483907,602.5917967809448,2013-12-04,14050002,"(43.75, -122.5)"
2013-12-02 20:00:00,-123.5,-123.52441980842104,44.0,43.96412326360814,624.1154510180725,2013-12-04,14050002,"(44.0, -123.5)"
2013-12-02 19:00:00,-124.5,-124.5847639846125,44.25,44.30463171404362,646.4877906940626,2013-12-04,14050002,"(44.25, -124.5)"
2020-02-01 11:00:00,-120.0,-120.05512981352746,43.75,43.77315064399681,776.4216984942384,2020-02-04,14050002,"(43.75, -120.0)"
2020-02-01 10:00:00,-120.75,-120.63407637085783,43.5,43.517166722554045,770.3937390856829,2020-02-04,14050002,"(43.5, -120.75)"
2020-02-01 09:00:00,-121.25,-121.22007241527551,43.25,43.23356533899985,759.3406975076432,2020-02-04,14050002,"(43.25, -121.25)"
2020-02-01 08:00:00,-121.75,-121.87305477940282,43.0,42.93648312139047,743.3243153755944,2020-02-04,14050002,"(43.0, -121.75)"
2020-02-01 07:00:00,-122.5,-122.49811111131076,42.75,42.67020527006751,732.698704062981,2020-02-04,14050002,"(42.75, -122.5)"
2020-02-01 06:00:00,-123.0,-123.10287442411203,42.5,42.45269646458963,758.4291659825793,2020-02-04,14050002,"(42.5, -123.0)"
2020-02-01 05:00:00,-123.75,-123.64336348752505,42.25,42.209112733511226,773.4275675968464,2020-02-04,14050002,"(42.25, -123.75)"
2020-02-01 04:00:00,-124.0,-124.11077821288322,42.0,41.950452676006556,764.7234416377391,2020-02-04,14050002,"(42.0, -124.0)"
2020-02-01 03:00:00,-124.5,-124.58568353127222,41.75,41.72910896009412,765.3732248542799,2020-02-04,14050002,"(41.75, -124.5)"
2020-02-01 02:00:00,-125.0,-125.03449236279637,41.5,41.532114950598235,775.0214184369356,2020-02-04,14050002,"(41.5, -125.0)"
2022-10-21 17:00:00,-120.0,-119.9433793366794,45.75,45.83905414433083,811.5615688280903,2022-10-24,14050002,"(45.75, -120.0)"
2022-10-21 16:00:00,-120.25,-120.31852786400322,46.0,45.93469965544214,827.1483991820255,2022-10-24,14050002,"(46.0, -120.25)"
2022-10-21 15:00:00,-120.75,-120.75097942118994,46.0,46.08967173692383,781.7006207194834,2022-10-24,14050002,"(46.0, -120.75)"
2022-10-21 14:00:00,-121.25,-121.24631000763327,46.25,46.2657982344467,766.0068110713355,2022-10-24,14050002,"(46.25, -121.25)"
2022-10-21 13:00:00,-121.75,-121.83070791974674,46.5,46.54124754886643,677.9909555541261,2022-10-24,14050002,"(46.5, -121.75)"
2022-10-21 12:00:00,-122.5,-122.56553839642096,46.75,46.760315417066636,680.4050816364186,2022-10-24,14050002,"(46.75, -122.5)"
2022-10-21 11:00:00,-123.25,-123.18928043495879,47.0,46.94730879297964,673.2577903497286,2022-10-24,14050002,"(47.0, -123.25)"
2022-10-21 10:00:00,-123.75,-123.78440043312621,47.25,47.14223265731304,674.8214916697436,2022-10-24,14050002,"(47.25, -123.75)"
2022-10-21 09:00:00,-124.5,-124.38376568906469,47.25,47.35332864821467,685.6139090148431,2022-10-24,14050002,"(47.25, -124.5)"
2022-10-21 08:00:00,-125.0,-124.90250258932794,47.75,47.63800308634475,682.6395879096755,2022-10-24,14050002,"(47.75, -125.0)"
2003-11-11 01:00:00,-120.0,-120.03976424056485,45.0,45.0657904864604,497.52939587749205,2003-11-13,13010005,"(45.0, -120.0)"
2003-11-11 00:00:00,-120.5,-120.58636418518513,45.5,45.53943472511253,521.4940269096315,2003-11-13,13010005,"(45.5, -120.5)"
2003-11-10 23:00:00,-121.25,-121.15199748222926,46.0,45.9797478177978,558.2776928979192,2003-11-13,13010005,"(46.0, -121.25)"
2003-11-10 22:00:00,-121.75,-121.70535740980694,46.5,46.414329459107975,553.8228483470058,2003-11-13,13010005,"(46.5, -121.75)"
2003-11-10 21:00:00,-122.25,-122.33307047338256,46.75,46.85987777786229,482.2146580417878,2003-11-13,13010005,"(46.75, -122.25)"
2003-11-10 20:00:00,-123.0,-123.02268792410857,47.5,47.43501169508839,497.1717681559378,2003-11-13,13010005,"(47.5, -123.0)"
2003-11-10 19:00:00,-123.75,-123.69979083067399,48.0,48.02044610905007,508.57651272878917,2003-11-13,13010005,"(48.0, -123.75)"
2003-11-10 18:00:00,-124.5,-124.45405478580412,48.5,48.582208240210605,503.97439519652335,2003-11-13,13010005,"(48.5, -124.5)"
2010-12-29 20:00:00,-122.5,-122.45334265624224,39.25,39.16537926451926,717.7931426215994,2010-12-31,13010005,"(39.25, -122.5)"
2010-12-29 19:00:00,-123.0,-122.89056275381128,39.5,39.583237781358896,717.0338963701238,2010-12-31,13010005,"(39.5, -123.0)"
2010-12-29 18:00:00,-123.5,-123.42192776315848,40.0,39.95506709013632,674.4850832061162,2010-12-31,13010005,"(40.0, -123.5)"
2010-12-29 17:00:00,-124.0,-123.90547931326576,40.25,40.33736599131914,654.7899341561836,2010-12-31,13010005,"(40.25, -124.0)"
2010-12-29 16:00:00,-124.25,-124.35609872190845,40.75,40.75702979580553,638.5882153378109,2010-12-31,13010005,"(40.75, -124.25)"
2010-12-29 15:00:00,-124.75,-124.81181424456975,41.25,41.214256502790455,664.1216631039435,2010-12-31,13010005,"(41.25, -124.75)"
2008-04-14 13:00:00,-120.25,-120.16155384375472,41.0,41.04177052660762,622.959601629079,2008-04-17,11020002,"(41.0, -120.25)"
2008-04-14 12:00:00,-120.75,-120.80049521325118,40.25,40.32416057428598,622.4937774853491,2008-04-17,11020002,"(40.25, -120.75)"
2008-04-14 11:00:00,-121.5,-121.46424920889663,39.5,39.554840092333,620.8437889397803,2008-04-17,11020002,"(39.5, -121.5)"
2019-10-21 18:00:00,-120.25,-120.27195444838128,45.75,45.80176730690247,839.3632514661039,2019-10-24,11020002,"(45.75, -120.25)"
2019-10-21 17:00:00,-120.75,-120.72501198774451,45.75,45.82364286797896,800.3304177377587,2019-10-24,11020002,"(45.75, -120.75)"
2019-10-21 16:00:00,-121.25,-121.19300648596719,46.0,45.88103043746598,772.0646043624463,2019-10-24,11020002,"(46.0, -121.25)"
2019-10-21 15:00:00,-121.75,-121.70957244783588,46.0,46.012536662275394,776.2488997113983,2019-10-24,11020002,"(46.0, -121.75)"
2019-10-21 14:00:00,-122.25,-122.16121866243739,46.0,46.108291153050146,779.005553773637,2019-10-24,11020002,"(46.0, -122.25)"
2019-10-21 13:00:00,-122.5,-122.51922563067968,46.25,46.18847403988869,783.4647386536154,2019-10-24,11020002,"(46.25, -122.5)"
2019-10-21 12:00:00,-122.75,-122.81914071591413,46.25,46.28769370648331,791.1827977507676,2019-10-24,11020002,"(46.25, -122.75)"
2019-10-21 11:00:00,-123.0,-123.1073903409158,46.5,46.42330422133986,798.6008586931468,2019-10-24,11020002,"(46.5, -123.0)"
2019-10-21 10:00:00,-123.5,-123.40905524548762,46.5,46.583625878565336,790.0611861945447,2019-10-24,11020002,"(46.5, -123.5)"
2019-10-21 09:00:00,-123.75,-123.74207595753381,46.75,46.760456970664656,766.0044224743821,2019-10-24,11020002,"(46.75, -123.75)"
2019-10-21 08:00:00,-124.25,-124.14230649809382,47.0,46.94026359456149,748.226063390992,2019-10-24,11020002,"(47.0, -124.25)"
2019-10-21 07:00:00,-124.5,-124.5842327721399,47.25,47.169807839646545,738.1853723657218,2019-10-24,11020002,"(47.25, -124.5)"
2019-10-21 06:00:00,-125.0,-125.07914846507062,47.5,47.44926522028551,751.3182278005202,2019-10-24,11020002,"(47.5, -125.0)"
2011-02-03 20:00:00,-120.25,-120.3136151383043,48.0,48.0858385966604,763.2222609732734,2011-02-06,11020006,"(48.0, -120.25)"
2011-02-03 19:00:00,-120.75,-120.82293336236953,48.0,48.105845854614365,743.5238314145738,2011-02-06,11020006,"(48.0, -120.75)"
2011-02-03 18:00:00,-121.5,-121.42248023233273,48.0,48.117056275220435,755.418314255367,2011-02-06,11020006,"(48.0, -121.5)"
2011-02-03 17:00:00,-122.0,-121.98300582132829,48.0,48.09546006684804,788.3389598747813,2011-02-06,11020006,"(48.0, -122.0)"
2011-02-03 16:00:00,-122.5,-122.42681015088826,48.0,48.033312701550955,819.0411615622571,2011-02-06,11020006,"(48.0, -122.5)"
2011-02-03 15:00:00,-122.75,-122.77570049764333,48.0,47.97258003466616,846.2978840999326,2011-02-06,11020006,"(48.0, -122.75)"
2011-02-03 14:00:00,-123.0,-123.08260030804242,48.0,47.91677540431474,855.8324962983684,2011-02-06,11020006,"(48.0, -123.0)"
2011-02-03 13:00:00,-123.25,-123.36237624041553,47.75,47.8576541146255,832.3744024357221,2011-02-06,11020006,"(47.75, -123.25)"
2011-02-03 12:00:00,-123.75,-123.69170462256879,47.75,47.77702103209119,791.4880883665746,2011-02-06,11020006,"(47.75, -123.75)"
2011-02-03 11:00:00,-124.0,-124.10892230046616,47.75,47.70766921781499,781.2869346597962,2011-02-06,11020006,"(47.75, -124.0)"
2011-02-03 10:00:00,-124.5,-124.55783464610677,47.5,47.61403746136498,777.7632135226671,2011-02-06,11020006,"(47.5, -124.5)"
2011-02-03 09:00:00,-125.0,-125.01415704136615,47.5,47.5185616673963,787.3032501772481,2011-02-06,11020006,"(47.5, -125.0)"
2019-10-22 02:00:00,-120.0,-119.94174167762503,45.5,45.42698683741936,758.5383746615619,2019-10-24,11020006,"(45.5, -120.0)"
2019-10-22 01:00:00,-120.5,-120.51986727819741,45.75,45.63987575993451,770.4960714307541,2019-10-24,11020006,"(45.75, -120.5)"
2019-10-22 00:00:00,-121.25,-121.21951934042177,45.75,45.8441620105467,746.8209801728254,2019-10-24,11020006,"(45.75, -121.25)"
2019-10-21 23:00:00,-122.0,-121.9543354729729,46.25,46.150560483448636,741.9435652314977,2019-10-24,11020006,"(46.25, -122.0)"
2019-10-21 22:00:00,-122.75,-122.63086785774985,46.25,46.30463127716208,746.8134122195994,2019-10-24,11020006,"(46.25, -122.75)"
2019-10-21 21:00:00,-123.25,-123.31865839118143,46.5,46.419428866499565,781.7744233189416,2019-10-24,11020006,"(46.5, -123.25)"
2019-10-21 20:00:00,-124.0,-123.99100328154985,46.5,46.400653353388904,782.8752223450612,2019-10-24,11020006,"(46.5, -124.0)"
2019-10-21 19:00:00,-124.5,-124.61867378007503,46.5,46.391544866037265,822.7545519807825,2019-10-24,11020006,"(46.5, -124.5)"
2001-05-15 05:00:00,-120.5,-120.48792866539155,40.0,40.035215323350926,668.7709248384684,2001-05-18,11040002,"(40.0, -120.5)"
2001-05-15 04:00:00,-121.25,-121.28271361745696,40.0,39.91490592169192,651.9310267035489,2001-05-18,11040002,"(40.0, -121.25)"
2001-05-15 03:00:00,-122.0,-122.04852567675607,39.75,39.821263270404685,638.6872846536154,2001-05-18,11040002,"(39.75, -122.0)"
2001-05-15 02:00:00,-122.75,-122.78573755777938,39.75,39.816391965883085,653.0649365264204,2001-05-18,11040002,"(39.75, -122.75)"
2001-05-15 01:00:00,-123.5,-123.59020827044357,39.75,39.768650677667644,626.5716273649123,2001-05-18,11040002,"(39.75, -123.5)"
2003-05-30 22:00:00,-120.0,-119.92474075098008,41.0,41.05504670213328,573.8196543762983,2003-06-02,10190013,"(41.0, -120.0)"
2003-05-30 21:00:00,-120.5,-120.4159329014223,41.0,41.03595934762649,561.7219939988886,2003-06-02,10190013,"(41.0, -120.5)"
2003-05-30 20:00:00,-121.0,-120.8799693705771,41.0,41.01442731174438,554.719492604552,2003-06-02,10190013,"(41.0, -121.0)"
2003-05-30 19:00:00,-121.25,-121.35142498583161,41.0,41.01179853543481,547.6420453304975,2003-06-02,10190013,"(41.0, -121.25)"
2003-05-30 18:00:00,-121.75,-121.81664539956633,41.0,41.03446368776089,533.8975306756195,2003-06-02,10190013,"(41.0, -121.75)"
2003-05-30 17:00:00,-122.25,-122.27858779274017,41.0,41.11668885808309,519.7107365591346,2003-06-02,10190013,"(41.0, -122.25)"
2003-05-30 16:00:00,-122.75,-122.72858537687505,41.25,41.27178741338365,506.3879370706772,2003-06-02,10190013,"(41.25, -122.75)"
2003-05-30 15:00:00,-123.25,-123.14236030866367,41.5,41.474077734009114,495.48758936362304,2003-06-02,10190013,"(41.5, -123.25)"
2003-05-30 14:00:00,-123.5,-123.49320070962416,41.75,41.69604331463849,488.4257541191809,2003-06-02,10190013,"(41.75, -123.5)"
2003-05-30 13:00:00,-123.75,-123.7232596054216,42.0,41.896126737548734,474.81449947090033,2003-06-02,10190013,"(42.0, -123.75)"
2003-05-30 12:00:00,-123.75,-123.79896337437543,42.0,42.071197859115394,462.99062052605126,2003-06-02,10190013,"(42.0, -123.75)"
2003-05-30 11:00:00,-123.75,-123.75296358766504,42.25,42.196970799860274,436.0146595649863,2003-06-02,10190013,"(42.25, -123.75)"
2003-05-30 10:00:00,-123.75,-123.66516229759539,42.25,42.21135820701275,459.17998736013766,2003-06-02,10190013,"(42.25, -123.75)"
2003-05-30 09:00:00,-123.5,-123.48280373433532,42.0,42.06383715343204,494.49109230285296,2003-06-02,10190013,"(42.0, -123.5)"
2003-05-30 08:00:00,-123.25,-123.35859701795196,42.0,41.8935729320896,494.9934350399064,2003-06-02,10190013,"(42.0, -123.25)"
2003-05-30 07:00:00,-123.25,-123.26699182655561,41.5,41.547129324288626,474.1325487378309,2003-06-02,10190013,"(41.5, -123.25)"
2003-05-30 06:00:00,-123.0,-123.11839816373276,41.0,41.000202464219164,464.47756426392124,2003-06-02,10190013,"(41.0, -123.0)"
2003-05-30 05:00:00,-123.0,-122.92189064776764,40.25,40.25272797905941,464.7456557440421,2003-06-02,10190013,"(40.25, -123.0)"
2003-05-30 04:00:00,-122.75,-122.68905660004827,39.25,39.371086430817066,454.99935555825914,2003-06-02,10190013,"(39.25, -122.75)"
2013-12-03 01:00:00,-120.0,-120.06862072224698,42.5,42.43244773452012,631.0907315235849,2013-12-04,14040109,"(42.5, -120.0)"
2013-12-03 00:00:00,-121.0,-121.02442927162193,42.5,42.47915607875861,677.818446254676,2013-12-04,14040109,"(42.5, -121.0)"
2013-12-02 23:00:00,-122.0,-121.93116357198382,42.5,42.41461110952024,712.5908713871856,2013-12-04,14040109,"(42.5, -122.0)"
2013-12-02 22:00:00,-122.75,-122.73786129379491,42.25,42.26988044777228,679.7370191499267,2013-12-04,14040109,"(42.25, -122.75)"
2013-12-02 21:00:00,-123.5,-123.58727194795155,42.25,42.306116373827614,714.8131055970052,2013-12-04,14040109,"(42.25, -123.5)"
2013-12-02 20:00:00,-124.25,-124.32746649530995,42.25,42.292445177325426,729.1742485953454,2013-12-04,14040109,"(42.25, -124.25)"
2013-12-02 19:00:00,-125.0,-125.0302234805595,42.5,42.40086888187507,763.0958787783983,2013-12-04,14040109,"(42.5, -125.0)"
2017-09-30 08:00:00,-120.0,-120.05406971277696,44.75,44.714515438744954,808.3321931465981,2017-10-02,14040109,"(44.75, -120.0)"
2017-09-30 07:00:00,-120.25,-120.31668886471554,44.75,44.74929459353282,818.5400777848815,2017-10-02,14040109,"(44.75, -120.25)"
2017-09-30 06:00:00,-120.5,-120.58816018208701,44.75,44.77635398796023,829.1069265776785,2017-10-02,14040109,"(44.75, -120.5)"
2017-09-30 05:00:00,-120.75,-120.86720715330465,44.75,44.8100181502831,836.0437178102937,2017-10-02,14040109,"(44.75, -120.75)"
2017-09-30 04:00:00,-121.25,-121.13530636882524,44.75,44.83408807196237,859.9505742263605,2017-10-02,14040109,"(44.75, -121.25)"
2017-09-30 03:00:00,-121.5,-121.42260486807288,45.0,44.8770924240617,867.9287026050431,2017-10-02,14040109,"(45.0, -121.5)"
2017-09-30 02:00:00,-121.75,-121.7115027802358,45.0,44.93302793308563,829.5047852317622,2017-10-02,14040109,"(45.0, -121.75)"
2017-09-30 01:00:00,-122.0,-122.04959854889454,45.0,44.980642559315434,795.5649327172237,2017-10-02,14040109,"(45.0, -122.0)"
2017-09-30 00:00:00,-122.25,-122.33924071548853,45.0,44.935078843165755,805.4297574978481,2017-10-02,14040109,"(45.0, -122.25)"
2017-09-29 23:00:00,-122.5,-122.55999186099989,44.75,44.85332723863306,836.7189899617017,2017-10-02,14040109,"(44.75, -122.5)"
2017-09-29 22:00:00,-122.75,-122.73467969038019,44.75,44.79099796608596,869.142879172129,2017-10-02,14040109,"(44.75, -122.75)"
2017-09-29 21:00:00,-122.75,-122.84725406465544,44.75,44.756100619192566,894.4452000471463,2017-10-02,14040109,"(44.75, -122.75)"
2017-09-29 20:00:00,-123.0,-122.97894721187929,44.75,44.7164089675798,911.3521313339021,2017-10-02,14040109,"(44.75, -123.0)"
2017-09-29 19:00:00,-123.25,-123.13416510657784,44.75,44.655911225172886,924.9776370080059,2017-10-02,14040109,"(44.75, -123.25)"
2017-09-29 18:00:00,-123.25,-123.29699960341816,44.5,44.55490784528484,928.2848523397578,2017-10-02,14040109,"(44.5, -123.25)"
2017-09-29 17:00:00,-123.5,-123.43615978056134,44.5,44.43654380462904,929.1704293343196,2017-10-02,14040109,"(44.5, -123.5)"
2017-09-29 16:00:00,-123.5,-123.56807886122213,44.25,44.32963211539995,928.4704258447379,2017-10-02,14040109,"(44.25, -123.5)"
2017-09-29 15:00:00,-123.75,-123.68778746231666,44.25,44.25142088571627,927.8284055641899,2017-10-02,14040109,"(44.25, -123.75)"
2017-09-29 14:00:00,-123.75,-123.82191420687148,44.25,44.19517593091419,931.8229681142342,2017-10-02,14040109,"(44.25, -123.75)"
2017-09-29 13:00:00,-124.0,-123.96810209145112,44.25,44.146016435276785,937.3335547283863,2017-10-02,14040109,"(44.25, -124.0)"
2017-09-29 12:00:00,-124.0,-124.10451548462991,44.0,44.10399811357965,951.0401190293125,2017-10-02,14040109,"(44.0, -124.0)"
2017-09-29 11:00:00,-124.25,-124.23585806718168,44.0,44.05880408531958,962.8650037759656,2017-10-02,14040109,"(44.0, -124.25)"
2017-09-29 10:00:00,-124.25,-124.33797479852949,44.0,44.0317529315962,969.2875999402052,2017-10-02,14040109,"(44.0, -124.25)"
2017-09-29 09:00:00,-124.5,-124.45230033069595,44.0,43.966002906440956,974.1152616794813,2017-10-02,14040109,"(44.0, -124.5)"
2017-09-29 08:00:00,-124.75,-124.63946778420772,43.75,43.87246708044681,978.1893605073158,2017-10-02,14040109,"(43.75, -124.75)"
2017-09-29 07:00:00,-124.75,-124.7725764845483,43.75,43.75294408756726,980.7594440035767,2017-10-02,14040109,"(43.75, -124.75)"
2017-09-29 06:00:00,-124.75,-124.8099638524021,43.75,43.64513244704254,982.2809489347012,2017-10-02,14040109,"(43.75, -124.75)"
2017-09-29 05:00:00,-124.75,-124.84199521617418,43.5,43.591466562059104,983.733720425226,2017-10-02,14040109,"(43.5, -124.75)"
2017-09-29 04:00:00,-125.0,-124.90649403991421,43.5,43.57134974783126,984.5626142982975,2017-10-02,14040109,"(43.5, -125.0)"
2017-09-29 03:00:00,-125.0,-125.01861630986711,43.5,43.57161489209008,986.0765799659663,2017-10-02,14040109,"(43.5, -125.0)"
2017-09-29 02:00:00,-125.0,-125.11892138962169,43.5,43.583855065499414,987.5037848929045,2017-10-02,14040109,"(43.5, -125.0)"
2022-12-31 08:00:00,-120.0,-120.0909326649678,43.25,43.33277888364401,528.9727660912095,2023-01-01,14040109,"(43.25, -120.0)"
2022-12-31 07:00:00,-121.0,-121.02387831212852,43.25,43.24170358997271,530.0183415941706,2023-01-01,14040109,"(43.25, -121.0)"
2022-12-31 06:00:00,-122.0,-121.92545828790901,43.0,43.11036466350638,531.2352455512694,2023-01-01,14040109,"(43.0, -122.0)"
2022-12-31 05:00:00,-122.75,-122.83184339189859,43.0,42.977136818678744,514.480412283079,2023-01-01,14040109,"(43.0, -122.75)"
2022-12-31 04:00:00,-123.75,-123.7289337953866,42.75,42.82856379347205,533.5351305816712,2023-01-01,14040109,"(42.75, -123.75)"
2022-12-31 03:00:00,-124.5,-124.60896757926582,42.75,42.707522159529546,548.4296036351252,2023-01-01,14040109,"(42.75, -124.5)"
2018-04-06 17:00:00,-120.0,-120.05460337122574,39.5,39.537861167474645,675.7490110024111,2018-04-08,14010005,"(39.5, -120.0)"
2018-04-06 16:00:00,-120.5,-120.50862744414592,39.25,39.32898037588951,679.0695603643921,2018-04-08,14010005,"(39.25, -120.5)"
2018-04-06 15:00:00,-121.0,-120.90794892957808,39.0,39.08407673777766,684.4589118271615,2018-04-08,14010005,"(39.0, -121.0)"
2018-04-06 14:00:00,-121.25,-121.28343923389151,39.0,38.87935106558807,703.439246011274,2018-04-08,14010005,"(39.0, -121.25)"
2020-10-24 08:00:00,-120.0,-119.87677171415163,41.0,40.89393636106115,764.5406097290855,2020-10-26,14010005,"(41.0, -120.0)"
2020-10-24 07:00:00,-120.25,-120.13429068604358,41.0,40.972460997578644,760.1236238302901,2020-10-26,14010005,"(41.0, -120.25)"
2020-10-24 06:00:00,-120.25,-120.3653887113559,41.0,41.072358785267056,754.0466909920502,2020-10-26,14010005,"(41.0, -120.25)"
2020-10-24 05:00:00,-120.5,-120.58406789398208,41.25,41.1951234769442,752.3702921501998,2020-10-26,14010005,"(41.25, -120.5)"
2020-10-24 04:00:00,-120.75,-120.78575743726667,41.25,41.330577547339104,755.5054459020805,2020-10-26,14010005,"(41.25, -120.75)"
2020-10-24 03:00:00,-121.0,-120.9881330495857,41.5,41.485962635314124,755.7137499898953,2020-10-26,14010005,"(41.5, -121.0)"
2020-10-24 02:00:00,-121.25,-121.20735832760545,41.75,41.652678265865866,754.6074386414712,2020-10-26,14010005,"(41.75, -121.25)"
2020-10-24 01:00:00,-121.5,-121.4432545155987,41.75,41.821599553385155,754.2809935820684,2020-10-26,14010005,"(41.75, -121.5)"
2020-10-24 00:00:00,-121.75,-121.7032450616876,42.0,41.96060343940092,751.6565827983355,2020-10-26,14010005,"(42.0, -121.75)"
2020-10-23 23:00:00,-122.0,-121.94316859696838,42.0,42.05671034255566,747.1366030612626,2020-10-26,14010005,"(42.0, -122.0)"
2020-10-23 22:00:00,-122.25,-122.1259479348301,42.25,42.1396442133735,743.9309674945878,2020-10-26,14010005,"(42.25, -122.25)"
2020-10-23 21:00:00,-122.25,-122.24759424463996,42.25,42.24377813918461,734.7151645705625,2020-10-26,14010005,"(42.25, -122.25)"
2020-10-23 20:00:00,-122.5,-122.38078840924814,42.5,42.45088870062907,723.1233671541873,2020-10-26,14010005,"(42.5, -122.5)"
2020-10-23 19:00:00,-122.5,-122.51211499324275,42.75,42.6645243064473,718.1674561286768,2020-10-26,14010005,"(42.75, -122.5)"
2020-10-23 18:00:00,-122.75,-122.62516165040252,43.0,42.882211559726,713.5553292505806,2020-10-26,14010005,"(43.0, -122.75)"
2020-10-23 17:00:00,-122.75,-122.7168349435934,43.0,43.118838771342936,702.4395363418073,2020-10-26,14010005,"(43.0, -122.75)"
2020-10-23 16:00:00,-122.75,-122.79313654641533,43.25,43.36992308410493,689.6433237390896,2020-10-26,14010005,"(43.25, -122.75)"
2020-10-23 15:00:00,-123.0,-122.88905625212136,43.75,43.64730207103955,681.166943240922,2020-10-26,14010005,"(43.75, -123.0)"
2020-10-23 14:00:00,-123.0,-123.01933504694702,44.0,43.97103508315767,670.8105839940488,2020-10-26,14010005,"(44.0, -123.0)"
2020-10-23 13:00:00,-123.25,-123.2044517435175,44.25,44.34828731833756,662.7430126151477,2020-10-26,14010005,"(44.25, -123.25)"
2020-10-23 12:00:00,-123.5,-123.45755466653344,44.75,44.737683705700704,652.0312364240465,2020-10-26,14010005,"(44.75, -123.5)"
2020-10-23 11:00:00,-123.75,-123.77609769716241,45.0,45.105585336404644,637.5964173663399,2020-10-26,14010005,"(45.0, -123.75)"
2020-10-23 10:00:00,-124.25,-124.14170482996236,45.5,45.473929454540325,633.9716881120439,2020-10-26,14010005,"(45.5, -124.25)"
2020-10-23 09:00:00,-124.5,-124.56779514481498,45.75,45.824263919762046,628.9669903388772,2020-10-26,14010005,"(45.75, -124.5)"
2020-10-23 08:00:00,-125.0,-124.96912622735314,46.0,46.08850066698986,628.7673061623136,2020-10-26,14010005,"(46.0, -125.0)"
2022-12-25 11:00:00,-120.25,-120.26441942230512,47.25,47.25638542131972,608.058153454339,2022-12-28,14010005,"(47.25, -120.25)"
2022-12-25 10:00:00,-121.25,-121.18396456121066,47.25,47.34813428229699,619.195163683526,2022-12-28,14010005,"(47.25, -121.25)"
2022-12-25 09:00:00,-122.0,-122.02032606189896,47.5,47.412226856976424,542.5897575602334,2022-12-28,14010005,"(47.5, -122.0)"
2022-12-25 08:00:00,-123.0,-123.06080405821913,47.5,47.40636386828697,551.332770724957,2022-12-28,14010005,"(47.5, -123.0)"
2022-12-25 07:00:00,-124.0,-124.04565684263326,47.25,47.2911490373597,568.7031171070872,2022-12-28,14010005,"(47.25, -124.0)"
2022-12-25 06:00:00,-125.0,-124.98075471191063,47.0,47.08748738713486,561.7293049569741,2022-12-28,14010005,"(47.0, -125.0)"
2022-12-27 20:00:00,-120.0,-120.04173501770313,41.5,41.39022038398994,597.8486970780764,2022-12-29,14010005,"(41.5, -120.0)"
2022-12-27 19:00:00,-121.0,-120.89100441136587,41.25,41.15230142062435,601.0998016484813,2022-12-29,14010005,"(41.25, -121.0)"
2022-12-27 18:00:00,-121.75,-121.75524768288014,41.0,40.92721330903589,621.3929785428293,2022-12-29,14010005,"(41.0, -121.75)"
2022-12-27 17:00:00,-122.5,-122.62198186389718,40.75,40.65656729793535,640.8578489858309,2022-12-29,14010005,"(40.75, -122.5)"
2022-12-27 16:00:00,-123.5,-123.42819233322302,40.5,40.4815044930057,602.5265458839751,2022-12-29,14010005,"(40.5, -123.5)"
2022-12-27 15:00:00,-124.5,-124.4429995691125,40.25,40.321953112658456,622.1158885427656,2022-12-29,14010005,"(40.25, -124.5)"
2001-10-08 13:00:00,-120.25,-120.18850711304087,42.25,42.16887167427377,614.7761984612032,2001-10-10,14050001,"(42.25, -120.25)"
2001-10-08 12:00:00,-120.75,-120.69420725761374,42.25,42.21592389469562,619.407356623165,2001-10-10,14050001,"(42.25, -120.75)"
2001-10-08 11:00:00,-121.25,-121.19277983341843,42.25,42.25376658805643,620.1461781061632,2001-10-10,14050001,"(42.25, -121.25)"
2001-10-08 10:00:00,-121.75,-121.69421605946069,42.25,42.2912550873093,625.7150294665962,2001-10-10,14050001,"(42.25, -121.75)"
2001-10-08 09:00:00,-122.25,-122.19630769150024,42.25,42.33182901429705,630.6095927349269,2001-10-10,14050001,"(42.25, -122.25)"
2001-10-08 08:00:00,-122.75,-122.68203067179125,42.5,42.38813886625954,625.3584312863057,2001-10-10,14050001,"(42.5, -122.75)"
2001-10-08 07:00:00,-123.25,-123.1833014086304,42.5,42.453714743312446,620.1432219475953,2001-10-10,14050001,"(42.5, -123.25)"
2001-10-08 06:00:00,-123.75,-123.6822471393284,42.5,42.51696090273741,614.6135064924977,2001-10-10,14050001,"(42.5, -123.75)"
2001-10-08 05:00:00,-124.25,-124.19023775343967,42.5,42.57781520338257,622.028850315526,2001-10-10,14050001,"(42.5, -124.25)"
2001-10-08 04:00:00,-124.75,-124.69066266728883,42.75,42.62668488106299,619.0804921425964,2001-10-10,14050001,"(42.75, -124.75)"
2004-11-25 20:00:00,-120.25,-120.21122530509038,46.0,46.030298713507065,693.8393111423823,2004-11-28,14050001,"(46.0, -120.25)"
2004-11-25 19:00:00,-120.75,-120.6447063924493,46.25,46.2288811961037,714.6678765871262,2004-11-28,14050001,"(46.25, -120.75)"
2004-11-25 18:00:00,-121.25,-121.1354527941736,46.5,46.419305445435725,757.68496966474,2004-11-28,14050001,"(46.5, -121.25)"
2004-11-25 17:00:00,-121.75,-121.74085747708989,46.5,46.61350093191227,658.7628334136008,2004-11-28,14050001,"(46.5, -121.75)"
2004-11-25 16:00:00,-122.25,-122.32716492295145,46.75,46.8198134228915,624.6061959690428,2004-11-28,14050001,"(46.75, -122.25)"
2004-11-25 15:00:00,-122.75,-122.82494252349055,47.0,46.99938624387739,613.061794018517,2004-11-28,14050001,"(47.0, -122.75)"
2004-11-25 14:00:00,-123.25,-123.30137575587294,47.25,47.17227715655118,628.2979217332881,2004-11-28,14050001,"(47.25, -123.25)"
2004-11-25 13:00:00,-123.75,-123.77576010311866,47.25,47.35105499230119,644.9466249671075,2004-11-28,14050001,"(47.25, -123.75)"
2004-11-25 12:00:00,-124.25,-124.28354573751271,47.5,47.512815329547024,641.0835314821592,2004-11-28,14050001,"(47.5, -124.25)"
2004-11-25 11:00:00,-124.75,-124.80234318381432,47.75,47.65546610074551,635.264792610678,2004-11-28,14050001,"(47.75, -124.75)"
2010-03-30 23:00:00,-120.25,-120.24941908917111,40.0,39.88799007255112,543.9176502272852,2010-04-02,14050001,"(40.0, -120.25)"
2010-03-30 22:00:00,-121.25,-121.23498121415032,39.5,39.45322348077249,561.3899401776796,2010-04-02,14050001,"(39.5, -121.25)"
2010-03-30 21:00:00,-122.0,-122.06889031501498,39.0,39.024224433724186,571.1773473555211,2010-04-02,14050001,"(39.0, -122.0)"
2010-05-18 07:00:00,-120.0,-119.88865653657497,43.0,43.007285647720195,759.2786149194801,2010-05-20,14050001,"(43.0, -120.0)"
2010-05-18 06:00:00,-120.25,-120.24519676634439,43.0,42.972116891384864,755.8498287273674,2010-05-20,14050001,"(43.0, -120.25)"
2010-05-18 05:00:00,-120.5,-120.54353773053452,43.0,42.92459012621551,759.3944033134977,2010-05-20,14050001,"(43.0, -120.5)"
2010-05-18 04:00:00,-120.75,-120.81090209993967,42.75,42.82865589724608,761.2575814949666,2010-05-20,14050001,"(42.75, -120.75)"
2010-05-18 03:00:00,-121.0,-121.05195039293486,42.75,42.6594821811674,749.5361997894474,2010-05-20,14050001,"(42.75, -121.0)"
2010-05-18 02:00:00,-121.25,-121.24401987420443,42.5,42.43540502727367,745.3492583152242,2010-05-20,14050001,"(42.5, -121.25)"
2010-05-18 01:00:00,-121.25,-121.36670260988542,42.25,42.203212859860535,747.1251535736267,2010-05-20,14050001,"(42.25, -121.25)"
2010-05-18 00:00:00,-121.5,-121.45583764650097,42.0,41.97938435132687,745.4811642503253,2010-05-20,14050001,"(42.0, -121.5)"
2010-05-17 23:00:00,-121.5,-121.54319987855357,41.75,41.748856711511266,729.1481639459358,2010-05-20,14050001,"(41.75, -121.5)"
2010-05-17 22:00:00,-121.75,-121.62874495517292,41.5,41.47068703551619,689.4023514565229,2010-05-20,14050001,"(41.5, -121.75)"
2010-05-17 21:00:00,-121.75,-121.69686669389851,41.0,41.076858902693864,668.7636440262461,2010-05-20,14050001,"(41.0, -121.75)"
2010-05-17 20:00:00,-121.75,-121.66594891042173,40.5,40.589745101482436,669.3665243406807,2010-05-20,14050001,"(40.5, -121.75)"
2010-05-17 19:00:00,-121.75,-121.63518279830018,40.0,40.12250943212523,666.882652244842,2010-05-20,14050001,"(40.0, -121.75)"
2010-05-17 18:00:00,-121.5,-121.57264952663813,39.5,39.621193610970195,663.5985050685838,2010-05-20,14050001,"(39.5, -121.5)"
2010-05-17 17:00:00,-121.5,-121.47341777743277,39.0,39.10237628521851,656.1741888172833,2010-05-20,14050001,"(39.0, -121.5)"
2011-02-04 16:00:00,-120.25,-120.23119366191375,48.25,48.24468272890833,767.2535394767632,2011-02-06,14050001,"(48.25, -120.25)"
2011-02-04 15:00:00,-120.75,-120.67465360258323,48.25,48.1876591703322,699.5927285029734,2011-02-06,14050001,"(48.25, -120.75)"
2011-02-04 14:00:00,-121.5,-121.37521499767732,48.25,48.19025542371224,680.1966005870021,2011-02-06,14050001,"(48.25, -121.5)"
2011-02-04 13:00:00,-122.25,-122.23715887768418,48.25,48.259885938448704,744.2675921648095,2011-02-06,14050001,"(48.25, -122.25)"
2011-02-04 12:00:00,-123.0,-123.01417272881086,48.25,48.24465876909945,808.1610371036725,2011-02-06,14050001,"(48.25, -123.0)"
2011-02-04 11:00:00,-123.75,-123.64159640149013,48.25,48.14456194861112,843.7459486466807,2011-02-06,14050001,"(48.25, -123.75)"
2011-02-04 10:00:00,-124.25,-124.14703839205508,48.0,47.96162164869697,834.6205915357249,2011-02-06,14050001,"(48.0, -124.25)"
2011-02-04 09:00:00,-124.75,-124.66753189369821,47.75,47.82995887946215,816.7920652555489,2011-02-06,14050001,"(47.75, -124.75)"
2014-01-29 21:00:00,-120.5,-120.59580138547902,44.5,44.48785145156463,737.6243163389015,2014-01-31,14050001,"(44.5, -120.5)"
2014-01-29 20:00:00,-121.5,-121.43345019001154,44.25,44.26361072097239,753.2007248152389,2014-01-31,14050001,"(44.25, -121.5)"
2014-01-29 19:00:00,-122.25,-122.22809903621767,44.0,44.02782774785519,664.4899820136973,2014-01-31,14050001,"(44.0, -122.25)"
2014-01-29 18:00:00,-123.0,-123.10401588851987,44.0,43.91320077008994,699.7595593930164,2014-01-31,14050001,"(44.0, -123.0)"
2014-01-29 17:00:00,-124.0,-123.8757012681515,43.75,43.81680477441939,715.7268594499662,2014-01-31,14050001,"(43.75, -124.0)"
2014-01-29 16:00:00,-124.5,-124.62490799726697,43.75,43.75657406381855,719.6601217454962,2014-01-31,14050001,"(43.75, -124.5)"
2015-02-02 16:00:00,-120.25,-120.26555586264539,41.75,41.78540144819392,653.8239074384039,2015-02-05,14050001,"(41.75, -120.25)"
2015-02-02 15:00:00,-120.75,-120.81471833242439,42.0,41.87578942077997,652.9818336945866,2015-02-05,14050001,"(42.0, -120.75)"
2015-02-02 14:00:00,-121.5,-121.38705944260118,42.0,41.95771544165576,675.4651012481257,2015-02-05,14050001,"(42.0, -121.5)"
2015-02-02 13:00:00,-122.0,-121.9260240491972,42.0,41.99596584649456,686.1430988840358,2015-02-05,14050001,"(42.0, -122.0)"
2015-02-02 12:00:00,-122.5,-122.45516359342884,42.0,41.97251046838251,679.4039013055163,2015-02-05,14050001,"(42.0, -122.5)"
2015-02-02 11:00:00,-123.0,-122.9874039562687,42.0,41.90364822504337,697.6690483728141,2015-02-05,14050001,"(42.0, -123.0)"
2015-02-02 10:00:00,-123.5,-123.46526285256964,41.75,41.793264125127955,698.6226908403015,2015-02-05,14050001,"(41.75, -123.5)"
2015-02-02 09:00:00,-124.0,-123.90196049803055,41.75,41.68958588283315,701.2165643207769,2015-02-05,14050001,"(41.75, -124.0)"
2015-02-02 08:00:00,-124.25,-124.33408157679492,41.5,41.536397927310006,702.7130032956336,2015-02-05,14050001,"(41.5, -124.25)"
2015-02-02 07:00:00,-124.75,-124.72420341109203,41.5,41.41904887773576,699.809281654575,2015-02-05,14050001,"(41.5, -124.75)"
2015-12-21 23:00:00,-120.0,-120.11705915889593,43.5,43.60974494778062,718.427804352492,2015-12-23,14050001,"(43.5, -120.0)"
2015-12-21 22:00:00,-121.25,-121.131459029684,43.5,43.495851760608446,743.6643061300052,2015-12-23,14050001,"(43.5, -121.25)"
2015-12-21 21:00:00,-122.0,-122.0789855437826,43.25,43.268955956468226,748.7136038888334,2015-12-23,14050001,"(43.25, -122.0)"
2015-12-21 20:00:00,-123.0,-123.02754113129048,43.25,43.13322426669141,781.520893672611,2015-12-23,14050001,"(43.25, -123.0)"
2015-12-21 19:00:00,-123.75,-123.84612258181559,43.0,42.993102600673744,882.9375490878278,2015-12-23,14050001,"(43.0, -123.75)"
2015-12-21 18:00:00,-124.5,-124.53800113339896,43.0,42.91978612930605,938.3206477391749,2015-12-23,14050001,"(43.0, -124.5)"
2016-01-29 16:00:00,-120.0,-119.97298640651944,41.75,41.70163179763418,789.1857016435167,2016-01-31,14050001,"(41.75, -120.0)"
2016-01-29 15:00:00,-120.25,-120.24329374857659,41.5,41.38462628420638,784.3641993831126,2016-01-31,14050001,"(41.5, -120.25)"
2016-01-29 14:00:00,-120.5,-120.48141938380294,41.0,41.08699323878409,784.0507214675395,2016-01-31,14050001,"(41.0, -120.5)"
2016-01-29 13:00:00,-120.75,-120.73409795657464,40.75,40.74089724092998,788.8621609905117,2016-01-31,14050001,"(40.75, -120.75)"
2016-01-29 12:00:00,-121.0,-120.9844680369211,40.25,40.34575099251984,786.5205309381483,2016-01-31,14050001,"(40.25, -121.0)"
2016-01-29 11:00:00,-121.25,-121.2556544247164,40.0,39.934114751985284,786.3880720876131,2016-01-31,14050001,"(40.0, -121.25)"
2016-01-29 10:00:00,-121.5,-121.50094535031054,39.5,39.58509705541763,810.1600138670083,2016-01-31,14050001,"(39.5, -121.5)"
2016-01-29 09:00:00,-121.75,-121.66443254818851,39.25,39.34668458414571,843.3161986278091,2016-01-31,14050001,"(39.25, -121.75)"
2016-01-29 08:00:00,-121.75,-121.78442328811768,39.25,39.15037656231899,854.6326783682406,2016-01-31,14050001,"(39.25, -121.75)"
2016-01-29 07:00:00,-122.0,-121.93891391542007,39.0,39.024422731452866,862.1869321673586,2016-01-31,14050001,"(39.0, -122.0)"
2016-01-29 06:00:00,-122.0,-122.11893552639594,39.0,38.925390648888154,863.3033895986457,2016-01-31,14050001,"(39.0, -122.0)"
2017-05-16 16:00:00,-120.0,-119.90955109695297,43.25,43.30845623937196,794.8678998635958,2017-05-19,14050001,"(43.25, -120.0)"
2017-05-16 15:00:00,-120.25,-120.30117293770556,43.0,43.10079717641615,792.266674047904,2017-05-19,14050001,"(43.0, -120.25)"
2017-05-16 14:00:00,-120.75,-120.65352873525313,43.0,42.90087321857924,790.9394269844856,2017-05-19,14050001,"(43.0, -120.75)"
2017-05-16 13:00:00,-121.0,-120.9826476249187,42.75,42.72369362506402,771.542336173037,2017-05-19,14050001,"(42.75, -121.0)"
2017-05-16 12:00:00,-121.25,-121.34174212519726,42.5,42.583164362856486,763.7720015256454,2017-05-19,14050001,"(42.5, -121.25)"
2017-05-16 11:00:00,-121.75,-121.77013533683913,42.5,42.54630374680912,785.8945163276438,2017-05-19,14050001,"(42.5, -121.75)"
2017-05-16 10:00:00,-122.25,-122.18701611624527,42.5,42.53168753645386,763.6625721686039,2017-05-19,14050001,"(42.5, -122.25)"
2017-05-16 09:00:00,-122.5,-122.61831110129143,42.5,42.51905750955118,754.3701822709796,2017-05-19,14050001,"(42.5, -122.5)"
2017-05-16 08:00:00,-123.0,-123.00267061529843,42.5,42.47361565980472,787.3530384530687,2017-05-19,14050001,"(42.5, -123.0)"
2017-05-16 07:00:00,-123.25,-123.30694368022765,42.5,42.41263309693809,823.2641603072999,2017-05-19,14050001,"(42.5, -123.25)"
2017-05-16 06:00:00,-123.5,-123.55035850586967,42.25,42.3356397611568,837.0719815474852,2017-05-19,14050001,"(42.25, -123.5)"
2017-05-16 05:00:00,-123.75,-123.76863133912805,42.25,42.250776460966215,834.9320664711878,2017-05-19,14050001,"(42.25, -123.75)"
2017-05-16 04:00:00,-124.0,-123.96362565645556,42.25,42.19638069882056,829.9757514983463,2017-05-19,14050001,"(42.25, -124.0)"
2017-05-16 03:00:00,-124.25,-124.15036588272028,42.25,42.1909674258525,824.7208855342394,2017-05-19,14050001,"(42.25, -124.25)"
2017-05-16 02:00:00,-124.25,-124.32803151705579,42.25,42.20725774993985,824.739059128159,2017-05-19,14050001,"(42.25, -124.25)"
2017-05-16 01:00:00,-124.5,-124.48309563748042,42.25,42.23374030113948,830.6318462107239,2017-05-19,14050001,"(42.25, -124.5)"
2017-09-30 06:00:00,-120.0,-120.10672422759043,42.75,42.8321537953793,688.5396480306007,2017-10-02,14050001,"(42.75, -120.0)"
2017-09-30 05:00:00,-120.25,-120.3284014513605,42.75,42.72967538435992,689.1233784058821,2017-10-02,14050001,"(42.75, -120.25)"
2017-09-30 04:00:00,-120.5,-120.50954231517426,42.75,42.63999707447784,689.6327025609467,2017-10-02,14050001,"(42.75, -120.5)"
2017-09-30 03:00:00,-120.75,-120.68144265543803,42.5,42.58151654279074,695.104389790141,2017-10-02,14050001,"(42.5, -120.75)"
2017-09-30 02:00:00,-120.75,-120.86023133529125,42.5,42.54051276121684,702.4176544719502,2017-10-02,14050001,"(42.5, -120.75)"
2017-09-30 01:00:00,-121.0,-121.04036621337961,42.5,42.50118125009726,702.6278399253125,2017-10-02,14050001,"(42.5, -121.0)"
2017-09-30 00:00:00,-121.25,-121.21490412059711,42.5,42.47105842807025,688.4742785924033,2017-10-02,14050001,"(42.5, -121.25)"
2017-09-29 23:00:00,-121.5,-121.43956446096627,42.5,42.442751353991376,683.0893363038814,2017-10-02,14050001,"(42.5, -121.5)"
2017-09-29 22:00:00,-121.75,-121.70741294479761,42.5,42.40959407673629,688.6260926852045,2017-10-02,14050001,"(42.5, -121.75)"
2017-09-29 21:00:00,-122.0,-122.01522300141853,42.5,42.39569947772564,704.8215708307885,2017-10-02,14050001,"(42.5, -122.0)"
2017-09-29 20:00:00,-122.25,-122.26902515679451,42.25,42.34163512330344,696.4171744345934,2017-10-02,14050001,"(42.25, -122.25)"
2017-09-29 19:00:00,-122.5,-122.54717225939658,42.25,42.268792677154565,692.1926852922586,2017-10-02,14050001,"(42.25, -122.5)"
2017-09-29 18:00:00,-122.75,-122.84748132378685,42.25,42.16056383352225,703.7754718098328,2017-10-02,14050001,"(42.25, -122.75)"
2017-09-29 17:00:00,-123.25,-123.13215702416103,42.0,42.007241375542385,719.1841281654564,2017-10-02,14050001,"(42.0, -123.25)"
2017-09-29 16:00:00,-123.25,-123.36808039089483,41.75,41.82849204438666,728.682786456595,2017-10-02,14050001,"(41.75, -123.25)"
2017-09-29 15:00:00,-123.5,-123.58369992698225,41.75,41.62949258647495,736.2425450894871,2017-10-02,14050001,"(41.75, -123.5)"
2017-09-29 14:00:00,-123.75,-123.77460054724425,41.5,41.43288905459998,746.2328609774756,2017-10-02,14050001,"(41.5, -123.75)"
2017-09-29 13:00:00,-124.0,-123.95266274822427,41.25,41.28438803218446,754.5550150922269,2017-10-02,14050001,"(41.25, -124.0)"
2017-09-29 12:00:00,-124.25,-124.13970452892866,41.25,41.125918981765004,763.629673199263,2017-10-02,14050001,"(41.25, -124.25)"
2017-09-29 11:00:00,-124.25,-124.32605822387445,41.0,40.95910339927648,776.6382922645394,2017-10-02,14050001,"(41.0, -124.25)"
2017-09-29 10:00:00,-124.5,-124.52067598125316,40.75,40.782091578250764,789.6736525484054,2017-10-02,14050001,"(40.75, -124.5)"
2017-09-29 09:00:00,-124.75,-124.68139495974066,40.5,40.62083394244419,802.1369977654047,2017-10-02,14050001,"(40.5, -124.75)"
2017-09-29 08:00:00,-124.75,-124.81953552072584,40.5,40.569458850642405,805.7777129910905,2017-10-02,14050001,"(40.5, -124.75)"
2017-09-29 07:00:00,-125.0,-124.96491945184263,40.5,40.52066583858701,806.1048592892055,2017-10-02,14050001,"(40.5, -125.0)"
2017-09-29 06:00:00,-125.0,-125.09576161074968,40.5,40.45671586089766,806.8313070346562,2017-10-02,14050001,"(40.5, -125.0)"
2018-04-06 04:00:00,-120.0,-120.06856559633638,41.0,41.04963126454273,690.331376724103,2018-04-08,14050001,"(41.0, -120.0)"
2018-04-06 03:00:00,-120.5,-120.61065658450507,41.0,40.922346500644906,680.330265107626,2018-04-08,14050001,"(41.0, -120.5)"
2018-04-06 02:00:00,-121.25,-121.15181086873619,40.75,40.76102615766651,696.1161498099472,2018-04-08,14050001,"(40.75, -121.25)"
2018-04-06 01:00:00,-121.75,-121.64874342649912,40.5,40.53237539319422,692.298927886707,2018-04-08,14050001,"(40.5, -121.75)"
2018-04-06 00:00:00,-122.0,-122.1019046303872,40.25,40.30806714143066,691.6324966600832,2018-04-08,14050001,"(40.25, -122.0)"
2018-04-05 23:00:00,-122.5,-122.54874179901235,40.25,40.157383287462196,700.9614636809046,2018-04-08,14050001,"(40.25, -122.5)"
2018-04-05 22:00:00,-123.0,-123.01595636040176,40.0,40.011361849313346,720.1653578378451,2018-04-08,14050001,"(40.0, -123.0)"
2018-04-05 21:00:00,-123.5,-123.54467236592359,39.75,39.80996473366301,717.319677665049,2018-04-08,14050001,"(39.75, -123.5)"
2018-04-05 20:00:00,-124.0,-123.95609016760355,39.75,39.72851279885089,729.8765638506292,2018-04-08,14050001,"(39.75, -124.0)"
2018-04-05 19:00:00,-124.25,-124.36713760721307,39.75,39.65798449941693,736.1014878674263,2018-04-08,14050001,"(39.75, -124.25)"
2018-04-05 18:00:00,-124.75,-124.80915150236986,39.5,39.582119706362235,737.8149780163398,2018-04-08,14050001,"(39.5, -124.75)"
2018-04-07 19:00:00,-120.0,-119.8762011743013,42.25,42.144671431450185,760.3148582732308,2018-04-09,14050001,"(42.25, -120.0)"
2018-04-07 18:00:00,-120.25,-120.29287804524076,41.75,41.85695544475698,745.7070563681201,2018-04-09,14050001,"(41.75, -120.25)"
2018-04-07 17:00:00,-120.75,-120.78455324063808,41.5,41.51393240031714,759.0593759002824,2018-04-09,14050001,"(41.5, -120.75)"
2018-04-07 16:00:00,-121.25,-121.31583268789245,41.0,41.11808913565382,758.4567715256541,2018-04-09,14050001,"(41.0, -121.25)"
2018-04-07 15:00:00,-121.75,-121.80804015628695,40.75,40.71927812439023,749.533262666772,2018-04-09,14050001,"(40.75, -121.75)"
2018-04-07 14:00:00,-122.25,-122.26720236478941,40.25,40.36846906269501,782.6983665764484,2018-04-09,14050001,"(40.25, -122.25)"
2018-04-07 13:00:00,-122.75,-122.7090397659422,40.25,40.16266823700093,850.0956682659519,2018-04-09,14050001,"(40.25, -122.75)"
2018-04-07 12:00:00,-123.0,-123.04733662157466,40.0,40.03166081415786,804.7734478920281,2018-04-09,14050001,"(40.0, -123.0)"
2018-04-07 11:00:00,-123.5,-123.49363455731798,39.75,39.812337254634855,808.6568263775329,2018-04-09,14050001,"(39.75, -123.5)"
2018-04-07 10:00:00,-123.75,-123.87016395817926,39.5,39.52884583437222,853.281148505587,2018-04-09,14050001,"(39.5, -123.75)"
2018-04-07 09:00:00,-124.25,-124.32685201859452,39.25,39.29860614531667,896.8080353490735,2018-04-09,14050001,"(39.25, -124.25)"
2018-04-07 08:00:00,-124.75,-124.73533052506596,39.0,39.071994783226444,911.1929364799088,2018-04-09,14050001,"(39.0, -124.75)"
2019-12-13 05:00:00,-120.0,-120.10269825590402,40.25,40.27842693852221,674.5820171369925,2019-12-15,14050001,"(40.25, -120.0)"
2019-12-13 04:00:00,-120.75,-120.69978614951171,40.5,40.54769357834736,657.930921363486,2019-12-15,14050001,"(40.5, -120.75)"
2019-12-13 03:00:00,-121.5,-121.38843525419487,40.75,40.858137873772975,642.4604177363491,2019-12-15,14050001,"(40.75, -121.5)"
2019-12-13 02:00:00,-122.25,-122.1951332349139,41.25,41.13366755599144,648.992119934178,2019-12-15,14050001,"(41.25, -122.25)"
2019-12-13 01:00:00,-123.0,-123.01307920824486,41.5,41.39109254332078,628.6299506353521,2019-12-15,14050001,"(41.5, -123.0)"
2019-12-13 00:00:00,-124.0,-123.91575115261881,41.5,41.560261977927084,613.2249613382528,2019-12-15,14050001,"(41.5, -124.0)"
2019-12-12 23:00:00,-125.0,-124.88140926253057,41.75,41.67123351643476,602.6652755745315,2019-12-15,14050001,"(41.75, -125.0)"
2019-12-31 10:00:00,-120.0,-119.9960303194963,45.5,45.591279077508545,757.1832944578194,2020-01-02,14050001,"(45.5, -120.0)"
2019-12-31 09:00:00,-120.5,-120.39604163409253,45.75,45.81894368272146,768.5879715550265,2020-01-02,14050001,"(45.75, -120.5)"
2019-12-31 08:00:00,-120.75,-120.81589448983311,46.0,45.97861728372871,749.5906294929052,2020-01-02,14050001,"(46.0, -120.75)"
2019-12-31 07:00:00,-121.25,-121.23806617693292,46.25,46.17192724100346,732.4264961598778,2020-01-02,14050001,"(46.25, -121.25)"
2019-12-31 06:00:00,-121.75,-121.69267423890884,46.5,46.40233816814414,690.1412628971774,2020-01-02,14050001,"(46.5, -121.75)"
2019-12-31 05:00:00,-122.25,-122.23546149455878,46.75,46.705999290201994,697.4054264669439,2020-01-02,14050001,"(46.75, -122.25)"
2019-12-31 04:00:00,-122.75,-122.79357757242893,47.0,46.91601918215253,694.9705458132622,2020-01-02,14050001,"(47.0, -122.75)"
2019-12-31 03:00:00,-123.25,-123.35492440984207,47.0,47.08089193018172,697.6736815955254,2020-01-02,14050001,"(47.0, -123.25)"
2019-12-31 02:00:00,-124.0,-123.95084300908746,47.25,47.213592756445166,690.5033655748148,2020-01-02,14050001,"(47.25, -124.0)"
2019-12-31 01:00:00,-124.5,-124.58464789012352,47.25,47.33373872973855,704.1487921443241,2020-01-02,14050001,"(47.25, -124.5)"
2020-02-06 11:00:00,-120.0,-119.98152530981628,42.5,42.54293462544305,811.8018897999451,2020-02-08,14050001,"(42.5, -120.0)"
2020-02-06 10:00:00,-120.25,-120.25163317251732,42.5,42.60541830230447,817.8783542224111,2020-02-08,14050001,"(42.5, -120.25)"
2020-02-06 09:00:00,-120.5,-120.50011394192366,42.75,42.648513628422336,815.3252972991667,2020-02-08,14050001,"(42.75, -120.5)"
2020-02-06 08:00:00,-120.75,-120.78088006640145,42.75,42.711474670632605,805.168111651494,2020-02-08,14050001,"(42.75, -120.75)"
2020-02-06 07:00:00,-121.0,-121.09661476593784,42.75,42.791127684059504,794.0186980139954,2020-02-08,14050001,"(42.75, -121.0)"
2020-02-06 06:00:00,-121.5,-121.45289649964927,43.0,42.93088413511182,791.1048654774398,2020-02-08,14050001,"(43.0, -121.5)"
2020-02-06 05:00:00,-121.75,-121.80428832723997,43.0,43.12209411385374,780.9125288163862,2020-02-08,14050001,"(43.0, -121.75)"
2020-02-06 04:00:00,-122.25,-122.16322675655502,43.25,43.35780583451623,761.1066809653113,2020-02-08,14050001,"(43.25, -122.25)"
2020-02-06 03:00:00,-122.5,-122.5859245093353,43.75,43.74454278090016,769.973753676279,2020-02-08,14050001,"(43.75, -122.5)"
2020-02-06 02:00:00,-123.0,-123.02865921266594,44.25,44.2042949565154,809.8412560782535,2020-02-08,14050001,"(44.25, -123.0)"
2020-02-06 01:00:00,-123.5,-123.41616916250356,44.5,44.579292871455046,837.3447170185977,2020-02-08,14050001,"(44.5, -123.5)"
2020-02-06 00:00:00,-123.75,-123.80520038438247,45.0,44.88761767594362,833.1109135371527,2020-02-08,14050001,"(45.0, -123.75)"
2020-02-05 23:00:00,-124.25,-124.27695308762075,45.25,45.2147387358721,839.733213698692,2020-02-08,14050001,"(45.25, -124.25)"
2020-02-05 22:00:00,-124.75,-124.73657562685115,45.5,45.54581160503185,867.587286240591,2020-02-08,14050001,"(45.5, -124.75)"
2021-10-25 04:00:00,-120.25,-120.30551266499612,39.75,39.84533454429099,679.4793574485841,2021-10-27,14050001,"(39.75, -120.25)"
2021-10-25 03:00:00,-121.0,-120.87678020847619,39.25,39.33051167047834,682.6335592392561,2021-10-27,14050001,"(39.25, -121.0)"
2022-01-04 13:00:00,-120.25,-120.15573443967071,40.5,40.533462316944956,693.1843707808674,2022-01-06,14050001,"(40.5, -120.25)"
2022-01-04 12:00:00,-121.0,-120.99132773374973,40.5,40.61377209549518,666.0365641490345,2022-01-06,14050001,"(40.5, -121.0)"
2022-01-04 11:00:00,-122.0,-121.881407688347,40.75,40.652745012644964,646.8269583235101,2022-01-06,14050001,"(40.75, -122.0)"
2022-01-04 10:00:00,-122.75,-122.79100094377982,40.75,40.74428680169737,663.9663319222464,2022-01-06,14050001,"(40.75, -122.75)"
2022-01-04 09:00:00,-123.5,-123.62255897180522,40.75,40.84511990367993,635.8744528214147,2022-01-06,14050001,"(40.75, -123.5)"
2022-01-04 08:00:00,-124.5,-124.56382709899498,41.0,40.91229208481228,638.8463148356711,2022-01-06,14050001,"(41.0, -124.5)"
2022-12-25 10:00:00,-120.0,-119.95218769887201,45.0,44.94866046737062,568.825610583146,2022-12-28,14050001,"(45.0, -120.0)"
2022-12-25 09:00:00,-120.75,-120.80254010407991,45.0,45.10384648419681,572.1230219135127,2022-12-28,14050001,"(45.0, -120.75)"
2022-12-25 08:00:00,-121.75,-121.66268163555272,45.25,45.14068210268553,587.2257696492278,2022-12-28,14050001,"(45.25, -121.75)"
2022-12-25 07:00:00,-122.5,-122.50381103409245,45.0,45.08458316899997,559.179447010133,2022-12-28,14050001,"(45.0, -122.5)"
2022-12-25 06:00:00,-123.25,-123.34069120180139,45.0,44.97728530769769,540.3458844668203,2022-12-28,14050001,"(45.0, -123.25)"
2022-12-25 05:00:00,-124.25,-124.18609802065819,44.75,44.83000284556984,546.6463498801951,2022-12-28,14050001,"(44.75, -124.25)"
2022-12-25 04:00:00,-125.0,-125.00868002109696,44.75,44.63695634060553,539.7402950442221,2022-12-28,14050001,"(44.75, -125.0)"
2023-12-02 21:00:00,-120.0,-119.98127264999745,40.25,40.278130586921314,752.042880715143,2023-12-04,14050001,"(40.25, -120.0)"
2023-12-02 20:00:00,-120.5,-120.58087943346226,40.25,40.13239494186088,730.2306447172102,2023-12-04,14050001,"(40.25, -120.5)"
2023-12-02 19:00:00,-121.25,-121.2289216304314,40.0,39.96486053292762,708.1853915295789,2023-12-04,14050001,"(40.0, -121.25)"
2023-12-02 18:00:00,-121.75,-121.7893014937597,40.0,39.89019492207152,708.4284419614523,2023-12-04,14050001,"(40.0, -121.75)"
2023-12-02 17:00:00,-122.25,-122.26658304354996,40.0,39.95803410230391,731.8589138308656,2023-12-04,14050001,"(40.0, -122.25)"
2023-12-02 16:00:00,-122.75,-122.71589954653923,40.0,40.01516227145663,760.5503349854018,2023-12-04,14050001,"(40.0, -122.75)"
2023-12-02 15:00:00,-123.25,-123.1700433093677,40.0,40.03189347828201,724.6949029542799,2023-12-04,14050001,"(40.0, -123.25)"
2023-12-02 14:00:00,-123.75,-123.68004191604665,40.25,40.16276386301392,730.1706384908603,2023-12-04,14050001,"(40.25, -123.75)"
2023-12-02 13:00:00,-124.25,-124.16291085071926,40.25,40.282208543538076,736.9680751930774,2023-12-04,14050001,"(40.25, -124.25)"
2023-12-02 12:00:00,-124.75,-124.64193951761843,40.5,40.381733630766476,749.643860536966,2023-12-04,14050001,"(40.5, -124.75)"
2008-12-20 01:00:00,-123.25,-123.23702731468929,39.25,39.24668548157843,673.9699349897325,2008-12-23,13020102,"(39.25, -123.25)"
2013-04-28 13:00:00,-120.0,-120.07904060478398,43.5,43.56651878693352,725.6049981780661,2013-05-01,10190005,"(43.5, -120.0)"
2013-04-28 12:00:00,-120.5,-120.49365380616007,43.75,43.6954670077427,728.8247782045063,2013-05-01,10190005,"(43.75, -120.5)"
2013-04-28 11:00:00,-121.0,-120.89363029861151,43.75,43.82136939649739,729.9418568253637,2013-05-01,10190005,"(43.75, -121.0)"
2013-04-28 10:00:00,-121.25,-121.29749492237211,44.0,43.95080174030465,727.0727743315131,2013-05-01,10190005,"(44.0, -121.25)"
2013-04-28 09:00:00,-121.75,-121.7441063886972,44.0,44.07860738294971,725.8103531884268,2013-05-01,10190005,"(44.0, -121.75)"
2013-04-28 08:00:00,-122.25,-122.22878413406349,44.25,44.17189629878353,700.8574995620955,2013-05-01,10190005,"(44.25, -122.25)"
2013-04-28 07:00:00,-122.75,-122.77568917361161,44.25,44.290106211410034,700.4101777488527,2013-05-01,10190005,"(44.25, -122.75)"
2013-04-28 06:00:00,-123.25,-123.2896920980217,44.5,44.41405688828405,695.3998514946519,2013-05-01,10190005,"(44.5, -123.25)"
2013-04-28 05:00:00,-123.75,-123.78627840856264,44.5,44.53136517571994,690.4840833797657,2013-05-01,10190005,"(44.5, -123.75)"
2013-04-28 04:00:00,-124.25,-124.28340955540085,44.75,44.638316327322094,695.2898539464735,2013-05-01,10190005,"(44.75, -124.25)"
2013-04-28 03:00:00,-124.75,-124.79915345517374,44.75,44.7376043980635,697.4280997717034,2013-05-01,10190005,"(44.75, -124.75)"
2001-04-30 14:00:00,-120.0,-120.04276683415002,46.5,46.52811274741645,825.2486917671251,2001-05-03,10190017,"(46.5, -120.0)"
2001-04-30 13:00:00,-120.5,-120.5147357854777,46.25,46.3277971063327,817.080488889056,2001-05-03,10190017,"(46.25, -120.5)"
2001-04-30 12:00:00,-121.25,-121.13722892415379,46.0,46.11718664271994,803.8654398322401,2001-05-03,10190017,"(46.0, -121.25)"
2001-04-30 11:00:00,-121.75,-121.77660425016533,45.75,45.861898497451385,780.7814520646026,2001-05-03,10190017,"(45.75, -121.75)"
2001-04-30 10:00:00,-122.5,-122.38802842370414,45.5,45.53598804741148,773.3697898554893,2001-05-03,10190017,"(45.5, -122.5)"
2001-04-30 09:00:00,-123.0,-122.93952267439167,45.25,45.185132501986196,803.7505195252769,2001-05-03,10190017,"(45.25, -123.0)"
2001-04-30 08:00:00,-123.5,-123.44510985242603,44.75,44.81155946548774,826.0751563000151,2001-05-03,10190017,"(44.75, -123.5)"
2001-04-30 07:00:00,-124.0,-123.91706647869471,44.5,44.41490226444091,819.1579928491647,2001-05-03,10190017,"(44.5, -124.0)"
2001-04-30 06:00:00,-124.25,-124.35929046586085,44.0,44.068880500942846,831.7559100354736,2001-05-03,10190017,"(44.0, -124.25)"
2001-04-30 05:00:00,-124.75,-124.74549817151909,43.75,43.73783228181845,846.921991648043,2001-05-03,10190017,"(43.75, -124.75)"
2001-04-30 04:00:00,-125.0,-125.10446197291404,43.5,43.42137441586886,850.5971418719414,2001-05-03,10190017,"(43.5, -125.0)"
2013-04-06 10:00:00,-120.25,-120.14201726058627,40.75,40.6263965854401,711.2631897000874,2013-04-09,10190017,"(40.75, -120.25)"
2013-04-06 09:00:00,-120.5,-120.59786117535992,40.75,40.63478390909978,713.8332405753958,2013-04-09,10190017,"(40.75, -120.5)"
2013-04-06 08:00:00,-121.0,-121.02577081587364,40.5,40.55581193424589,704.7782216205011,2013-04-09,10190017,"(40.5, -121.0)"
2013-04-06 07:00:00,-121.5,-121.47431566737465,40.5,40.44898032875646,690.0310489843063,2013-04-09,10190017,"(40.5, -121.5)"
2013-04-06 06:00:00,-122.0,-121.89368706738567,40.25,40.34008572645675,683.3803384042535,2013-04-09,10190017,"(40.25, -122.0)"
2013-04-06 05:00:00,-122.25,-122.29395225879686,40.25,40.31166613966573,682.5489897355615,2013-04-09,10190017,"(40.25, -122.25)"
2013-04-06 04:00:00,-122.75,-122.7212803389803,40.25,40.32844020042303,683.9035939826933,2013-04-09,10190017,"(40.25, -122.75)"
2013-04-06 03:00:00,-123.25,-123.17495170213274,40.25,40.34064501717683,688.536427309588,2013-04-09,10190017,"(40.25, -123.25)"
2013-04-06 02:00:00,-123.75,-123.69490834088283,40.25,40.30315217358298,673.2907746392655,2013-04-09,10190017,"(40.25, -123.75)"
2013-04-06 01:00:00,-124.25,-124.24806310832541,40.25,40.26507188397796,672.7741419496194,2013-04-09,10190017,"(40.25, -124.25)"
2007-12-04 14:00:00,-121.25,-121.34445013574691,39.0,38.88395008519128,651.161934629777,2007-12-07,14030004,"(39.0, -121.25)"
2021-10-25 07:00:00,-120.25,-120.28585650118124,41.0,40.93114033205702,655.8617251948201,2021-10-27,14030004,"(41.0, -120.25)"
2021-10-25 06:00:00,-120.75,-120.78984317969456,40.25,40.36238313155127,644.8596342996307,2021-10-27,14030004,"(40.25, -120.75)"
2021-10-25 05:00:00,-121.25,-121.35601625025157,39.75,39.74920919714386,616.1860105325384,2021-10-27,14030004,"(39.75, -121.25)"
2021-10-25 04:00:00,-122.0,-122.00945382279635,39.0,39.05525712522291,642.6032735587657,2021-10-27,14030004,"(39.0, -122.0)"
2001-10-08 12:00:00,-120.0,-119.9129834019499,42.5,42.57544522181333,689.2967065513473,2001-10-10,14050003,"(42.5, -120.0)"
2001-10-08 11:00:00,-120.25,-120.31666933691335,42.5,42.6150658393391,697.0471081938679,2001-10-10,14050003,"(42.5, -120.25)"
2001-10-08 10:00:00,-120.75,-120.71185025639565,42.5,42.61369228605986,703.659409712931,2001-10-10,14050003,"(42.5, -120.75)"
2001-10-08 09:00:00,-121.0,-121.07196943250536,42.5,42.597923358253,708.1975695128795,2001-10-10,14050003,"(42.5, -121.0)"
2001-10-08 08:00:00,-121.5,-121.41913029978117,42.5,42.558305706358254,716.2738832218248,2001-10-10,14050003,"(42.5, -121.5)"
2001-10-08 07:00:00,-121.75,-121.73828235109488,42.5,42.51057431286434,728.0375187630486,2001-10-10,14050003,"(42.5, -121.75)"
2001-10-08 06:00:00,-122.0,-122.04754513246894,42.5,42.47514379291003,725.2417725232697,2001-10-10,14050003,"(42.5, -122.0)"
2001-10-08 05:00:00,-122.25,-122.35915918483154,42.5,42.45289425393621,714.858228067414,2001-10-10,14050003,"(42.5, -122.25)"
2001-10-08 04:00:00,-122.75,-122.65291660036554,42.5,42.43298856274326,712.3706332313529,2001-10-10,14050003,"(42.5, -122.75)"
2001-10-08 03:00:00,-123.0,-122.93230441968244,42.5,42.44041611807273,714.9660073029461,2001-10-10,14050003,"(42.5, -123.0)"
2001-10-08 02:00:00,-123.25,-123.20457653791979,42.5,42.48085106647865,720.6530456299058,2001-10-10,14050003,"(42.5, -123.25)"
2001-10-08 01:00:00,-123.5,-123.4713838679735,42.5,42.52313293924781,731.5618340652642,2001-10-10,14050003,"(42.5, -123.5)"
2001-10-08 00:00:00,-123.75,-123.74055960039597,42.5,42.56354181943869,740.0490192231296,2001-10-10,14050003,"(42.5, -123.75)"
2001-10-07 23:00:00,-124.0,-124.0395550038268,42.5,42.59449050068456,744.5741432752372,2001-10-10,14050003,"(42.5, -124.0)"
2001-10-07 22:00:00,-124.5,-124.37787048579092,42.75,42.63490560903343,739.7113647367454,2001-10-10,14050003,"(42.75, -124.5)"
2001-10-07 21:00:00,-124.75,-124.75994008655523,42.75,42.706608718935506,739.2629073999146,2001-10-10,14050003,"(42.75, -124.75)"
2002-03-11 19:00:00,-121.0,-120.88661571919116,39.0,38.895976975158554,702.0981758958845,2002-03-14,14050003,"(39.0, -121.0)"
2002-03-11 18:00:00,-121.0,-121.09688492664466,39.0,39.03579856625296,699.2131436070218,2002-03-14,14050003,"(39.0, -121.0)"
2002-03-11 17:00:00,-121.25,-121.32072165173642,39.25,39.177080505808846,695.808645536386,2002-03-14,14050003,"(39.25, -121.25)"
2002-03-11 16:00:00,-121.5,-121.55697006091692,39.25,39.31823046209962,692.1819833377657,2002-03-14,14050003,"(39.25, -121.5)"
2002-03-11 15:00:00,-121.75,-121.80620899552245,39.5,39.46143381820195,688.4470109898915,2002-03-14,14050003,"(39.5, -121.75)"
2002-03-11 14:00:00,-122.0,-122.06896814223519,39.5,39.60863590754897,680.7230700907695,2002-03-14,14050003,"(39.5, -122.0)"
2002-03-11 13:00:00,-122.25,-122.34263548839046,39.75,39.77200056256456,676.8201737251716,2002-03-14,14050003,"(39.75, -122.25)"
2002-03-11 12:00:00,-122.75,-122.63296873837933,40.0,39.96352227105418,676.9394777122257,2002-03-14,14050003,"(40.0, -122.75)"
2002-03-11 11:00:00,-123.0,-122.99866756890141,40.25,40.18062394676808,665.670674222135,2002-03-14,14050003,"(40.25, -123.0)"
2002-03-11 10:00:00,-123.5,-123.43706196107496,40.5,40.414390197844,662.5247941633799,2002-03-14,14050003,"(40.5, -123.5)"
2002-03-11 09:00:00,-124.0,-123.9092862358622,40.75,40.663210675614785,658.1862826285495,2002-03-14,14050003,"(40.75, -124.0)"
2002-03-11 08:00:00,-124.5,-124.41443695506786,40.75,40.83936943758929,657.8376211671375,2002-03-14,14050003,"(40.75, -124.5)"
2002-03-11 07:00:00,-125.0,-124.94785555725534,41.0,40.946424702226665,658.2462029795689,2002-03-14,14050003,"(41.0, -125.0)"
2004-11-24 13:00:00,-120.25,-120.21458125860045,44.75,44.82381076878273,695.2777522122024,2004-11-26,14050003,"(44.75, -120.25)"
2004-11-24 12:00:00,-120.75,-120.69555583230998,45.0,45.10939915001097,698.4388321730574,2004-11-26,14050003,"(45.0, -120.75)"
2004-11-24 11:00:00,-121.25,-121.25361656694712,45.25,45.3596982231425,693.1126537712331,2004-11-26,14050003,"(45.25, -121.25)"
2004-11-24 10:00:00,-122.0,-121.90144984007085,45.5,45.61756354265034,672.023236796939,2004-11-26,14050003,"(45.5, -122.0)"
2004-11-24 09:00:00,-122.5,-122.576721497741,45.75,45.860102717055604,684.3748648477467,2004-11-26,14050003,"(45.75, -122.5)"
2004-11-24 08:00:00,-123.0,-123.11752489648669,46.0,46.084677456114214,694.4957008936642,2004-11-26,14050003,"(46.0, -123.0)"
2004-11-24 07:00:00,-123.75,-123.67154189077564,46.25,46.26391908802258,687.64955407304,2004-11-26,14050003,"(46.25, -123.75)"
2004-11-24 06:00:00,-124.25,-124.23068385027912,46.5,46.42231869398762,693.5249903439684,2004-11-26,14050003,"(46.5, -124.25)"
2004-11-24 05:00:00,-124.75,-124.7621168655468,46.5,46.56902365465536,699.7897103924222,2004-11-26,14050003,"(46.5, -124.75)"
2004-11-25 23:00:00,-120.25,-120.18479132538837,45.75,45.74290544465044,654.891165172387,2004-11-28,14050003,"(45.75, -120.25)"
2004-11-25 22:00:00,-120.75,-120.70266774013778,46.0,45.95351219797634,679.8389678682986,2004-11-28,14050003,"(46.0, -120.75)"
2004-11-25 21:00:00,-121.25,-121.29241137463116,46.25,46.17012248980114,693.7336488752626,2004-11-28,14050003,"(46.25, -121.25)"
2004-11-25 20:00:00,-122.0,-121.97812492287883,46.25,46.33814636882699,642.1590689741421,2004-11-28,14050003,"(46.25, -122.0)"
2004-11-25 19:00:00,-122.5,-122.55989499560614,46.5,46.48472768769616,609.5431791518349,2004-11-28,14050003,"(46.5, -122.5)"
2004-11-25 18:00:00,-123.0,-123.09169546194197,46.75,46.6397158033043,595.0667993730849,2004-11-28,14050003,"(46.75, -123.0)"
2004-11-25 17:00:00,-123.5,-123.60634148989331,46.75,46.81258035208385,614.2321436548846,2004-11-28,14050003,"(46.75, -123.5)"
2004-11-25 16:00:00,-124.25,-124.12705199694891,47.0,46.99230393079302,627.5366389163448,2004-11-28,14050003,"(47.0, -124.25)"
2004-11-25 15:00:00,-124.75,-124.67516671780415,47.25,47.16619905499672,624.2976534565007,2004-11-28,14050003,"(47.25, -124.75)"
2007-01-04 05:00:00,-120.0,-119.92304332979516,41.5,41.52359288102324,763.4570144342417,2007-01-05,14050003,"(41.5, -120.0)"
2007-01-04 04:00:00,-120.5,-120.42944608731575,41.25,41.368386197600145,778.2389788673266,2007-01-05,14050003,"(41.25, -120.5)"
2007-01-04 03:00:00,-121.0,-120.87737735292902,41.25,41.15115033830133,820.7415883203105,2007-01-05,14050003,"(41.25, -121.0)"
2007-01-04 02:00:00,-121.25,-121.16046613682165,41.0,40.91887339671749,834.0784654638545,2007-01-05,14050003,"(41.0, -121.25)"
2007-01-04 01:00:00,-121.25,-121.35717054611929,40.75,40.71123276086432,828.1818664794502,2007-01-05,14050003,"(40.75, -121.25)"
2007-01-04 00:00:00,-121.5,-121.5083530653834,40.5,40.48865646804038,823.6829641524918,2007-01-05,14050003,"(40.5, -121.5)"
2007-01-03 23:00:00,-121.5,-121.57448630083663,40.25,40.190725471721066,865.6922443892521,2007-01-05,14050003,"(40.25, -121.5)"
2007-01-03 22:00:00,-121.5,-121.59141615733942,40.0,39.97449161597454,901.428346986482,2007-01-05,14050003,"(40.0, -121.5)"
2007-01-03 21:00:00,-121.5,-121.55392136930404,39.75,39.737155711727766,926.276931486774,2007-01-05,14050003,"(39.75, -121.5)"
2007-01-03 20:00:00,-121.5,-121.48619204493698,39.5,39.49063613475698,950.8428094071104,2007-01-05,14050003,"(39.5, -121.5)"
2007-01-03 19:00:00,-121.5,-121.43608628333034,39.25,39.27281721725366,966.9434684912308,2007-01-05,14050003,"(39.25, -121.5)"
2007-01-03 18:00:00,-121.5,-121.39707672097713,39.0,39.03036583044468,974.5892378852624,2007-01-05,14050003,"(39.0, -121.5)"
2007-01-02 03:00:00,-123.0,-122.95805343837449,39.0,38.92605264783898,960.9508507440279,2007-01-05,14050003,"(39.0, -123.0)"
2007-01-02 02:00:00,-123.0,-122.96601887844149,39.0,39.03656459817354,951.9439009692175,2007-01-05,14050003,"(39.0, -123.0)"
2007-01-02 01:00:00,-123.0,-122.9737780802773,39.0,39.11281901201446,945.7201994853817,2007-01-05,14050003,"(39.0, -123.0)"
2010-03-30 17:00:00,-120.25,-120.31137243929184,42.0,42.067718891225034,649.8257847634493,2010-04-02,14050003,"(42.0, -120.25)"
2010-03-30 16:00:00,-121.0,-120.9421430638343,41.75,41.84410932225451,648.7097392476976,2010-04-02,14050003,"(41.75, -121.0)"
2010-03-30 15:00:00,-121.5,-121.55945809865014,41.5,41.59715025345702,677.0905227165041,2010-04-02,14050003,"(41.5, -121.5)"
2010-03-30 14:00:00,-122.25,-122.20959307172868,41.25,41.3464863346246,661.5188961499312,2010-04-02,14050003,"(41.25, -122.25)"
2010-03-30 13:00:00,-122.75,-122.83837383244017,41.0,41.04401282932948,693.2378716743696,2010-04-02,14050003,"(41.0, -122.75)"
2010-03-30 12:00:00,-123.5,-123.52772664627867,40.75,40.79877100599888,683.6718799008237,2010-04-02,14050003,"(40.75, -123.5)"
2010-03-30 11:00:00,-124.25,-124.22017839066672,40.5,40.52032661112792,750.608820021722,2010-04-02,14050003,"(40.5, -124.25)"
2010-03-30 10:00:00,-124.75,-124.83988454263557,40.25,40.28326108922064,811.1771476188841,2010-04-02,14050003,"(40.25, -124.75)"
2011-04-17 10:00:00,-120.0,-119.89414121553277,40.25,40.343790234724366,810.0788087589722,2011-04-19,14050003,"(40.25, -120.0)"
2011-04-17 09:00:00,-120.25,-120.1788440071429,40.25,40.28252459143597,805.467162370361,2011-04-19,14050003,"(40.25, -120.25)"
2011-04-17 08:00:00,-120.5,-120.47119178074533,40.25,40.18896334084428,790.4407905253207,2011-04-19,14050003,"(40.25, -120.5)"
2011-04-17 07:00:00,-120.75,-120.78446557800027,40.0,40.09476919891272,775.2870105450226,2011-04-19,14050003,"(40.0, -120.75)"
2011-04-17 06:00:00,-121.0,-121.12223926117466,40.0,39.983139214235656,774.9262268874693,2011-04-19,14050003,"(40.0, -121.0)"
2011-04-17 05:00:00,-121.5,-121.413391516287,40.0,39.899554304756954,788.3244340157172,2011-04-19,14050003,"(40.0, -121.5)"
2011-04-17 04:00:00,-121.75,-121.62793905172802,39.75,39.86627995191789,819.0303524352595,2011-04-19,14050003,"(39.75, -121.75)"
2011-04-17 03:00:00,-121.75,-121.80520613877542,39.75,39.83512754603746,848.8250384807113,2011-04-19,14050003,"(39.75, -121.75)"
2011-04-17 02:00:00,-122.0,-121.9695576484685,39.75,39.804024435900196,861.3684446248636,2011-04-19,14050003,"(39.75, -122.0)"
2011-04-17 01:00:00,-122.0,-122.11716729376938,39.75,39.77090636768991,847.0613532048089,2011-04-19,14050003,"(39.75, -122.0)"
2011-04-17 00:00:00,-122.25,-122.28853868938009,39.75,39.74389490969781,829.613996433526,2011-04-19,14050003,"(39.75, -122.25)"
2011-04-16 23:00:00,-122.5,-122.49424675183214,39.75,39.7282978171424,806.4389024475063,2011-04-19,14050003,"(39.75, -122.5)"
2011-04-16 22:00:00,-122.75,-122.71801347495771,39.75,39.71727525733236,789.3090353123966,2011-04-19,14050003,"(39.75, -122.75)"
2011-04-16 21:00:00,-123.0,-122.88970472460106,39.75,39.704718541332966,801.6588632737871,2011-04-19,14050003,"(39.75, -123.0)"
2011-04-16 20:00:00,-123.0,-123.0473488588739,39.75,39.67920325067105,811.3302878813428,2011-04-19,14050003,"(39.75, -123.0)"
2011-04-16 19:00:00,-123.25,-123.18048851361908,39.75,39.663495042204524,823.081111369014,2011-04-19,14050003,"(39.75, -123.25)"
2011-04-16 18:00:00,-123.25,-123.29275214514904,39.75,39.65460730868514,824.6473345561947,2011-04-19,14050003,"(39.75, -123.25)"
2011-04-16 17:00:00,-123.5,-123.3935366393679,39.75,39.65710465303723,818.9306141056946,2011-04-19,14050003,"(39.75, -123.5)"
2011-04-16 16:00:00,-123.5,-123.51183751788119,39.75,39.67827210958894,812.5347386806492,2011-04-19,14050003,"(39.75, -123.5)"
2011-04-16 15:00:00,-123.75,-123.6463864783425,39.75,39.71317027830105,808.66790715577,2011-04-19,14050003,"(39.75, -123.75)"
2011-04-16 14:00:00,-123.75,-123.79153562610352,39.75,39.747659635075884,807.0749935926467,2011-04-19,14050003,"(39.75, -123.75)"
2011-04-16 13:00:00,-124.0,-123.94550132319152,39.75,39.78823848871218,802.5373767681734,2011-04-19,14050003,"(39.75, -124.0)"
2011-04-16 12:00:00,-124.0,-124.11981559768371,39.75,39.83458543411784,799.1556286322609,2011-04-19,14050003,"(39.75, -124.0)"
2011-04-16 11:00:00,-124.25,-124.32920055384984,40.0,39.87693397136128,797.898497524051,2011-04-19,14050003,"(40.0, -124.25)"
2011-04-16 10:00:00,-124.5,-124.56175489237177,40.0,39.91419844282517,794.8607350974032,2011-04-19,14050003,"(40.0, -124.5)"
2011-04-16 09:00:00,-124.75,-124.80065468903634,40.0,39.937733053339215,798.4067644646168,2011-04-19,14050003,"(40.0, -124.75)"
2011-04-16 08:00:00,-125.0,-125.10572012353158,40.0,39.96171900725182,807.2372359080243,2011-04-19,14050003,"(40.0, -125.0)"
2013-12-02 22:00:00,-120.75,-120.79612237608139,43.25,43.15127229664814,626.4599479786884,2013-12-04,14050003,"(43.25, -120.75)"
2013-12-02 21:00:00,-122.0,-121.91127269185434,43.25,43.26249289008405,635.1365453799548,2013-12-04,14050003,"(43.25, -122.0)"
2013-12-02 20:00:00,-123.0,-122.97943864274966,43.25,43.24607914443707,597.6969334508975,2013-12-04,14050003,"(43.25, -123.0)"
2013-12-02 19:00:00,-124.25,-124.14984094298433,43.5,43.525412181165045,659.9519682962964,2013-12-04,14050003,"(43.5, -124.25)"
2013-12-02 18:00:00,-125.0,-125.11983564770166,43.75,43.80730723635337,680.429176414191,2013-12-04,14050003,"(43.75, -125.0)"
2017-01-11 07:00:00,-120.25,-120.27029109502661,39.0,38.97781038104153,552.4753988985113,2017-01-12,14050003,"(39.0, -120.25)"
2020-02-06 17:00:00,-120.0,-119.95809476596243,45.0,45.040271640439016,887.640249752893,2020-02-08,14050003,"(45.0, -120.0)"
2020-02-06 16:00:00,-120.25,-120.23992299889362,45.0,44.88523459739987,899.7375411392202,2020-02-08,14050003,"(45.0, -120.25)"
2020-02-06 15:00:00,-120.5,-120.50523977049765,44.75,44.702786008736794,895.4670083711928,2020-02-08,14050003,"(44.75, -120.5)"
2020-02-06 14:00:00,-120.75,-120.73447867688041,44.5,44.549595394689746,868.5163013171971,2020-02-08,14050003,"(44.5, -120.75)"
2020-02-06 13:00:00,-121.0,-120.94385551259924,44.5,44.42286808622888,869.1792085783464,2020-02-08,14050003,"(44.5, -121.0)"
2020-02-06 12:00:00,-121.25,-121.20361067825763,44.25,44.336239867597406,893.0060505689069,2020-02-08,14050003,"(44.25, -121.25)"
2020-02-06 11:00:00,-121.5,-121.40774878746078,44.25,44.21587835178783,888.0235170682428,2020-02-08,14050003,"(44.25, -121.5)"
2020-02-06 10:00:00,-121.5,-121.5687739824082,44.0,44.118868696978424,868.2066966827108,2020-02-08,14050003,"(44.0, -121.5)"
2020-02-06 09:00:00,-121.75,-121.70873991491378,44.0,44.03971895824463,840.6180917182668,2020-02-08,14050003,"(44.0, -121.75)"
2020-02-06 08:00:00,-122.0,-121.92001446194992,44.0,43.969374798372606,816.9744753406384,2020-02-08,14050003,"(44.0, -122.0)"
2020-02-06 07:00:00,-122.25,-122.31433452649432,44.0,43.93933130497697,838.3285630751851,2020-02-08,14050003,"(44.0, -122.25)"
2020-02-06 06:00:00,-122.75,-122.6929803507786,44.0,43.92060273156543,891.3020490823999,2020-02-08,14050003,"(44.0, -122.75)"
2020-02-06 05:00:00,-123.0,-122.98050293928623,43.75,43.82975398120716,926.8294585749292,2020-02-08,14050003,"(43.75, -123.0)"
2020-02-06 04:00:00,-123.25,-123.21776251694202,43.75,43.69964434209495,951.4869016866221,2020-02-08,14050003,"(43.75, -123.25)"
2020-02-06 03:00:00,-123.5,-123.40827145971494,43.5,43.56733290169199,959.770925045754,2020-02-08,14050003,"(43.5, -123.5)"
2020-02-06 02:00:00,-123.5,-123.59262800924076,43.5,43.46372976062689,969.7471147969444,2020-02-08,14050003,"(43.5, -123.5)"
2020-02-06 01:00:00,-123.75,-123.73486030533925,43.25,43.36813923634858,975.5903677883828,2020-02-08,14050003,"(43.25, -123.75)"
2020-02-06 00:00:00,-123.75,-123.8424232376556,43.25,43.309745609746365,981.0452204829106,2020-02-08,14050003,"(43.25, -123.75)"
2020-02-05 23:00:00,-124.0,-123.95651849255725,43.25,43.26787499025268,992.4960462231818,2020-02-08,14050003,"(43.25, -124.0)"
2020-02-05 22:00:00,-124.0,-124.05737556807242,43.25,43.22339280431533,1000.0,2020-02-08,14050003,"(43.25, -124.0)"
2022-12-25 11:00:00,-120.75,-120.63562150135746,48.25,48.24119688657219,638.6204749355599,2022-12-28,14050003,"(48.25, -120.75)"
2022-12-25 10:00:00,-121.5,-121.45380330114585,48.25,48.349188450391146,587.5781114145567,2022-12-28,14050003,"(48.25, -121.5)"
2022-12-25 09:00:00,-122.25,-122.33120286429182,48.5,48.45293264073991,582.239027386848,2022-12-28,14050003,"(48.5, -122.25)"
2022-12-25 08:00:00,-123.25,-123.25905248454119,48.5,48.51267538983812,593.4367319355173,2022-12-28,14050003,"(48.5, -123.25)"
2022-12-25 07:00:00,-124.25,-124.18544470191378,48.5,48.58993332932858,625.8967767528186,2022-12-28,14050003,"(48.5, -124.25)"
2022-12-25 06:00:00,-125.0,-125.10193409689127,48.75,48.68084421300906,617.7918888939266,2022-12-28,14050003,"(48.75, -125.0)"
2022-12-31 07:00:00,-120.0,-119.91467850848022,43.75,43.846680648172104,546.3104238745793,2023-01-01,14050003,"(43.75, -120.0)"
2022-12-31 06:00:00,-120.75,-120.79890483317166,43.75,43.740180131610515,543.6393792520398,2023-01-01,14050003,"(43.75, -120.75)"
2022-12-31 05:00:00,-121.75,-121.64278886605372,43.5,43.59559779253483,543.3936547104954,2023-01-01,14050003,"(43.5, -121.75)"
2022-12-31 04:00:00,-122.5,-122.47438520466844,43.5,43.42978694797267,535.3830167571302,2023-01-01,14050003,"(43.5, -122.5)"
2022-12-31 03:00:00,-123.25,-123.31408606435163,43.25,43.220316442723146,561.8774338826555,2023-01-01,14050003,"(43.25, -123.25)"
2022-12-31 02:00:00,-124.25,-124.15959984293663,43.0,43.00231268805517,578.6099600723041,2023-01-01,14050003,"(43.0, -124.25)"
2022-12-31 01:00:00,-125.0,-124.98717863048181,42.75,42.77908321789534,599.723110634472,2023-01-01,14050003,"(42.75, -125.0)"
2019-11-24 00:00:00,-123.0,-122.88077280402034,49.0,49.041984917662774,804.8241149749766,2019-11-26,10190009,"(49.0, -123.0)"
2019-11-23 23:00:00,-123.25,-123.31311402534976,48.75,48.77240220289314,856.1804110146686,2019-11-26,10190009,"(48.75, -123.25)"
2019-11-23 22:00:00,-123.75,-123.7326256742603,48.5,48.47002084641518,855.5920539784507,2019-11-26,10190009,"(48.5, -123.75)"
2019-11-23 21:00:00,-124.25,-124.16011230423898,48.25,48.22455753276939,860.5523805150635,2019-11-26,10190009,"(48.25, -124.25)"
2019-11-23 20:00:00,-124.5,-124.58667380712731,48.0,47.98502718079127,871.3826763536679,2019-11-26,10190009,"(48.0, -124.5)"
2019-11-23 19:00:00,-125.0,-124.92174131969651,47.75,47.77214617488224,894.6204854222149,2019-11-26,10190009,"(47.75, -125.0)"
2001-04-30 23:00:00,-120.0,-120.08776712788354,49.0,48.909341708630784,654.8704162167722,2001-05-03,10190015,"(49.0, -120.0)"
2001-04-30 22:00:00,-120.75,-120.86823093980267,48.75,48.71894680441664,617.1400475947873,2001-05-03,10190015,"(48.75, -120.75)"
2001-04-30 21:00:00,-121.5,-121.60155461496208,48.5,48.415438426789706,635.1683541830594,2001-05-03,10190015,"(48.5, -121.5)"
2001-04-30 20:00:00,-122.25,-122.19664110629769,48.0,48.104625905579965,730.1751288586471,2001-05-03,10190015,"(48.0, -122.25)"
2001-04-30 19:00:00,-122.75,-122.68281984518225,47.75,47.8484439612372,853.0087879473404,2001-05-03,10190015,"(47.75, -122.75)"
2001-04-30 18:00:00,-123.25,-123.24508558122497,47.75,47.660125808430394,817.3862353659506,2001-05-03,10190015,"(47.75, -123.25)"
2001-04-30 17:00:00,-123.75,-123.82713420902991,47.5,47.51127528500794,752.2839847168835,2001-05-03,10190015,"(47.5, -123.75)"
2001-04-30 16:00:00,-124.25,-124.3079528369341,47.25,47.131535280123764,862.6501584010616,2001-05-03,10190015,"(47.25, -124.25)"
2001-04-30 15:00:00,-124.75,-124.81609345972772,46.75,46.81654691379239,917.8007878379819,2001-05-03,10190015,"(46.75, -124.75)"
2008-05-21 23:00:00,-121.75,-121.68097580974526,39.0,38.878325942367184,566.3361759217796,2008-05-24,10190015,"(39.0, -121.75)"
2008-05-21 22:00:00,-122.25,-122.16531673361952,40.0,40.08165698158005,550.1181237147287,2008-05-24,10190015,"(40.0, -122.25)"
2008-05-21 21:00:00,-122.75,-122.72428093731959,41.25,41.25489135292533,540.569521375092,2008-05-24,10190015,"(41.25, -122.75)"
2008-05-21 20:00:00,-123.25,-123.21324388077929,42.25,42.285179944559765,515.4698747746737,2008-05-24,10190015,"(42.25, -123.25)"
2008-05-21 19:00:00,-123.75,-123.82687975642092,43.5,43.39874007742656,508.2574088359288,2008-05-24,10190015,"(43.5, -123.75)"
2008-05-21 18:00:00,-124.5,-124.47443001541383,44.5,44.41438744138162,504.05364909230656,2008-05-24,10190015,"(44.5, -124.5)"
2013-04-29 02:00:00,-120.0,-119.93493768298394,45.25,45.281206689897644,897.186878332134,2013-05-01,10190015,"(45.25, -120.0)"
2013-04-29 01:00:00,-120.25,-120.26984489735939,45.25,45.28479295479693,916.7778955251308,2013-05-01,10190015,"(45.25, -120.25)"
2013-04-29 00:00:00,-120.5,-120.58378103311608,45.25,45.29134091126788,920.1470428317132,2013-05-01,10190015,"(45.25, -120.5)"
2013-04-28 23:00:00,-121.0,-120.88315050117647,45.25,45.308221857530405,923.123975682214,2013-05-01,10190015,"(45.25, -121.0)"
2013-04-28 22:00:00,-121.25,-121.1870493049627,45.25,45.34033790997302,921.9909528948453,2013-05-01,10190015,"(45.25, -121.25)"
2013-04-28 21:00:00,-121.5,-121.43860404319602,45.25,45.36636218298912,900.4101726566342,2013-05-01,10190015,"(45.25, -121.5)"
2013-04-28 20:00:00,-121.75,-121.65395222299915,45.25,45.34278328695401,875.5403915801799,2013-05-01,10190015,"(45.25, -121.75)"
2013-04-28 19:00:00,-122.0,-121.93016721209254,45.25,45.30087786674711,863.58396081236,2013-05-01,10190015,"(45.25, -122.0)"
2013-04-28 18:00:00,-122.25,-122.19132487768366,45.25,45.24421740827127,883.6865740385952,2013-05-01,10190015,"(45.25, -122.25)"
2013-04-28 17:00:00,-122.5,-122.4089362763844,45.25,45.1820071189325,907.4483175360151,2013-05-01,10190015,"(45.25, -122.5)"
2013-04-28 16:00:00,-122.5,-122.61040746128381,45.25,45.12724725540664,928.9504752026779,2013-05-01,10190015,"(45.25, -122.5)"
2013-04-28 15:00:00,-122.75,-122.81006813907926,45.0,45.061587439805415,943.4021305174358,2013-05-01,10190015,"(45.0, -122.75)"
2013-04-28 14:00:00,-123.0,-123.00374322483978,45.0,44.99655018170629,949.9469433815862,2013-05-01,10190015,"(45.0, -123.0)"
2013-04-28 13:00:00,-123.25,-123.23019671838625,45.0,44.97066145366519,955.8503287801841,2013-05-01,10190015,"(45.0, -123.25)"
2013-04-28 12:00:00,-123.5,-123.44834628267353,45.0,44.96651985483351,944.4394961718366,2013-05-01,10190015,"(45.0, -123.5)"
2013-04-28 11:00:00,-123.75,-123.66536757094534,45.0,44.980208974969656,931.2195528343697,2013-05-01,10190015,"(45.0, -123.75)"
2013-04-28 10:00:00,-123.75,-123.87274072590849,45.0,45.015786615515744,932.7413796984362,2013-05-01,10190015,"(45.0, -123.75)"
2013-04-28 09:00:00,-124.0,-124.03776689948887,45.0,45.057104515886365,942.6052264096104,2013-05-01,10190015,"(45.0, -124.0)"
2013-04-28 08:00:00,-124.25,-124.15042816852844,45.0,45.09230701771539,951.7621178296123,2013-05-01,10190015,"(45.0, -124.25)"
2013-04-28 07:00:00,-124.25,-124.25518608530311,45.25,45.12819849446516,957.1785305986857,2013-05-01,10190015,"(45.25, -124.25)"
2013-04-28 06:00:00,-124.25,-124.3724915797312,45.25,45.18365232760453,962.0758559896317,2013-05-01,10190015,"(45.25, -124.25)"
2013-04-28 05:00:00,-124.5,-124.50304994275052,45.25,45.24573077199763,964.6561315558276,2013-05-01,10190015,"(45.25, -124.5)"
2013-04-28 04:00:00,-124.75,-124.64943187539411,45.25,45.3054590350787,963.7764579055851,2013-05-01,10190015,"(45.25, -124.75)"
2013-04-28 03:00:00,-124.75,-124.81622951446803,45.25,45.35411965220192,963.7120975311414,2013-05-01,10190015,"(45.25, -124.75)"
2013-04-28 02:00:00,-125.0,-124.9961304979383,45.5,45.38165245932491,965.5902823849738,2013-05-01,10190015,"(45.5, -125.0)"
2012-05-22 06:00:00,-120.0,-120.02424147547457,40.5,40.52269567091511,632.2147022024623,2012-05-24,10190003,"(40.5, -120.0)"
2012-05-22 05:00:00,-120.75,-120.74979973689483,40.25,40.32447891339747,636.9471302410893,2012-05-24,10190003,"(40.25, -120.75)"
2012-05-22 04:00:00,-121.5,-121.48074617939214,40.0,40.03899068764066,633.6795394446424,2012-05-24,10190003,"(40.0, -121.5)"
2012-05-22 03:00:00,-122.0,-122.05481331648426,39.75,39.72196932136822,634.3102352601221,2012-05-24,10190003,"(39.75, -122.0)"
2012-05-22 02:00:00,-122.5,-122.50643545351625,39.5,39.48592300121785,638.8424540243913,2012-05-24,10190003,"(39.5, -122.5)"
2012-05-22 01:00:00,-123.0,-122.93969497448694,39.25,39.34070088895207,673.5704924936408,2012-05-24,10190003,"(39.25, -123.0)"
2012-05-22 00:00:00,-123.5,-123.45786652124045,39.25,39.186070993430064,659.003943124501,2012-05-24,10190003,"(39.25, -123.5)"
2012-05-21 23:00:00,-124.0,-124.02470007915875,39.0,39.05586417194037,658.6729682787095,2012-05-24,10190003,"(39.0, -124.0)"
2012-05-21 22:00:00,-124.5,-124.60810878046765,39.0,38.937017387278814,659.6842748532739,2012-05-24,10190003,"(39.0, -124.5)"
2013-10-01 17:00:00,-120.0,-120.04676722843656,41.75,41.659177709303506,697.3430009605659,2013-10-04,14060010,"(41.75, -120.0)"
2013-10-01 16:00:00,-120.5,-120.47204822091064,41.5,41.55232939960215,690.195617116734,2013-10-04,14060010,"(41.5, -120.5)"
2013-10-01 15:00:00,-121.0,-120.91475758444847,41.5,41.45069236300789,693.9470992237185,2013-10-04,14060010,"(41.5, -121.0)"
2013-10-01 14:00:00,-121.25,-121.33755932345302,41.25,41.33138034764003,696.0782687786594,2013-10-04,14060010,"(41.25, -121.25)"
2013-10-01 13:00:00,-121.75,-121.73603521065449,41.25,41.19938918138923,700.5043523662804,2013-10-04,14060010,"(41.25, -121.75)"
2013-10-01 12:00:00,-122.0,-122.08623907220152,41.0,41.080462250294254,709.1477616347668,2013-10-04,14060010,"(41.0, -122.0)"
2013-10-01 11:00:00,-122.5,-122.40706639892332,41.0,40.98134551299304,715.9340644470051,2013-10-04,14060010,"(41.0, -122.5)"
2013-10-01 10:00:00,-122.75,-122.70382618695321,41.0,40.87609108363901,727.1660848780228,2013-10-04,14060010,"(41.0, -122.75)"
2013-10-01 09:00:00,-123.0,-122.9670046905886,40.75,40.75867586244082,730.5775226979781,2013-10-04,14060010,"(40.75, -123.0)"
2013-10-01 08:00:00,-123.25,-123.19783342293378,40.5,40.61718950529322,732.4250593569709,2013-10-04,14060010,"(40.5, -123.25)"
2013-10-01 07:00:00,-123.5,-123.42195535265829,40.5,40.503440415452225,732.5935631896323,2013-10-04,14060010,"(40.5, -123.5)"
2013-10-01 06:00:00,-123.75,-123.64780437408368,40.5,40.41639457813232,732.1231429550137,2013-10-04,14060010,"(40.5, -123.75)"
2013-10-01 05:00:00,-124.0,-123.88166954139619,40.25,40.355241977658125,733.1219455602463,2013-10-04,14060010,"(40.25, -124.0)"
2013-10-01 04:00:00,-124.25,-124.1307399535968,40.25,40.31641281463922,734.867077186494,2013-10-04,14060010,"(40.25, -124.25)"
2013-10-01 03:00:00,-124.5,-124.4020643833862,40.25,40.298197294101776,734.5552775454673,2013-10-04,14060010,"(40.25, -124.5)"
2013-10-01 02:00:00,-124.75,-124.70400018284377,40.25,40.292263221063756,733.8368103577473,2013-10-04,14060010,"(40.25, -124.75)"
2013-10-01 01:00:00,-125.0,-125.02320773224649,40.25,40.28583476896588,737.9513205318673,2013-10-04,14060010,"(40.25, -125.0)"
2013-12-02 23:00:00,-120.25,-120.35791086453924,43.25,43.194740082709295,633.6067206261314,2013-12-04,14060010,"(43.25, -120.25)"
2013-12-02 22:00:00,-121.5,-121.4092178994095,43.25,43.179852895145416,675.0284991873144,2013-12-04,14060010,"(43.25, -121.5)"
2013-12-02 21:00:00,-122.5,-122.38123245297709,43.0,43.03892254599767,650.8676996373474,2013-12-04,14060010,"(43.0, -122.5)"
2013-12-02 20:00:00,-123.25,-123.32236176977479,43.0,42.96227955631002,663.6462254201997,2013-12-04,14060010,"(43.0, -123.25)"
2013-12-02 19:00:00,-124.25,-124.21815824632141,43.0,43.091862966078466,693.2422467670336,2013-12-04,14060010,"(43.0, -124.25)"
2013-12-02 18:00:00,-125.0,-125.05302193825234,43.25,43.275172007490504,727.8435610840688,2013-12-04,14060010,"(43.25, -125.0)"
2008-05-20 15:00:00,-120.0,-120.00198078901542,45.5,45.493320444856934,858.8778693415517,2008-05-22,14040106,"(45.5, -120.0)"
2008-05-20 14:00:00,-120.5,-120.3792358655238,45.5,45.49045526878467,884.5615412267516,2008-05-22,14040106,"(45.5, -120.5)"
2008-05-20 13:00:00,-120.75,-120.78262749714182,45.5,45.55681496727644,883.100241493833,2008-05-22,14040106,"(45.5, -120.75)"
2008-05-20 12:00:00,-121.25,-121.15308358197389,45.5,45.61311453087843,874.872769561443,2008-05-22,14040106,"(45.5, -121.25)"
2008-05-20 11:00:00,-121.5,-121.47873188332535,45.75,45.65672051640158,857.8479152330062,2008-05-22,14040106,"(45.75, -121.5)"
2008-05-20 10:00:00,-121.75,-121.78944983604369,45.75,45.65848379479176,827.9098941723474,2008-05-22,14040106,"(45.75, -121.75)"
2008-05-20 09:00:00,-122.0,-122.07395350199094,45.5,45.59528515358242,825.0061311913786,2008-05-22,14040106,"(45.5, -122.0)"
2008-05-20 08:00:00,-122.25,-122.30013266986518,45.5,45.42423358806147,829.8555645310762,2008-05-22,14040106,"(45.5, -122.25)"
2008-05-20 07:00:00,-122.5,-122.49127659919492,45.25,45.24016910541415,835.2369814768982,2008-05-22,14040106,"(45.25, -122.5)"
2008-05-20 06:00:00,-122.75,-122.64422615990141,45.0,45.06029640006262,844.9575608367096,2008-05-22,14040106,"(45.0, -122.75)"
2008-05-20 05:00:00,-122.75,-122.73965009863926,45.0,44.9172426425175,863.357136638848,2008-05-22,14040106,"(45.0, -122.75)"
2008-05-20 04:00:00,-122.75,-122.79382549550401,44.75,44.838792909195796,883.3301597844226,2008-05-22,14040106,"(44.75, -122.75)"
2008-05-20 03:00:00,-122.75,-122.84101136386985,44.75,44.82802503329522,903.9269314490667,2008-05-22,14040106,"(44.75, -122.75)"
2008-05-20 02:00:00,-123.0,-122.92557484855276,44.75,44.87345061781904,923.3091756716776,2008-05-22,14040106,"(44.75, -123.0)"
2008-05-20 01:00:00,-123.0,-123.05072925052579,45.0,44.94715867638502,936.1438580356288,2008-05-22,14040106,"(45.0, -123.0)"
2008-05-20 00:00:00,-123.25,-123.2166014382504,45.0,45.01700901757681,935.9777975366186,2008-05-22,14040106,"(45.0, -123.25)"
2008-05-19 23:00:00,-123.25,-123.36502414513947,45.0,45.05691922227309,927.7916912353506,2008-05-22,14040106,"(45.0, -123.25)"
2008-05-19 22:00:00,-123.5,-123.46661386182716,45.0,45.073060529004884,927.5748194556412,2008-05-22,14040106,"(45.0, -123.5)"
2008-05-19 21:00:00,-123.5,-123.52981122130807,45.0,45.08663350796787,932.7903407981048,2008-05-22,14040106,"(45.0, -123.5)"
2008-05-19 20:00:00,-123.5,-123.62476873323408,45.0,45.04451264627572,935.0755617917891,2008-05-22,14040106,"(45.0, -123.5)"
2008-05-19 19:00:00,-123.75,-123.69181766392819,45.0,44.99745244927352,938.9738266172699,2008-05-22,14040106,"(45.0, -123.75)"
2008-05-19 18:00:00,-123.75,-123.73028621098905,45.0,44.94826971220158,940.5384886962116,2008-05-22,14040106,"(45.0, -123.75)"
2008-05-19 17:00:00,-123.75,-123.74883651156364,45.0,44.901186570092136,938.4734245305672,2008-05-22,14040106,"(45.0, -123.75)"
2008-05-19 16:00:00,-123.75,-123.7760125212508,44.75,44.86257997450837,931.4380386483396,2008-05-22,14040106,"(44.75, -123.75)"
2008-05-19 15:00:00,-123.75,-123.84032510876021,44.75,44.82465452928565,923.8655643760726,2008-05-22,14040106,"(44.75, -123.75)"
2008-05-19 14:00:00,-124.0,-123.92743740423283,44.75,44.78671411294648,916.9720498883468,2008-05-22,14040106,"(44.75, -124.0)"
2008-05-19 13:00:00,-124.0,-124.02210814053633,44.75,44.750142040315176,915.8779072260434,2008-05-22,14040106,"(44.75, -124.0)"
2008-05-19 12:00:00,-124.0,-124.10297405018314,44.75,44.71672868895085,917.3878640938675,2008-05-22,14040106,"(44.75, -124.0)"
2008-05-19 11:00:00,-124.25,-124.16695502803209,44.75,44.695179067998346,918.4535486112812,2008-05-22,14040106,"(44.75, -124.25)"
2008-05-19 10:00:00,-124.25,-124.22652216281358,44.75,44.69853923032586,919.8011802619707,2008-05-22,14040106,"(44.75, -124.25)"
2008-05-19 09:00:00,-124.25,-124.29014693127421,44.75,44.72873010375449,921.1612139917765,2008-05-22,14040106,"(44.75, -124.25)"
2008-05-19 08:00:00,-124.5,-124.38514269262821,44.75,44.77935590327165,920.2278773297273,2008-05-22,14040106,"(44.75, -124.5)"
2008-05-19 07:00:00,-124.5,-124.49858622843108,44.75,44.85593377397182,920.1270848819156,2008-05-22,14040106,"(44.75, -124.5)"
2008-05-19 06:00:00,-124.5,-124.61450234181358,45.0,44.94667851813481,920.4670243037114,2008-05-22,14040106,"(45.0, -124.5)"
2008-05-19 05:00:00,-124.75,-124.72723452999185,45.0,45.036698453912315,917.3813925055958,2008-05-22,14040106,"(45.0, -124.75)"
2008-05-19 04:00:00,-124.75,-124.84371049936706,45.0,45.12035893279613,912.4554868609338,2008-05-22,14040106,"(45.0, -124.75)"
2008-05-19 03:00:00,-125.0,-124.96138449449411,45.25,45.189115646371775,907.3804844435947,2008-05-22,14040106,"(45.25, -125.0)"
2008-05-19 02:00:00,-125.0,-125.07097513906886,45.25,45.238007840222714,903.5546331915854,2008-05-22,14040106,"(45.25, -125.0)"
2008-06-03 15:00:00,-120.25,-120.3097749197369,39.5,39.39495928992887,647.8933849015338,2008-06-05,14040106,"(39.5, -120.25)"
2008-06-03 14:00:00,-120.75,-120.82844196996392,39.5,39.412250556035076,631.883194823209,2008-06-05,14040106,"(39.5, -120.75)"
2008-06-03 13:00:00,-121.25,-121.3693820805572,39.5,39.46704200634515,633.3458906005624,2008-06-05,14040106,"(39.5, -121.25)"
2008-06-03 12:00:00,-122.0,-121.91424293154346,39.5,39.547702882245666,634.2252355317405,2008-06-05,14040106,"(39.5, -122.0)"
2008-06-03 11:00:00,-122.5,-122.4576823267847,39.75,39.64103655658442,641.3853225344935,2008-06-05,14040106,"(39.75, -122.5)"
2008-06-03 10:00:00,-123.0,-122.9869940823042,39.75,39.71640158028189,636.1965211658938,2008-06-05,14040106,"(39.75, -123.0)"
2008-06-03 09:00:00,-123.5,-123.45988670946625,39.75,39.76817430170383,636.0597008070966,2008-06-05,14040106,"(39.75, -123.5)"
2008-06-03 08:00:00,-124.0,-123.93766052602169,40.0,39.89640807168325,632.2576281110345,2008-06-05,14040106,"(40.0, -124.0)"
2008-06-03 07:00:00,-124.5,-124.435473962832,40.0,40.04247667591191,627.5438434255598,2008-06-05,14040106,"(40.0, -124.5)"
2008-06-03 06:00:00,-125.0,-124.94688323505896,40.25,40.20499731709151,628.7917041347738,2008-06-05,14040106,"(40.25, -125.0)"
2010-12-20 04:00:00,-120.25,-120.22304424794523,39.25,39.19611554592537,518.1949249619718,2010-12-21,14040106,"(39.25, -120.25)"
2011-10-05 14:00:00,-120.25,-120.21926015678491,40.75,40.65644073092338,749.460739735966,2011-10-08,14040106,"(40.75, -120.25)"
2011-10-05 13:00:00,-120.75,-120.66808534130159,40.5,40.496568046183576,747.2341578227375,2011-10-08,14040106,"(40.5, -120.75)"
2011-10-05 12:00:00,-121.25,-121.14151995099225,40.25,40.21935953694456,743.5077983897692,2011-10-08,14040106,"(40.25, -121.25)"
2011-10-05 11:00:00,-121.5,-121.60223745082456,39.75,39.85895319501569,779.3115531325127,2011-10-08,14040106,"(39.75, -121.5)"
2011-10-05 10:00:00,-122.0,-121.97166977492098,39.5,39.61104027858176,867.7328001614612,2011-10-08,14040106,"(39.5, -122.0)"
2011-10-05 09:00:00,-122.25,-122.25116184249902,39.25,39.22296142409321,913.8878280749133,2011-10-08,14040106,"(39.25, -122.25)"
2013-12-03 04:00:00,-120.5,-120.3945057340081,42.0,41.94022219053639,664.9397015973088,2013-12-04,14040106,"(42.0, -120.5)"
2013-12-03 03:00:00,-121.25,-121.15935772459464,42.0,41.90616462436844,694.4516364856269,2013-12-04,14040106,"(42.0, -121.25)"
2013-12-03 02:00:00,-122.0,-121.9056038547016,42.0,41.88355602568593,727.1267519937387,2013-12-04,14040106,"(42.0, -122.0)"
2013-12-03 01:00:00,-122.5,-122.57428115001005,41.75,41.83252648016004,719.9235559699911,2013-12-04,14040106,"(41.75, -122.5)"
2013-12-03 00:00:00,-123.25,-123.24267756058106,41.75,41.84494671869501,742.0900709353715,2013-12-04,14040106,"(41.75, -123.25)"
2013-12-02 23:00:00,-123.75,-123.87051871774314,41.75,41.808200064415345,763.1408005479087,2013-12-04,14040106,"(41.75, -123.75)"
2013-12-02 22:00:00,-124.5,-124.46016063060482,41.75,41.79704120935548,797.1221027815917,2013-12-04,14040106,"(41.75, -124.5)"
2013-12-02 21:00:00,-125.0,-125.0478002192694,41.75,41.805815719794715,813.1437068469638,2013-12-04,14040106,"(41.75, -125.0)"
2019-04-07 22:00:00,-120.25,-120.25799018475273,39.5,39.55249134428814,633.1234640549884,2019-04-10,14040106,"(39.5, -120.25)"
2019-04-07 21:00:00,-121.0,-120.96066486971053,39.5,39.5154657140504,634.3565774050174,2019-04-10,14040106,"(39.5, -121.0)"
2019-04-07 20:00:00,-121.75,-121.66598323650773,39.5,39.444102145533165,620.6914051221842,2019-04-10,14040106,"(39.5, -121.75)"
2019-04-07 19:00:00,-122.5,-122.38713006316691,39.5,39.376878846975636,620.6190297119301,2019-04-10,14040106,"(39.5, -122.5)"
2019-04-07 18:00:00,-123.25,-123.1703997174464,39.25,39.29868484478257,628.3214519656349,2019-04-10,14040106,"(39.25, -123.25)"
2019-04-07 17:00:00,-124.0,-124.01206998594515,39.25,39.217085509149456,607.05603453596,2019-04-10,14040106,"(39.25, -124.0)"
2019-04-07 16:00:00,-124.75,-124.87459258479177,39.0,39.07694329212334,602.6891364587153,2019-04-10,14040106,"(39.0, -124.75)"
2022-05-07 06:00:00,-120.25,-120.18193588178576,40.0,40.112551199912204,789.568659169865,2022-05-09,14040106,"(40.0, -120.25)"
2022-05-07 05:00:00,-120.5,-120.61315499527855,39.75,39.696111132257606,751.5191685892952,2022-05-09,14040106,"(39.75, -120.5)"
2022-05-07 04:00:00,-121.0,-120.98963566653418,39.25,39.21547118522518,744.7130411535335,2022-05-09,14040106,"(39.25, -121.0)"
2022-05-07 03:00:00,-121.25,-121.32113622274981,39.0,38.91269735793782,772.692492373415,2022-05-09,14040106,"(39.0, -121.25)"
2000-05-07 13:00:00,-120.25,-120.22748271779179,40.25,40.19740302843872,497.4702975678579,2000-05-09,14050007,"(40.25, -120.25)"
2000-05-07 12:00:00,-121.0,-120.88767770917775,40.25,40.224553845820225,501.4906125934377,2000-05-09,14050007,"(40.25, -121.0)"
2000-05-07 11:00:00,-121.5,-121.55796273324985,40.25,40.24125823280455,504.87133907152105,2000-05-09,14050007,"(40.25, -121.5)"
2000-05-07 10:00:00,-122.25,-122.23194031788103,40.25,40.22800279387561,498.924269223836,2000-05-09,14050007,"(40.25, -122.25)"
2000-05-07 09:00:00,-122.75,-122.87497081914076,40.25,40.21698195430279,504.30558988630617,2000-05-09,14050007,"(40.25, -122.75)"
2000-05-07 08:00:00,-123.5,-123.47363612440846,40.25,40.16332665661362,502.06583877585575,2000-05-09,14050007,"(40.25, -123.5)"
2000-05-07 07:00:00,-124.0,-124.07738921873371,40.25,40.12849363230659,495.7317388531144,2000-05-09,14050007,"(40.25, -124.0)"
2000-05-07 06:00:00,-124.75,-124.68519000947647,40.0,40.10605408510117,495.1388265931355,2000-05-09,14050007,"(40.0, -124.75)"
2013-12-02 23:00:00,-120.5,-120.49875928715724,42.5,42.56259107157687,743.9297266908075,2013-12-04,14050007,"(42.5, -120.5)"
2013-12-02 22:00:00,-121.25,-121.2606751627961,42.5,42.48454284218545,749.409016036378,2013-12-04,14050007,"(42.5, -121.25)"
2013-12-02 21:00:00,-122.0,-121.94507735210881,42.5,42.41562917873812,790.598848571624,2013-12-04,14050007,"(42.5, -122.0)"
2013-12-02 20:00:00,-122.5,-122.44855171171308,42.5,42.42999851511984,778.4396109805169,2013-12-04,14050007,"(42.5, -122.5)"
2013-12-02 19:00:00,-123.0,-122.99486000813623,42.5,42.46337199963515,860.5779058871018,2013-12-04,14050007,"(42.5, -123.0)"
2013-12-02 18:00:00,-123.5,-123.4196656107897,42.5,42.44769655592692,906.9416017274068,2013-12-04,14050007,"(42.5, -123.5)"
2013-12-02 17:00:00,-123.5,-123.60534616448396,42.25,42.359993151066256,900.6517995083126,2013-12-04,14050007,"(42.25, -123.5)"
2013-12-02 16:00:00,-123.75,-123.80665863110865,42.25,42.20343122111305,898.1493297438813,2013-12-04,14050007,"(42.25, -123.75)"
2013-12-02 15:00:00,-124.0,-124.05803061988962,42.0,41.912907826844666,931.5307507739611,2013-12-04,14050007,"(42.0, -124.0)"
2013-12-02 14:00:00,-124.25,-124.26618999237523,41.75,41.69209258902677,984.0698707756552,2013-12-04,14050007,"(41.75, -124.25)"
2013-12-02 13:00:00,-124.5,-124.37805507827555,41.5,41.38753009755901,1000.0,2013-12-04,14050007,"(41.5, -124.5)"
2003-11-11 04:00:00,-120.0,-120.00196579524044,45.25,45.25392242351613,511.3709583991786,2003-11-13,14080102,"(45.25, -120.0)"
2003-11-11 03:00:00,-120.5,-120.53282082682848,45.75,45.746611846785434,538.4803409033782,2003-11-13,14080102,"(45.75, -120.5)"
2003-11-11 02:00:00,-121.0,-121.08766251904537,46.25,46.18871330848197,564.1665360571787,2003-11-13,14080102,"(46.25, -121.0)"
2003-11-11 01:00:00,-121.75,-121.7411737405187,46.5,46.55902876571225,504.04674981236207,2003-11-13,14080102,"(46.5, -121.75)"
2003-11-11 00:00:00,-122.5,-122.56871396144172,47.0,47.031669441490486,493.8506320471132,2003-11-13,14080102,"(47.0, -122.5)"
2003-11-10 23:00:00,-123.5,-123.38898967991778,47.5,47.54592047026741,543.4962256629407,2003-11-13,14080102,"(47.5, -123.5)"
2003-11-10 22:00:00,-124.25,-124.1953397778481,48.0,47.98134511345741,540.8778303823415,2003-11-13,14080102,"(48.0, -124.25)"
2003-11-10 21:00:00,-125.0,-124.99756355364555,48.5,48.429456071030124,562.6028103550723,2003-11-13,14080102,"(48.5, -125.0)"
2019-10-21 13:00:00,-120.0,-119.9368158922736,45.0,45.08152912213801,763.3001178292016,2019-10-24,11020010,"(45.0, -120.0)"
2019-10-21 12:00:00,-120.25,-120.3105978576025,45.25,45.35915842114907,768.6665405271302,2019-10-24,11020010,"(45.25, -120.25)"
2019-10-21 11:00:00,-120.75,-120.74102414229655,45.75,45.632313958909045,763.6062143684383,2019-10-24,11020010,"(45.75, -120.75)"
2019-10-21 10:00:00,-121.25,-121.23890728313852,46.0,45.92638515338047,762.5783042004156,2019-10-24,11020010,"(46.0, -121.25)"
2019-10-21 09:00:00,-121.75,-121.83227343704907,46.25,46.234410282138164,755.731978587038,2019-10-24,11020010,"(46.25, -121.75)"
2019-10-21 08:00:00,-122.25,-122.36295496630537,46.5,46.412076043434276,745.0687836703007,2019-10-24,11020010,"(46.5, -122.25)"
2019-10-21 07:00:00,-122.75,-122.7661076971048,46.5,46.55072961064709,744.1772874606752,2019-10-24,11020010,"(46.5, -122.75)"
2019-10-21 06:00:00,-123.25,-123.1500787469258,46.75,46.747790778092835,758.7189105208612,2019-10-24,11020010,"(46.75, -123.25)"
2019-10-21 05:00:00,-123.5,-123.54054576976425,47.0,46.936671176515,765.4432318192514,2019-10-24,11020010,"(47.0, -123.5)"
2019-10-21 04:00:00,-124.0,-123.95347429162837,47.25,47.16771785882537,763.181744735195,2019-10-24,11020010,"(47.25, -124.0)"
2019-10-21 03:00:00,-124.5,-124.37951770131087,47.5,47.42783849512478,762.2130146730909,2019-10-24,11020010,"(47.5, -124.5)"
2019-10-21 02:00:00,-124.75,-124.78812260034607,47.75,47.68088153878033,771.79997318146,2019-10-24,11020010,"(47.75, -124.75)"
2004-11-26 01:00:00,-120.0,-119.8929547738514,44.0,43.99331455486775,575.778509568589,2004-11-28,14010001,"(44.0, -120.0)"
2004-11-26 00:00:00,-120.5,-120.39907893927989,44.25,44.30990536549126,577.8150520284358,2004-11-28,14010001,"(44.25, -120.5)"
2004-11-25 23:00:00,-121.0,-120.92573201733961,44.5,44.61660727309892,571.2026243835625,2004-11-28,14010001,"(44.5, -121.0)"
2004-11-25 22:00:00,-121.5,-121.47656274743603,45.0,44.90781868830531,591.9057818157638,2004-11-28,14010001,"(45.0, -121.5)"
2004-11-25 21:00:00,-122.0,-122.02571164315431,45.25,45.17993641454028,596.2178349071364,2004-11-28,14010001,"(45.25, -122.0)"
2004-11-25 20:00:00,-122.75,-122.62573010954299,45.5,45.4060698538076,545.1383356989701,2004-11-28,14010001,"(45.5, -122.75)"
2004-11-25 19:00:00,-123.25,-123.25640230828748,45.75,45.63645300008295,520.6809193584155,2004-11-28,14010001,"(45.75, -123.25)"
2004-11-25 18:00:00,-124.0,-123.89407732127327,45.75,45.85800114523192,546.346501966552,2004-11-28,14010001,"(45.75, -124.0)"
2004-11-25 17:00:00,-124.5,-124.4946680404305,46.0,46.07347188083709,549.8823775700577,2004-11-28,14010001,"(46.0, -124.5)"
2004-11-25 16:00:00,-125.0,-125.09953765661284,46.25,46.28741802909374,545.8327595514212,2004-11-28,14010001,"(46.25, -125.0)"
2006-10-18 22:00:00,-120.0,-120.0674563296944,45.75,45.6427639603385,771.043615154379,2006-10-21,14010001,"(45.75, -120.0)"
2006-10-18 21:00:00,-120.5,-120.38750392073385,45.75,45.75983642328479,791.9906467401968,2006-10-21,14010001,"(45.75, -120.5)"
2006-10-18 20:00:00,-120.75,-120.6930867407678,46.0,45.9216034526718,778.1028971211535,2006-10-21,14010001,"(46.0, -120.75)"
2006-10-18 19:00:00,-121.0,-120.97710725734045,46.0,46.12292851428596,771.777919472053,2006-10-21,14010001,"(46.0, -121.0)"
2006-10-18 18:00:00,-121.25,-121.28268089668765,46.25,46.36856888269589,757.3437700010401,2006-10-21,14010001,"(46.25, -121.25)"
2006-10-18 17:00:00,-121.75,-121.65372835743571,46.75,46.6494021510265,709.4929421404696,2006-10-21,14010001,"(46.75, -121.75)"
2006-10-18 16:00:00,-122.0,-122.05119628929783,47.0,47.018574447594396,695.1541196951478,2006-10-21,14010001,"(47.0, -122.0)"
2006-10-18 15:00:00,-122.5,-122.43460319701711,47.5,47.38916607450871,688.6759510582457,2006-10-21,14010001,"(47.5, -122.5)"
2006-10-18 14:00:00,-122.75,-122.82702504896338,47.75,47.74090666834437,679.1637820278652,2006-10-21,14010001,"(47.75, -122.75)"
2006-10-18 13:00:00,-123.25,-123.24110845036299,48.0,48.095675381548254,676.060183427969,2006-10-21,14010001,"(48.0, -123.25)"
2006-10-18 12:00:00,-123.75,-123.65976372522837,48.5,48.41838293813186,660.9045003676908,2006-10-21,14010001,"(48.5, -123.75)"
2006-10-18 11:00:00,-124.0,-124.08778028388599,48.75,48.72506133511736,659.1656198087815,2006-10-21,14010001,"(48.75, -124.0)"
2006-10-18 10:00:00,-124.5,-124.57505852130151,49.0,48.9925581947291,650.6437346837951,2006-10-21,14010001,"(49.0, -124.5)"
2010-10-23 17:00:00,-120.25,-120.2077116668864,40.0,39.882493283958745,639.4875184544265,2010-10-25,14010001,"(40.0, -120.25)"
2010-10-23 16:00:00,-121.0,-120.90006616375801,39.75,39.85637197266997,630.6370217008074,2010-10-25,14010001,"(39.75, -121.0)"
2010-10-23 15:00:00,-121.5,-121.62036423315733,39.75,39.78576189503037,601.8794435577902,2010-10-25,14010001,"(39.75, -121.5)"
2010-10-23 14:00:00,-122.25,-122.35835223720986,39.75,39.71549041454866,615.8642982695928,2010-10-25,14010001,"(39.75, -122.25)"
2010-10-23 13:00:00,-123.0,-123.06805569626495,39.5,39.60864372564753,640.0030791188825,2010-10-25,14010001,"(39.5, -123.0)"
2010-10-23 12:00:00,-123.75,-123.79208252984944,39.5,39.49662728498211,657.7974016677398,2010-10-25,14010001,"(39.5, -123.75)"
2010-10-23 11:00:00,-124.5,-124.44426833580259,39.5,39.379856203611226,705.2740828252807,2010-10-25,14010001,"(39.5, -124.5)"
2010-10-23 10:00:00,-125.0,-125.07672348507512,39.25,39.27279795293787,757.7376421527449,2010-10-25,14010001,"(39.25, -125.0)"
2010-10-24 21:00:00,-120.0,-120.01714023926422,44.0,44.05910774578649,677.8088112801397,2010-10-26,14010001,"(44.0, -120.0)"
2010-10-24 20:00:00,-120.75,-120.68325668764257,44.0,43.98807465257198,694.3929577447484,2010-10-26,14010001,"(44.0, -120.75)"
2010-10-24 19:00:00,-121.25,-121.35098826954399,44.0,43.89574573266483,715.5240449639828,2010-10-26,14010001,"(44.0, -121.25)"
2010-10-24 18:00:00,-122.0,-122.10644062597113,43.75,43.68684901098109,723.4224968683458,2010-10-26,14010001,"(43.75, -122.0)"
2010-10-24 17:00:00,-123.0,-122.90801973781488,43.5,43.403296019672446,813.8520671110488,2010-10-26,14010001,"(43.5, -123.0)"
2010-10-24 16:00:00,-123.5,-123.54131226147332,43.0,43.067622001613636,889.1926172827938,2010-10-26,14010001,"(43.0, -123.5)"
2010-10-24 15:00:00,-124.0,-123.95927856211121,42.75,42.769472434797834,885.9599079593222,2010-10-26,14010001,"(42.75, -124.0)"
2010-10-24 14:00:00,-124.5,-124.39564979451835,42.5,42.44363957266079,920.5822348250587,2010-10-26,14010001,"(42.5, -124.5)"
2010-10-24 13:00:00,-124.75,-124.8061356075341,42.0,42.12298652946186,988.4703340271459,2010-10-26,14010001,"(42.0, -124.75)"
2010-10-24 12:00:00,-125.0,-125.09851754995492,41.75,41.85827580272651,994.3367975423241,2010-10-26,14010001,"(41.75, -125.0)"
2011-01-17 02:00:00,-120.75,-120.66050106116724,44.25,44.289460020413,754.3534269905585,2011-01-18,14010001,"(44.25, -120.75)"
2011-01-17 01:00:00,-121.5,-121.58602369787258,44.25,44.328058160277465,828.7007812959273,2011-01-18,14010001,"(44.25, -121.5)"
2011-01-17 00:00:00,-122.25,-122.1791927176092,44.0,44.12309375335023,748.6880229598667,2011-01-18,14010001,"(44.0, -122.25)"
2011-01-16 23:00:00,-123.0,-123.1205760201413,44.0,44.1136421822118,848.2917975049734,2011-01-18,14010001,"(44.0, -123.0)"
2011-01-16 22:00:00,-123.75,-123.8555442399875,44.0,43.980773369065744,887.4207905737882,2011-01-18,14010001,"(44.0, -123.75)"
2011-01-16 21:00:00,-124.5,-124.54416755164145,43.75,43.71636486090725,934.663407829067,2011-01-18,14010001,"(43.75, -124.5)"
2011-02-04 12:00:00,-120.25,-120.36208482262252,47.5,47.529106293494884,781.0997458621904,2011-02-06,14010001,"(47.5, -120.25)"
2011-02-04 11:00:00,-121.0,-121.02305436499137,47.75,47.735527589300034,727.6375851402616,2011-02-06,14010001,"(47.75, -121.0)"
2011-02-04 10:00:00,-121.75,-121.68042028722809,48.0,47.9016335723079,690.5443982020753,2011-02-06,14010001,"(48.0, -121.75)"
2011-02-04 09:00:00,-122.5,-122.38270970133189,48.0,48.0539883566331,725.1550080102365,2011-02-06,14010001,"(48.0, -122.5)"
2011-02-04 08:00:00,-123.0,-123.01013902963713,48.0,48.09163590625611,753.6093087500942,2011-02-06,14010001,"(48.0, -123.0)"
2011-02-04 07:00:00,-123.5,-123.61227346523172,48.0,48.089012663927214,752.617175205018,2011-02-06,14010001,"(48.0, -123.5)"
2011-02-04 06:00:00,-124.25,-124.22264632312819,48.0,48.02910945018094,766.5371361630137,2011-02-06,14010001,"(48.0, -124.25)"
2011-02-04 05:00:00,-124.75,-124.80239118492241,48.0,47.96352925871744,779.1099425710748,2011-02-06,14010001,"(48.0, -124.75)"
2013-12-01 12:00:00,-120.25,-120.30547720964807,42.75,42.80000611096063,647.9255121498918,2013-12-04,14010001,"(42.75, -120.25)"
2013-12-01 11:00:00,-120.75,-120.84452349784651,43.0,43.114243889632874,651.6092479703955,2013-12-04,14010001,"(43.0, -120.75)"
2013-12-01 10:00:00,-121.5,-121.40954193677138,43.5,43.44534457937935,649.1827876330466,2013-12-04,14010001,"(43.5, -121.5)"
2013-12-01 09:00:00,-122.0,-122.03649363560692,43.75,43.80945163326824,646.9096391740777,2013-12-04,14010001,"(43.75, -122.0)"
2013-12-01 08:00:00,-122.75,-122.72467547898657,44.25,44.23951876818467,623.9587939851791,2013-12-04,14010001,"(44.25, -122.75)"
2013-12-01 07:00:00,-123.5,-123.40424578554071,44.5,44.61388094131786,624.9154406363285,2013-12-04,14010001,"(44.5, -123.5)"
2013-12-01 06:00:00,-124.0,-124.08882223296156,45.0,44.96854900428375,630.0948805031525,2013-12-04,14010001,"(45.0, -124.0)"
2013-12-01 05:00:00,-124.75,-124.80317074030977,45.25,45.33962928310926,634.6574877525964,2013-12-04,14010001,"(45.25, -124.75)"
2014-12-20 20:00:00,-120.0,-119.8817514546059,40.0,39.887284654981976,805.0345622352464,2014-12-22,14010001,"(40.0, -120.0)"
2014-12-20 19:00:00,-120.0,-120.08980057392971,39.75,39.704379664779964,796.6530269566415,2014-12-22,14010001,"(39.75, -120.0)"
2014-12-20 18:00:00,-120.25,-120.3156283661123,39.5,39.49894332719359,784.7703032260009,2014-12-22,14010001,"(39.5, -120.25)"
2014-12-20 17:00:00,-120.5,-120.59235406897595,39.25,39.30706689985893,774.3411012612751,2014-12-22,14010001,"(39.25, -120.5)"
2014-12-20 16:00:00,-120.75,-120.85755338117025,39.0,39.01443105507465,808.462606437137,2014-12-22,14010001,"(39.0, -120.75)"
2018-04-06 05:00:00,-120.0,-119.98324072353516,39.25,39.21923115304609,678.3721646061342,2018-04-08,14010001,"(39.25, -120.0)"
2018-04-06 04:00:00,-120.5,-120.47543313932968,39.0,39.043123284828425,645.989234754821,2018-04-08,14010001,"(39.0, -120.5)"
2020-02-06 07:00:00,-120.0,-119.88492724076947,42.25,42.274908568686186,804.9709322666376,2020-02-08,14010001,"(42.25, -120.0)"
2020-02-06 06:00:00,-120.0,-120.11600569540143,42.25,42.33963570272885,806.1588602816712,2020-02-08,14010001,"(42.25, -120.0)"
2020-02-06 05:00:00,-120.25,-120.34080292836354,42.5,42.41476574808967,807.5943813509988,2020-02-08,14010001,"(42.5, -120.25)"
2020-02-06 04:00:00,-120.5,-120.55805372237255,42.5,42.50569603908471,805.4712644249768,2020-02-08,14010001,"(42.5, -120.5)"
2020-02-06 03:00:00,-120.75,-120.77072817841903,42.5,42.61322726632545,796.4832175878258,2020-02-08,14010001,"(42.5, -120.75)"
2020-02-06 02:00:00,-121.0,-121.02725627177796,42.75,42.781355848347125,787.2205681256428,2020-02-08,14010001,"(42.75, -121.0)"
2020-02-06 01:00:00,-121.25,-121.34215659777261,43.0,43.050345780481344,783.6803416380642,2020-02-08,14010001,"(43.0, -121.25)"
2020-02-06 00:00:00,-121.75,-121.77091175496824,43.5,43.397023260832675,778.8716254492193,2020-02-08,14010001,"(43.5, -121.75)"
2020-02-05 23:00:00,-122.25,-122.28355162387135,43.75,43.74393436073079,756.2789769639351,2020-02-08,14010001,"(43.75, -122.25)"
2020-02-05 22:00:00,-122.75,-122.8317576863568,44.25,44.24586296167305,806.12597797297,2020-02-08,14010001,"(44.25, -122.75)"
2020-02-05 21:00:00,-123.25,-123.31407274549875,44.75,44.64465766803989,856.5396715528509,2020-02-08,14010001,"(44.75, -123.25)"
2020-02-05 20:00:00,-123.75,-123.74252316265249,44.75,44.78924193003502,848.6633027202944,2020-02-08,14010001,"(44.75, -123.75)"
2020-02-05 19:00:00,-124.25,-124.12556944714615,45.0,44.97631245029739,855.948955859865,2020-02-08,14010001,"(45.0, -124.25)"
2020-02-05 18:00:00,-124.5,-124.50713523968551,45.25,45.19653869606744,890.2667398314518,2020-02-08,14010001,"(45.25, -124.5)"
2020-02-05 17:00:00,-124.75,-124.83449210544264,45.5,45.47028352664717,907.0145886545133,2020-02-08,14010001,"(45.5, -124.75)"
2022-01-04 10:00:00,-120.0,-119.97143608650222,39.75,39.73728922624523,719.227476353983,2022-01-06,14010001,"(39.75, -120.0)"
2022-01-04 09:00:00,-120.75,-120.87128650032248,39.5,39.49917137861399,665.0241985222355,2022-01-06,14010001,"(39.5, -120.75)"
2022-01-04 08:00:00,-121.75,-121.63853035496538,39.25,39.26855392746423,664.8146749882374,2022-01-06,14010001,"(39.25, -121.75)"
2022-01-04 07:00:00,-122.5,-122.40917375020418,39.25,39.27294605567685,726.9632955628178,2022-01-06,14010001,"(39.25, -122.5)"
2022-01-04 06:00:00,-123.25,-123.23651171919887,39.25,39.23913721358328,713.962285134148,2022-01-06,14010001,"(39.25, -123.25)"
2022-01-04 05:00:00,-124.0,-123.98580575406177,39.25,39.218305775214496,692.33422482242,2022-01-06,14010001,"(39.25, -124.0)"
2022-01-04 04:00:00,-124.75,-124.81162086369064,39.25,39.300592900570464,715.605372534097,2022-01-06,14010001,"(39.25, -124.75)"
2023-12-02 19:00:00,-120.0,-120.11339520530773,45.75,45.66734420364673,810.4431168503821,2023-12-04,14010001,"(45.75, -120.0)"
2023-12-02 18:00:00,-121.0,-120.88217079952653,45.75,45.79060326336136,788.2562636602295,2023-12-04,14010001,"(45.75, -121.0)"
2023-12-02 17:00:00,-121.75,-121.7069954821654,46.0,45.931910468812106,764.5528453045722,2023-12-04,14010001,"(46.0, -121.75)"
2023-12-02 16:00:00,-122.5,-122.50586489892302,46.0,46.111684979237864,740.9544738138537,2023-12-04,14010001,"(46.0, -122.5)"
2023-12-02 15:00:00,-123.25,-123.27658866286271,46.25,46.13530162589751,792.0644942927165,2023-12-04,14010001,"(46.25, -123.25)"
2023-12-02 14:00:00,-124.0,-124.02245336354497,46.25,46.208168982775874,775.3514930462699,2023-12-04,14010001,"(46.25, -124.0)"
2023-12-02 13:00:00,-124.75,-124.76372837030269,46.25,46.21496975326113,823.5779910579022,2023-12-04,14010001,"(46.25, -124.75)"
2001-06-12 01:00:00,-120.0,-120.06995904838294,40.0,39.9279540884153,672.871737133393,2001-06-14,10190010,"(40.0, -120.0)"
2001-06-12 00:00:00,-120.5,-120.44572402609084,39.75,39.84800704921185,671.2482924747196,2001-06-14,10190010,"(39.75, -120.5)"
2001-06-11 23:00:00,-120.75,-120.8135560705527,39.75,39.75620116125859,660.7757768756968,2001-06-14,10190010,"(39.75, -120.75)"
2001-06-11 22:00:00,-121.25,-121.17820269276483,39.75,39.69127366277138,658.6108309303427,2001-06-14,10190010,"(39.75, -121.25)"
2001-06-11 21:00:00,-121.5,-121.54319010100497,39.75,39.670781122204644,657.7919254933081,2001-06-14,10190010,"(39.75, -121.5)"
2001-06-11 20:00:00,-122.0,-121.90059642227834,39.5,39.61876355480129,665.6247156997919,2001-06-14,10190010,"(39.5, -122.0)"
2001-06-11 19:00:00,-122.25,-122.25157183150861,39.5,39.59765997275289,673.9645621078872,2001-06-14,10190010,"(39.5, -122.25)"
2001-06-11 18:00:00,-122.5,-122.61092954614514,39.5,39.60943327931978,680.2232907567143,2001-06-14,10190010,"(39.5, -122.5)"
2001-06-11 17:00:00,-123.0,-122.97857720883522,39.75,39.66862821160601,674.6456334760255,2001-06-14,10190010,"(39.75, -123.0)"
2001-06-11 16:00:00,-123.25,-123.374537927894,39.75,39.757823729798304,671.4372600779108,2001-06-14,10190010,"(39.75, -123.25)"
2001-06-11 15:00:00,-123.75,-123.79534395198436,39.75,39.86700645593732,670.774395189292,2001-06-14,10190010,"(39.75, -123.75)"
2001-06-11 14:00:00,-124.25,-124.24399634213339,40.0,39.983165636015706,667.7355366014187,2001-06-14,10190010,"(40.0, -124.25)"
2001-06-11 13:00:00,-124.75,-124.71638190465201,40.0,40.10102147991736,662.7393202601222,2001-06-14,10190010,"(40.0, -124.75)"
2008-03-01 00:00:00,-120.0,-120.034230683586,45.5,45.540793578064665,668.7944545892487,2008-03-03,13010004,"(45.5, -120.0)"
2008-02-29 23:00:00,-120.75,-120.73230410950397,45.0,44.95272973440591,650.0867145492921,2008-03-03,13010004,"(45.0, -120.75)"
2008-02-29 22:00:00,-121.5,-121.4773384301319,44.5,44.38117598945837,655.763659619808,2008-03-03,13010004,"(44.5, -121.5)"
2008-02-29 21:00:00,-122.25,-122.16856853215602,43.75,43.78153985333438,649.5806949445075,2008-03-03,13010004,"(43.75, -122.25)"
2008-02-29 20:00:00,-122.75,-122.82443268246541,43.25,43.19676074947578,653.2243427059078,2008-03-03,13010004,"(43.25, -122.75)"
2008-02-29 19:00:00,-123.5,-123.42897614683062,42.75,42.643262919419406,671.5162457914872,2008-03-03,13010004,"(42.75, -123.5)"
2008-02-29 18:00:00,-124.0,-124.01760663813715,42.0,42.112860734739996,694.424300173262,2008-03-03,13010004,"(42.0, -124.0)"
2008-02-29 17:00:00,-124.5,-124.5499359801099,41.5,41.623109122459525,688.3257728960078,2008-03-03,13010004,"(41.5, -124.5)"
2008-02-29 16:00:00,-125.0,-125.02348871162978,41.25,41.19478038094897,693.963882650271,2008-03-03,13010004,"(41.25, -125.0)"
2005-11-13 22:00:00,-120.25,-120.15686977026697,44.0,43.92841904813663,692.0992274014809,2005-11-15,11020001,"(44.0, -120.25)"
2005-11-13 21:00:00,-120.75,-120.78712420841467,44.25,44.165323712558944,693.047004265848,2005-11-15,11020001,"(44.25, -120.75)"
2005-11-13 20:00:00,-121.5,-121.40143958492014,44.5,44.42407110784181,735.8592188461085,2005-11-15,11020001,"(44.5, -121.5)"
2005-11-13 19:00:00,-122.0,-122.07161247627276,44.5,44.569930689105064,674.792491420198,2005-11-15,11020001,"(44.5, -122.0)"
2005-11-13 18:00:00,-122.75,-122.77440942245981,44.75,44.6988749934382,631.0073157275983,2005-11-15,11020001,"(44.75, -122.75)"
2005-11-13 17:00:00,-123.5,-123.48737753024021,45.0,44.904160795514265,674.4446163800719,2005-11-15,11020001,"(45.0, -123.5)"
2005-11-13 16:00:00,-124.25,-124.12846030847187,45.0,45.06133879207522,664.6862928072967,2005-11-15,11020001,"(45.0, -124.25)"
2005-11-13 15:00:00,-124.75,-124.78010921737959,45.25,45.22333578024959,675.1520555460095,2005-11-15,11020001,"(45.25, -124.75)"
2007-01-03 14:00:00,-120.0,-120.08124271137487,46.75,46.63988218718648,682.9255084924489,2007-01-06,11020001,"(46.75, -120.0)"
2007-01-03 13:00:00,-120.75,-120.77542838560542,46.5,46.595228689669824,675.7472161175895,2007-01-06,11020001,"(46.5, -120.75)"
2007-01-03 12:00:00,-121.5,-121.5261697248419,46.5,46.51972715207343,633.1693086015399,2007-01-06,11020001,"(46.5, -121.5)"
2007-01-03 11:00:00,-122.5,-122.37654815984682,46.25,46.362774987055445,648.3008250869777,2007-01-06,11020001,"(46.25, -122.5)"
2007-01-03 10:00:00,-123.25,-123.15473466777655,46.25,46.14818924801027,688.4288354360448,2007-01-06,11020001,"(46.25, -123.25)"
2007-01-03 09:00:00,-124.0,-123.91210336572111,46.0,45.9116228701039,708.0267527284418,2007-01-06,11020001,"(46.0, -124.0)"
2007-01-03 08:00:00,-124.5,-124.57148545074783,45.75,45.634349142219776,746.1508282185908,2007-01-06,11020001,"(45.75, -124.5)"
2008-02-29 17:00:00,-120.5,-120.49896744883635,48.75,48.79648916645861,652.9950561953042,2008-03-03,11020001,"(48.75, -120.5)"
2008-02-29 16:00:00,-121.0,-121.08454821295952,48.25,48.28201504087415,655.419962013402,2008-03-03,11020001,"(48.25, -121.0)"
2008-02-29 15:00:00,-121.5,-121.53645195999479,47.75,47.794950103123156,648.241677371719,2008-03-03,11020001,"(47.75, -121.5)"
2008-02-29 14:00:00,-122.0,-121.9613062210365,47.25,47.30913349365205,654.0124760127362,2008-03-03,11020001,"(47.25, -122.0)"
2008-02-29 13:00:00,-122.25,-122.3644050457997,46.75,46.81299449280266,669.7629458465285,2008-03-03,11020001,"(46.75, -122.25)"
2008-02-29 12:00:00,-122.75,-122.71074302706013,46.25,46.36820449181228,686.4669800071717,2008-03-03,11020001,"(46.25, -122.75)"
2008-02-29 11:00:00,-123.0,-123.03866722227919,46.0,45.96837290192435,704.7844866104647,2008-03-03,11020001,"(46.0, -123.0)"
2008-02-29 10:00:00,-123.25,-123.32289595139643,45.5,45.59655468981675,727.1494236420576,2008-03-03,11020001,"(45.5, -123.25)"
2008-02-29 09:00:00,-123.5,-123.54321009719062,45.25,45.257775981422384,740.0770099737682,2008-03-03,11020001,"(45.25, -123.5)"
2008-02-29 08:00:00,-123.75,-123.77711747724454,45.0,44.911666481049615,748.8996496464242,2008-03-03,11020001,"(45.0, -123.75)"
2008-02-29 07:00:00,-124.0,-123.97649402830812,44.5,44.61299744175698,752.180546954163,2008-03-03,11020001,"(44.5, -124.0)"
2008-02-29 06:00:00,-124.25,-124.1663029867155,44.25,44.352175510848966,740.3349741344301,2008-03-03,11020001,"(44.25, -124.25)"
2008-02-29 05:00:00,-124.25,-124.35972938882955,44.0,44.109265705079764,740.3812010270841,2008-03-03,11020001,"(44.0, -124.25)"
2008-02-29 04:00:00,-124.5,-124.54728450661412,44.0,43.90444400437332,748.0060295263452,2008-03-03,11020001,"(44.0, -124.5)"
2008-02-29 03:00:00,-124.75,-124.72256390058163,43.75,43.7245438798278,753.793647344086,2008-03-03,11020001,"(43.75, -124.75)"
2008-02-29 02:00:00,-125.0,-124.87655045722983,43.5,43.561056586582474,751.5920654227258,2008-03-03,11020001,"(43.5, -125.0)"
2008-02-29 01:00:00,-125.0,-125.02243550889668,43.5,43.41891073306718,750.6345258070471,2008-03-03,11020001,"(43.5, -125.0)"
2010-10-25 01:00:00,-120.5,-120.48701437578369,42.25,42.36323127489652,545.3215199182761,2010-10-26,11020001,"(42.25, -120.5)"
2010-10-25 00:00:00,-121.5,-121.50493342194277,41.75,41.79467496481573,560.2840182366938,2010-10-26,11020001,"(41.75, -121.5)"
2010-10-24 23:00:00,-122.5,-122.50112946485119,41.25,41.33980949703898,580.1820310620911,2010-10-26,11020001,"(41.25, -122.5)"
2010-10-24 22:00:00,-123.5,-123.41037551902765,41.0,41.01509880216853,577.7671262903966,2010-10-26,11020001,"(41.0, -123.5)"
2010-10-24 21:00:00,-124.5,-124.3832695999472,40.75,40.768004432235344,608.6742515675128,2010-10-26,11020001,"(40.75, -124.5)"
2018-04-06 15:00:00,-120.0,-119.95214881957952,39.75,39.86674806353591,689.3076817477316,2018-04-08,11020001,"(39.75, -120.0)"
2018-04-06 14:00:00,-120.5,-120.4366448454443,39.75,39.72945625615775,696.0098291203457,2018-04-08,11020001,"(39.75, -120.5)"
2018-04-06 13:00:00,-121.0,-120.9101481196052,39.5,39.5378792195032,684.5125203414926,2018-04-08,11020001,"(39.5, -121.0)"
2018-04-06 12:00:00,-121.25,-121.37119922196918,39.25,39.358019693623746,693.2128336288201,2018-04-08,11020001,"(39.25, -121.25)"
2018-04-06 11:00:00,-121.75,-121.81203135612058,39.25,39.20150780594528,719.0855437025551,2018-04-08,11020001,"(39.25, -121.75)"
2018-04-06 10:00:00,-122.25,-122.20617811812599,39.0,39.06767179205934,765.9906078813235,2018-04-08,11020001,"(39.0, -122.25)"
2018-04-06 09:00:00,-122.5,-122.56520897194467,39.0,38.93180474376017,790.0150995069291,2018-04-08,11020001,"(39.0, -122.5)"
2004-11-26 01:00:00,-120.0,-119.87780080979742,43.25,43.25148397036841,597.3363132742337,2004-11-28,14010004,"(43.25, -120.0)"
2004-11-26 00:00:00,-120.25,-120.28428689233823,43.5,43.580177678112555,590.2396877197227,2004-11-28,14010004,"(43.5, -120.25)"
2004-11-25 23:00:00,-120.75,-120.71196521622348,44.0,43.9026028591096,590.0509193649417,2004-11-28,14010004,"(44.0, -120.75)"
2004-11-25 22:00:00,-121.25,-121.16596663623282,44.25,44.22528959094988,589.4607893730854,2004-11-28,14010004,"(44.25, -121.25)"
2004-11-25 21:00:00,-121.5,-121.61390160507212,44.5,44.525028663575455,615.3851282936657,2004-11-28,14010004,"(44.5, -121.5)"
2004-11-25 20:00:00,-122.0,-122.11218980522685,44.75,44.76997808033114,605.7262375006944,2004-11-28,14010004,"(44.75, -122.0)"
2004-11-25 19:00:00,-122.75,-122.65068131926185,45.0,44.99860436177455,564.7603454705239,2004-11-28,14010004,"(45.0, -122.75)"
2004-11-25 18:00:00,-123.25,-123.2016090641901,45.25,45.227698417068126,538.5680785718863,2004-11-28,14010004,"(45.25, -123.25)"
2004-11-25 17:00:00,-123.75,-123.76769008784052,45.5,45.450112552801116,555.4635190512945,2004-11-28,14010004,"(45.5, -123.75)"
2004-11-25 16:00:00,-124.25,-124.3051016240494,45.75,45.66473819600462,559.9770039598745,2004-11-28,14010004,"(45.75, -124.25)"
2004-11-25 15:00:00,-124.75,-124.85303013946364,46.0,45.88828407664553,553.1420208167442,2004-11-28,14010004,"(46.0, -124.75)"
2007-12-04 22:00:00,-120.0,-119.93497808360668,40.25,40.31904071228901,729.3057177899735,2007-12-07,14010004,"(40.25, -120.0)"
2007-12-04 21:00:00,-120.25,-120.2893577941097,40.25,40.30572053787356,723.7387076722687,2007-12-07,14010004,"(40.25, -120.25)"
2007-12-04 20:00:00,-120.75,-120.70589197951823,40.25,40.2439750264302,717.9981381785749,2007-12-07,14010004,"(40.25, -120.75)"
2007-12-04 19:00:00,-121.25,-121.1505440038552,40.25,40.157452744168914,715.2627494454983,2007-12-07,14010004,"(40.25, -121.25)"
2007-12-04 18:00:00,-121.5,-121.58153985310128,40.0,40.05630123573668,713.6454057400899,2007-12-07,14010004,"(40.0, -121.5)"
2007-12-04 17:00:00,-122.0,-121.9929111468542,40.0,39.9771754007855,715.3076200028755,2007-12-07,14010004,"(40.0, -122.0)"
2007-12-04 16:00:00,-122.5,-122.41227676889692,40.0,39.908591899983826,717.6384912527795,2007-12-07,14010004,"(40.0, -122.5)"
2007-12-04 15:00:00,-122.75,-122.81999668340485,39.75,39.84133989362274,728.2915532062884,2007-12-07,14010004,"(39.75, -122.75)"
2007-12-04 14:00:00,-123.25,-123.25928308046934,39.75,39.79437956560411,706.6577798897282,2007-12-07,14010004,"(39.75, -123.25)"
2007-12-04 13:00:00,-123.75,-123.83806848407109,39.75,39.727403910573926,714.1161661890985,2007-12-07,14010004,"(39.75, -123.75)"
2007-12-04 12:00:00,-124.5,-124.45521787883922,39.75,39.63446202716204,717.3847466382948,2007-12-07,14010004,"(39.75, -124.5)"
2007-12-04 11:00:00,-125.0,-125.10835220811924,39.5,39.4929508256162,711.6530120235244,2007-12-07,14010004,"(39.5, -125.0)"
2010-10-24 23:00:00,-120.0,-120.06649798770862,43.5,43.46892306829686,588.7380895953341,2010-10-26,14010004,"(43.5, -120.0)"
2010-10-24 22:00:00,-121.0,-121.07879086751895,43.0,43.0579208280942,591.6332169487506,2010-10-26,14010004,"(43.0, -121.0)"
2010-10-24 21:00:00,-122.0,-122.05113624956043,42.5,42.58999047454828,605.6415249960271,2010-10-26,14010004,"(42.5, -122.0)"
2010-10-24 20:00:00,-123.0,-123.01608763439462,42.25,42.167200201697,648.2479783966344,2010-10-26,14010004,"(42.25, -123.0)"
2010-10-24 19:00:00,-123.75,-123.84842783295326,41.75,41.75082332930838,688.0720579468729,2010-10-26,14010004,"(41.75, -123.75)"
2010-10-24 18:00:00,-124.5,-124.57382036334918,41.5,41.42797059343065,780.4245417511474,2010-10-26,14010004,"(41.5, -124.5)"
2014-01-30 01:00:00,-120.75,-120.72880991192423,44.25,44.31526215697262,657.2076620485985,2014-02-01,14010004,"(44.25, -120.75)"
2014-01-30 00:00:00,-121.75,-121.75301179602285,44.5,44.47974752070562,659.3829855159768,2014-02-01,14010004,"(44.5, -121.75)"
2014-01-29 23:00:00,-122.75,-122.77691983214815,44.5,44.4521596410317,581.3657554677383,2014-02-01,14010004,"(44.5, -122.75)"
2014-01-29 22:00:00,-123.75,-123.84662334059495,44.5,44.457726210481816,614.5520856550874,2014-02-01,14010004,"(44.5, -123.75)"
2014-01-29 21:00:00,-125.0,-124.91211920954498,44.5,44.452540091335166,641.7741479140318,2014-02-01,14010004,"(44.5, -125.0)"
2016-01-29 02:00:00,-120.0,-119.93375601715239,39.25,39.324109167569425,672.932103941521,2016-01-31,14010004,"(39.25, -120.0)"
2016-01-29 01:00:00,-120.75,-120.64119798440848,39.25,39.34001864458372,645.2746377278447,2016-01-31,14010004,"(39.25, -120.75)"
2016-01-29 00:00:00,-121.25,-121.32144657986008,39.25,39.33329231757925,635.0253221880367,2016-01-31,14010004,"(39.25, -121.25)"
2016-01-28 23:00:00,-122.0,-122.01115040810487,39.25,39.325394885224135,654.3643258342013,2016-01-31,14010004,"(39.25, -122.0)"
2016-01-28 22:00:00,-122.75,-122.7292465829955,39.25,39.32280565286814,686.9317125216794,2016-01-31,14010004,"(39.25, -122.75)"
2016-01-28 21:00:00,-123.5,-123.39294593172228,39.25,39.30181957714169,654.0843244357583,2016-01-31,14010004,"(39.25, -123.5)"
2016-01-28 20:00:00,-124.0,-124.07127777696272,39.25,39.21699459016341,679.4380758112972,2016-01-31,14010004,"(39.25, -124.0)"
2016-01-28 19:00:00,-124.75,-124.73846453328959,39.0,39.12031363287593,707.8837384851313,2016-01-31,14010004,"(39.0, -124.75)"
2016-01-29 22:00:00,-120.0,-120.07939162817738,39.25,39.175442922331754,778.5807441545271,2016-02-01,14010004,"(39.25, -120.0)"
2017-01-04 20:00:00,-120.75,-120.63978029223067,41.0,40.88063610948703,652.169255743589,2017-01-06,14010004,"(41.0, -120.75)"
2017-01-04 19:00:00,-121.5,-121.430633160164,40.5,40.59322746374862,671.042039075186,2017-01-06,14010004,"(40.5, -121.5)"
2017-01-04 18:00:00,-122.25,-122.15168109344881,40.25,40.26170333115228,678.1638239100921,2017-01-06,14010004,"(40.25, -122.25)"
2017-01-04 17:00:00,-123.0,-123.00687243260936,40.0,39.99869469779253,706.5158063148289,2017-01-06,14010004,"(40.0, -123.0)"
2017-01-04 16:00:00,-123.75,-123.76058715951645,39.75,39.76827379369971,672.4047925145605,2017-01-06,14010004,"(39.75, -123.75)"
2017-01-04 15:00:00,-124.75,-124.72097609437665,39.5,39.55256982498364,681.4851214682412,2017-01-06,14010004,"(39.5, -124.75)"
2018-11-02 22:00:00,-120.0,-120.0202319389169,49.0,49.026228728698456,646.2683631502018,2018-11-05,14010004,"(49.0, -120.0)"
2019-12-13 00:00:00,-120.0,-119.97854754622233,39.25,39.35323111913174,696.2146008639021,2019-12-15,14010004,"(39.25, -120.0)"
2019-12-12 23:00:00,-120.75,-120.64288325487722,39.25,39.29292281159896,654.89323536755,2019-12-15,14010004,"(39.25, -120.75)"
2019-12-12 22:00:00,-121.5,-121.4372204267853,39.25,39.34032383301322,673.5553952149829,2019-12-15,14010004,"(39.25, -121.5)"
2019-12-12 21:00:00,-122.25,-122.2530342003331,39.5,39.3825279772756,710.494541808819,2019-12-15,14010004,"(39.5, -122.25)"
2019-12-12 20:00:00,-123.0,-122.90704592361793,39.5,39.378733063504725,738.9693975840427,2019-12-15,14010004,"(39.5, -123.0)"
2019-12-12 19:00:00,-123.5,-123.50020546142929,39.25,39.374240871368876,710.6935517961034,2019-12-15,14010004,"(39.25, -123.5)"
2019-12-12 18:00:00,-124.25,-124.18917250618209,39.25,39.3425976955021,713.2853662623769,2019-12-15,14010004,"(39.25, -124.25)"
2019-12-12 17:00:00,-124.75,-124.87077982663894,39.25,39.30413151818444,724.4907796029376,2019-12-15,14010004,"(39.25, -124.75)"
2001-06-12 06:00:00,-120.0,-120.11213775138499,40.5,40.46784860875909,669.8060322552542,2001-06-14,14010003,"(40.5, -120.0)"
2001-06-12 05:00:00,-120.5,-120.6071434069749,40.5,40.539549625507966,668.8709811807818,2001-06-14,14010003,"(40.5, -120.5)"
2001-06-12 04:00:00,-121.0,-121.11583163602899,40.5,40.59073147295237,664.885013847323,2001-06-14,14010003,"(40.5, -121.0)"
2001-06-12 03:00:00,-121.5,-121.61387923580456,40.5,40.61332384172463,658.4680964915917,2001-06-14,14010003,"(40.5, -121.5)"
2001-06-12 02:00:00,-122.0,-122.08235422604021,40.5,40.62273926237127,663.0000262593104,2001-06-14,14010003,"(40.5, -122.0)"
2001-06-12 01:00:00,-122.5,-122.49975767086403,40.75,40.651474183787414,676.0962364499311,2001-06-14,14010003,"(40.75, -122.5)"
2001-06-12 00:00:00,-122.75,-122.86478869965968,40.75,40.6735529711398,698.348821219169,2001-06-14,14010003,"(40.75, -122.75)"
2001-06-11 23:00:00,-123.25,-123.23691593434131,40.75,40.712798948717214,669.1552500369496,2001-06-14,14010003,"(40.75, -123.25)"
2001-06-11 22:00:00,-123.75,-123.69000875719559,40.75,40.77868171249169,661.5828703854033,2001-06-14,14010003,"(40.75, -123.75)"
2001-06-11 21:00:00,-124.25,-124.13314327469399,40.75,40.83438920905812,657.6374988892644,2001-06-14,14010003,"(40.75, -124.25)"
2001-06-11 20:00:00,-124.5,-124.51421186922802,41.0,40.93159858961273,656.9861115833045,2001-06-14,14010003,"(41.0, -124.5)"
2001-06-11 19:00:00,-125.0,-124.89756675825735,41.0,41.053965224976224,656.6571342650909,2001-06-14,14010003,"(41.0, -125.0)"
2002-11-09 02:00:00,-120.5,-120.39364768337708,39.75,39.84293599418453,711.685929759694,2002-11-10,14010003,"(39.75, -120.5)"
2002-11-09 01:00:00,-121.25,-121.19877732982135,39.5,39.415127884334886,697.5453610846681,2002-11-10,14010003,"(39.5, -121.25)"
2002-11-09 00:00:00,-122.0,-122.02786215043871,39.25,39.15289209071275,813.243383208716,2002-11-10,14010003,"(39.25, -122.0)"
2002-11-08 23:00:00,-122.75,-122.75470914237107,39.0,38.88249320306467,804.358715437961,2002-11-10,14010003,"(39.0, -122.75)"
2003-09-09 14:00:00,-120.25,-120.22693543459508,41.0,41.01859068667947,682.6204529784674,2003-09-11,14010003,"(41.0, -120.25)"
2003-09-09 13:00:00,-120.75,-120.69057846683755,41.0,41.01900552657284,682.0446204462663,2003-09-11,14010003,"(41.0, -120.75)"
2003-09-09 12:00:00,-121.25,-121.13123689648795,41.0,40.98329231872474,697.3705751599458,2003-09-11,14010003,"(41.0, -121.25)"
2003-09-09 11:00:00,-121.5,-121.55147126214892,41.0,40.89407546287,698.502235245089,2003-09-11,14010003,"(41.0, -121.5)"
2003-09-09 10:00:00,-122.0,-121.93295937769481,40.75,40.77663210347245,682.5136489801897,2003-09-11,14010003,"(40.75, -122.0)"
2003-09-09 09:00:00,-122.25,-122.24179693816903,40.75,40.71294004910862,671.9493371577058,2003-09-11,14010003,"(40.75, -122.25)"
2003-09-09 08:00:00,-122.5,-122.61071502781637,40.75,40.68034414824958,675.6577088672981,2003-09-11,14010003,"(40.75, -122.5)"
2003-09-09 07:00:00,-123.0,-122.94998762515674,40.75,40.6977022386143,671.997349292217,2003-09-11,14010003,"(40.75, -123.0)"
2003-09-09 06:00:00,-123.25,-123.28588693898794,40.75,40.78982713602534,670.048843509635,2003-09-11,14010003,"(40.75, -123.25)"
2003-09-09 05:00:00,-123.75,-123.65610926324445,41.0,40.91470981388187,675.7777945312824,2003-09-11,14010003,"(41.0, -123.75)"
2003-09-09 04:00:00,-124.0,-124.04743441368075,41.0,41.05431255735999,667.1023592726527,2003-09-11,14010003,"(41.0, -124.0)"
2003-09-09 03:00:00,-124.5,-124.45644842194085,41.25,41.21485980986659,669.4008777172129,2003-09-11,14010003,"(41.25, -124.5)"
2003-09-09 02:00:00,-124.75,-124.8715445486586,41.5,41.40140993450454,667.7078038212553,2003-09-11,14010003,"(41.5, -124.75)"
2004-11-26 06:00:00,-120.0,-120.05716440259152,41.0,41.072377123728394,606.5344000954711,2004-11-28,14010003,"(41.0, -120.0)"
2004-11-26 05:00:00,-120.5,-120.38757895934323,41.5,41.43265384148062,595.7070106924764,2004-11-28,14010003,"(41.5, -120.5)"
2004-11-26 04:00:00,-120.75,-120.7551702715604,41.75,41.83675668322145,576.7351637823103,2004-11-28,14010003,"(41.75, -120.75)"
2004-11-26 03:00:00,-121.25,-121.16669726489005,42.25,42.25227181725225,571.6416598456586,2004-11-28,14010003,"(42.25, -121.25)"
2004-11-26 02:00:00,-121.5,-121.61136446352157,42.75,42.6700048355373,571.8145912939384,2004-11-28,14010003,"(42.75, -121.5)"
2004-11-26 01:00:00,-122.0,-122.07942119990496,43.0,43.07799775392085,576.5066643916978,2004-11-28,14010003,"(43.0, -122.0)"
2004-11-26 00:00:00,-122.5,-122.60038624798172,43.5,43.46356832545601,556.7120706707578,2004-11-28,14010003,"(43.5, -122.5)"
2004-11-25 23:00:00,-123.25,-123.17888222335708,43.75,43.82606265499276,537.3536788807598,2004-11-28,14010003,"(43.75, -123.25)"
2004-11-25 22:00:00,-123.75,-123.80311824987143,44.25,44.15252337451899,540.8961644539811,2004-11-28,14010003,"(44.25, -123.75)"
2004-11-25 21:00:00,-124.5,-124.43012158154863,44.5,44.453814192787746,544.1022233734687,2004-11-28,14010003,"(44.5, -124.5)"
2004-11-25 20:00:00,-125.0,-125.03026985473737,44.75,44.71592322861366,550.3947993526219,2004-11-28,14010003,"(44.75, -125.0)"
2011-02-06 05:00:00,-120.0,-119.92312663409167,44.25,44.34027677375627,828.6935236970108,2011-02-08,14010003,"(44.25, -120.0)"
2011-02-06 04:00:00,-120.25,-120.1897414739536,44.5,44.58934387752631,834.6215514027012,2011-02-08,14010003,"(44.5, -120.25)"
2011-02-06 03:00:00,-120.5,-120.48408973352997,44.75,44.8175648722597,848.664062214112,2011-02-08,14010003,"(44.75, -120.5)"
2011-02-06 02:00:00,-120.75,-120.84359882254937,45.0,45.038438489105545,861.254527871233,2011-02-08,14010003,"(45.0, -120.75)"
2011-02-06 01:00:00,-121.25,-121.2283028126148,45.25,45.273030241490844,883.6554568987564,2011-02-08,14010003,"(45.25, -121.25)"
2011-02-06 00:00:00,-121.5,-121.60888064779624,45.5,45.41614705701364,841.8261401066467,2011-02-08,14010003,"(45.5, -121.5)"
2011-02-05 23:00:00,-122.0,-122.02740086644289,45.5,45.53402446279252,794.0071544322882,2011-02-08,14010003,"(45.5, -122.0)"
2011-02-05 22:00:00,-122.5,-122.4740446480891,45.75,45.86609792238068,813.8088402825,2011-02-08,14010003,"(45.75, -122.5)"
2011-02-05 21:00:00,-122.75,-122.86101775303929,46.25,46.16217613294342,831.4526286477214,2011-02-08,14010003,"(46.25, -122.75)"
2011-02-05 20:00:00,-123.25,-123.21478527581495,46.25,46.37444044417356,848.636026069121,2011-02-08,14010003,"(46.25, -123.25)"
2011-02-05 19:00:00,-123.5,-123.5157831915404,46.5,46.51265695788031,862.2540729723925,2011-02-08,14010003,"(46.5, -123.5)"
2011-02-05 18:00:00,-123.75,-123.76771038536953,46.75,46.6374039152868,865.4158063030393,2011-02-08,14010003,"(46.75, -123.75)"
2011-02-05 17:00:00,-124.0,-124.0012206925507,46.75,46.78745649265597,871.0584671794707,2011-02-08,14010003,"(46.75, -124.0)"
2011-02-05 16:00:00,-124.25,-124.19777087886374,47.0,46.94070735569795,863.9623177200773,2011-02-08,14010003,"(47.0, -124.25)"
2011-02-05 15:00:00,-124.5,-124.406119930119,47.0,47.10854118184923,855.9266700436549,2011-02-08,14010003,"(47.0, -124.5)"
2011-02-05 14:00:00,-124.5,-124.62034011334862,47.25,47.29958419774363,846.6609313011061,2011-02-08,14010003,"(47.25, -124.5)"
2011-02-05 13:00:00,-124.75,-124.86012574918216,47.5,47.51313440297876,839.08954563976,2011-02-08,14010003,"(47.5, -124.75)"
2011-04-03 01:00:00,-120.0,-119.9445613742961,39.75,39.86735135923552,614.06988120567,2011-04-04,14010003,"(39.75, -120.0)"
2011-04-03 00:00:00,-120.5,-120.52121172632378,39.75,39.774120886165804,629.4366596203032,2011-04-04,14010003,"(39.75, -120.5)"
2011-04-02 23:00:00,-121.0,-120.99918195871213,39.75,39.686093192680275,622.1449997969297,2011-04-04,14010003,"(39.75, -121.0)"
2011-04-02 22:00:00,-121.5,-121.42490237199533,39.5,39.57128900955463,638.9302989506914,2011-04-04,14010003,"(39.5, -121.5)"
2011-04-02 21:00:00,-121.75,-121.7786184806824,39.5,39.51861275172271,637.6860625732246,2011-04-04,14010003,"(39.5, -121.75)"
2011-04-02 20:00:00,-122.0,-122.05098754329258,39.5,39.51950708247814,637.286090651253,2011-04-04,14010003,"(39.5, -122.0)"
2011-04-02 19:00:00,-122.25,-122.30835587806574,39.5,39.54875228815847,645.064917837558,2011-04-04,14010003,"(39.5, -122.25)"
2011-04-02 18:00:00,-122.5,-122.56146346209778,39.75,39.637244637072904,660.2688429023756,2011-04-04,14010003,"(39.75, -122.5)"
2011-04-02 17:00:00,-122.75,-122.81572862620294,39.75,39.78592455311813,667.1345835898422,2011-04-04,14010003,"(39.75, -122.75)"
2011-04-02 16:00:00,-123.0,-123.08884671180917,40.0,39.96787100491948,657.3521257622269,2011-04-04,14010003,"(40.0, -123.0)"
2011-04-02 15:00:00,-123.5,-123.40179283890345,40.25,40.14752595090515,672.5776487093162,2011-04-04,14010003,"(40.25, -123.5)"
2011-04-02 14:00:00,-123.75,-123.74289109230496,40.5,40.400619085233316,649.731158460106,2011-04-04,14010003,"(40.5, -123.75)"
2011-04-02 13:00:00,-124.25,-124.17507616424373,40.75,40.753570646392795,614.3467944083308,2011-04-04,14010003,"(40.75, -124.25)"
2011-04-02 12:00:00,-124.75,-124.77803965911438,41.25,41.14771096839044,584.417606894078,2011-04-04,14010003,"(41.25, -124.75)"
2013-03-20 17:00:00,-120.25,-120.22895895189296,42.0,41.92950219978169,773.1188041712446,2013-03-22,14010003,"(42.0, -120.25)"
2013-03-20 16:00:00,-120.5,-120.60114901184073,41.5,41.489379743760296,774.106224449992,2013-03-22,14010003,"(41.5, -120.5)"
2013-03-20 15:00:00,-121.0,-121.081076058128,41.0,40.93805018274806,793.0222484245598,2013-03-22,14010003,"(41.0, -121.0)"
2013-03-20 14:00:00,-121.5,-121.41830937997923,40.5,40.424925894941246,773.707041769374,2013-03-22,14010003,"(40.5, -121.5)"
2013-03-20 13:00:00,-121.75,-121.65745337936266,39.75,39.837643080926775,803.111757535335,2013-03-22,14010003,"(39.75, -121.75)"
2013-03-20 12:00:00,-122.0,-121.8880349517818,39.5,39.39189465780929,872.2357089912598,2013-03-22,14010003,"(39.5, -122.0)"
2013-03-20 11:00:00,-122.0,-122.03449782979479,39.0,38.9512831473588,897.1937370900785,2013-03-22,14010003,"(39.0, -122.0)"
2014-12-20 23:00:00,-120.25,-120.23722647741027,41.0,41.113448692386264,749.1797245656944,2014-12-22,14010003,"(41.0, -120.25)"
2014-12-20 22:00:00,-120.75,-120.77245575580041,41.0,40.95583156291658,759.3835510628982,2014-12-22,14010003,"(41.0, -120.75)"
2014-12-20 21:00:00,-121.25,-121.3447119656656,40.75,40.7271805979995,771.3285686474544,2014-12-22,14010003,"(40.75, -121.25)"
2014-12-20 20:00:00,-121.75,-121.8265762579452,40.25,40.32703200819353,744.6511993796362,2014-12-22,14010003,"(40.25, -121.75)"
2014-12-20 19:00:00,-122.25,-122.26178276967988,40.25,40.12674853612734,784.0514885775873,2014-12-22,14010003,"(40.25, -122.25)"
2014-12-20 18:00:00,-122.75,-122.63010186135264,40.0,39.93598094848214,827.0478899173199,2014-12-22,14010003,"(40.0, -122.75)"
2014-12-20 17:00:00,-123.0,-122.88330038819724,39.75,39.718059868535384,809.7809063815321,2014-12-22,14010003,"(39.75, -123.0)"
2014-12-20 16:00:00,-123.25,-123.21244430576101,39.5,39.53166485032179,801.7613011008751,2014-12-22,14010003,"(39.5, -123.25)"
2014-12-20 15:00:00,-123.5,-123.5322326216386,39.25,39.367744707182126,839.9239758963116,2014-12-22,14010003,"(39.25, -123.5)"
2014-12-20 14:00:00,-123.75,-123.83491532488038,39.25,39.18972373674323,873.7256263141171,2014-12-22,14010003,"(39.25, -123.75)"
2014-12-20 13:00:00,-124.25,-124.12549568011724,39.0,39.00852077740242,921.4846135437336,2014-12-22,14010003,"(39.0, -124.25)"
2017-05-17 01:00:00,-120.25,-120.19652221612733,40.75,40.6806780927547,658.9496019740186,2017-05-19,14010003,"(40.75, -120.25)"
2017-05-17 00:00:00,-121.0,-120.927363929552,41.0,40.887033268543775,659.9035785326213,2017-05-19,14010003,"(41.0, -121.0)"
2017-05-16 23:00:00,-121.5,-121.62242616634809,41.0,41.058596311904864,679.1750556378473,2017-05-19,14010003,"(41.0, -121.5)"
2017-05-16 22:00:00,-122.25,-122.28225069697788,41.25,41.20263410210342,674.627652700283,2017-05-19,14010003,"(41.25, -122.25)"
2017-05-16 21:00:00,-123.0,-122.89195609722876,41.5,41.38235471612253,694.6214951212958,2017-05-19,14010003,"(41.5, -123.0)"
2017-05-16 20:00:00,-123.5,-123.50069736332216,41.5,41.52198516770949,673.0757544466192,2017-05-19,14010003,"(41.5, -123.5)"
2017-05-16 19:00:00,-124.25,-124.16734284277773,41.75,41.700405684135134,679.6352950878996,2017-05-19,14010003,"(41.75, -124.25)"
2017-05-16 18:00:00,-124.75,-124.78244077685493,42.0,41.92422452583142,712.2612628163636,2017-05-19,14010003,"(42.0, -124.75)"
2018-04-07 18:00:00,-120.5,-120.46859456711617,39.75,39.69644017994836,649.5835166507884,2018-04-09,14010003,"(39.75, -120.5)"
2018-04-07 17:00:00,-121.25,-121.18169005079392,39.25,39.32608855903539,620.0158426397887,2018-04-09,14010003,"(39.25, -121.25)"
2018-04-07 16:00:00,-122.0,-122.03607433680683,39.0,38.90589176204834,659.7988251190546,2018-04-09,14010003,"(39.0, -122.0)"
2020-02-07 00:00:00,-120.25,-120.13972041460208,44.5,44.485484898544385,763.131122560945,2020-02-08,14010003,"(44.5, -120.25)"
2020-02-06 23:00:00,-120.75,-120.78338428093438,44.75,44.76019873310619,749.8708518861949,2020-02-08,14010003,"(44.75, -120.75)"
2020-02-06 22:00:00,-121.5,-121.44886807376992,45.0,45.080642722150216,767.5480854007274,2020-02-08,14010003,"(45.0, -121.5)"
2020-02-06 21:00:00,-122.25,-122.22497171303333,45.25,45.365531189562695,728.2628018440536,2020-02-08,14010003,"(45.25, -122.25)"
2020-02-06 20:00:00,-122.75,-122.81846783133027,45.5,45.60664709543673,782.9431794925637,2020-02-08,14010003,"(45.5, -122.75)"
2020-02-06 19:00:00,-123.5,-123.37887483421403,45.75,45.80757262003802,806.8105398126422,2020-02-08,14010003,"(45.75, -123.5)"
2020-02-06 18:00:00,-124.0,-123.99451523046731,46.0,45.967371289669245,795.6240247054062,2020-02-08,14010003,"(46.0, -124.0)"
2020-02-06 17:00:00,-124.5,-124.51404888742171,46.25,46.151627830274215,832.3824686749166,2020-02-08,14010003,"(46.25, -124.5)"
2020-02-06 16:00:00,-125.0,-125.05626933786073,46.25,46.327738533286144,839.0020598958168,2020-02-08,14010003,"(46.25, -125.0)"
2023-12-02 22:00:00,-120.0,-120.0885082958307,45.5,45.39519226827918,766.1380755902895,2023-12-04,14010003,"(45.5, -120.0)"
2023-12-02 21:00:00,-121.0,-120.89879778627103,45.5,45.407742179717495,768.0076230701238,2023-12-04,14010003,"(45.5, -121.0)"
2023-12-02 20:00:00,-121.75,-121.72500218573833,45.25,45.346266003664645,751.7595132338233,2023-12-04,14010003,"(45.25, -121.75)"
2023-12-02 19:00:00,-122.5,-122.48993262528528,45.25,45.262710595499094,730.7228501830479,2023-12-04,14010003,"(45.25, -122.5)"
2023-12-02 18:00:00,-123.25,-123.19653663690183,45.25,45.13005238222347,797.2321774265773,2023-12-04,14010003,"(45.25, -123.25)"
2023-12-02 17:00:00,-123.75,-123.85699187610602,45.0,45.017432895554194,780.1601705191836,2023-12-04,14010003,"(45.0, -123.75)"
2023-12-02 16:00:00,-124.5,-124.52521923503622,45.0,44.883672261418255,786.8371656437979,2023-12-04,14010003,"(45.0, -124.5)"
2002-11-09 02:00:00,-120.75,-120.80855202212346,40.0,39.917897408847715,625.2626212470261,2002-11-10,14010002,"(40.0, -120.75)"
2002-11-09 01:00:00,-121.75,-121.72519960456815,39.5,39.59064682920356,637.6778341452862,2002-11-10,14010002,"(39.5, -121.75)"
2002-11-09 00:00:00,-122.5,-122.59193034376246,39.25,39.32675223360338,740.0698162345221,2002-11-10,14010002,"(39.25, -122.5)"
2002-11-08 23:00:00,-123.5,-123.47398167270292,39.0,39.11572264786719,681.9580664698206,2002-11-10,14010002,"(39.0, -123.5)"
2002-11-08 22:00:00,-124.5,-124.41098680458121,39.0,38.90340279023534,727.6333541254094,2002-11-10,14010002,"(39.0, -124.5)"
2003-03-25 16:00:00,-120.25,-120.22400846534165,40.25,40.36256326579287,574.9748964866815,2003-03-27,14010002,"(40.25, -120.25)"
2003-03-25 15:00:00,-121.0,-120.88533186060336,40.5,40.40574268680394,578.4244054718429,2003-03-27,14010002,"(40.5, -121.0)"
2003-03-25 14:00:00,-121.5,-121.54741450589825,40.5,40.42530839640089,584.983085272926,2003-03-27,14010002,"(40.5, -121.5)"
2003-03-25 13:00:00,-122.25,-122.20550439992336,40.5,40.40554900534649,584.5795714533126,2003-03-27,14010002,"(40.5, -122.25)"
2003-03-25 12:00:00,-122.75,-122.86625741706573,40.5,40.392796905165596,582.6839120187328,2003-03-27,14010002,"(40.5, -122.75)"
2003-03-25 11:00:00,-123.5,-123.49676573310992,40.25,40.32342652030472,577.1629282058403,2003-03-27,14010002,"(40.25, -123.5)"
2003-03-25 10:00:00,-124.0,-124.08995060053338,40.25,40.26788459567277,567.3407947461897,2003-03-27,14010002,"(40.25, -124.0)"
2003-03-25 09:00:00,-124.75,-124.67124540093847,40.25,40.23475551113659,567.0755191235227,2003-03-27,14010002,"(40.25, -124.75)"
2004-11-25 23:00:00,-120.0,-119.91439459877706,44.0,43.95558841393046,592.5428168079226,2004-11-28,14010002,"(44.0, -120.0)"
2004-11-25 22:00:00,-120.25,-120.34352083406613,44.25,44.238774022322225,590.5985603051139,2004-11-28,14010002,"(44.25, -120.25)"
2004-11-25 21:00:00,-120.75,-120.77873977095584,44.5,44.50089369532447,582.8766557943903,2004-11-28,14010002,"(44.5, -120.75)"
2004-11-25 20:00:00,-121.25,-121.23965783268953,44.75,44.7324210831054,592.2507901783817,2004-11-28,14010002,"(44.75, -121.25)"
2004-11-25 19:00:00,-121.75,-121.67804522446401,45.0,44.95125613361169,636.4625562397803,2004-11-28,14010002,"(45.0, -121.75)"
2004-11-25 18:00:00,-122.25,-122.20965752583966,45.25,45.18175777569341,599.9786010239304,2004-11-28,14010002,"(45.25, -122.25)"
2004-11-25 17:00:00,-122.75,-122.7405022486652,45.5,45.403755219671076,555.9181150486471,2004-11-28,14010002,"(45.5, -122.75)"
2004-11-25 16:00:00,-123.25,-123.28914619322616,45.5,45.61957915068151,547.5791674987429,2004-11-28,14010002,"(45.5, -123.25)"
2004-11-25 15:00:00,-123.75,-123.82406108218419,45.75,45.81749234453765,569.4275197048388,2004-11-28,14010002,"(45.75, -123.75)"
2004-11-25 14:00:00,-124.25,-124.3575249836033,46.0,46.015482416148394,566.0201863711279,2004-11-28,14010002,"(46.0, -124.25)"
2004-11-25 13:00:00,-125.0,-124.90752850667536,46.25,46.21211642646794,563.392388910203,2004-11-28,14010002,"(46.25, -125.0)"
2007-04-09 16:00:00,-120.0,-120.0741295031169,44.5,44.51166007330622,683.4823027121166,2007-04-11,14010002,"(44.5, -120.0)"
2007-04-09 15:00:00,-120.75,-120.6717749424719,44.5,44.4859490722633,697.0190104122935,2007-04-11,14010002,"(44.5, -120.75)"
2007-04-09 14:00:00,-121.25,-121.31146375756738,44.5,44.401596092608926,719.2558507676486,2007-04-11,14010002,"(44.5, -121.25)"
2007-04-09 13:00:00,-122.0,-121.98172856660355,44.25,44.25990333638865,702.7706227876058,2007-04-11,14010002,"(44.25, -122.0)"
2007-04-09 12:00:00,-122.75,-122.63928525168417,44.0,44.08100412680436,688.018369298524,2007-04-11,14010002,"(44.0, -122.75)"
2007-04-09 11:00:00,-123.25,-123.18381534534123,43.75,43.84624037145834,737.608355157244,2007-04-11,14010002,"(43.75, -123.25)"
2007-04-09 10:00:00,-123.75,-123.68811664047769,43.75,43.63017555372441,770.6215366264797,2007-04-11,14010002,"(43.75, -123.75)"
2007-04-09 09:00:00,-124.25,-124.17880703452627,43.5,43.459959298190746,778.3851255903702,2007-04-11,14010002,"(43.5, -124.25)"
2007-04-09 08:00:00,-124.75,-124.63234787772495,43.25,43.27097009189645,807.5801222711913,2007-04-11,14010002,"(43.25, -124.75)"
2007-04-09 07:00:00,-125.0,-125.04602301021906,43.25,43.14080111717528,824.5483797964304,2007-04-11,14010002,"(43.25, -125.0)"
2011-04-02 20:00:00,-120.5,-120.3958605393882,40.25,40.131078364756874,575.5806833060677,2011-04-04,14010002,"(40.25, -120.5)"
2011-04-02 19:00:00,-121.0,-120.95283354996052,40.0,39.92381813804229,572.0880839711089,2011-04-04,14010002,"(40.0, -121.0)"
2011-04-02 18:00:00,-121.5,-121.48568679881532,39.75,39.76853528062113,585.009833802202,2011-04-04,14010002,"(39.75, -121.5)"
2011-04-02 17:00:00,-122.0,-121.98596717253312,39.75,39.66050312768795,599.3921307880944,2011-04-04,14010002,"(39.75, -122.0)"
2011-04-02 16:00:00,-122.5,-122.44998664959235,39.5,39.55677537373666,606.7031052580818,2011-04-04,14010002,"(39.5, -122.5)"
2011-04-02 15:00:00,-123.0,-122.91984845630651,39.5,39.458069491329894,623.0207612959144,2011-04-04,14010002,"(39.5, -123.0)"
2011-04-02 14:00:00,-123.5,-123.38186691811049,39.25,39.358018006454905,654.3258301603215,2011-04-04,14010002,"(39.25, -123.5)"
2011-04-02 13:00:00,-123.75,-123.8626278327124,39.25,39.28668270430829,649.8400869515445,2011-04-04,14010002,"(39.25, -123.75)"
2011-04-02 12:00:00,-124.5,-124.43897468878751,39.25,39.172833393707215,645.9455116374911,2011-04-04,14010002,"(39.25, -124.5)"
2011-04-02 11:00:00,-125.0,-125.10612669669561,39.0,39.00431958940601,633.4869500317377,2011-04-04,14010002,"(39.0, -125.0)"
2013-12-01 16:00:00,-120.0,-119.89514258536923,41.25,41.19003191932271,724.5862038323099,2013-12-04,14010002,"(41.25, -120.0)"
2013-12-01 15:00:00,-120.25,-120.29399877668338,41.5,41.48731275559165,710.0481149038225,2013-12-04,14010002,"(41.5, -120.25)"
2013-12-01 14:00:00,-120.75,-120.73940423374997,41.75,41.78458148444185,702.5077518152667,2013-12-04,14010002,"(41.75, -120.75)"
2013-12-01 13:00:00,-121.25,-121.18956939031953,42.0,42.07146806149917,693.6986672269735,2013-12-04,14010002,"(42.0, -121.25)"
2013-12-01 12:00:00,-121.75,-121.63986633808885,42.25,42.35416148118914,688.4256066482774,2013-12-04,14010002,"(42.25, -121.75)"
2013-12-01 11:00:00,-122.0,-122.09309303537724,42.75,42.63345278074169,686.3755815240934,2013-12-04,14010002,"(42.75, -122.0)"
2013-12-01 10:00:00,-122.5,-122.58857850574994,43.0,42.92143332084329,657.0637979132381,2013-12-04,14010002,"(43.0, -122.5)"
2013-12-01 09:00:00,-123.0,-123.11101633248752,43.25,43.269103898578,653.8651357250176,2013-12-04,14010002,"(43.25, -123.0)"
2013-12-01 08:00:00,-123.75,-123.68724112393778,43.75,43.72473510064172,655.6791739151927,2013-12-04,14010002,"(43.75, -123.75)"
2013-12-01 07:00:00,-124.25,-124.31720429558186,44.25,44.14975849127472,651.5899981835889,2013-12-04,14010002,"(44.25, -124.25)"
2013-12-01 06:00:00,-125.0,-124.99451631740622,44.5,44.55225074303383,650.1034542034998,2013-12-04,14010002,"(44.5, -125.0)"
2014-12-21 07:00:00,-120.75,-120.706011625077,44.75,44.63327647209372,791.5196055374942,2014-12-22,14010002,"(44.75, -120.75)"
2014-12-21 06:00:00,-121.5,-121.49440994893777,44.25,44.360595576351145,819.5736801942395,2014-12-22,14010002,"(44.25, -121.5)"
2014-12-21 05:00:00,-122.25,-122.17480533734182,44.0,44.08231863144579,724.7079192892492,2014-12-22,14010002,"(44.0, -122.25)"
2014-12-21 04:00:00,-123.25,-123.19019103603647,44.0,43.97070603142714,852.7906900885199,2014-12-22,14010002,"(44.0, -123.25)"
2014-12-21 03:00:00,-124.0,-123.98402540461004,43.75,43.66770953947494,901.5842804776555,2014-12-22,14010002,"(43.75, -124.0)"
2014-12-21 02:00:00,-124.75,-124.67869430338425,43.25,43.33117270306415,956.7448071707698,2014-12-22,14010002,"(43.25, -124.75)"
2019-10-22 15:00:00,-120.25,-120.17705243386739,46.0,46.018386052837386,933.1169092383957,2019-10-24,14010002,"(46.0, -120.25)"
2019-10-22 14:00:00,-120.5,-120.6003764852143,46.0,45.90871496349423,894.4780545505284,2019-10-24,14010002,"(46.0, -120.5)"
2019-10-22 13:00:00,-121.0,-121.09098035199476,45.75,45.83906718479419,867.9071861052992,2019-10-24,14010002,"(45.75, -121.0)"
2019-10-22 12:00:00,-121.75,-121.68389849102356,45.75,45.82708252387274,882.3354670440193,2019-10-24,14010002,"(45.75, -121.75)"
2019-10-22 11:00:00,-122.25,-122.15284129719598,45.75,45.697665323170604,864.6340628528652,2019-10-24,14010002,"(45.75, -122.25)"
2019-10-22 10:00:00,-122.75,-122.73856105232151,45.5,45.541337382223304,950.7225602221064,2019-10-24,14010002,"(45.5, -122.75)"
2019-10-22 09:00:00,-123.25,-123.13837132396344,45.25,45.2506205599214,955.8363053704192,2019-10-24,14010002,"(45.25, -123.25)"
2019-10-22 08:00:00,-123.5,-123.45625847794435,45.0,44.95340898597997,960.0277921737716,2019-10-24,14010002,"(45.0, -123.5)"
2019-10-22 07:00:00,-123.75,-123.68532290999569,44.75,44.69917273014041,945.7655298076642,2019-10-24,14010002,"(44.75, -123.75)"
2019-10-22 06:00:00,-124.0,-123.94751860344743,44.5,44.427902550848025,954.3830446723458,2019-10-24,14010002,"(44.5, -124.0)"
2019-10-22 05:00:00,-124.25,-124.15497883494477,44.25,44.20992408690386,968.2176147892103,2019-10-24,14010002,"(44.25, -124.25)"
2019-10-22 04:00:00,-124.25,-124.32697732845203,44.0,44.043443286431575,965.4360151066621,2019-10-24,14010002,"(44.0, -124.25)"
2019-10-22 03:00:00,-124.5,-124.50707638557186,44.0,43.94211468593285,965.8013306799974,2019-10-24,14010002,"(44.0, -124.5)"
2019-10-22 02:00:00,-124.75,-124.68663015990421,43.75,43.853713874454414,967.0410436259007,2019-10-24,14010002,"(43.75, -124.75)"
2019-10-22 01:00:00,-124.75,-124.8733253718223,43.75,43.79960365181511,965.1737853736646,2019-10-24,14010002,"(43.75, -124.75)"
2019-10-22 00:00:00,-125.0,-125.07568064341814,43.75,43.789012101004445,964.8818410617586,2019-10-24,14010002,"(43.75, -125.0)"
2019-12-11 09:00:00,-120.0,-120.05330742073636,40.0,40.08141765907034,702.5992327199392,2019-12-14,14010002,"(40.0, -120.0)"
2019-12-11 08:00:00,-120.5,-120.52606025287835,40.0,40.03873707811172,698.4922329662934,2019-12-14,14010002,"(40.0, -120.5)"
2019-12-11 07:00:00,-121.0,-121.03446328664812,40.0,39.938447997779285,677.0683957770277,2019-12-14,14010002,"(40.0, -121.0)"
2019-12-11 06:00:00,-121.5,-121.50775488208009,39.75,39.807028337791195,658.8905062733279,2019-12-14,14010002,"(39.75, -121.5)"
2019-12-11 05:00:00,-122.0,-121.98261218534397,39.75,39.674873058837406,670.7174904496138,2019-12-14,14010002,"(39.75, -122.0)"
2019-12-11 04:00:00,-122.5,-122.44331921022545,39.5,39.52354154198113,679.523724723226,2019-12-14,14010002,"(39.5, -122.5)"
2019-12-11 03:00:00,-123.0,-122.91799998074531,39.5,39.40674453179021,682.8694448880925,2019-12-14,14010002,"(39.5, -123.0)"
2019-12-11 02:00:00,-123.5,-123.47031896390843,39.25,39.30122351049093,669.8264434639889,2019-12-14,14010002,"(39.25, -123.5)"
2019-12-11 01:00:00,-124.0,-123.99568791553082,39.0,39.10704038096084,668.2069581763577,2019-12-14,14010002,"(39.0, -124.0)"
2020-02-06 13:00:00,-120.0,-119.97140791234742,44.75,44.71804428239201,880.0279311810289,2020-02-08,14010002,"(44.75, -120.0)"
2020-02-06 12:00:00,-120.25,-120.23255261920428,44.75,44.63859687558607,885.9105086981895,2020-02-08,14010002,"(44.75, -120.25)"
2020-02-06 11:00:00,-120.5,-120.47181312563796,44.5,44.56410466975189,876.2072371971376,2020-02-08,14010002,"(44.5, -120.5)"
2020-02-06 10:00:00,-120.75,-120.66514708961701,44.5,44.47353300442178,860.1313097548494,2020-02-08,14010002,"(44.5, -120.75)"
2020-02-06 09:00:00,-121.0,-120.91420397426629,44.25,44.35627434731123,862.5311729807664,2020-02-08,14010002,"(44.25, -121.0)"
2020-02-06 08:00:00,-121.25,-121.22544776445076,44.25,44.267149148844105,888.2630300338112,2020-02-08,14010002,"(44.25, -121.25)"
2020-02-06 07:00:00,-121.5,-121.46467981601504,44.25,44.1385867072909,877.5351978631162,2020-02-08,14010002,"(44.25, -121.5)"
2020-02-06 06:00:00,-121.75,-121.63807588687723,44.0,44.048727350649806,849.4575672355135,2020-02-08,14010002,"(44.0, -121.75)"
2020-02-06 05:00:00,-121.75,-121.79266681444537,44.0,43.9630694737333,819.7068620757547,2020-02-08,14010002,"(44.0, -121.75)"
2020-02-06 04:00:00,-122.0,-122.08906879692391,44.0,43.91556162127377,811.1674047199107,2020-02-08,14010002,"(44.0, -122.0)"
2020-02-06 03:00:00,-122.5,-122.45096441731395,44.0,43.98546726977927,848.338190463524,2020-02-08,14010002,"(44.0, -122.5)"
2020-02-06 02:00:00,-122.75,-122.78518769263472,44.0,44.00933913203879,898.4054987159305,2020-02-08,14010002,"(44.0, -122.75)"
2020-02-06 01:00:00,-123.0,-123.10576759191503,44.0,43.97632664864843,941.6977981792119,2020-02-08,14010002,"(44.0, -123.0)"
2020-02-06 00:00:00,-123.25,-123.36674114564389,44.0,43.88543833986217,961.7859524687447,2020-02-08,14010002,"(44.0, -123.25)"
2020-02-05 23:00:00,-123.5,-123.60252275934528,43.75,43.788712439031706,970.1409750906654,2020-02-08,14010002,"(43.75, -123.5)"
2020-02-05 22:00:00,-123.75,-123.82390463118,43.75,43.6961465600591,981.360349158423,2020-02-08,14010002,"(43.75, -123.75)"
2020-02-05 21:00:00,-124.0,-124.0006552988414,43.75,43.63391707499362,995.3507373163002,2020-02-08,14010002,"(43.75, -124.0)"
2020-02-05 20:00:00,-124.25,-124.18770521496708,43.5,43.60813769917639,1000.0,2020-02-08,14010002,"(43.5, -124.25)"
2022-01-05 00:00:00,-120.0,-120.0499352264597,40.0,40.11206459613393,783.321377587332,2022-01-06,14010002,"(40.0, -120.0)"
2022-01-04 23:00:00,-120.5,-120.4981867537489,40.0,39.97855848906327,765.5303917698592,2022-01-06,14010002,"(40.0, -120.5)"
2022-01-04 22:00:00,-121.0,-120.95290927745191,39.75,39.86344122193601,739.0868583628719,2022-01-06,14010002,"(39.75, -121.0)"
2022-01-04 21:00:00,-121.5,-121.42390146365854,40.0,39.9042687386048,722.8608537345882,2022-01-06,14010002,"(40.0, -121.5)"
2022-01-04 20:00:00,-122.0,-121.87634406522591,40.0,39.93374101492876,730.4144891063396,2022-01-06,14010002,"(40.0, -122.0)"
2022-01-04 19:00:00,-122.25,-122.34958701172772,40.0,40.03924982270108,745.5841151249217,2022-01-06,14010002,"(40.0, -122.25)"
2022-01-04 18:00:00,-122.75,-122.84932998851481,40.25,40.14899419143695,780.6444573083218,2022-01-06,14010002,"(40.25, -122.75)"
2022-01-04 17:00:00,-123.25,-123.35117702208203,40.25,40.12896960293781,737.0664362507857,2022-01-06,14010002,"(40.25, -123.25)"
2022-01-04 16:00:00,-124.0,-123.97578200784078,40.25,40.14632186516818,735.8940601305817,2022-01-06,14010002,"(40.25, -124.0)"
2022-01-04 15:00:00,-124.5,-124.59772206443864,40.0,40.121382714686554,744.365277445749,2022-01-06,14010002,"(40.0, -124.5)"
2010-11-15 04:00:00,-120.0,-119.97858905741401,46.5,46.474702939290914,879.2996848261679,2010-11-17,10180010,"(46.5, -120.0)"
2010-11-15 03:00:00,-120.25,-120.3352097004595,46.75,46.73561186580401,894.4744592783129,2010-11-17,10180010,"(46.75, -120.25)"
2010-11-15 02:00:00,-120.75,-120.82225407718633,47.0,47.00439014441777,890.7119719551482,2010-11-17,10180010,"(47.0, -120.75)"
2010-11-15 01:00:00,-121.25,-121.20814368682981,47.25,47.17493296786035,838.2734093591163,2010-11-17,10180010,"(47.25, -121.25)"
2010-11-15 00:00:00,-121.75,-121.67458435290052,47.25,47.31415209131346,820.2035620523471,2010-11-17,10180010,"(47.25, -121.75)"
2010-11-14 23:00:00,-122.0,-122.02400394931098,47.5,47.45790414496519,835.6285594136779,2010-11-17,10180010,"(47.5, -122.0)"
2010-11-14 22:00:00,-122.25,-122.26312001615558,47.5,47.59465111047457,850.3393482084085,2010-11-17,10180010,"(47.5, -122.25)"
2010-11-14 21:00:00,-122.5,-122.46115990258161,47.75,47.744477698638086,856.9743316004733,2010-11-17,10180010,"(47.75, -122.5)"
2010-11-14 20:00:00,-122.75,-122.74021527325884,48.0,47.89098660179169,868.9457021456702,2010-11-17,10180010,"(48.0, -122.75)"
2010-11-14 19:00:00,-123.0,-123.04033608369058,48.0,48.0140986523443,869.8863511362415,2010-11-17,10180010,"(48.0, -123.0)"
2010-11-14 18:00:00,-123.25,-123.3378182312252,48.0,48.0942146636721,856.0577722969485,2010-11-17,10180010,"(48.0, -123.25)"
2010-11-14 17:00:00,-123.5,-123.61826285063292,48.25,48.15654096911251,849.5769703892015,2010-11-17,10180010,"(48.25, -123.5)"
2010-11-14 16:00:00,-124.0,-123.88570796425998,48.25,48.27693882531416,859.2286777136806,2010-11-17,10180010,"(48.25, -124.0)"
2010-11-14 15:00:00,-124.25,-124.13519967654818,48.5,48.43187111836746,864.8079045445307,2010-11-17,10180010,"(48.5, -124.25)"
2010-11-14 14:00:00,-124.25,-124.3678266081749,48.75,48.62521445618792,863.5694833833471,2010-11-17,10180010,"(48.75, -124.25)"
2010-11-14 13:00:00,-124.75,-124.62642351278606,48.75,48.85830500544438,860.5390267280801,2010-11-17,10180010,"(48.75, -124.75)"
2010-11-14 12:00:00,-125.0,-124.89522205292928,49.0,49.06948566803555,854.3541260892238,2010-11-17,10180010,"(49.0, -125.0)"
2000-03-14 05:00:00,-120.0,-119.98820109917202,43.75,43.66216225555355,754.4246932018646,2000-03-16,10190001,"(43.75, -120.0)"
2000-03-14 04:00:00,-120.75,-120.6551802307002,43.5,43.40226586628573,763.2882432951523,2000-03-16,10190001,"(43.5, -120.75)"
2000-03-14 03:00:00,-121.25,-121.24603454433249,43.0,43.064317458435866,768.4728287926091,2000-03-16,10190001,"(43.0, -121.25)"
2000-03-14 02:00:00,-121.75,-121.73130611025424,42.75,42.68982266401739,749.0771827873056,2000-03-16,10190001,"(42.75, -121.75)"
2000-03-14 01:00:00,-122.25,-122.20349191699084,42.5,42.39570748210184,744.0443734996308,2000-03-16,10190001,"(42.5, -122.25)"
2000-03-14 00:00:00,-122.75,-122.62551579230437,42.25,42.127988863134604,758.9414481988752,2000-03-16,10190001,"(42.25, -122.75)"
2000-03-13 23:00:00,-123.0,-122.99222594947128,41.75,41.84988576160193,770.123241578082,2000-03-16,10190001,"(41.75, -123.0)"
2000-03-13 22:00:00,-123.25,-123.32042585080542,41.5,41.58557725966104,770.8569185540695,2000-03-16,10190001,"(41.5, -123.25)"
2000-03-13 21:00:00,-123.75,-123.63095082192905,41.25,41.3402461146607,783.1321316441162,2000-03-16,10190001,"(41.25, -123.75)"
2000-03-13 20:00:00,-123.75,-123.85831281263232,41.25,41.17674609013282,790.8071599075649,2000-03-16,10190001,"(41.25, -123.75)"
2000-03-13 19:00:00,-124.0,-124.06502544952497,41.0,41.07399170018069,792.8427717283635,2000-03-16,10190001,"(41.0, -124.0)"
2000-03-13 18:00:00,-124.25,-124.27823491800778,41.0,41.02753016848588,796.1709699557376,2000-03-16,10190001,"(41.0, -124.25)"
2000-03-13 17:00:00,-124.5,-124.51533884566936,41.0,41.00973400469473,801.890053209411,2000-03-16,10190001,"(41.0, -124.5)"
2000-03-13 16:00:00,-124.75,-124.77690262945544,41.0,40.996022097713706,804.548552451899,2000-03-16,10190001,"(41.0, -124.75)"
2000-03-13 15:00:00,-125.0,-125.04843240753969,41.0,40.969273791688714,803.7259822684672,2000-03-16,10190001,"(41.0, -125.0)"
2002-11-09 03:00:00,-120.25,-120.24891611267824,39.5,39.53180724808115,644.9274729784714,2002-11-10,10190001,"(39.5, -120.25)"
2002-11-09 02:00:00,-121.25,-121.28185030435222,39.25,39.15250238690324,595.5697219654629,2002-11-10,10190001,"(39.25, -121.25)"
2017-05-16 17:00:00,-121.0,-121.05426624615687,39.0,38.94128842064232,649.911347478696,2017-05-19,10190001,"(39.0, -121.0)"
2017-05-16 16:00:00,-121.5,-121.46813368405321,39.25,39.248208453431424,653.6367527006114,2017-05-19,10190001,"(39.25, -121.5)"
2017-05-16 15:00:00,-122.0,-121.88839138700713,39.5,39.56792023779353,660.4971221109249,2017-05-19,10190001,"(39.5, -122.0)"
2017-05-16 14:00:00,-122.25,-122.3090917724129,40.0,39.88940367494979,667.7576409948837,2017-05-19,10190001,"(40.0, -122.25)"
2017-05-16 13:00:00,-122.75,-122.73910556506716,40.25,40.204502320964764,663.7055453752837,2017-05-19,10190001,"(40.25, -122.75)"
2017-05-16 12:00:00,-123.25,-123.15130426896138,40.5,40.51833610067592,682.2016290310198,2017-05-19,10190001,"(40.5, -123.25)"
2017-05-16 11:00:00,-123.5,-123.5914428832783,40.75,40.80403029978009,675.2264405556919,2017-05-19,10190001,"(40.75, -123.5)"
2017-05-16 10:00:00,-124.0,-124.06988346395111,41.0,41.10251460012161,676.7476639539922,2017-05-19,10190001,"(41.0, -124.0)"
2017-05-16 09:00:00,-124.5,-124.56469556855698,41.5,41.40134026992484,687.3469482886204,2017-05-19,10190001,"(41.5, -124.5)"
2017-05-16 08:00:00,-125.0,-124.99264628978538,41.75,41.63542255723313,689.4957938588802,2017-05-19,10190001,"(41.75, -125.0)"
2001-04-30 23:00:00,-120.0,-120.0217120053255,46.5,46.44377657730209,871.3736921979636,2001-05-03,10190007,"(46.5, -120.0)"
2001-04-30 22:00:00,-120.5,-120.52866108959624,46.25,46.268282722916524,878.4832440640436,2001-05-03,10190007,"(46.25, -120.5)"
2001-04-30 21:00:00,-121.0,-121.06418727464079,46.0,46.098097199494994,801.7856626335155,2001-05-03,10190007,"(46.0, -121.0)"
2001-04-30 20:00:00,-121.75,-121.84758910609453,46.0,45.888404061705785,736.4078353658432,2001-05-03,10190007,"(46.0, -121.75)"
2001-04-30 19:00:00,-122.75,-122.64682876192681,45.75,45.63780247262537,750.6899966009292,2001-05-03,10190007,"(45.75, -122.75)"
2001-04-30 18:00:00,-123.5,-123.4230221030657,45.5,45.39715383475927,783.1331368766039,2001-05-03,10190007,"(45.5, -123.5)"
2001-04-30 17:00:00,-124.25,-124.14746625715524,45.25,45.139283384002454,752.2174753820443,2001-05-03,10190007,"(45.25, -124.25)"
2001-04-30 16:00:00,-125.0,-124.92435681023245,45.0,44.89187004252851,797.1362998916403,2001-05-03,10190007,"(45.0, -125.0)"
2011-05-09 13:00:00,-123.75,-123.79439812379526,39.0,39.02333824507517,468.2313022574497,2011-05-12,10190008,"(39.0, -123.75)"
2011-05-09 12:00:00,-124.25,-124.17203639286063,40.25,40.2071394066251,461.54739045130685,2011-05-12,10190008,"(40.25, -124.25)"
2011-05-09 11:00:00,-124.5,-124.51445493613213,41.5,41.396444725909284,459.1870770905323,2011-05-12,10190008,"(41.5, -124.5)"
2011-05-09 10:00:00,-124.75,-124.82272609107574,42.5,42.5652019788961,454.99513731256246,2011-05-12,10190008,"(42.5, -124.75)"
2011-05-09 09:00:00,-125.0,-125.08976190983653,43.75,43.701553326740495,454.43411757008255,2011-05-12,10190008,"(43.75, -125.0)"
2021-10-25 09:00:00,-120.25,-120.12803601547607,40.5,40.566301996090495,576.4716241903618,2021-10-27,14020006,"(40.5, -120.25)"
2021-10-25 08:00:00,-121.0,-120.90647801225236,39.75,39.75888536620055,553.0689449698892,2021-10-27,14020006,"(39.75, -121.0)"
2000-05-07 07:00:00,-120.0,-120.0073553407267,39.25,39.217575776171095,607.2166877973254,2000-05-09,14050006,"(39.25, -120.0)"
2000-05-07 06:00:00,-120.75,-120.75348726038273,39.0,39.06745424293866,556.2937215812208,2000-05-09,14050006,"(39.0, -120.75)"
2000-05-07 05:00:00,-121.5,-121.47568580506909,39.0,38.890747196327055,567.677419732092,2000-05-09,14050006,"(39.0, -121.5)"
2002-03-12 13:00:00,-120.25,-120.2390502406963,39.5,39.510495161969956,671.5361658184511,2002-03-14,14050006,"(39.5, -120.25)"
2002-03-12 12:00:00,-120.75,-120.84897628158372,39.25,39.33560323994448,632.4688968231784,2002-03-14,14050006,"(39.25, -120.75)"
2002-03-12 11:00:00,-121.5,-121.51551884897012,39.25,39.17049918656744,641.8689349117922,2002-03-14,14050006,"(39.25, -121.5)"
2002-03-12 10:00:00,-122.25,-122.14680008362546,39.0,39.03351786193941,661.5883791031927,2002-03-14,14050006,"(39.0, -122.25)"
2002-03-12 09:00:00,-122.75,-122.74401416094047,39.0,38.92996601920781,665.5611667235537,2002-03-14,14050006,"(39.0, -122.75)"
2004-11-25 14:00:00,-120.0,-120.02212881938311,45.0,45.11076159975637,793.2955288989754,2004-11-28,14050006,"(45.0, -120.0)"
2004-11-25 13:00:00,-120.75,-120.7808506632298,45.0,45.111314148370305,816.3116007760719,2004-11-28,14050006,"(45.0, -120.75)"
2004-11-25 12:00:00,-121.5,-121.53391828959211,45.0,44.93703465482715,834.4238036883335,2004-11-28,14050006,"(45.0, -121.5)"
2004-11-25 11:00:00,-122.25,-122.20544071785493,44.75,44.675984144985506,768.1072360874304,2004-11-28,14050006,"(44.75, -122.25)"
2004-11-25 10:00:00,-123.0,-123.02796520131011,44.5,44.44597181532137,814.4751542783722,2004-11-28,14050006,"(44.5, -123.0)"
2004-11-25 09:00:00,-123.75,-123.74507796685158,44.0,44.12166643411275,842.5093560110939,2004-11-28,14050006,"(44.0, -123.75)"
2004-11-25 08:00:00,-124.5,-124.39064311078799,43.75,43.71925778474771,869.6424292899528,2004-11-28,14050006,"(43.75, -124.5)"
2004-11-25 07:00:00,-125.0,-124.9035107291415,43.25,43.323979627070734,895.135109817596,2004-11-28,14050006,"(43.25, -125.0)"
2006-11-27 13:00:00,-120.0,-120.09176095101999,40.75,40.700765980249905,790.8838775484577,2006-11-29,14050006,"(40.75, -120.0)"
2006-11-27 12:00:00,-120.5,-120.48406368241044,40.5,40.573520977994185,796.6745263740368,2006-11-29,14050006,"(40.5, -120.5)"
2006-11-27 11:00:00,-120.75,-120.81218347284532,40.5,40.38366314920507,793.1657110635033,2006-11-29,14050006,"(40.5, -120.75)"
2006-11-27 10:00:00,-121.0,-121.10543730710273,40.0,40.09300710717049,799.4568879285863,2006-11-29,14050006,"(40.0, -121.0)"
2006-11-27 09:00:00,-121.25,-121.32138629367465,39.75,39.665175165152945,824.7066902201817,2006-11-29,14050006,"(39.75, -121.25)"
2006-11-27 08:00:00,-121.5,-121.47385302443287,39.25,39.21621696316488,918.170000703022,2006-11-29,14050006,"(39.25, -121.5)"
2006-11-26 03:00:00,-123.75,-123.78898127304785,39.0,38.913467405205296,949.5316780525802,2006-11-29,14050006,"(39.0, -123.75)"
2006-11-26 02:00:00,-124.0,-123.90447709852035,39.25,39.21085364651176,945.9384846817323,2006-11-29,14050006,"(39.25, -124.0)"
2006-11-26 01:00:00,-124.0,-123.96961650901424,39.5,39.50142930414642,940.1833940751666,2006-11-29,14050006,"(39.5, -124.0)"
2007-12-05 07:00:00,-120.0,-120.02207253969934,40.0,40.07364468648308,731.0095712868947,2007-12-07,14050006,"(40.0, -120.0)"
2007-12-05 06:00:00,-120.25,-120.20288688930928,40.0,39.982929912854814,734.61991158567,2007-12-07,14050006,"(40.0, -120.25)"
2007-12-05 05:00:00,-120.5,-120.37808861511864,40.0,39.91437701500949,738.2787859168254,2007-12-07,14050006,"(40.0, -120.5)"
2007-12-05 04:00:00,-120.5,-120.56103693509047,39.75,39.86286404191651,738.6476540999814,2007-12-07,14050006,"(39.75, -120.5)"
2007-12-05 03:00:00,-120.75,-120.75149116104481,39.75,39.81763953388459,735.9165508964934,2007-12-07,14050006,"(39.75, -120.75)"
2007-12-05 02:00:00,-121.0,-120.94503783490458,39.75,39.78182622382241,734.7095564652202,2007-12-07,14050006,"(39.75, -121.0)"
2007-12-05 01:00:00,-121.25,-121.13919420131108,39.75,39.75191091958334,733.1245147260483,2007-12-07,14050006,"(39.75, -121.25)"
2007-12-05 00:00:00,-121.25,-121.35472440638847,39.75,39.7202052581296,730.8194326660711,2007-12-07,14050006,"(39.75, -121.25)"
2007-12-04 23:00:00,-121.5,-121.59755814324662,39.75,39.69111738240314,731.8077474026989,2007-12-07,14050006,"(39.75, -121.5)"
2007-12-04 22:00:00,-121.75,-121.84408088344635,39.75,39.66321674466032,727.7980769497092,2007-12-07,14050006,"(39.75, -121.75)"
2007-12-04 21:00:00,-122.0,-122.10336389877328,39.75,39.63968251295388,735.215370684722,2007-12-07,14050006,"(39.75, -122.0)"
2007-12-04 20:00:00,-122.5,-122.44144821982947,39.5,39.624253691982105,736.4417255489075,2007-12-07,14050006,"(39.5, -122.5)"
2007-12-04 19:00:00,-122.75,-122.76712987746626,39.5,39.581360027358315,739.1256128469275,2007-12-07,14050006,"(39.5, -122.75)"
2007-12-04 18:00:00,-123.0,-123.08228055950207,39.5,39.508760213566795,735.7532152837549,2007-12-07,14050006,"(39.5, -123.0)"
2007-12-04 17:00:00,-123.5,-123.4352258725894,39.5,39.44012992981136,734.4511229846637,2007-12-07,14050006,"(39.5, -123.5)"
2007-12-04 16:00:00,-123.75,-123.80402405267978,39.25,39.371860980458266,733.7359492176084,2007-12-07,14050006,"(39.25, -123.75)"
2007-12-04 15:00:00,-124.25,-124.19605408897785,39.25,39.30588487611895,726.7637040846769,2007-12-07,14050006,"(39.25, -124.25)"
2007-12-04 14:00:00,-124.75,-124.6254242269379,39.25,39.235394264053774,726.3734806721732,2007-12-07,14050006,"(39.25, -124.75)"
2007-12-04 13:00:00,-125.0,-125.0948719802556,39.25,39.14961338944938,724.3701304789565,2007-12-07,14050006,"(39.25, -125.0)"
2010-10-24 22:00:00,-120.0,-120.0335789446749,44.25,44.333227907507585,711.9574776919632,2010-10-26,14050006,"(44.25, -120.0)"
2010-10-24 21:00:00,-120.75,-120.74289860890697,44.25,44.24462844592231,685.9251600054935,2010-10-26,14050006,"(44.25, -120.75)"
2010-10-24 20:00:00,-121.5,-121.5582158011706,44.0,44.116107459185976,704.4643929357561,2010-10-26,14050006,"(44.0, -121.5)"
2010-10-24 19:00:00,-122.25,-122.35555578558049,44.0,43.972539913832904,686.624551160572,2010-10-26,14050006,"(44.0, -122.25)"
2010-10-24 18:00:00,-123.25,-123.19350855855491,43.75,43.668676738114115,778.3643758266431,2010-10-26,14050006,"(43.75, -123.25)"
2010-10-24 17:00:00,-124.0,-123.94617102668504,43.25,43.37126845975634,842.4213308262488,2010-10-26,14050006,"(43.25, -124.0)"
2010-10-24 16:00:00,-124.75,-124.6751192185959,43.0,43.11464985862732,882.8555058385722,2010-10-26,14050006,"(43.0, -124.75)"
2013-12-02 20:00:00,-120.25,-120.36051462220038,43.0,43.00538790025479,758.7281225942056,2013-12-04,14050006,"(43.0, -120.25)"
2013-12-02 19:00:00,-121.25,-121.15476043211602,43.0,42.965537546467885,797.349187373015,2013-12-04,14050006,"(43.0, -121.25)"
2013-12-02 18:00:00,-121.75,-121.7407045228523,42.75,42.79109201117392,800.0486664280555,2013-12-04,14050006,"(42.75, -121.75)"
2013-12-02 17:00:00,-122.25,-122.30826242420564,42.75,42.63045640644787,778.0450726635137,2013-12-04,14050006,"(42.75, -122.25)"
2013-12-02 16:00:00,-123.0,-122.9861214981263,42.5,42.50179383733447,843.8803330981317,2013-12-04,14050006,"(42.5, -123.0)"
2013-12-02 15:00:00,-123.75,-123.63594815219356,42.25,42.28588219018839,896.5694666288455,2013-12-04,14050006,"(42.25, -123.75)"
2013-12-02 14:00:00,-124.0,-123.88413421362374,42.0,42.02648783920429,894.7379256131363,2013-12-04,14050006,"(42.0, -124.0)"
2013-12-02 13:00:00,-124.25,-124.13939169095309,41.75,41.731562813350216,939.9575290188336,2013-12-04,14050006,"(41.75, -124.25)"
2013-12-02 12:00:00,-124.25,-124.31939672826243,41.5,41.508982683636916,987.9841874446414,2013-12-04,14050006,"(41.5, -124.25)"
2013-12-02 11:00:00,-124.5,-124.43334157538226,41.25,41.26592746319044,1000.0,2013-12-04,14050006,"(41.25, -124.5)"
2014-01-29 19:00:00,-120.25,-120.28600236694984,42.0,41.98243355626548,785.4397597289976,2014-01-31,14050006,"(42.0, -120.25)"
2014-01-29 18:00:00,-120.75,-120.70915203746496,41.75,41.74670156015584,805.6729666470891,2014-01-31,14050006,"(41.75, -120.75)"
2014-01-29 17:00:00,-121.25,-121.16973751538471,41.5,41.3944354517584,839.0049387879939,2014-01-31,14050006,"(41.5, -121.25)"
2014-01-29 16:00:00,-121.5,-121.39490587444156,41.25,41.166773236827765,839.6976709289922,2014-01-31,14050006,"(41.25, -121.5)"
2014-01-29 15:00:00,-121.75,-121.6281245763512,41.0,40.92582465224736,846.363764498543,2014-01-31,14050006,"(41.0, -121.75)"
2014-01-29 14:00:00,-121.75,-121.8098639960203,40.75,40.6959695548631,856.9568038026827,2014-01-31,14050006,"(40.75, -121.75)"
2014-01-29 13:00:00,-122.0,-121.87969513447909,40.5,40.48802316801095,859.451005010202,2014-01-31,14050006,"(40.5, -122.0)"
2014-01-29 12:00:00,-122.0,-121.92005666489634,40.25,40.30515689546691,852.0596958172566,2014-01-31,14050006,"(40.25, -122.0)"
2014-01-29 11:00:00,-122.0,-122.00917922672346,40.25,40.141531758341564,855.0460713813899,2014-01-31,14050006,"(40.25, -122.0)"
2014-01-29 10:00:00,-122.0,-122.11182108311353,40.0,40.0159715088619,854.2474521981206,2014-01-31,14050006,"(40.0, -122.0)"
2014-01-29 09:00:00,-122.25,-122.225951185847,40.0,39.91798674100073,859.3238452270143,2014-01-31,14050006,"(40.0, -122.25)"
2014-01-29 08:00:00,-122.25,-122.35936812374425,39.75,39.78766150583942,864.384889899878,2014-01-31,14050006,"(39.75, -122.25)"
2014-01-29 07:00:00,-122.5,-122.48356348845584,39.75,39.709497992629935,862.458310748646,2014-01-31,14050006,"(39.75, -122.5)"
2014-01-29 06:00:00,-122.5,-122.61338363555967,39.75,39.66836990123244,854.4428832443471,2014-01-31,14050006,"(39.75, -122.5)"
2014-01-29 05:00:00,-122.75,-122.73208133422811,39.75,39.6388235525419,847.1043240818084,2014-01-31,14050006,"(39.75, -122.75)"
2014-01-29 04:00:00,-122.75,-122.84006945725585,39.5,39.62494226783554,837.7766505606015,2014-01-31,14050006,"(39.5, -122.75)"
2014-01-29 03:00:00,-123.0,-122.95366792784064,39.75,39.646982727604076,832.3066378245715,2014-01-31,14050006,"(39.75, -123.0)"
2014-01-29 02:00:00,-123.0,-123.11515753640283,39.75,39.70935142878586,829.7775450898241,2014-01-31,14050006,"(39.75, -123.0)"
2014-01-29 01:00:00,-123.25,-123.33424717215233,39.75,39.771139428543144,832.1725084878206,2014-01-31,14050006,"(39.75, -123.25)"
2014-01-29 00:00:00,-123.5,-123.58621715537024,39.75,39.788815902577845,845.9272717247961,2014-01-31,14050006,"(39.75, -123.5)"
2014-01-28 23:00:00,-123.75,-123.83360465167016,39.75,39.73478923321558,865.1390510673415,2014-01-31,14050006,"(39.75, -123.75)"
2014-01-28 22:00:00,-124.0,-124.06575762477657,39.75,39.6401315759887,879.7475423005221,2014-01-31,14050006,"(39.75, -124.0)"
2014-01-28 21:00:00,-124.25,-124.29814789106926,39.5,39.517999665399934,898.4546717768671,2014-01-31,14050006,"(39.5, -124.25)"
2014-01-28 20:00:00,-124.5,-124.49639309260196,39.5,39.38491700780977,908.0708597372576,2014-01-31,14050006,"(39.5, -124.5)"
2014-01-28 19:00:00,-124.75,-124.6830321949107,39.25,39.25041622490283,912.9369899211906,2014-01-31,14050006,"(39.25, -124.75)"
2014-01-28 18:00:00,-124.75,-124.85992643723118,39.25,39.12581407426872,920.0317918548093,2014-01-31,14050006,"(39.25, -124.75)"
2014-01-28 17:00:00,-125.0,-125.02066644321758,39.0,39.00681454708257,924.3342873148354,2014-01-31,14050006,"(39.0, -125.0)"
2018-04-06 22:00:00,-120.25,-120.21421572328589,40.75,40.829860136629236,665.7544263926022,2018-04-08,14050006,"(40.75, -120.25)"
2018-04-06 21:00:00,-120.75,-120.80597002300706,40.75,40.64339743449045,671.5422562378893,2018-04-08,14050006,"(40.75, -120.75)"
2018-04-06 20:00:00,-121.25,-121.32408723187727,40.25,40.279545465525246,679.7009493928502,2018-04-08,14050006,"(40.25, -121.25)"
2018-04-06 19:00:00,-121.75,-121.71556881167889,39.75,39.847272454592535,691.2428376862355,2018-04-08,14050006,"(39.75, -121.75)"
2018-04-06 18:00:00,-122.0,-122.06716534053515,39.5,39.5129899615309,733.1287106365678,2018-04-08,14050006,"(39.5, -122.0)"
2018-04-06 17:00:00,-122.5,-122.37550114288395,39.25,39.24456091940949,757.6382083112605,2018-04-08,14050006,"(39.25, -122.5)"
2018-04-06 16:00:00,-122.75,-122.71566312043487,39.0,38.93749100021599,765.9021819412981,2018-04-08,14050006,"(39.0, -122.75)"
2022-12-25 07:00:00,-120.5,-120.46371304643812,44.0,43.95166983783202,615.7852716552085,2022-12-28,14050006,"(44.0, -120.5)"
2022-12-25 06:00:00,-121.0,-121.09903011513131,44.0,43.93435379054864,615.2952044555001,2022-12-28,14050006,"(44.0, -121.0)"
2022-12-25 05:00:00,-121.75,-121.74183422186094,44.0,43.88238254509608,626.5173554868854,2022-12-28,14050006,"(44.0, -121.75)"
2022-12-25 04:00:00,-122.5,-122.43511618994752,43.75,43.814489224880695,590.1564623593777,2022-12-28,14050006,"(43.75, -122.5)"
2022-12-25 03:00:00,-123.0,-123.07252550525813,43.75,43.67912568518113,579.8488507215599,2022-12-28,14050006,"(43.75, -123.0)"
2022-12-25 02:00:00,-123.75,-123.7096504286457,43.5,43.51060132140967,591.5344052202781,2022-12-28,14050006,"(43.5, -123.75)"
2022-12-25 01:00:00,-124.25,-124.33922422371184,43.25,43.34065530932875,594.4025991064753,2022-12-28,14050006,"(43.25, -124.25)"
2000-05-07 15:00:00,-120.25,-120.16162708265625,40.0,39.955383966362014,529.103933476753,2000-05-09,14050005,"(40.0, -120.25)"
2000-05-07 14:00:00,-120.75,-120.79425680748803,40.0,39.98530421349896,531.0026925816367,2000-05-09,14050005,"(40.0, -120.75)"
2000-05-07 13:00:00,-121.5,-121.45603828841405,40.0,39.997448810857215,523.9138383912485,2000-05-09,14050005,"(40.0, -121.5)"
2000-05-07 12:00:00,-122.25,-122.12836174363562,40.0,39.99403112189441,520.499941588351,2000-05-09,14050005,"(40.0, -122.25)"
2000-05-07 11:00:00,-122.75,-122.7915483808315,40.0,40.00390987715572,528.3180956063375,2000-05-09,14050005,"(40.0, -122.75)"
2000-05-07 10:00:00,-123.5,-123.44335166465052,40.0,40.00336758086419,530.6213714613883,2000-05-09,14050005,"(40.0, -123.5)"
2000-05-07 09:00:00,-124.0,-124.0902923754853,40.0,40.000482832200625,529.5857853048019,2000-05-09,14050005,"(40.0, -124.0)"
2000-05-07 08:00:00,-124.75,-124.69978526151006,40.0,39.966037721314905,533.452142467269,2000-05-09,14050005,"(40.0, -124.75)"
2004-11-26 08:00:00,-120.0,-120.03428451270483,41.75,41.70130510809756,586.1038822705459,2004-11-28,14050005,"(41.75, -120.0)"
2004-11-26 07:00:00,-120.5,-120.45041669151117,42.0,42.066376758167856,572.9059516897732,2004-11-28,14050005,"(42.0, -120.5)"
2004-11-26 06:00:00,-121.0,-120.88775120782563,42.5,42.44598508193446,571.5508658149087,2004-11-28,14050005,"(42.5, -121.0)"
2004-11-26 05:00:00,-121.25,-121.34173143112291,42.75,42.840130022857835,569.4605010694928,2004-11-28,14050005,"(42.75, -121.25)"
2004-11-26 04:00:00,-121.75,-121.80993362664002,43.25,43.24171447280725,580.1598752440378,2004-11-28,14050005,"(43.25, -121.75)"
2004-11-26 03:00:00,-122.25,-122.30203407213632,43.75,43.64142236088315,568.3205019018292,2004-11-28,14050005,"(43.75, -122.25)"
2004-11-26 02:00:00,-122.75,-122.85772691777844,44.0,44.04251507612788,539.8734183422504,2004-11-28,14050005,"(44.0, -122.75)"
2004-11-26 01:00:00,-123.5,-123.49480514260998,44.5,44.434871307150196,528.2933795533144,2004-11-28,14050005,"(44.5, -123.5)"
2004-11-26 00:00:00,-124.25,-124.1721151016828,44.75,44.79555672407481,545.3728624591473,2004-11-28,14050005,"(44.75, -124.25)"
2004-11-25 23:00:00,-124.75,-124.84217658571129,45.25,45.13200136977339,541.6820293615957,2004-11-28,14050005,"(45.25, -124.75)"
2007-12-05 06:00:00,-120.0,-119.9601124255847,40.25,40.30337984075613,737.3387405599973,2007-12-07,14050005,"(40.25, -120.0)"
2007-12-05 05:00:00,-120.25,-120.13425236359467,40.25,40.247012408286935,739.4595209792639,2007-12-07,14050005,"(40.25, -120.25)"
2007-12-05 04:00:00,-120.25,-120.31244774630932,40.25,40.19422395904307,739.9966627875156,2007-12-07,14050005,"(40.25, -120.25)"
2007-12-05 03:00:00,-120.5,-120.49238663192911,40.25,40.13960169003094,739.1289635254975,2007-12-07,14050005,"(40.25, -120.5)"
2007-12-05 02:00:00,-120.75,-120.66986755967547,40.0,40.08957772560048,737.9408804327852,2007-12-07,14050005,"(40.0, -120.75)"
2007-12-05 01:00:00,-120.75,-120.84717085437137,40.0,40.03880382396773,734.7151198552602,2007-12-07,14050005,"(40.0, -120.75)"
2007-12-05 00:00:00,-121.0,-121.0430664079559,40.0,39.979786008924805,733.593057742574,2007-12-07,14050005,"(40.0, -121.0)"
2007-12-04 23:00:00,-121.25,-121.24042392206572,40.0,39.923645225966794,734.4365235271151,2007-12-07,14050005,"(40.0, -121.25)"
2007-12-04 22:00:00,-121.5,-121.45187405382457,39.75,39.871778268208516,738.0335432900479,2007-12-07,14050005,"(39.75, -121.5)"
2007-12-04 21:00:00,-121.75,-121.70256404265875,39.75,39.82136576414133,747.6565027341624,2007-12-07,14050005,"(39.75, -121.75)"
2007-12-04 20:00:00,-122.0,-121.9911277787917,39.75,39.77566061805224,747.7336042269328,2007-12-07,14050005,"(39.75, -122.0)"
2007-12-04 19:00:00,-122.25,-122.27853184262099,39.75,39.71554723341261,747.3629636418293,2007-12-07,14050005,"(39.75, -122.25)"
2007-12-04 18:00:00,-122.5,-122.54641543323525,39.75,39.628063281788165,755.43219522653,2007-12-07,14050005,"(39.75, -122.5)"
2007-12-04 17:00:00,-122.75,-122.78403549458599,39.5,39.52621758498692,759.5248038137426,2007-12-07,14050005,"(39.5, -122.75)"
2007-12-04 16:00:00,-123.0,-123.03394791094622,39.5,39.43713258235489,743.8490754614129,2007-12-07,14050005,"(39.5, -123.0)"
2007-12-04 15:00:00,-123.25,-123.36978624345903,39.25,39.37180186105018,736.4832182442992,2007-12-07,14050005,"(39.25, -123.25)"
2007-12-04 14:00:00,-123.75,-123.76418088519767,39.25,39.3157117785163,738.6325886163934,2007-12-07,14050005,"(39.25, -123.75)"
2007-12-04 13:00:00,-124.25,-124.2025878505987,39.25,39.25529681920682,734.2048505805438,2007-12-07,14050005,"(39.25, -124.25)"
2007-12-04 12:00:00,-124.75,-124.72169934656065,39.25,39.16508867398207,740.4177482689405,2007-12-07,14050005,"(39.25, -124.75)"
2010-04-05 07:00:00,-120.0,-119.91288297118854,42.0,41.90457920500579,602.4479218498385,2010-04-07,14050005,"(42.0, -120.0)"
2010-04-05 06:00:00,-120.25,-120.23622915354474,41.5,41.40608551332173,587.8503414388014,2010-04-07,14050005,"(41.5, -120.25)"
2010-04-05 05:00:00,-120.5,-120.58676799701382,41.0,40.88921215966563,578.6108061513752,2010-04-07,14050005,"(41.0, -120.5)"
2010-04-05 04:00:00,-121.0,-120.98528727654178,40.25,40.3420705251658,563.837543564869,2010-04-07,14050005,"(40.25, -121.0)"
2010-04-05 03:00:00,-121.5,-121.47715781033031,39.75,39.73037946009457,567.513823278278,2010-04-07,14050005,"(39.75, -121.5)"
2010-04-05 02:00:00,-122.0,-122.03808090910853,39.0,39.117395128472545,630.875505960497,2010-04-07,14050005,"(39.0, -122.0)"
2010-10-23 18:00:00,-120.5,-120.50725190662062,39.25,39.28784066379072,562.9348142312521,2010-10-25,14050005,"(39.25, -120.5)"
2010-10-23 17:00:00,-121.25,-121.22620440856785,39.25,39.279467074594926,548.208736049757,2010-10-25,14050005,"(39.25, -121.25)"
2010-10-23 16:00:00,-122.0,-121.92702342315404,39.25,39.31362381211023,553.5335721441991,2010-10-25,14050005,"(39.25, -122.0)"
2010-10-23 15:00:00,-122.75,-122.62818428239305,39.25,39.34270933225624,552.8175789030049,2010-10-25,14050005,"(39.25, -122.75)"
2010-10-23 14:00:00,-123.25,-123.34762483099288,39.25,39.368995792603414,553.5256435585582,2010-10-25,14050005,"(39.25, -123.25)"
2010-10-23 13:00:00,-124.0,-124.10024587947352,39.5,39.42438341636911,565.5985117023191,2010-10-25,14050005,"(39.5, -124.0)"
2010-10-23 12:00:00,-124.75,-124.80597851446008,39.5,39.423773511029225,578.7718749998695,2010-10-25,14050005,"(39.5, -124.75)"
2010-10-24 22:00:00,-120.25,-120.20260939408334,44.0,43.91321324439326,621.494708660323,2010-10-26,14050005,"(44.0, -120.25)"
2010-10-24 21:00:00,-121.0,-121.06968969701677,43.75,43.648081236713324,616.9464939668402,2010-10-26,14050005,"(43.75, -121.0)"
2010-10-24 20:00:00,-122.0,-122.01180782687797,43.25,43.34522474952543,633.0042492054395,2010-10-26,14050005,"(43.25, -122.0)"
2010-10-24 19:00:00,-123.0,-122.93737008051501,43.0,43.04617236247485,691.9168993108909,2010-10-26,14050005,"(43.0, -123.0)"
2010-10-24 18:00:00,-123.75,-123.67489695821126,42.75,42.72856645923985,792.5234326499801,2010-10-26,14050005,"(42.75, -123.75)"
2010-10-24 17:00:00,-124.5,-124.40265011161324,42.5,42.461649242562636,818.4825192557645,2010-10-26,14050005,"(42.5, -124.5)"
2010-10-24 16:00:00,-125.0,-125.03119243690533,42.25,42.22550509838184,907.5950318644991,2010-10-26,14050005,"(42.25, -125.0)"
2011-02-06 20:00:00,-120.0,-120.12250757954222,44.5,44.56305684341431,740.7193756587351,2011-02-08,14050005,"(44.5, -120.0)"
2011-02-06 19:00:00,-120.5,-120.437149315096,45.0,44.898875083270795,747.0946670388782,2011-02-08,14050005,"(45.0, -120.5)"
2011-02-06 18:00:00,-120.75,-120.76306733193829,45.25,45.22583446869189,750.6420185008259,2011-02-08,14050005,"(45.25, -120.75)"
2011-02-06 17:00:00,-121.0,-121.09485447712488,45.5,45.544096310390636,752.2737074325157,2011-02-08,14050005,"(45.5, -121.0)"
2011-02-06 16:00:00,-121.5,-121.4808783132447,46.0,45.9147130381307,757.6703608110645,2011-02-08,14050005,"(46.0, -121.5)"
2011-02-06 15:00:00,-122.0,-121.93094244269535,46.25,46.292442388039184,737.2768756075176,2011-02-08,14050005,"(46.25, -122.0)"
2011-02-06 14:00:00,-122.25,-122.35262364824116,46.75,46.65348870625744,737.4609096833526,2011-02-08,14050005,"(46.75, -122.25)"
2011-02-06 13:00:00,-122.75,-122.71538084532988,47.0,46.9618190558799,732.8069103701594,2011-02-08,14050005,"(47.0, -122.75)"
2011-02-06 12:00:00,-123.0,-123.1024084695499,47.25,47.27917198902801,736.9522758900462,2011-02-08,14050005,"(47.25, -123.0)"
2011-02-06 11:00:00,-123.5,-123.51994961138091,47.5,47.60983403361162,736.604748301922,2011-02-08,14050005,"(47.5, -123.5)"
2011-02-06 10:00:00,-124.0,-123.94891356313249,48.0,47.97244908343695,719.346531084541,2011-02-08,14050005,"(48.0, -124.0)"
2011-02-06 09:00:00,-124.5,-124.49391018610255,48.5,48.37643393310477,730.5219271027553,2011-02-08,14050005,"(48.5, -124.5)"
2011-02-06 08:00:00,-125.0,-125.06356240310957,48.75,48.7009274706699,742.9396905715072,2011-02-08,14050005,"(48.75, -125.0)"
2014-01-29 23:00:00,-120.0,-120.11278742190146,42.25,42.283813300935655,635.685096475036,2014-01-31,14050005,"(42.25, -120.0)"
2014-01-29 22:00:00,-121.0,-120.91308667356779,42.25,42.17310968867096,630.1075935694561,2014-01-31,14050005,"(42.25, -121.0)"
2014-01-29 21:00:00,-121.75,-121.6972413226956,42.0,41.99082491748071,629.3772613028456,2014-01-31,14050005,"(42.0, -121.75)"
2014-01-29 20:00:00,-122.5,-122.50375497965241,41.75,41.8582136349854,627.3018078839359,2014-01-31,14050005,"(41.75, -122.5)"
2014-01-29 19:00:00,-123.25,-123.31848829059231,41.75,41.72327937213946,653.4917239795593,2014-01-31,14050005,"(41.75, -123.25)"
2014-01-29 18:00:00,-124.0,-124.09116168505783,41.75,41.62692567584382,648.5387116391979,2014-01-31,14050005,"(41.75, -124.0)"
2014-01-29 17:00:00,-125.0,-124.89921770754498,41.5,41.51620798590303,669.1852642887134,2014-01-31,14050005,"(41.5, -125.0)"
2023-10-11 04:00:00,-120.0,-120.03857190718873,44.25,44.215715977117746,792.6689802406349,2023-10-13,14050005,"(44.25, -120.0)"
2023-10-11 03:00:00,-120.25,-120.35095950432368,44.0,44.10433604658087,789.8539821797434,2023-10-13,14050005,"(44.0, -120.25)"
2023-10-11 02:00:00,-120.75,-120.68214276511486,44.0,43.97123102969562,796.3130986643225,2023-10-13,14050005,"(44.0, -120.75)"
2023-10-11 01:00:00,-121.0,-120.98838276358623,43.75,43.79469132457647,803.3819267029752,2023-10-13,14050005,"(43.75, -121.0)"
2023-10-11 00:00:00,-121.25,-121.23000907736457,43.5,43.586292235560784,794.2530257282425,2023-10-13,14050005,"(43.5, -121.25)"
2023-10-10 23:00:00,-121.5,-121.49965066883962,43.25,43.35788457644035,789.7983581332604,2023-10-13,14050005,"(43.25, -121.5)"
2023-10-10 22:00:00,-121.75,-121.7887407729754,43.25,43.136810413279136,779.5928668836599,2023-10-13,14050005,"(43.25, -121.75)"
2023-10-10 21:00:00,-122.25,-122.13940703458555,43.0,42.90348696743156,761.9906286052311,2023-10-13,14050005,"(43.0, -122.25)"
2023-10-10 20:00:00,-122.75,-122.64816501910956,42.5,42.590756953914656,766.842890650394,2023-10-13,14050005,"(42.5, -122.75)"
2023-10-10 19:00:00,-123.25,-123.16883614834843,42.25,42.27956000425802,802.2641309390275,2023-10-13,14050005,"(42.25, -123.25)"
2023-10-10 18:00:00,-123.75,-123.66096168732052,41.75,41.853874239446036,787.1763563908899,2023-10-13,14050005,"(41.75, -123.75)"
2023-10-10 17:00:00,-124.25,-124.21385443583233,41.5,41.43252226580559,820.5581275994473,2023-10-13,14050005,"(41.5, -124.25)"
2023-10-10 16:00:00,-124.75,-124.76884009346917,41.25,41.138658437336744,874.8976084054816,2023-10-13,14050005,"(41.25, -124.75)"
2023-12-02 21:00:00,-120.0,-119.93030795204368,40.0,39.980793317610164,775.8621016689805,2023-12-04,14050005,"(40.0, -120.0)"
2023-12-02 20:00:00,-120.25,-120.35957916616604,39.75,39.78073937507745,750.0724804903916,2023-12-04,14050005,"(39.75, -120.25)"
2023-12-02 19:00:00,-120.75,-120.84355298954543,39.5,39.541074222660356,717.8862491471599,2023-12-04,14050005,"(39.5, -120.75)"
2023-12-02 18:00:00,-121.25,-121.32144404687904,39.5,39.46742805708858,729.5564642670427,2023-12-04,14050005,"(39.5, -121.25)"
2023-12-02 17:00:00,-121.75,-121.70535971056835,39.5,39.47202787380699,749.0979186499179,2023-12-04,14050005,"(39.5, -121.75)"
2023-12-02 16:00:00,-122.0,-122.0043124869051,39.5,39.489166851723965,759.6748107356884,2023-12-04,14050005,"(39.5, -122.0)"
2023-12-02 15:00:00,-122.25,-122.27830861674629,39.5,39.54396243152912,769.103747160228,2023-12-04,14050005,"(39.5, -122.25)"
2023-12-02 14:00:00,-122.5,-122.57954527105106,39.75,39.63376352530551,773.4648189866272,2023-12-04,14050005,"(39.75, -122.5)"
2023-12-02 13:00:00,-123.0,-122.94213480607169,39.75,39.742036519954524,751.1853550523277,2023-12-04,14050005,"(39.75, -123.0)"
2023-12-02 12:00:00,-123.5,-123.41499681761763,40.0,39.900581415575786,735.7642739731506,2023-12-04,14050005,"(40.0, -123.5)"
2023-12-02 11:00:00,-124.0,-123.92058438097688,40.0,40.035600897233614,746.8794786180653,2023-12-04,14050005,"(40.0, -124.0)"
2023-12-02 10:00:00,-124.5,-124.41215691142298,40.25,40.13648692325299,761.588490961746,2023-12-04,14050005,"(40.25, -124.5)"
2023-12-02 09:00:00,-125.0,-124.90263992752796,40.25,40.19270313082964,773.994308299072,2023-12-04,14050005,"(40.25, -125.0)"
2005-01-10 08:00:00,-120.25,-120.30737631972102,40.0,39.895515861595634,653.6135024582045,2005-01-13,11020007,"(40.0, -120.25)"
2005-01-10 07:00:00,-120.75,-120.7386827031749,39.25,39.3602502260185,650.0291714112672,2005-01-13,11020007,"(39.25, -120.75)"
2014-03-05 14:00:00,-120.0,-119.9719538168926,40.75,40.71373911903987,634.4238810163617,2014-03-08,11020007,"(40.75, -120.0)"
2014-03-05 13:00:00,-120.5,-120.40102865283822,40.5,40.59680710054143,633.5764583259241,2014-03-08,11020007,"(40.5, -120.5)"
2014-03-05 12:00:00,-120.75,-120.83214521007356,40.5,40.479321200677546,643.259007610149,2014-03-08,11020007,"(40.5, -120.75)"
2014-03-05 11:00:00,-121.25,-121.2958933588681,40.25,40.322645481108985,637.9607588846089,2014-03-08,11020007,"(40.25, -121.25)"
2014-03-05 10:00:00,-121.75,-121.78678924592147,40.0,40.11791392378104,613.2840391164335,2014-03-08,11020007,"(40.0, -121.75)"
2014-03-05 09:00:00,-122.25,-122.20931176374272,40.0,39.880733627168794,607.0305238024055,2014-03-08,11020007,"(40.0, -122.25)"
2014-03-05 08:00:00,-122.5,-122.47790701945654,39.75,39.69508177097377,597.011911676818,2014-03-08,11020007,"(39.75, -122.5)"
2014-03-05 07:00:00,-122.75,-122.76769493419009,39.5,39.53659619076801,604.972671567732,2014-03-08,11020007,"(39.5, -122.75)"
2014-03-05 06:00:00,-123.0,-123.0683093439181,39.5,39.4438549140225,600.6597031617699,2014-03-08,11020007,"(39.5, -123.0)"
2014-03-05 05:00:00,-123.25,-123.36358945506618,39.5,39.39136598397703,591.8069769100036,2014-03-08,11020007,"(39.5, -123.25)"
2014-03-05 04:00:00,-123.75,-123.68170436974263,39.25,39.36099595086548,597.4031186877075,2014-03-08,11020007,"(39.25, -123.75)"
2014-03-05 03:00:00,-124.0,-124.04833160629364,39.25,39.35751457557262,601.1595605147653,2014-03-08,11020007,"(39.25, -124.0)"
2014-03-05 02:00:00,-124.5,-124.46688022618622,39.25,39.343170439167196,593.3239025398173,2014-03-08,11020007,"(39.25, -124.5)"
2014-03-05 01:00:00,-125.0,-124.92028103419928,39.25,39.271813725303055,582.0963844632672,2014-03-08,11020007,"(39.25, -125.0)"
2002-02-19 21:00:00,-120.25,-120.33040778523417,43.5,43.41914686389522,631.6279610895471,2002-02-21,14020001,"(43.5, -120.25)"
2002-02-19 20:00:00,-121.0,-121.07058435020976,43.25,43.36800932629538,634.3653389679563,2002-02-21,14020001,"(43.25, -121.0)"
2002-02-19 19:00:00,-121.75,-121.82334244461595,43.25,43.28244287663733,633.0294968156952,2002-02-21,14020001,"(43.25, -121.75)"
2002-02-19 18:00:00,-122.5,-122.59347222503422,43.25,43.16162672500306,648.5745437454726,2002-02-21,14020001,"(43.25, -122.5)"
2002-02-19 17:00:00,-123.25,-123.29541387656772,43.0,43.04837116166517,685.5134493094087,2002-02-21,14020001,"(43.0, -123.25)"
2002-02-19 16:00:00,-124.0,-123.94777392596546,43.0,42.888363242169426,698.0716446984703,2002-02-21,14020001,"(43.0, -124.0)"
2002-02-19 15:00:00,-124.5,-124.59499936579411,42.75,42.68140918751595,703.8427944807991,2002-02-21,14020001,"(42.75, -124.5)"
2002-11-09 02:00:00,-120.75,-120.71558709667902,39.75,39.65752857774883,672.9624776689215,2002-11-10,14020001,"(39.75, -120.75)"
2002-11-09 01:00:00,-121.5,-121.58806863989598,39.25,39.29881694691427,727.4682810441044,2002-11-10,14020001,"(39.25, -121.5)"
2002-11-09 00:00:00,-122.5,-122.41359459209932,39.0,39.09004974933894,806.2009942666646,2002-11-10,14020001,"(39.0, -122.5)"
2004-11-26 07:00:00,-120.0,-119.88835320419575,41.5,41.42949223046961,596.7579856766715,2004-11-28,14020001,"(41.5, -120.0)"
2004-11-26 06:00:00,-120.25,-120.27450604898166,41.75,41.7834602156285,583.5530809163283,2004-11-28,14020001,"(41.75, -120.25)"
2004-11-26 05:00:00,-120.75,-120.68658621714921,42.25,42.16139583250589,575.0882120031852,2004-11-28,14020001,"(42.25, -120.75)"
2004-11-26 04:00:00,-121.25,-121.12633218376632,42.5,42.56088731707297,572.6730540188777,2004-11-28,14020001,"(42.5, -121.25)"
2004-11-26 03:00:00,-121.5,-121.60487913695036,43.0,42.96729230920173,574.7192325105812,2004-11-28,14020001,"(43.0, -121.5)"
2004-11-26 02:00:00,-122.0,-122.11025353945467,43.25,43.36944694117608,582.8053729051288,2004-11-28,14020001,"(43.25, -122.0)"
2004-11-26 01:00:00,-122.75,-122.65734553439404,43.75,43.755855616813726,559.884598404644,2004-11-28,14020001,"(43.75, -122.75)"
2004-11-26 00:00:00,-123.25,-123.27330664953281,44.0,44.12207590650893,540.274622593366,2004-11-28,14020001,"(44.0, -123.25)"
2004-11-25 23:00:00,-124.0,-123.93935909474818,44.5,44.45761848961171,544.0253944456546,2004-11-28,14020001,"(44.5, -124.0)"
2004-11-25 22:00:00,-124.5,-124.61117979762305,44.75,44.76043078082039,551.5311783286514,2004-11-28,14020001,"(44.75, -124.5)"
2006-11-12 14:00:00,-123.25,-123.2129719035849,39.0,38.969562142686605,622.9479145904421,2006-11-15,14020001,"(39.0, -123.25)"
2006-11-12 13:00:00,-123.5,-123.48527497879287,39.25,39.19952462744369,621.4223661245187,2006-11-15,14020001,"(39.25, -123.5)"
2006-11-12 12:00:00,-123.75,-123.75289113153549,39.5,39.426074749463844,606.062331203318,2006-11-15,14020001,"(39.5, -123.75)"
2006-11-12 11:00:00,-124.0,-124.01872916887942,39.75,39.6770280651447,593.8046890719936,2006-11-15,14020001,"(39.75, -124.0)"
2006-11-12 10:00:00,-124.25,-124.29692523350265,40.0,39.95535094172327,579.5768824647423,2006-11-15,14020001,"(40.0, -124.25)"
2006-11-12 09:00:00,-124.5,-124.61237220066444,40.25,40.2607648227713,570.545555950031,2006-11-15,14020001,"(40.25, -124.5)"
2006-11-12 08:00:00,-125.0,-124.9074839498675,40.75,40.625536961583684,562.4678936494761,2006-11-15,14020001,"(40.75, -125.0)"
2009-12-05 21:00:00,-125.0,-124.95297529762925,39.25,39.34450158362344,726.7899701272681,2009-12-08,14020001,"(39.25, -125.0)"
2009-12-05 20:00:00,-125.0,-125.07311784580457,40.25,40.14287179158502,705.833724562698,2009-12-08,14020001,"(40.25, -125.0)"
2009-12-05 12:00:00,-125.0,-125.06260039830536,48.25,48.25854455884743,520.8536044644298,2009-12-08,14020001,"(48.25, -125.0)"
2010-10-25 01:00:00,-120.0,-119.97913903985605,41.5,41.54734444858122,699.703771834102,2010-10-26,14020001,"(41.5, -120.0)"
2010-10-25 00:00:00,-120.75,-120.72781856289419,41.5,41.42574512267134,740.3837876458567,2010-10-26,14020001,"(41.5, -120.75)"
2010-10-24 23:00:00,-121.5,-121.43996071461316,41.25,41.216567516196875,793.4766486834102,2010-10-26,14020001,"(41.25, -121.5)"
2010-10-24 22:00:00,-122.0,-122.06942295235464,40.75,40.861723729255964,817.0284661388937,2010-10-26,14020001,"(40.75, -122.0)"
2010-10-24 21:00:00,-122.5,-122.56972444618158,40.5,40.53900545849978,888.7956618164164,2010-10-26,14020001,"(40.5, -122.5)"
2010-10-24 20:00:00,-122.75,-122.86480859559941,40.25,40.371970435834314,887.1664642983907,2010-10-26,14020001,"(40.25, -122.75)"
2010-10-24 19:00:00,-123.0,-123.06190704285272,40.25,40.31821794124088,857.0603346220695,2010-10-26,14020001,"(40.25, -123.0)"
2010-10-24 18:00:00,-123.25,-123.34772673530853,40.25,40.25413817610427,850.2916591511085,2010-10-26,14020001,"(40.25, -123.25)"
2010-10-24 17:00:00,-123.75,-123.74427419892916,40.25,40.129838658120875,903.1905794701702,2010-10-26,14020001,"(40.25, -123.75)"
2010-10-24 16:00:00,-124.0,-124.07364228760045,40.0,40.07250101721347,947.8193396170112,2010-10-26,14020001,"(40.0, -124.0)"
2010-10-24 15:00:00,-124.25,-124.36065137444776,40.0,40.03936524458177,984.9113355348383,2010-10-26,14020001,"(40.0, -124.25)"
2010-10-24 14:00:00,-124.75,-124.64728738157592,40.0,40.02345009079465,998.7489917740195,2010-10-26,14020001,"(40.0, -124.75)"
2010-10-24 13:00:00,-125.0,-124.9543137256942,40.0,39.96190142251821,1000.0,2010-10-26,14020001,"(40.0, -125.0)"
2014-02-08 21:00:00,-120.75,-120.68178951071354,41.25,41.200982892748264,639.6013741771876,2014-02-10,14020001,"(41.25, -120.75)"
2014-02-08 20:00:00,-121.5,-121.57664902900318,41.0,40.939045317409224,671.8386169585094,2014-02-10,14020001,"(41.0, -121.5)"
2014-02-08 19:00:00,-122.25,-122.2947116324729,40.5,40.51882687626246,672.1922241452047,2014-02-10,14020001,"(40.5, -122.25)"
2014-02-08 18:00:00,-123.0,-122.88758341525232,40.25,40.12609872878827,739.0761979362735,2014-02-10,14020001,"(40.25, -123.0)"
2014-02-08 17:00:00,-123.25,-123.37026872704939,39.75,39.72023800785957,733.2981528680068,2014-02-10,14020001,"(39.75, -123.25)"
2014-02-08 16:00:00,-123.75,-123.85379318113259,39.25,39.35029326305569,828.8579748053437,2014-02-10,14020001,"(39.25, -123.75)"
2014-02-08 15:00:00,-124.25,-124.32809572568486,39.0,39.00329961764848,938.131145235432,2014-02-10,14020001,"(39.0, -124.25)"
2017-01-05 01:00:00,-120.25,-120.31722869704573,41.75,41.8003573884411,606.6170490577163,2017-01-06,14020001,"(41.75, -120.25)"
2017-01-05 00:00:00,-121.0,-120.91837104623029,41.75,41.70182014822224,602.7563196904557,2017-01-06,14020001,"(41.75, -121.0)"
2017-01-04 23:00:00,-121.5,-121.52213439746131,41.5,41.61936812589459,608.5908369417737,2017-01-06,14020001,"(41.5, -121.5)"
2017-01-04 22:00:00,-122.25,-122.12934698220178,41.5,41.574312307381106,613.733107624566,2017-01-06,14020001,"(41.5, -122.25)"
2017-01-04 21:00:00,-122.75,-122.68427812613066,41.5,41.60770704951239,591.830993743409,2017-01-06,14020001,"(41.5, -122.75)"
2017-01-04 20:00:00,-123.5,-123.52646956871003,41.5,41.5570728467909,604.7607919542546,2017-01-06,14020001,"(41.5, -123.5)"
2017-01-04 19:00:00,-124.25,-124.2862354934128,41.5,41.502127978621196,598.1294688513855,2017-01-06,14020001,"(41.5, -124.25)"
2017-01-04 18:00:00,-125.0,-125.00984256774616,41.5,41.44594244925373,592.3052950304584,2017-01-06,14020001,"(41.5, -125.0)"
2020-02-06 23:00:00,-120.0,-120.03437317139601,45.5,45.609528980600736,953.9168728738499,2020-02-08,14020001,"(45.5, -120.0)"
2020-02-06 22:00:00,-120.5,-120.38248285740713,45.5,45.44097039717334,929.0706197115886,2020-02-08,14020001,"(45.5, -120.5)"
2020-02-06 21:00:00,-120.75,-120.70485473937094,45.25,45.2745760347539,903.2670407978136,2020-02-08,14020001,"(45.25, -120.75)"
2020-02-06 20:00:00,-121.0,-121.0654488005037,45.0,45.07588200711877,892.6398714601884,2020-02-08,14020001,"(45.0, -121.0)"
2020-02-06 19:00:00,-121.5,-121.46717773108205,45.0,44.962199231363385,894.2672945829116,2020-02-08,14020001,"(45.0, -121.5)"
2020-02-06 18:00:00,-121.75,-121.81974001199701,45.0,44.908254269367355,851.7385972129442,2020-02-08,14020001,"(45.0, -121.75)"
2020-02-06 17:00:00,-122.25,-122.31467455582938,44.75,44.84078602819536,830.3955894444217,2020-02-08,14020001,"(44.75, -122.25)"
2020-02-06 16:00:00,-122.75,-122.86979501187474,44.75,44.868495169878884,915.8191721090119,2020-02-08,14020001,"(44.75, -122.75)"
2020-02-06 15:00:00,-123.25,-123.30697837274536,44.75,44.786053456975644,952.8088244324668,2020-02-08,14020001,"(44.75, -123.25)"
2020-02-06 14:00:00,-123.75,-123.67273290663698,44.75,44.6500214834519,929.5494504806255,2020-02-08,14020001,"(44.75, -123.75)"
2020-02-06 13:00:00,-124.0,-124.04125223617802,44.5,44.599223218963566,936.324549279821,2020-02-08,14020001,"(44.5, -124.0)"
2020-02-06 12:00:00,-124.25,-124.33877944535601,44.75,44.62665323067465,977.2543416117563,2020-02-08,14020001,"(44.75, -124.25)"
2020-02-06 11:00:00,-124.75,-124.65230715655316,44.75,44.639673755002086,995.7471017416142,2020-02-08,14020001,"(44.75, -124.75)"
2020-02-06 10:00:00,-125.0,-124.98072460726935,44.75,44.656102992637706,991.9477490911125,2020-02-08,14020001,"(44.75, -125.0)"
2023-03-11 03:00:00,-120.0,-120.08031267361736,40.0,40.09733431408141,599.635376816116,2023-03-12,14020001,"(40.0, -120.0)"
2023-03-11 02:00:00,-120.75,-120.75476689909972,40.0,40.02410638360018,607.4948969229933,2023-03-12,14020001,"(40.0, -120.75)"
2023-03-11 01:00:00,-121.5,-121.43852971437124,40.0,39.94946924743287,602.0571627283455,2023-03-12,14020001,"(40.0, -121.5)"
2023-03-11 00:00:00,-122.0,-122.11434223757767,40.0,39.87766075517954,602.8525565090885,2023-03-12,14020001,"(40.0, -122.0)"
2023-03-10 23:00:00,-122.75,-122.82622775011,39.75,39.79563805709583,613.1483705787681,2023-03-12,14020001,"(39.75, -122.75)"
2023-03-10 22:00:00,-123.5,-123.5601546240443,39.75,39.74926263382569,617.6073012821812,2023-03-12,14020001,"(39.75, -123.5)"
2023-03-10 21:00:00,-124.25,-124.30138873669267,39.75,39.733949054536,623.0301915742364,2023-03-12,14020001,"(39.75, -124.25)"
2023-03-10 20:00:00,-125.0,-124.93928556505739,39.75,39.73916148550712,610.5168643844512,2023-03-12,14020001,"(39.75, -125.0)"
2001-04-30 20:00:00,-122.0,-121.97353553521572,48.75,48.75240661313346,603.6783317805662,2001-05-03,10180002,"(48.75, -122.0)"
2001-04-30 19:00:00,-122.5,-122.49225059869349,48.25,48.270668459515605,670.0231272327317,2001-05-03,10180002,"(48.25, -122.5)"
2001-04-30 18:00:00,-123.0,-123.00679796733004,48.0,47.894121187382375,759.495172862419,2001-05-03,10180002,"(48.0, -123.0)"
2001-04-30 17:00:00,-123.5,-123.62167354719699,47.5,47.56732971574696,698.4564409471636,2001-05-03,10180002,"(47.5, -123.5)"
2001-04-30 16:00:00,-124.25,-124.19905782348866,47.25,47.17944669953381,755.9269646184594,2001-05-03,10180002,"(47.25, -124.25)"
2001-04-30 15:00:00,-124.75,-124.74124279269643,46.75,46.8334469907717,805.9181312356693,2001-05-03,10180002,"(46.75, -124.75)"
2001-10-08 07:00:00,-120.0,-119.88712112430771,44.25,44.22402731487119,698.9247226484077,2001-10-10,10180002,"(44.25, -120.0)"
2001-10-08 06:00:00,-120.25,-120.20787787182323,44.25,44.272391713344554,701.8834873094603,2001-10-10,10180002,"(44.25, -120.25)"
2001-10-08 05:00:00,-120.5,-120.51183663550113,44.25,44.33070722729193,701.1222112922138,2001-10-10,10180002,"(44.25, -120.5)"
2001-10-08 04:00:00,-120.75,-120.80512598943866,44.5,44.381194264012464,703.0468776458537,2001-10-10,10180002,"(44.5, -120.75)"
2001-10-08 03:00:00,-121.0,-121.07474765310363,44.5,44.429108124299674,708.7697925961013,2001-10-10,10180002,"(44.5, -121.0)"
2001-10-08 02:00:00,-121.25,-121.32032077817682,44.5,44.48808518152133,714.7996002859145,2001-10-10,10180002,"(44.5, -121.25)"
2001-10-08 01:00:00,-121.5,-121.571890971457,44.5,44.55989253154139,717.8434195033378,2001-10-10,10180002,"(44.5, -121.5)"
2001-10-08 00:00:00,-121.75,-121.86393922442518,44.75,44.63012896859796,710.2481337229916,2001-10-10,10180002,"(44.75, -121.75)"
2001-10-07 23:00:00,-122.25,-122.17418326784562,44.75,44.70276331956071,700.8019019286221,2001-10-10,10180002,"(44.75, -122.25)"
2001-10-07 22:00:00,-122.5,-122.5069687824057,44.75,44.77639064378822,692.6625619567876,2001-10-10,10180002,"(44.75, -122.5)"
2001-10-07 21:00:00,-122.75,-122.85377596948547,44.75,44.83304471932911,688.999883721645,2001-10-10,10180002,"(44.75, -122.75)"
2001-10-07 20:00:00,-123.25,-123.18388575790105,45.0,44.970378039535255,693.3146524466883,2001-10-10,10180002,"(45.0, -123.25)"
2001-10-07 19:00:00,-123.5,-123.52174105883799,45.25,45.13196377247439,696.9125783823388,2001-10-10,10180002,"(45.25, -123.5)"
2001-10-07 18:00:00,-123.75,-123.86760605359896,45.25,45.31878430123839,682.781184129243,2001-10-10,10180002,"(45.25, -123.75)"
2001-10-07 17:00:00,-124.25,-124.2767477087509,45.5,45.49899617762824,676.2186675822218,2001-10-10,10180002,"(45.5, -124.25)"
2001-10-07 16:00:00,-124.75,-124.73766627743265,45.75,45.67314576305927,684.9942615652143,2001-10-10,10180002,"(45.75, -124.75)"
2007-01-04 05:00:00,-120.0,-119.99897431507523,41.75,41.80329567401172,634.7800126250386,2007-01-05,10180002,"(41.75, -120.0)"
2007-01-04 04:00:00,-120.75,-120.78503123770516,41.5,41.6129456556497,662.3541150242778,2007-01-05,10180002,"(41.5, -120.75)"
2007-01-04 03:00:00,-121.5,-121.52135741054816,41.5,41.435893908176645,719.2604324614078,2007-01-05,10180002,"(41.5, -121.5)"
2007-01-04 02:00:00,-122.25,-122.17340912110298,41.25,41.25672978290733,731.6019870474337,2007-01-05,10180002,"(41.25, -122.25)"
2007-01-04 01:00:00,-122.75,-122.72115925418935,41.0,41.09534819290469,770.5553869531769,2007-01-05,10180002,"(41.0, -122.75)"
2007-01-04 00:00:00,-123.25,-123.20031106095209,41.0,40.99438971849369,766.0532703871303,2007-01-05,10180002,"(41.0, -123.25)"
2007-01-03 23:00:00,-123.75,-123.80185960953264,41.0,40.935524237848995,819.13337218762,2007-01-05,10180002,"(41.0, -123.75)"
2007-01-03 22:00:00,-124.5,-124.37934703658405,41.0,40.90013234918539,899.1220187678854,2007-01-05,10180002,"(41.0, -124.5)"
2007-01-03 21:00:00,-124.75,-124.80333524767285,40.75,40.857329614965764,924.8816363265047,2007-01-05,10180002,"(40.75, -124.75)"
2007-10-18 14:00:00,-120.5,-120.46045718909694,40.25,40.3687391364023,626.5732075875414,2007-10-21,10180002,"(40.25, -120.5)"
2007-10-18 13:00:00,-121.25,-121.26948552586876,40.75,40.68978646682453,628.9439508951039,2007-10-21,10180002,"(40.75, -121.25)"
2007-10-18 12:00:00,-122.25,-122.18467414122318,41.0,40.95027521170604,602.0337000600513,2007-10-21,10180002,"(41.0, -122.25)"
2007-10-18 11:00:00,-123.25,-123.22932419276037,41.25,41.19948852401546,603.8981819200262,2007-10-21,10180002,"(41.25, -123.25)"
2007-10-18 10:00:00,-124.25,-124.27238523345075,41.25,41.373227160964284,593.2526634593183,2007-10-21,10180002,"(41.25, -124.25)"
2010-03-30 14:00:00,-120.5,-120.50110014034938,41.25,41.18574959316453,691.932469043996,2010-04-02,10180002,"(41.25, -120.5)"
2010-03-30 13:00:00,-121.25,-121.27489396187191,40.75,40.85138549675956,731.246994451929,2010-04-02,10180002,"(40.75, -121.25)"
2010-03-30 12:00:00,-122.0,-121.97510875589408,40.5,40.448386538508224,737.861824123522,2010-04-02,10180002,"(40.5, -122.0)"
2010-03-30 11:00:00,-122.5,-122.55087445516612,40.0,40.0951512154067,811.072328999838,2010-04-02,10180002,"(40.0, -122.5)"
2010-03-30 10:00:00,-123.0,-123.06947019016076,39.75,39.861380667053986,754.6459911745243,2010-04-02,10180002,"(39.75, -123.0)"
2010-03-30 09:00:00,-123.75,-123.7183837171124,39.5,39.58155958255715,805.8186159733729,2010-04-02,10180002,"(39.5, -123.75)"
2010-03-30 08:00:00,-124.25,-124.18745360696778,39.25,39.31568016787829,875.7154453955557,2010-04-02,10180002,"(39.25, -124.25)"
2010-03-30 07:00:00,-124.5,-124.58238105196605,39.0,39.11525474449435,908.1920332282735,2010-04-02,10180002,"(39.0, -124.5)"
2010-03-30 06:00:00,-125.0,-124.9491420607523,39.0,38.95851314922328,912.1592963316036,2010-04-02,10180002,"(39.0, -125.0)"
2010-11-15 19:00:00,-120.0,-119.94647995822342,44.75,44.84639074211773,811.8372023844922,2010-11-17,10180002,"(44.75, -120.0)"
2010-11-15 18:00:00,-120.5,-120.44772410811329,45.0,45.12319072089759,837.3632003236379,2010-11-17,10180002,"(45.0, -120.5)"
2010-11-15 17:00:00,-121.0,-120.97349835993312,45.25,45.325133524720734,830.6699975753965,2010-11-17,10180002,"(45.25, -121.0)"
2010-11-15 16:00:00,-121.5,-121.53393168584878,45.5,45.5679677564692,826.812401469656,2010-11-17,10180002,"(45.5, -121.5)"
2010-11-15 15:00:00,-122.0,-122.10797176952049,45.75,45.69752539346159,787.1305345579622,2010-11-17,10180002,"(45.75, -122.0)"
2010-11-15 14:00:00,-122.75,-122.68780468858773,46.0,46.00316783496086,801.467056117153,2010-11-17,10180002,"(46.0, -122.75)"
2010-11-15 13:00:00,-123.25,-123.19008145036149,46.25,46.27418875736724,832.2460994233991,2010-11-17,10180002,"(46.25, -123.25)"
2010-11-15 12:00:00,-123.5,-123.62165132109192,46.5,46.49815319020984,857.772348433885,2010-11-17,10180002,"(46.5, -123.5)"
2010-11-15 11:00:00,-124.0,-124.01906068674221,46.75,46.718103057276004,862.4062688526091,2010-11-17,10180002,"(46.75, -124.0)"
2010-11-15 10:00:00,-124.5,-124.38438155248446,47.0,46.952948206594115,868.0862284629017,2010-11-17,10180002,"(47.0, -124.5)"
2010-11-15 09:00:00,-124.75,-124.72517156309435,47.25,47.22345010865755,866.0114509881146,2010-11-17,10180002,"(47.25, -124.75)"
2010-11-15 08:00:00,-125.0,-125.09255191456464,47.5,47.559353326393236,866.0429336377078,2010-11-17,10180002,"(47.5, -125.0)"
2010-12-20 03:00:00,-120.0,-120.11894958217833,40.0,40.01075397781596,493.0573085812987,2010-12-21,10180002,"(40.0, -120.0)"
2010-12-20 02:00:00,-121.25,-121.21496687103918,39.5,39.39922238515886,481.96457339122315,2010-12-21,10180002,"(39.5, -121.25)"
2011-02-04 14:00:00,-120.25,-120.28449748732416,49.0,48.998802849217874,723.0029724997217,2011-02-06,10180002,"(49.0, -120.25)"
2011-02-04 13:00:00,-121.0,-120.97223538134338,49.0,48.95270861014212,702.7341537882205,2011-02-06,10180002,"(49.0, -121.0)"
2011-02-04 12:00:00,-121.75,-121.74006924147842,49.0,48.92604015891426,712.6186109772838,2011-02-06,10180002,"(49.0, -121.75)"
2011-02-04 11:00:00,-122.5,-122.50777557799243,49.0,48.89392396079184,760.2953616523486,2011-02-06,10180002,"(49.0, -122.5)"
2011-02-04 10:00:00,-123.25,-123.22680843380097,48.75,48.85046132828908,799.084581457257,2011-02-06,10180002,"(48.75, -123.25)"
2011-02-04 09:00:00,-124.0,-123.89677318459839,48.75,48.75910491593468,850.421750209817,2011-02-06,10180002,"(48.75, -124.0)"
2011-02-04 08:00:00,-124.5,-124.40875302075206,48.5,48.45752023906505,802.0638041710123,2011-02-06,10180002,"(48.5, -124.5)"
2011-02-04 07:00:00,-125.0,-124.9998898005211,48.25,48.26590912143989,829.0529297844234,2011-02-06,10180002,"(48.25, -125.0)"
2013-10-01 09:00:00,-120.0,-119.90604420499366,39.0,39.1051271917969,674.2869563746946,2013-10-04,10180002,"(39.0, -120.0)"
2013-10-01 08:00:00,-120.25,-120.26624435077694,39.0,38.89843407092834,664.9659623045878,2013-10-04,10180002,"(39.0, -120.25)"
2016-04-23 08:00:00,-120.25,-120.1250843954784,45.25,45.31566765623116,845.0739400553015,2016-04-25,10180002,"(45.25, -120.25)"
2016-04-23 07:00:00,-120.5,-120.50973205114425,45.5,45.39931167034825,862.1185347006415,2016-04-25,10180002,"(45.5, -120.5)"
2016-04-23 06:00:00,-121.0,-120.90409521231693,45.5,45.498679409808766,862.7772659619279,2016-04-25,10180002,"(45.5, -121.0)"
2016-04-23 05:00:00,-121.25,-121.26428714404825,45.75,45.642481139033926,861.6609696602429,2016-04-25,10180002,"(45.75, -121.25)"
2016-04-23 04:00:00,-121.5,-121.57188402062708,45.75,45.77908548373966,835.7419097433277,2016-04-25,10180002,"(45.75, -121.5)"
2016-04-23 03:00:00,-121.75,-121.86275329102382,46.0,45.92227620524013,794.953195574726,2016-04-25,10180002,"(46.0, -121.75)"
2016-04-23 02:00:00,-122.0,-122.08982456386109,46.0,46.024149358100054,771.0049384599549,2016-04-25,10180002,"(46.0, -122.0)"
2016-04-23 01:00:00,-122.25,-122.27637482120454,46.0,46.06069900086874,774.3419036805333,2016-04-25,10180002,"(46.0, -122.25)"
2016-04-23 00:00:00,-122.5,-122.42214904493233,46.0,46.05073387249666,778.5814086656791,2016-04-25,10180002,"(46.0, -122.5)"
2016-04-22 23:00:00,-122.5,-122.55346520017955,46.0,45.99703898171264,781.081224264342,2016-04-25,10180002,"(46.0, -122.5)"
2016-04-22 22:00:00,-122.75,-122.67476040817286,46.0,45.88571271204284,786.5594854408375,2016-04-25,10180002,"(46.0, -122.75)"
2016-04-22 21:00:00,-122.75,-122.81053435111448,45.75,45.769412566079566,775.6559861514966,2016-04-25,10180002,"(45.75, -122.75)"
2016-04-22 20:00:00,-123.0,-122.9566432913637,45.5,45.62027886868728,776.136374646599,2016-04-25,10180002,"(45.5, -123.0)"
2016-04-22 19:00:00,-123.0,-123.09292509393325,45.5,45.42801986001404,768.3909969208838,2016-04-25,10180002,"(45.5, -123.0)"
2016-04-22 18:00:00,-123.25,-123.22293165635729,45.25,45.16951773634748,755.0981781093125,2016-04-25,10180002,"(45.25, -123.25)"
2016-04-22 17:00:00,-123.25,-123.33846362512278,44.75,44.85658709394226,742.0276477864574,2016-04-25,10180002,"(44.75, -123.25)"
2016-04-22 16:00:00,-123.5,-123.44130637665599,44.5,44.51644896534844,723.0741714523562,2016-04-25,10180002,"(44.5, -123.5)"
2016-04-22 15:00:00,-123.5,-123.5373291546016,44.25,44.12992783784839,709.5895375365535,2016-04-25,10180002,"(44.25, -123.5)"
2016-04-22 14:00:00,-123.75,-123.63399882372794,43.75,43.7152341211562,689.9916238942754,2016-04-25,10180002,"(43.75, -123.75)"
2016-04-22 13:00:00,-123.75,-123.73875267858895,43.25,43.257204435069355,679.6566537517028,2016-04-25,10180002,"(43.25, -123.75)"
2016-04-22 12:00:00,-123.75,-123.87001765712695,42.75,42.77642557599473,661.8206861546038,2016-04-25,10180002,"(42.75, -123.75)"
2016-04-22 11:00:00,-124.0,-124.06063699669218,42.25,42.24289428013138,641.8796904109106,2016-04-25,10180002,"(42.25, -124.0)"
2016-04-22 10:00:00,-124.25,-124.26969173316107,41.75,41.683185648560375,658.4013100033868,2016-04-25,10180002,"(41.75, -124.25)"
2016-04-22 09:00:00,-124.5,-124.47573203554511,41.0,41.1137544855192,737.5060930551184,2016-04-25,10180002,"(41.0, -124.5)"
2016-04-22 08:00:00,-124.75,-124.74956089672627,40.5,40.58558084647047,790.5313968162421,2016-04-25,10180002,"(40.5, -124.75)"
2016-04-22 07:00:00,-125.0,-125.0561779970965,40.25,40.15964590068318,850.1261902140998,2016-04-25,10180002,"(40.25, -125.0)"
2017-02-21 20:00:00,-120.0,-119.91706992328658,39.5,39.44539678124162,570.6999425005457,2017-02-23,10180002,"(39.5, -120.0)"
2017-11-16 20:00:00,-120.0,-120.08869595821352,39.5,39.5673711815812,764.5684975123374,2017-11-18,10180002,"(39.5, -120.0)"
2017-11-16 19:00:00,-120.5,-120.42062132972711,39.25,39.34846078483339,748.4900887389487,2017-11-18,10180002,"(39.25, -120.5)"
2017-11-16 18:00:00,-121.0,-120.89153812568433,39.0,39.01367431349432,808.3030864174276,2017-11-18,10180002,"(39.0, -121.0)"
2004-04-20 09:00:00,-120.5,-120.58972008721638,42.0,41.88861481380336,698.8040084336466,2004-04-22,10180001,"(42.0, -120.5)"
2004-04-20 08:00:00,-121.25,-121.31149387250306,41.25,41.368184310419544,739.2192136313378,2004-04-22,10180001,"(41.25, -121.25)"
2004-04-20 07:00:00,-122.0,-121.93225894738178,40.75,40.76188883434231,730.4337727906131,2004-04-22,10180001,"(40.75, -122.0)"
2004-04-20 06:00:00,-122.5,-122.51013108242003,40.25,40.2587543282837,739.5032961619655,2004-04-22,10180001,"(40.25, -122.5)"
2004-04-20 05:00:00,-123.0,-123.0491152050216,39.75,39.84307974871365,735.4753783701995,2004-04-22,10180001,"(39.75, -123.0)"
2004-04-20 04:00:00,-123.5,-123.51622821345596,39.5,39.421819683989966,742.0469269399844,2004-04-22,10180001,"(39.5, -123.5)"
2004-04-20 03:00:00,-124.0,-123.89599879210438,39.0,39.073230375089416,763.1361956082369,2004-04-22,10180001,"(39.0, -124.0)"
2004-12-07 18:00:00,-120.25,-120.2036819714192,40.0,40.07355855503684,547.5786526105767,2004-12-09,10180001,"(40.0, -120.25)"
2004-12-07 17:00:00,-120.75,-120.7294935098443,40.25,40.16108527885719,547.9323999810119,2004-12-09,10180001,"(40.25, -120.75)"
2004-12-07 16:00:00,-121.25,-121.32311046359732,40.25,40.22131430781999,520.7377352352736,2004-12-09,10180001,"(40.25, -121.25)"
2004-12-07 15:00:00,-122.0,-121.98095090295594,40.25,40.230093846341845,497.49088501269597,2004-12-09,10180001,"(40.25, -122.0)"
2004-12-07 14:00:00,-122.75,-122.77255396238355,40.25,40.26212148704614,506.6478770839596,2004-12-09,10180001,"(40.25, -122.75)"
2004-12-07 13:00:00,-123.5,-123.59830789959103,40.25,40.25308414320743,526.8174226839687,2004-12-09,10180001,"(40.25, -123.5)"
2004-12-07 12:00:00,-124.5,-124.43055116234514,40.25,40.26717537578744,511.836729104036,2004-12-09,10180001,"(40.25, -124.5)"
2005-11-30 00:00:00,-122.75,-122.8245197878086,39.0,39.000785393115116,712.2280577642111,2005-12-02,10180001,"(39.0, -122.75)"
2005-11-29 23:00:00,-123.5,-123.53029445454946,39.25,39.176097072823794,675.595210428701,2005-12-02,10180001,"(39.25, -123.5)"
2005-11-29 22:00:00,-124.25,-124.31947391976288,39.5,39.376245506882746,663.3408351267958,2005-12-02,10180001,"(39.5, -124.25)"
2007-10-18 12:00:00,-120.0,-120.03627289190621,43.0,43.03805686643637,621.768663344246,2007-10-21,10180001,"(43.0, -120.0)"
2007-10-18 11:00:00,-121.0,-120.99290898075226,43.25,43.16009716760285,644.5169626375833,2007-10-21,10180001,"(43.25, -121.0)"
2007-10-18 10:00:00,-121.75,-121.87228768420931,43.25,43.1750382112416,663.1291071961684,2007-10-21,10180001,"(43.25, -121.75)"
2007-10-18 09:00:00,-122.75,-122.66612132591028,43.0,43.11613207633744,671.7911923422737,2007-10-21,10180001,"(43.0, -122.75)"
2007-10-18 08:00:00,-123.25,-123.35676039108445,43.0,42.9714810081636,691.7582910295598,2007-10-21,10180001,"(43.0, -123.25)"
2007-10-18 07:00:00,-124.0,-123.970220993979,42.75,42.82817946469402,695.8440243722982,2007-10-21,10180001,"(42.75, -124.0)"
2007-10-18 06:00:00,-124.5,-124.58494980165068,42.75,42.70050213980047,690.4302190951157,2007-10-21,10180001,"(42.75, -124.5)"
2008-10-20 21:00:00,-120.0,-120.05375797051985,43.0,42.951288078241525,796.0233463170555,2008-10-22,10180001,"(43.0, -120.0)"
2008-10-20 20:00:00,-120.5,-120.39193007398494,42.75,42.850869960654194,799.9569010804728,2008-10-22,10180001,"(42.75, -120.5)"
2008-10-20 19:00:00,-120.75,-120.69223800117643,42.75,42.74800740825274,789.5990766323085,2008-10-22,10180001,"(42.75, -120.75)"
2008-10-20 18:00:00,-121.0,-121.00339911041307,42.75,42.63079793905764,770.4522009747267,2008-10-22,10180001,"(42.75, -121.0)"
2008-10-20 17:00:00,-121.25,-121.33358709397568,42.5,42.49177152522064,769.3639093278221,2008-10-22,10180001,"(42.5, -121.25)"
2008-10-20 16:00:00,-121.75,-121.72759061952871,42.25,42.3496812121277,792.3664518273879,2008-10-22,10180001,"(42.25, -121.75)"
2008-10-20 15:00:00,-122.0,-122.04855432947262,42.25,42.203713080109296,792.1739042120801,2008-10-22,10180001,"(42.25, -122.0)"
2008-10-20 14:00:00,-122.25,-122.33173841692444,42.0,42.10572933635356,792.7455050998924,2008-10-22,10180001,"(42.0, -122.25)"
2008-10-20 13:00:00,-122.5,-122.59948182191606,42.0,42.02823027671313,804.4126051935463,2008-10-22,10180001,"(42.0, -122.5)"
2008-10-20 12:00:00,-122.75,-122.79757629304997,42.0,41.93688959562273,814.4879271443666,2008-10-22,10180001,"(42.0, -122.75)"
2008-10-20 11:00:00,-123.0,-122.95939084495052,42.0,41.879400458726174,812.4647773485483,2008-10-22,10180001,"(42.0, -123.0)"
2008-10-20 10:00:00,-123.25,-123.14795052192851,41.75,41.82467841104894,812.2196592528737,2008-10-22,10180001,"(41.75, -123.25)"
2008-10-20 09:00:00,-123.25,-123.34015986414433,41.75,41.74965823830333,816.6565136590814,2008-10-22,10180001,"(41.75, -123.25)"
2008-10-20 08:00:00,-123.5,-123.48615815209595,41.75,41.63602957333592,819.3696465856325,2008-10-22,10180001,"(41.75, -123.5)"
2008-10-20 07:00:00,-123.5,-123.61493995294026,41.5,41.53123086346873,820.315959597262,2008-10-22,10180001,"(41.5, -123.5)"
2008-10-20 06:00:00,-123.75,-123.73289429973575,41.5,41.45842575508022,814.2421323079119,2008-10-22,10180001,"(41.5, -123.75)"
2008-10-20 05:00:00,-123.75,-123.8725993103373,41.5,41.404318102826814,815.2188024767951,2008-10-22,10180001,"(41.5, -123.75)"
2008-10-20 04:00:00,-124.0,-124.01672296747238,41.25,41.347854339467844,823.9514433524317,2008-10-22,10180001,"(41.25, -124.0)"
2008-10-20 03:00:00,-124.25,-124.15573523573937,41.25,41.29140057776781,820.5716770043443,2008-10-22,10180001,"(41.25, -124.25)"
2008-10-20 02:00:00,-124.25,-124.27529408124522,41.25,41.2312470299138,816.7659093164997,2008-10-22,10180001,"(41.25, -124.25)"
2008-10-20 01:00:00,-124.5,-124.37819965297783,41.25,41.16907597768208,818.0225259001757,2008-10-22,10180001,"(41.25, -124.5)"
2008-10-20 00:00:00,-124.5,-124.46218461272996,41.0,41.11533748947328,816.5463959122818,2008-10-22,10180001,"(41.0, -124.5)"
2008-10-19 23:00:00,-124.5,-124.53765607639673,41.0,41.07093870505776,814.7058968649899,2008-10-22,10180001,"(41.0, -124.5)"
2008-10-19 22:00:00,-124.5,-124.6178385043972,41.0,41.03675283074016,809.9915380511256,2008-10-22,10180001,"(41.0, -124.5)"
2008-10-19 21:00:00,-124.75,-124.7028040943385,41.0,41.006686750104535,806.9377523421066,2008-10-22,10180001,"(41.0, -124.75)"
2008-10-19 20:00:00,-124.75,-124.80427892555262,41.0,40.96494877741621,802.2159785541198,2008-10-22,10180001,"(41.0, -124.75)"
2008-10-19 19:00:00,-125.0,-124.90446572014507,41.0,40.92602014603674,799.9349962201105,2008-10-22,10180001,"(41.0, -125.0)"
2008-10-19 18:00:00,-125.0,-125.00241802548894,41.0,40.885545820136095,802.6107466667214,2008-10-22,10180001,"(41.0, -125.0)"
2008-10-19 17:00:00,-125.0,-125.09245731828075,40.75,40.853552929323996,801.8381824415115,2008-10-22,10180001,"(40.75, -125.0)"
2009-01-07 03:00:00,-120.0,-119.97751413825382,43.5,43.496843966517,755.7884411758204,2009-01-08,10180001,"(43.5, -120.0)"
2009-01-07 02:00:00,-120.75,-120.68296867533745,43.5,43.59188122820068,755.900161599174,2009-01-08,10180001,"(43.5, -120.75)"
2009-01-07 01:00:00,-121.5,-121.40114173226047,43.75,43.67912355236549,743.15674410843,2009-01-08,10180001,"(43.75, -121.5)"
2009-01-07 00:00:00,-122.25,-122.20158825652888,43.75,43.80950866468637,748.4603475081004,2009-01-08,10180001,"(43.75, -122.25)"
2009-01-06 23:00:00,-123.0,-122.90041159679672,44.0,43.91957557053655,778.4786310239293,2009-01-08,10180001,"(44.0, -123.0)"
2009-01-06 22:00:00,-123.5,-123.43708268817866,44.0,43.913900135647495,805.4790962057688,2009-01-08,10180001,"(44.0, -123.5)"
2009-01-06 21:00:00,-124.0,-123.93504182053005,43.75,43.83944827672192,814.1416388329354,2009-01-08,10180001,"(43.75, -124.0)"
2009-01-06 20:00:00,-124.5,-124.41952122149988,43.75,43.7209708779915,831.9377426411423,2009-01-08,10180001,"(43.75, -124.5)"
2009-01-06 19:00:00,-124.75,-124.84073526432363,43.5,43.60878969944778,862.8443206720254,2009-01-08,10180001,"(43.5, -124.75)"
2010-04-05 11:00:00,-120.0,-120.1121359141294,43.75,43.73718716297775,752.4717567571868,2010-04-07,10180001,"(43.75, -120.0)"
2010-04-05 10:00:00,-120.5,-120.47015709245058,43.75,43.64557162225633,747.2878199200545,2010-04-07,10180001,"(43.75, -120.5)"
2010-04-05 09:00:00,-120.75,-120.85360485877483,43.5,43.52181512413868,736.2884500692522,2010-04-07,10180001,"(43.5, -120.75)"
2010-04-05 08:00:00,-121.25,-121.22333834990256,43.5,43.400284248705574,722.4944063015447,2010-04-07,10180001,"(43.5, -121.25)"
2010-04-05 07:00:00,-121.5,-121.60930379352419,43.25,43.245096658345126,718.9465076261737,2010-04-07,10180001,"(43.25, -121.5)"
2010-04-05 06:00:00,-122.0,-121.99598952727754,43.0,43.06545976455108,709.2224667350413,2010-04-07,10180001,"(43.0, -122.0)"
2010-04-05 05:00:00,-122.5,-122.37649717932482,42.75,42.863829573317304,692.989055289073,2010-04-07,10180001,"(42.75, -122.5)"
2010-04-05 04:00:00,-122.75,-122.72173030938974,42.75,42.64611880887858,692.7473307634527,2010-04-07,10180001,"(42.75, -122.75)"
2010-04-05 03:00:00,-123.0,-123.01505725292485,42.5,42.45058009744427,697.6321197490822,2010-04-07,10180001,"(42.5, -123.0)"
2010-04-05 02:00:00,-123.25,-123.31157596452343,42.25,42.27026170257982,704.0045252730242,2010-04-07,10180001,"(42.25, -123.25)"
2010-04-05 01:00:00,-123.75,-123.62867409857242,42.0,42.04958576153028,682.9034276016184,2010-04-07,10180001,"(42.0, -123.75)"
2010-04-05 00:00:00,-124.0,-123.91553392756519,41.75,41.82209727213202,650.3272820571852,2010-04-07,10180001,"(41.75, -124.0)"
2010-04-04 23:00:00,-124.25,-124.19409321269185,41.75,41.66227051800009,640.1036004809046,2010-04-07,10180001,"(41.75, -124.25)"
2010-04-04 22:00:00,-124.5,-124.54293600608683,41.5,41.51708301269821,645.3764998732753,2010-04-07,10180001,"(41.5, -124.5)"
2010-04-04 21:00:00,-125.0,-124.97904023196934,41.5,41.37666271342416,654.4562508862814,2010-04-07,10180001,"(41.5, -125.0)"
2010-10-23 18:00:00,-120.25,-120.2067137473111,39.75,39.695751727075084,618.0195549978902,2010-10-25,10180001,"(39.75, -120.25)"
2010-10-23 17:00:00,-121.0,-120.8900409681735,39.75,39.65822961154448,600.9515598465043,2010-10-25,10180001,"(39.75, -121.0)"
2010-10-23 16:00:00,-121.5,-121.59662389697529,39.5,39.583215838447735,579.3399923083431,2010-10-25,10180001,"(39.5, -121.5)"
2010-10-23 15:00:00,-122.25,-122.3046206627892,39.5,39.57278916446453,579.0206534548965,2010-10-25,10180001,"(39.5, -122.25)"
2010-10-23 14:00:00,-123.0,-123.0077109955258,39.5,39.54572870053699,585.1550508829142,2010-10-25,10180001,"(39.5, -123.0)"
2010-10-23 13:00:00,-123.75,-123.7217562474239,39.5,39.48305684334368,584.6039066738778,2010-10-25,10180001,"(39.5, -123.75)"
2010-10-23 12:00:00,-124.5,-124.4077706898578,39.25,39.3694735482126,603.3359089978447,2010-10-25,10180001,"(39.25, -124.5)"
2010-10-23 11:00:00,-125.0,-125.05124406814691,39.25,39.200085937874206,619.073384893463,2010-10-25,10180001,"(39.25, -125.0)"
2011-04-15 23:00:00,-120.0,-120.0454784215482,43.25,43.154709225810954,664.4891286856888,2011-04-18,10180001,"(43.25, -120.0)"
2011-04-15 22:00:00,-120.75,-120.8464252794265,43.25,43.26237968603934,674.8938596966033,2011-04-18,10180001,"(43.25, -120.75)"
2011-04-15 21:00:00,-121.75,-121.65882516472261,43.25,43.313208288483416,689.5528956226218,2011-04-18,10180001,"(43.25, -121.75)"
2011-04-15 20:00:00,-122.5,-122.41870695342305,43.25,43.25453233806346,674.6700573733134,2011-04-18,10180001,"(43.25, -122.5)"
2011-04-15 19:00:00,-123.25,-123.16621950983476,43.25,43.18043116865614,701.4447697290286,2011-04-18,10180001,"(43.25, -123.25)"
2011-04-15 18:00:00,-124.0,-123.8828205839023,43.0,43.12143526634174,740.6164772726511,2011-04-18,10180001,"(43.0, -124.0)"
2011-04-15 17:00:00,-124.5,-124.54198218456196,43.0,42.92011403275159,747.3478792013289,2011-04-18,10180001,"(43.0, -124.5)"
2011-04-19 07:00:00,-120.25,-120.37285480837312,40.75,40.755945257848886,588.5302099913105,2011-04-21,10180001,"(40.75, -120.25)"
2011-04-19 06:00:00,-121.0,-120.90841425229392,40.75,40.86915335290866,578.4246919301802,2011-04-21,10180001,"(40.75, -121.0)"
2011-04-19 05:00:00,-121.5,-121.44880970841285,41.0,40.985516485725384,565.3697727648583,2011-04-21,10180001,"(41.0, -121.5)"
2011-04-19 04:00:00,-122.0,-121.98496822220746,41.0,41.11799907365491,572.655156854233,2011-04-21,10180001,"(41.0, -122.0)"
2011-04-19 03:00:00,-122.5,-122.5114025114518,41.25,41.260264491270945,585.5626095110073,2011-04-21,10180001,"(41.25, -122.5)"
2011-04-19 02:00:00,-123.0,-123.01958499209465,41.5,41.41562525101532,584.4919747782498,2011-04-21,10180001,"(41.5, -123.0)"
2011-04-19 01:00:00,-123.5,-123.5433272458914,41.5,41.5926565606519,573.9423894514944,2011-04-21,10180001,"(41.5, -123.5)"
2011-04-19 00:00:00,-124.0,-124.09305137751933,41.75,41.78883147934614,571.4942986325332,2011-04-21,10180001,"(41.75, -124.0)"
2011-04-18 23:00:00,-124.75,-124.64420594945243,42.0,41.98261687422637,568.2894435721223,2011-04-21,10180001,"(42.0, -124.75)"
2012-02-22 01:00:00,-120.5,-120.58261362542733,47.0,46.913812418495176,804.766876571505,2012-02-23,10180001,"(47.0, -120.5)"
2012-02-22 00:00:00,-121.5,-121.55338540476195,47.25,47.20811002773929,663.7175462860752,2012-02-23,10180001,"(47.25, -121.5)"
2012-02-21 23:00:00,-122.75,-122.69202289601424,47.5,47.503427442152095,736.6398136223602,2012-02-23,10180001,"(47.5, -122.75)"
2012-02-21 22:00:00,-123.75,-123.6691696243346,47.75,47.722650047492685,769.8488358114848,2012-02-23,10180001,"(47.75, -123.75)"
2012-02-21 21:00:00,-124.5,-124.53384335946161,48.0,47.96596884298251,807.6061704719372,2012-02-23,10180001,"(48.0, -124.5)"
2013-04-28 23:00:00,-120.0,-120.07938820863534,44.25,44.31687008026186,762.5830978655052,2013-05-01,10180001,"(44.25, -120.0)"
2013-04-28 22:00:00,-120.25,-120.34648170491307,44.5,44.4443575443355,761.6913580351471,2013-05-01,10180001,"(44.5, -120.25)"
2013-04-28 21:00:00,-120.5,-120.60734620217573,44.5,44.53095706914786,758.3182776591646,2013-05-01,10180001,"(44.5, -120.5)"
2013-04-28 20:00:00,-120.75,-120.86264999024954,44.5,44.53340952407513,745.3916252116549,2013-05-01,10180001,"(44.5, -120.75)"
2013-04-28 19:00:00,-121.25,-121.14033195616305,44.5,44.573251698485386,733.5711147554392,2013-05-01,10180001,"(44.5, -121.25)"
2013-04-28 18:00:00,-121.5,-121.50942676569368,44.75,44.69689757079836,736.776277021136,2013-05-01,10180001,"(44.75, -121.5)"
2013-04-28 17:00:00,-122.0,-121.95184774562074,44.75,44.83831374736687,726.0625647798765,2013-05-01,10180001,"(44.75, -122.0)"
2013-04-28 16:00:00,-122.5,-122.44746082932019,45.0,45.00080339483573,712.7793348063312,2013-05-01,10180001,"(45.0, -122.5)"
2013-04-28 15:00:00,-123.0,-122.92739720679438,45.25,45.19241656745818,720.2617261111169,2013-05-01,10180001,"(45.25, -123.0)"
2013-04-28 14:00:00,-123.5,-123.37904130560561,45.25,45.35712988092402,736.0548226980761,2013-05-01,10180001,"(45.25, -123.5)"
2013-04-28 13:00:00,-123.75,-123.85744720273868,45.5,45.51105903807392,727.7190834026165,2013-05-01,10180001,"(45.5, -123.75)"
2013-04-28 12:00:00,-124.25,-124.37058550078216,45.75,45.665541997568994,727.2065751313422,2013-05-01,10180001,"(45.75, -124.25)"
2013-04-28 11:00:00,-124.75,-124.86617590596705,45.75,45.80620677365205,732.3969679878975,2013-05-01,10180001,"(45.75, -124.75)"
2013-12-01 23:00:00,-120.25,-120.17028443867403,42.5,42.45206669198151,660.6622656500274,2013-12-04,10180001,"(42.5, -120.25)"
2013-12-01 22:00:00,-121.0,-120.96551899748792,42.75,42.79784047098133,654.1410327420461,2013-12-04,10180001,"(42.75, -121.0)"
2013-12-01 21:00:00,-121.75,-121.87482526254443,43.25,43.18280506366818,646.0775487859047,2013-12-04,10180001,"(43.25, -121.75)"
2013-12-01 20:00:00,-122.75,-122.81132031099698,43.5,43.48038076098846,600.9174105544453,2013-12-04,10180001,"(43.5, -122.75)"
2013-12-01 19:00:00,-123.75,-123.64690018764259,43.75,43.77946023486075,594.1428411618099,2013-12-04,10180001,"(43.75, -123.75)"
2013-12-01 18:00:00,-124.5,-124.48423371336274,44.0,44.110297684803896,564.8243971393699,2013-12-04,10180001,"(44.0, -124.5)"
2014-01-29 23:00:00,-120.25,-120.14333461125483,45.0,44.96579435419454,640.9386380783122,2014-01-31,10180001,"(45.0, -120.25)"
2014-01-29 22:00:00,-121.25,-121.23999469600815,45.0,44.97729978643302,646.2946690026695,2014-01-31,10180001,"(45.0, -121.25)"
2014-01-29 21:00:00,-122.5,-122.3867201246719,45.0,44.95073536415344,591.7359030028177,2014-01-31,10180001,"(45.0, -122.5)"
2014-01-29 20:00:00,-123.5,-123.5272198997036,44.75,44.767276195580656,633.8807602634081,2014-01-31,10180001,"(44.75, -123.5)"
2014-01-29 19:00:00,-124.5,-124.61454470575717,44.5,44.566996089030866,631.1902780782412,2014-01-31,10180001,"(44.5, -124.5)"
2014-02-09 02:00:00,-120.25,-120.2382111627908,42.0,42.094168324458906,772.4600582410174,2014-02-10,10180001,"(42.0, -120.25)"
2014-02-09 01:00:00,-120.75,-120.70659537905988,41.75,41.68699869601362,755.9845819467887,2014-02-10,10180001,"(41.75, -120.75)"
2014-02-09 00:00:00,-121.25,-121.28238838143979,41.25,41.294151426464424,795.1944436199595,2014-02-10,10180001,"(41.25, -121.25)"
2014-02-08 23:00:00,-121.75,-121.75696822411628,40.75,40.84653460116098,802.6471580305907,2014-02-10,10180001,"(40.75, -121.75)"
2014-02-08 22:00:00,-122.25,-122.13359789034209,40.5,40.40570670726816,813.3375831662688,2014-02-10,10180001,"(40.5, -122.25)"
2014-02-08 21:00:00,-122.75,-122.62675000042844,40.25,40.16943905578537,858.5632912565223,2014-02-10,10180001,"(40.25, -122.75)"
2014-02-08 20:00:00,-122.75,-122.82432432518932,40.0,39.95645715289945,858.0354099526613,2014-02-10,10180001,"(40.0, -122.75)"
2014-02-08 19:00:00,-123.0,-122.93473651263899,39.75,39.82493110254743,852.1779330653128,2014-02-10,10180001,"(39.75, -123.0)"
2014-02-08 18:00:00,-123.0,-123.05002230121387,39.75,39.642031977546246,855.4983653652525,2014-02-10,10180001,"(39.75, -123.0)"
2014-02-08 17:00:00,-123.25,-123.16232202947872,39.25,39.36387139239211,876.976076750038,2014-02-10,10180001,"(39.25, -123.25)"
2014-02-08 16:00:00,-123.25,-123.24615847281657,39.0,38.99795773745758,905.3055667199121,2014-02-10,10180001,"(39.0, -123.25)"
2015-02-03 20:00:00,-120.0,-120.09736118809174,45.25,45.19955481550181,671.0002284957972,2015-02-05,10180001,"(45.25, -120.0)"
2015-02-03 19:00:00,-120.75,-120.66093081142499,45.25,45.14017450168825,681.3010473128718,2015-02-05,10180001,"(45.25, -120.75)"
2015-02-03 18:00:00,-121.25,-121.16202642976592,45.0,45.03313248457338,695.3634658746768,2015-02-05,10180001,"(45.0, -121.25)"
2015-02-03 17:00:00,-121.5,-121.58412804038907,44.75,44.85643269798452,718.3618156883805,2015-02-05,10180001,"(44.75, -121.5)"
2015-02-03 16:00:00,-121.75,-121.8522452503855,44.75,44.63799249230684,770.7992136174622,2015-02-05,10180001,"(44.75, -121.75)"
2015-02-03 15:00:00,-122.0,-121.94934400415089,44.5,44.50652674089859,787.7560207251807,2015-02-05,10180001,"(44.5, -122.0)"
2015-02-03 14:00:00,-122.0,-122.01867693291837,44.25,44.35759182750496,802.4145741168809,2015-02-05,10180001,"(44.25, -122.0)"
2015-02-03 13:00:00,-122.0,-122.06643334827751,44.25,44.206766940531196,794.0256172984353,2015-02-05,10180001,"(44.25, -122.0)"
2015-02-03 12:00:00,-122.25,-122.20246361094053,44.0,44.0682840158992,791.142515396932,2015-02-05,10180001,"(44.0, -122.25)"
2015-02-03 11:00:00,-122.25,-122.35420581237781,44.0,43.96687175477786,801.2955147788208,2015-02-05,10180001,"(44.0, -122.25)"
2015-02-03 10:00:00,-122.5,-122.54957397168262,44.0,43.887173605910185,802.6545486314965,2015-02-05,10180001,"(44.0, -122.5)"
2015-02-03 09:00:00,-122.75,-122.838158240136,43.75,43.76308859823161,816.3601811104156,2015-02-05,10180001,"(43.75, -122.75)"
2015-02-03 08:00:00,-123.0,-123.11094251849721,43.5,43.61274046413434,844.2506994636079,2015-02-05,10180001,"(43.5, -123.0)"
2015-02-03 07:00:00,-123.5,-123.38021420847346,43.5,43.390802421291156,868.7300520550566,2015-02-05,10180001,"(43.5, -123.5)"
2015-02-03 06:00:00,-123.5,-123.58532419570982,43.25,43.14724906632277,882.6431218116961,2015-02-05,10180001,"(43.25, -123.5)"
2015-02-03 05:00:00,-123.75,-123.75388829111783,43.0,42.91718184133539,885.743299023184,2015-02-05,10180001,"(43.0, -123.75)"
2015-02-03 04:00:00,-124.0,-123.88886378791209,42.75,42.70304419270381,882.443529053491,2015-02-05,10180001,"(42.75, -124.0)"
2015-02-03 03:00:00,-124.0,-124.00342482897773,42.5,42.51948668021998,880.6855579240787,2015-02-05,10180001,"(42.5, -124.0)"
2015-02-03 02:00:00,-124.25,-124.12755375751497,42.5,42.37693781016542,880.0659672302291,2015-02-05,10180001,"(42.5, -124.25)"
2015-02-03 01:00:00,-124.25,-124.3073284334682,42.25,42.25643435923218,886.1994365509175,2015-02-05,10180001,"(42.25, -124.25)"
2015-02-03 00:00:00,-124.5,-124.50025610027988,42.25,42.14504043601156,903.5704119626866,2015-02-05,10180001,"(42.25, -124.5)"
2015-02-02 23:00:00,-124.75,-124.67884684806974,42.0,42.03740762531285,921.5879697588629,2015-02-05,10180001,"(42.0, -124.75)"
2015-02-02 22:00:00,-124.75,-124.81875745524432,42.0,41.916592098840134,936.8596145548828,2015-02-05,10180001,"(42.0, -124.75)"
2015-02-02 21:00:00,-125.0,-124.91934488779775,41.75,41.797576148353784,947.9277889480425,2015-02-05,10180001,"(41.75, -125.0)"
2015-02-02 20:00:00,-125.0,-125.08982292316566,41.75,41.75798995006632,948.590267507729,2015-02-05,10180001,"(41.75, -125.0)"
2015-12-20 19:00:00,-120.25,-120.35225702802306,43.25,43.243733305812995,643.7407221665491,2015-12-22,10180001,"(43.25, -120.25)"
2015-12-20 18:00:00,-121.0,-121.0624223660904,43.5,43.417514713009126,669.9195842070021,2015-12-22,10180001,"(43.5, -121.0)"
2015-12-20 17:00:00,-121.75,-121.84717345769984,43.5,43.438532684981375,691.5273597714073,2015-12-22,10180001,"(43.5, -121.75)"
2015-12-20 16:00:00,-122.75,-122.64208813532028,43.25,43.3281547010318,707.9567603840385,2015-12-22,10180001,"(43.25, -122.75)"
2015-12-20 15:00:00,-123.25,-123.33591031487269,43.25,43.22164034327296,783.2107996035691,2015-12-22,10180001,"(43.25, -123.25)"
2015-12-20 14:00:00,-124.0,-124.05288217419714,43.0,42.90095386972044,818.0450673964197,2015-12-22,10180001,"(43.0, -124.0)"
2015-12-20 13:00:00,-124.75,-124.68208672819799,42.25,42.360731603934056,829.7657535658122,2015-12-22,10180001,"(42.25, -124.75)"
2017-11-16 22:00:00,-120.25,-120.36083874463756,40.0,40.05664072363693,720.8839313477836,2017-11-18,10180001,"(40.0, -120.25)"
2017-11-16 21:00:00,-121.0,-121.07926625504189,39.5,39.53452442820848,675.7790071000181,2017-11-18,10180001,"(39.5, -121.0)"
2017-11-16 20:00:00,-121.75,-121.83002377546023,39.0,38.95872085746102,741.696772444097,2017-11-18,10180001,"(39.0, -121.75)"
2018-11-02 22:00:00,-120.25,-120.18585284579478,48.0,47.98776564825489,711.2865923862881,2018-11-05,10180001,"(48.0, -120.25)"
2018-11-02 21:00:00,-120.5,-120.60600294760413,48.5,48.48498634600841,617.1708585059679,2018-11-05,10180001,"(48.5, -120.5)"
2018-11-02 20:00:00,-121.25,-121.2341032868321,49.0,48.954130747965756,569.8688962043414,2018-11-05,10180001,"(49.0, -121.25)"
2022-01-05 23:00:00,-120.0,-119.98690754907143,42.25,42.203808513086514,769.9487476626907,2022-01-07,10180001,"(42.25, -120.0)"
2022-01-05 22:00:00,-120.5,-120.52341367431006,42.25,42.22040110724706,756.3744755865838,2022-01-07,10180001,"(42.25, -120.5)"
2022-01-05 21:00:00,-121.0,-121.05470554937108,42.25,42.31433088842487,748.1385735833547,2022-01-07,10180001,"(42.25, -121.0)"
2022-01-05 20:00:00,-121.75,-121.64123033537682,42.5,42.50927649604563,754.8347414368574,2022-01-07,10180001,"(42.5, -121.75)"
2022-01-05 19:00:00,-122.25,-122.31606562601257,42.75,42.75094548441749,762.8161132369416,2022-01-07,10180001,"(42.75, -122.25)"
2022-01-05 18:00:00,-123.0,-122.94069049660567,43.0,42.87514245497836,774.4784210227803,2022-01-07,10180001,"(43.0, -123.0)"
2022-01-05 17:00:00,-123.5,-123.52230972201785,43.0,43.021431996676675,792.9319936882251,2022-01-07,10180001,"(43.0, -123.5)"
2022-01-05 16:00:00,-124.0,-124.09783775064369,43.0,43.09071545576945,796.2017425009279,2022-01-07,10180001,"(43.0, -124.0)"
2022-01-05 15:00:00,-124.75,-124.6686668823151,43.25,43.164953579137446,811.5443128082136,2022-01-07,10180001,"(43.25, -124.75)"
2023-12-02 21:00:00,-120.25,-120.22259098466495,46.5,46.48782328104192,713.6747859262733,2023-12-04,10180001,"(46.5, -120.25)"
2023-12-02 20:00:00,-121.0,-120.88091903710084,46.75,46.63825258017986,714.2707240942296,2023-12-04,10180001,"(46.75, -121.0)"
2023-12-02 19:00:00,-121.5,-121.59946648502978,46.75,46.78962922600609,616.7380648983655,2023-12-04,10180001,"(46.75, -121.5)"
2023-12-02 18:00:00,-122.25,-122.37479584859399,47.0,46.92594257461278,609.4539060701741,2023-12-04,10180001,"(47.0, -122.25)"
2023-12-02 17:00:00,-123.0,-123.0287669282419,47.0,47.03802764914778,651.3941635158506,2023-12-04,10180001,"(47.0, -123.0)"
2023-12-02 16:00:00,-123.75,-123.64907515051016,47.0,47.11551790807246,646.7467612558571,2023-12-04,10180001,"(47.0, -123.75)"
2023-12-02 15:00:00,-124.25,-124.28724181562208,47.25,47.20563945302638,632.3288125981044,2023-12-04,10180001,"(47.25, -124.25)"
2023-12-02 14:00:00,-125.0,-124.8879328964601,47.25,47.328430943607174,642.8440208935368,2023-12-04,10180001,"(47.25, -125.0)"
2013-10-08 06:00:00,-124.5,-124.60846871880132,39.0,38.982731818371214,784.8606567716552,2013-10-11,14080104,"(39.0, -124.5)"
2013-10-08 05:00:00,-124.75,-124.63862932492506,39.25,39.31962914228941,773.4926152785059,2013-10-11,14080104,"(39.25, -124.75)"
2013-10-08 04:00:00,-124.75,-124.6488433312971,39.75,39.64950965094996,759.8775658769516,2013-10-11,14080104,"(39.75, -124.75)"
2013-10-08 03:00:00,-124.75,-124.65522438619577,40.0,39.99054140930816,747.0888551951695,2013-10-11,14080104,"(40.0, -124.75)"
2013-10-08 02:00:00,-124.75,-124.68845405352776,40.25,40.35869631857206,732.7070763739822,2013-10-11,14080104,"(40.25, -124.75)"
2013-10-08 01:00:00,-124.75,-124.76666799920736,40.75,40.7610462736946,712.430781773358,2013-10-11,14080104,"(40.75, -124.75)"
2015-11-02 18:00:00,-125.0,-124.89521802960627,39.0,38.94306130893237,580.335050089845,2015-11-05,14080104,"(39.0, -125.0)"
2015-11-02 17:00:00,-125.0,-125.02605399583521,39.25,39.328727227697264,569.025082415002,2015-11-05,14080104,"(39.25, -125.0)"
2023-02-21 18:00:00,-123.75,-123.66061208349575,39.0,38.917880772353996,880.8954993517891,2023-02-23,14080104,"(39.0, -123.75)"
2023-02-21 17:00:00,-124.0,-123.9185371809553,39.5,39.43457698970955,867.5793712904499,2023-02-23,14080104,"(39.5, -124.0)"
2023-02-21 16:00:00,-124.0,-124.11823080919594,40.0,39.8876596873547,872.6817595875234,2023-02-23,14080104,"(40.0, -124.0)"
2023-02-21 15:00:00,-124.25,-124.2747205136611,40.25,40.32046867811481,870.058436435294,2023-02-23,14080104,"(40.25, -124.25)"
2023-02-21 14:00:00,-124.5,-124.40790594116271,40.75,40.70248860068739,873.6985319288247,2023-02-23,14080104,"(40.75, -124.5)"
2023-02-21 13:00:00,-124.5,-124.52008593273004,41.0,40.9735762728162,893.0527476197477,2023-02-23,14080104,"(41.0, -124.5)"
2023-02-21 12:00:00,-124.5,-124.6129778228389,41.25,41.20721301980788,903.8903029488479,2023-02-23,14080104,"(41.25, -124.5)"
2023-02-21 11:00:00,-124.75,-124.6922029668407,41.5,41.459236535786395,907.7948849347986,2023-02-23,14080104,"(41.5, -124.75)"
2023-02-21 10:00:00,-124.75,-124.7960991852552,41.75,41.7177282512959,910.0731594145276,2023-02-23,14080104,"(41.75, -124.75)"
2023-02-21 09:00:00,-125.0,-124.9300795427056,42.0,41.9850562112764,919.3489940175522,2023-02-23,14080104,"(42.0, -125.0)"
2002-11-09 03:00:00,-120.25,-120.20749994909762,39.75,39.67029712234189,662.2405656121101,2002-11-10,14020004,"(39.75, -120.25)"
2002-11-09 02:00:00,-121.25,-121.19998746010279,39.25,39.315145111875026,617.9209201741439,2002-11-10,14020004,"(39.25, -121.25)"
2002-11-09 01:00:00,-122.0,-122.1140311200066,39.0,38.99490751481476,711.0451765285829,2002-11-10,14020004,"(39.0, -122.0)"
2003-09-08 09:00:00,-120.25,-120.34122089182068,42.75,42.710590153193124,618.6374053223077,2003-09-11,14020004,"(42.75, -120.25)"
2003-09-08 08:00:00,-120.75,-120.8470754236959,42.75,42.64074556601388,618.4196824572431,2003-09-11,14020004,"(42.75, -120.75)"
2003-09-08 07:00:00,-121.25,-121.34374224185478,42.5,42.55989655695328,615.5529280195976,2003-09-11,14020004,"(42.5, -121.25)"
2003-09-08 06:00:00,-121.75,-121.83152367827762,42.5,42.46802196402661,620.8645533370345,2003-09-11,14020004,"(42.5, -121.75)"
2003-09-08 05:00:00,-122.25,-122.30447681398245,42.25,42.37310882345508,617.3614376202381,2003-09-11,14020004,"(42.25, -122.25)"
2003-09-08 04:00:00,-122.75,-122.77270379830155,42.25,42.27154234610704,602.7489916234713,2003-09-11,14020004,"(42.25, -122.75)"
2003-09-08 03:00:00,-123.25,-123.23361018121189,42.25,42.16333475101848,596.4652353146021,2003-09-11,14020004,"(42.25, -123.25)"
2003-09-08 02:00:00,-123.75,-123.69318059115557,42.0,42.04411498592071,600.7860364275454,2003-09-11,14020004,"(42.0, -123.75)"
2003-09-08 01:00:00,-124.25,-124.13894960496548,42.0,41.91787526549214,607.6925827532773,2003-09-11,14020004,"(42.0, -124.25)"
2004-11-26 04:00:00,-120.0,-120.05882599518785,41.5,41.45093914601262,595.7771679053754,2004-11-28,14020004,"(41.5, -120.0)"
2004-11-26 03:00:00,-120.5,-120.39455929158213,41.75,41.850942398055246,579.0350873245608,2004-11-28,14020004,"(41.75, -120.5)"
2004-11-26 02:00:00,-120.75,-120.76401295122861,42.25,42.257587634275495,567.4447432232813,2004-11-28,14020004,"(42.25, -120.75)"
2004-11-26 01:00:00,-121.25,-121.16702776450126,42.75,42.6642699158188,561.7913373492185,2004-11-28,14020004,"(42.75, -121.25)"
2004-11-26 00:00:00,-121.5,-121.60944495155793,43.0,43.068967852714565,559.3651861259992,2004-11-28,14020004,"(43.0, -121.5)"
2004-11-25 23:00:00,-122.0,-122.08921328215713,43.5,43.45836639221739,561.1124907695705,2004-11-28,14020004,"(43.5, -122.0)"
2004-11-25 22:00:00,-122.5,-122.61561985464358,43.75,43.807681900064544,536.7785885731145,2004-11-28,14020004,"(43.75, -122.5)"
2004-11-25 21:00:00,-123.25,-123.1959580821338,44.0,44.12448329229052,529.0798834867492,2004-11-28,14020004,"(44.0, -123.25)"
2004-11-25 20:00:00,-123.75,-123.78408598380418,44.5,44.410608787350995,526.2597881592227,2004-11-28,14020004,"(44.5, -123.75)"
2004-11-25 19:00:00,-124.25,-124.36594656769489,44.75,44.676380543176215,531.5449055562417,2004-11-28,14020004,"(44.75, -124.25)"
2004-11-25 18:00:00,-125.0,-124.9326149165497,45.0,44.918827093275304,536.309348719948,2004-11-28,14020004,"(45.0, -125.0)"
2010-10-24 22:00:00,-120.0,-120.12409249620353,44.5,44.43142125789894,672.9471908641842,2010-10-26,14020004,"(44.5, -120.0)"
2010-10-24 21:00:00,-121.0,-120.92612299047327,44.25,44.27171598361902,652.4989372961861,2010-10-26,14020004,"(44.25, -121.0)"
2010-10-24 20:00:00,-121.75,-121.85389754114475,44.0,44.02962196034605,672.8582641324655,2010-10-26,14020004,"(44.0, -121.75)"
2010-10-24 19:00:00,-122.75,-122.76002265753816,43.75,43.81243653568648,699.4156904998067,2010-10-26,14020004,"(43.75, -122.75)"
2010-10-24 18:00:00,-123.5,-123.58311609202745,43.5,43.46982172274979,781.7379888514096,2010-10-26,14020004,"(43.5, -123.5)"
2010-10-24 17:00:00,-124.25,-124.34888521869681,43.25,43.17380456880915,823.5052630449546,2010-10-26,14020004,"(43.25, -124.25)"
2010-10-24 16:00:00,-125.0,-125.04747112415563,43.0,42.91625792441724,878.6077554690594,2010-10-26,14020004,"(43.0, -125.0)"
2017-01-05 04:00:00,-120.0,-119.88140837227084,41.0,41.02044719986887,631.4924161411122,2017-01-06,14020004,"(41.0, -120.0)"
2017-01-05 03:00:00,-120.75,-120.71159352309002,40.75,40.83382752005214,637.1506580011139,2017-01-06,14020004,"(40.75, -120.75)"
2017-01-05 02:00:00,-121.5,-121.50412779882404,40.75,40.634056871232396,626.432663018365,2017-01-06,14020004,"(40.75, -121.5)"
2017-01-05 01:00:00,-122.25,-122.35017347097799,40.5,40.406041488626165,646.9335201884608,2017-01-06,14020004,"(40.5, -122.25)"
2017-01-05 00:00:00,-123.25,-123.29925863995922,40.25,40.21642942467701,654.6942162358597,2017-01-06,14020004,"(40.25, -123.25)"
2017-01-04 23:00:00,-124.25,-124.28458136117852,40.0,40.03183050070714,667.2529760439477,2017-01-06,14020004,"(40.0, -124.25)"
2002-11-09 02:00:00,-120.25,-120.32831420998293,40.0,40.05309978323041,661.4847888577249,2002-11-10,14020003,"(40.0, -120.25)"
2002-11-09 01:00:00,-121.25,-121.26317437408488,39.75,39.70628860099578,637.4025426262883,2002-11-10,14020003,"(39.75, -121.25)"
2002-11-09 00:00:00,-122.25,-122.15673070932009,39.5,39.40763915048629,741.668348565961,2002-11-10,14020003,"(39.5, -122.25)"
2002-11-08 23:00:00,-123.0,-123.00764386499988,39.25,39.17251546556654,720.6555872993912,2002-11-10,14020003,"(39.25, -123.0)"
2002-11-08 22:00:00,-123.75,-123.84688709334107,39.0,38.934642745447505,765.6558372991284,2002-11-10,14020003,"(39.0, -123.75)"
2004-11-26 01:00:00,-120.25,-120.17582755774382,40.0,40.09151472840908,617.8784134297232,2004-11-28,14020003,"(40.0, -120.25)"
2004-11-26 00:00:00,-120.5,-120.60764459463576,40.5,40.40617978978438,627.3547613524565,2004-11-28,14020003,"(40.5, -120.5)"
2004-11-25 23:00:00,-121.0,-121.062988495558,40.75,40.69537772310986,637.2518495336283,2004-11-28,14020003,"(40.75, -121.0)"
2004-11-25 22:00:00,-121.5,-121.5240992536461,41.0,40.962335221364064,652.8373613058818,2004-11-28,14020003,"(41.0, -121.5)"
2004-11-25 21:00:00,-122.0,-121.97214125572012,41.25,41.1998732715637,670.0713166892477,2004-11-28,14020003,"(41.25, -122.0)"
2004-11-25 20:00:00,-122.25,-122.36566030583579,41.5,41.43674179793344,662.1765869637267,2004-11-28,14020003,"(41.5, -122.25)"
2004-11-25 19:00:00,-122.75,-122.77582999783733,41.75,41.66791482301696,679.5017891886994,2004-11-28,14020003,"(41.75, -122.75)"
2004-11-25 18:00:00,-123.25,-123.160314415278,42.0,41.924141017499124,690.6758532479936,2004-11-28,14020003,"(42.0, -123.25)"
2004-11-25 17:00:00,-123.5,-123.56398076104408,42.25,42.171323916131904,706.9412599657796,2004-11-28,14020003,"(42.25, -123.5)"
2004-11-25 16:00:00,-124.0,-123.97428126872596,42.5,42.39129207951277,713.4647607517045,2004-11-28,14020003,"(42.5, -124.0)"
2004-11-25 15:00:00,-124.5,-124.39909155256154,42.5,42.593312977923986,732.5719251274298,2004-11-28,14020003,"(42.5, -124.5)"
2004-11-25 14:00:00,-124.75,-124.81703106574058,42.75,42.79217519007205,780.4581666766891,2004-11-28,14020003,"(42.75, -124.75)"
2010-10-24 11:00:00,-120.25,-120.18503305371246,39.75,39.83433043262984,793.2290596253649,2010-10-26,14020003,"(39.75, -120.25)"
2010-10-24 10:00:00,-120.5,-120.57798942335606,39.5,39.484242340306785,772.46123358554,2010-10-26,14020003,"(39.5, -120.5)"
2010-10-24 09:00:00,-121.0,-120.97685931037898,39.0,38.93715388038736,806.6040383139689,2010-10-26,14020003,"(39.0, -121.0)"
2014-02-08 04:00:00,-120.5,-120.49837756478435,39.75,39.703877825122525,708.398211377137,2014-02-09,14020003,"(39.75, -120.5)"
2014-02-08 03:00:00,-121.5,-121.37854325939279,39.25,39.203974041466324,650.4620118302848,2014-02-09,14020003,"(39.25, -121.5)"
2014-02-08 02:00:00,-122.25,-122.22874854177876,39.25,39.16376331356316,684.5334110532538,2014-02-09,14020003,"(39.25, -122.25)"
2014-02-08 01:00:00,-123.0,-123.07806432486792,39.0,39.072155780734306,710.5327689527048,2014-02-09,14020003,"(39.0, -123.0)"
2014-02-08 00:00:00,-123.75,-123.86432251331395,39.0,38.939854853145775,754.5902401971524,2014-02-09,14020003,"(39.0, -123.75)"
2014-02-08 21:00:00,-120.25,-120.33464033593809,40.25,40.26598363847389,726.4347737153347,2014-02-10,14020003,"(40.25, -120.25)"
2014-02-08 20:00:00,-121.0,-121.10025800762233,39.75,39.706040201011966,707.2183880763395,2014-02-10,14020003,"(39.75, -121.0)"
2014-02-08 19:00:00,-121.75,-121.74453708056615,39.25,39.22344761161746,817.3174664076747,2014-02-10,14020003,"(39.25, -121.75)"
2014-12-20 10:00:00,-120.0,-119.95629683964535,39.0,38.97588508226326,729.7049212003224,2014-12-22,14020003,"(39.0, -120.0)"
2017-01-05 00:00:00,-120.5,-120.56400624133319,41.25,41.1683519839954,634.8695465431676,2017-01-06,14020003,"(41.25, -120.5)"
2017-01-04 23:00:00,-121.25,-121.30902629317335,41.0,41.019128244002694,634.765524740964,2017-01-06,14020003,"(41.0, -121.25)"
2017-01-04 22:00:00,-122.0,-122.08935628667639,41.0,40.90534607294386,641.324426111433,2017-01-06,14020003,"(41.0, -122.0)"
2017-01-04 21:00:00,-122.75,-122.86891552116809,40.75,40.85249465298537,638.4271569055484,2017-01-06,14020003,"(40.75, -122.75)"
2017-01-04 20:00:00,-123.75,-123.77418879838079,40.75,40.75165276654684,621.6330965218405,2017-01-06,14020003,"(40.75, -123.75)"
2017-01-04 19:00:00,-124.75,-124.83898334885626,40.75,40.627568667671184,616.0415201897231,2017-01-06,14020003,"(40.75, -124.75)"
2017-04-01 14:00:00,-120.25,-120.15921072765684,45.5,45.415084140558946,651.018002439693,2017-04-04,13010003,"(45.5, -120.25)"
2017-04-01 13:00:00,-120.5,-120.5629650401969,45.5,45.49974221784194,652.5902376071025,2017-04-04,13010003,"(45.5, -120.5)"
2017-04-01 12:00:00,-121.0,-120.97414373408908,45.5,45.576936124732256,652.3343900450835,2017-04-04,13010003,"(45.5, -121.0)"
2017-04-01 11:00:00,-121.5,-121.38824870270886,45.75,45.65460520559071,660.0440825958507,2017-04-04,13010003,"(45.75, -121.5)"
2017-04-01 10:00:00,-121.75,-121.81464772641144,45.75,45.7299114726264,662.8050943193393,2017-04-04,13010003,"(45.75, -121.75)"
2017-04-01 09:00:00,-122.25,-122.24337760156216,45.75,45.78174967390627,654.556360342638,2017-04-04,13010003,"(45.75, -122.25)"
2017-04-01 08:00:00,-122.5,-122.52936904273822,46.0,45.890085303624005,642.4844156699421,2017-04-04,13010003,"(46.0, -122.5)"
2017-04-01 07:00:00,-122.75,-122.7835052272415,46.0,46.009320282421406,627.272870914471,2017-04-04,13010003,"(46.0, -122.75)"
2017-04-01 06:00:00,-123.0,-123.0768300257658,46.25,46.17061378103469,622.1263826717396,2017-04-04,13010003,"(46.25, -123.0)"
2017-04-01 05:00:00,-123.5,-123.42030709667002,46.25,46.35242950261485,618.6178952675003,2017-04-04,13010003,"(46.25, -123.5)"
2017-04-01 04:00:00,-123.75,-123.80738980025119,46.5,46.533236097006956,610.3143882042054,2017-04-04,13010003,"(46.5, -123.75)"
2017-04-01 03:00:00,-124.25,-124.2544064370216,46.75,46.70564920375383,606.9766933078715,2017-04-04,13010003,"(46.75, -124.25)"
2017-04-01 02:00:00,-124.75,-124.76009540333729,46.75,46.83995811461214,606.3817459722824,2017-04-04,13010003,"(46.75, -124.75)"
2005-11-13 12:00:00,-120.0,-119.95416252975512,40.5,40.51857061264536,779.9948295946526,2005-11-15,10190004,"(40.5, -120.0)"
2005-11-13 11:00:00,-120.25,-120.36876799075013,40.5,40.523079769324085,786.5894983054246,2005-11-15,10190004,"(40.5, -120.25)"
2005-11-13 10:00:00,-120.75,-120.73620599721737,40.5,40.50134976741553,785.8331503633915,2005-11-15,10190004,"(40.5, -120.75)"
2005-11-13 09:00:00,-121.0,-121.05511508550846,40.5,40.454369432617796,783.1235796220561,2005-11-15,10190004,"(40.5, -121.0)"
2005-11-13 08:00:00,-121.25,-121.35490629631195,40.5,40.42570658194394,776.6367975436492,2005-11-15,10190004,"(40.5, -121.25)"
2005-11-13 07:00:00,-121.75,-121.63990024246917,40.5,40.432411669674494,774.9091651501175,2005-11-15,10190004,"(40.5, -121.75)"
2005-11-13 06:00:00,-122.0,-121.9097850141975,40.5,40.48992214986374,775.3413457206659,2005-11-15,10190004,"(40.5, -122.0)"
2005-11-13 05:00:00,-122.25,-122.20483616903013,40.5,40.60321122840362,771.260709306644,2005-11-15,10190004,"(40.5, -122.25)"
2005-11-13 04:00:00,-122.5,-122.56654624508127,40.75,40.74693595358834,774.0205672479462,2005-11-15,10190004,"(40.75, -122.5)"
2005-11-13 03:00:00,-123.0,-122.90556864958003,40.75,40.86313891743805,768.835505751406,2005-11-15,10190004,"(40.75, -123.0)"
2005-11-13 02:00:00,-123.25,-123.24455556740507,41.0,40.96579395488807,763.740249657579,2005-11-15,10190004,"(41.0, -123.25)"
2005-11-13 01:00:00,-123.5,-123.61618522517779,41.0,41.076396657309104,770.6090780832491,2005-11-15,10190004,"(41.0, -123.5)"
2005-11-13 00:00:00,-124.0,-123.95671038314914,41.25,41.16807828730218,765.8305416411915,2005-11-15,10190004,"(41.25, -124.0)"
2005-11-12 23:00:00,-124.25,-124.3302686810344,41.25,41.26565102288121,763.9033868267485,2005-11-15,10190004,"(41.25, -124.25)"
2005-11-12 22:00:00,-124.75,-124.72176343847113,41.25,41.34458783300238,766.5260381587525,2005-11-15,10190004,"(41.25, -124.75)"
2005-11-12 21:00:00,-125.0,-125.07213735942008,41.5,41.41034312250396,761.6251084362633,2005-11-15,10190004,"(41.5, -125.0)"
2009-10-26 17:00:00,-120.25,-120.36860816215302,49.0,49.10516324389296,775.149503387785,2009-10-29,10190004,"(49.0, -120.25)"
2009-10-26 16:00:00,-120.5,-120.56927933364962,49.0,49.02619869294818,773.1122692832448,2009-10-29,10190004,"(49.0, -120.5)"
2009-10-26 15:00:00,-120.75,-120.73932065961111,49.0,48.91936178926065,770.8990221596493,2009-10-29,10190004,"(49.0, -120.75)"
2009-10-26 14:00:00,-121.0,-120.92439138641288,48.75,48.7980979182212,777.1139534562839,2009-10-29,10190004,"(48.75, -121.0)"
2009-10-26 13:00:00,-121.0,-121.10950777260199,48.75,48.69503200251497,787.0311785560646,2009-10-29,10190004,"(48.75, -121.0)"
2009-10-26 12:00:00,-121.25,-121.26189276987715,48.5,48.60768671886392,793.5972546415229,2009-10-29,10190004,"(48.5, -121.25)"
2009-10-26 11:00:00,-121.5,-121.39654279588832,48.5,48.53017589909935,789.487870440033,2009-10-29,10190004,"(48.5, -121.5)"
2009-10-26 10:00:00,-121.5,-121.60446258017578,48.5,48.48543899410302,787.1957320983032,2009-10-29,10190004,"(48.5, -121.5)"
2009-10-26 09:00:00,-122.0,-121.89285140931486,48.5,48.468949600101205,789.8814301418074,2009-10-29,10190004,"(48.5, -122.0)"
2009-10-26 08:00:00,-122.25,-122.18503229246687,48.5,48.446308373155226,800.3335156434487,2009-10-29,10190004,"(48.5, -122.25)"
2009-10-26 07:00:00,-122.5,-122.51580187477705,48.5,48.44939568464954,801.7779881973405,2009-10-29,10190004,"(48.5, -122.5)"
2009-10-26 06:00:00,-123.0,-122.92379387790169,48.5,48.450604027777956,803.7795565290332,2009-10-29,10190004,"(48.5, -123.0)"
2009-10-26 05:00:00,-123.5,-123.39710514776901,48.5,48.45167382143392,802.8107946316238,2009-10-29,10190004,"(48.5, -123.5)"
2009-10-26 04:00:00,-124.0,-123.9160806037971,48.5,48.45008259962711,786.0671092035171,2009-10-29,10190004,"(48.5, -124.0)"
2009-10-26 03:00:00,-124.5,-124.42817179440227,48.5,48.46506456075204,777.6024099236913,2009-10-29,10190004,"(48.5, -124.5)"
2009-10-26 02:00:00,-125.0,-124.97241860770984,48.5,48.51656010609806,785.8701509088689,2009-10-29,10190004,"(48.5, -125.0)"
2019-03-11 16:00:00,-120.25,-120.31471977243656,49.0,49.032728407452154,631.5592115198946,2019-03-14,10190004,"(49.0, -120.25)"
2019-03-11 15:00:00,-120.75,-120.8019962216445,49.0,48.89960257212475,625.8882651441651,2019-03-14,10190004,"(49.0, -120.75)"
2019-03-11 14:00:00,-121.25,-121.27021241377035,48.75,48.779487390057895,614.3855600639063,2019-03-14,10190004,"(48.75, -121.25)"
2019-03-11 13:00:00,-121.75,-121.70997498356986,48.75,48.6828918447898,613.810014107838,2019-03-14,10190004,"(48.75, -121.75)"
2019-03-11 12:00:00,-122.0,-122.11247525261085,48.5,48.62363602712772,607.6560248219803,2019-03-14,10190004,"(48.5, -122.0)"
2019-03-11 11:00:00,-122.5,-122.49596651340659,48.75,48.62534751075458,602.9970056617775,2019-03-14,10190004,"(48.75, -122.5)"
2019-03-11 10:00:00,-123.0,-122.87550870647561,48.75,48.67487865752814,601.2520748490787,2019-03-14,10190004,"(48.75, -123.0)"
2019-03-11 09:00:00,-123.25,-123.2447797506862,48.75,48.7615101934562,600.6267893969627,2019-03-14,10190004,"(48.75, -123.25)"
2019-03-11 08:00:00,-123.75,-123.62883645610863,48.75,48.871509053243365,602.847024355338,2019-03-14,10190004,"(48.75, -123.75)"
2019-03-11 07:00:00,-124.0,-124.04575967685639,49.0,49.035084801441535,597.3260634184487,2019-03-14,10190004,"(49.0, -124.0)"
2001-05-01 02:00:00,-120.0,-120.05923482107748,45.75,45.860794286409444,582.4365177261882,2001-05-03,10190006,"(45.75, -120.0)"
2001-05-01 01:00:00,-121.0,-121.01737315367407,45.75,45.8544920300257,601.4247183112113,2001-05-03,10190006,"(45.75, -121.0)"
2001-05-01 00:00:00,-122.0,-121.94949270526473,45.75,45.85464099866357,535.1569311332577,2001-05-03,10190006,"(45.75, -122.0)"
2001-04-30 23:00:00,-123.25,-123.24733486498265,45.75,45.75887509417482,550.49301792023,2001-05-03,10190006,"(45.75, -123.25)"
2001-04-30 22:00:00,-124.5,-124.47960150004033,45.5,45.58581514315238,558.2433723829986,2001-05-03,10190006,"(45.5, -124.5)"
2013-04-28 14:00:00,-120.25,-120.29272226969213,44.75,44.65013361941664,673.047824082154,2013-05-01,10190006,"(44.75, -120.25)"
2013-04-28 13:00:00,-120.75,-120.77365116879074,44.75,44.79553956727714,673.436832009007,2013-05-01,10190006,"(44.75, -120.75)"
2013-04-28 12:00:00,-121.25,-121.30127801920078,45.0,44.946324477763824,682.0199233815744,2013-05-01,10190006,"(45.0, -121.25)"
2013-04-28 11:00:00,-122.0,-121.894436106229,45.0,45.109173455138915,703.6799937123567,2013-05-01,10190006,"(45.0, -122.0)"
2013-04-28 10:00:00,-122.5,-122.5340460131508,45.25,45.26877693301006,678.4000166518746,2013-05-01,10190006,"(45.25, -122.5)"
2013-04-28 09:00:00,-123.25,-123.17823143971573,45.5,45.40105613507208,674.9628348150238,2013-05-01,10190006,"(45.5, -123.25)"
2013-04-28 08:00:00,-123.75,-123.76202210536614,45.5,45.47230868837427,674.0127858473081,2013-05-01,10190006,"(45.5, -123.75)"
2013-04-28 07:00:00,-124.25,-124.35314091595875,45.5,45.54663566851969,680.4305777480843,2013-05-01,10190006,"(45.5, -124.25)"
2013-04-28 06:00:00,-125.0,-124.93536129045664,45.75,45.62714691860424,681.6634909603795,2013-05-01,10190006,"(45.75, -125.0)"
2014-03-05 14:00:00,-120.0,-119.98084285389469,40.75,40.66919510411799,636.5057323960079,2014-03-08,10190006,"(40.75, -120.0)"
2014-03-05 13:00:00,-120.5,-120.41137994927408,40.5,40.558725708172396,637.2182159993002,2014-03-08,10190006,"(40.5, -120.5)"
2014-03-05 12:00:00,-120.75,-120.84516060748852,40.5,40.442644390700956,647.3990120470394,2014-03-08,10190006,"(40.5, -120.75)"
2014-03-05 11:00:00,-121.25,-121.31380382187811,40.25,40.28078865762948,640.877232890321,2014-03-08,10190006,"(40.25, -121.25)"
2014-03-05 10:00:00,-121.75,-121.80503201982074,40.0,40.07514156721381,616.8340465779102,2014-03-08,10190006,"(40.0, -121.75)"
2014-03-05 09:00:00,-122.25,-122.228758029365,39.75,39.83605345709092,610.909125928921,2014-03-08,10190006,"(39.75, -122.25)"
2014-03-05 08:00:00,-122.5,-122.49608237171906,39.75,39.64733953408731,601.6683167952586,2014-03-08,10190006,"(39.75, -122.5)"
2014-03-05 07:00:00,-122.75,-122.78083402517252,39.5,39.49248719834234,610.3002949877288,2014-03-08,10190006,"(39.5, -122.75)"
2014-03-05 06:00:00,-123.0,-123.08135390375536,39.5,39.39700243752445,604.9044360544253,2014-03-08,10190006,"(39.5, -123.0)"
2014-03-05 05:00:00,-123.5,-123.37765350745373,39.25,39.33683029846213,598.095935591681,2014-03-08,10190006,"(39.25, -123.5)"
2014-03-05 04:00:00,-123.75,-123.68617422983857,39.25,39.309865915298936,602.8409883199554,2014-03-08,10190006,"(39.25, -123.75)"
2014-03-05 03:00:00,-124.0,-124.04646113454152,39.25,39.30292902766113,606.4143934089835,2014-03-08,10190006,"(39.25, -124.0)"
2014-03-05 02:00:00,-124.5,-124.45714207961583,39.25,39.2757522067488,598.8264853632978,2014-03-08,10190006,"(39.25, -124.5)"
2014-03-05 01:00:00,-125.0,-124.90308788176162,39.25,39.20368457714464,588.0577201542934,2014-03-08,10190006,"(39.25, -125.0)"
2014-04-24 01:00:00,-121.5,-121.48129978368927,39.0,39.00072688915289,725.8096278658012,2014-04-27,14030002,"(39.0, -121.5)"
2005-03-28 22:00:00,-120.0,-119.98744325094108,40.5,40.45762702442585,803.4361851067083,2005-03-31,14030003,"(40.5, -120.0)"
2005-03-28 21:00:00,-120.25,-120.30125875250113,40.5,40.578772163676554,800.5234872165121,2005-03-31,14030003,"(40.5, -120.25)"
2005-03-28 20:00:00,-120.5,-120.55304990393925,40.5,40.60847183786599,788.5835106249733,2005-03-31,14030003,"(40.5, -120.5)"
2005-03-28 19:00:00,-120.75,-120.80314094367408,40.5,40.6213219283094,779.9666800311809,2005-03-31,14030003,"(40.5, -120.75)"
2005-03-28 18:00:00,-121.0,-121.05169740890919,40.5,40.60847554464115,782.7922549814933,2005-03-31,14030003,"(40.5, -121.0)"
2005-03-28 17:00:00,-121.25,-121.28643136786212,40.5,40.56668344869693,781.9497444051585,2005-03-31,14030003,"(40.5, -121.25)"
2005-03-28 16:00:00,-121.5,-121.51878350718982,40.5,40.48386287229948,783.4676413821093,2005-03-31,14030003,"(40.5, -121.5)"
2005-03-28 15:00:00,-121.75,-121.77412756517896,40.5,40.37572895405233,810.3712322983836,2005-03-31,14030003,"(40.5, -121.75)"
2005-03-28 14:00:00,-122.0,-122.0286394905234,40.25,40.278058383678726,852.3280989156939,2005-03-31,14030003,"(40.25, -122.0)"
2005-03-28 13:00:00,-122.25,-122.20815851566498,40.25,40.18510220180188,865.9332558387108,2005-03-31,14030003,"(40.25, -122.25)"
2005-03-28 12:00:00,-122.25,-122.36769194543872,40.0,40.062937710248754,872.9975555741049,2005-03-31,14030003,"(40.0, -122.25)"
2005-03-28 11:00:00,-122.5,-122.49238452442215,40.0,39.94685678163639,879.7095904793592,2005-03-31,14030003,"(40.0, -122.5)"
2005-03-28 10:00:00,-122.5,-122.57958910745629,39.75,39.85911114395884,895.3314323055779,2005-03-31,14030003,"(39.75, -122.5)"
2005-03-28 09:00:00,-122.75,-122.65681783127451,39.75,39.828946628287035,891.3290386946695,2005-03-31,14030003,"(39.75, -122.75)"
2005-03-28 08:00:00,-122.75,-122.73304386813062,39.75,39.806851134242486,881.6473324712133,2005-03-31,14030003,"(39.75, -122.75)"
2005-03-28 07:00:00,-122.75,-122.84217978413541,39.75,39.78226624438639,857.3572289673832,2005-03-31,14030003,"(39.75, -122.75)"
2005-03-28 06:00:00,-123.0,-123.04653342073804,39.75,39.77626532381387,833.3725279352193,2005-03-31,14030003,"(39.75, -123.0)"
2005-03-28 05:00:00,-123.5,-123.39769577208985,39.75,39.81477304930592,840.23746928341,2005-03-31,14030003,"(39.75, -123.5)"
2005-03-28 04:00:00,-123.75,-123.77605156777949,39.75,39.865639082180486,872.3963485995653,2005-03-31,14030003,"(39.75, -123.75)"
2005-03-28 03:00:00,-124.25,-124.16519017496623,40.0,39.97738822642215,908.6242583432137,2005-03-31,14030003,"(40.0, -124.25)"
2005-03-28 02:00:00,-124.5,-124.55314062187169,40.25,40.127324013350616,919.8843053254641,2005-03-31,14030003,"(40.25, -124.5)"
2005-03-28 01:00:00,-125.0,-124.95230317317481,40.25,40.29616592283049,918.7962597830872,2005-03-31,14030003,"(40.25, -125.0)"
2017-01-04 13:00:00,-120.0,-119.9092313659393,39.25,39.19032210668091,774.289558889313,2017-01-06,14030003,"(39.25, -120.0)"
2017-01-04 12:00:00,-120.0,-120.12324010308659,39.0,39.0036775289932,758.0898300756141,2017-01-06,14030003,"(39.0, -120.0)"
2006-09-21 17:00:00,-120.0,-119.90285566273145,43.0,43.0647822620123,725.0188697204727,2006-09-23,13010001,"(43.0, -120.0)"
2006-09-21 16:00:00,-120.25,-120.30291226863152,43.5,43.45064395336902,729.9511013126818,2006-09-23,13010001,"(43.5, -120.25)"
2006-09-21 15:00:00,-120.75,-120.70716283770288,43.75,43.859382390976286,739.4090139217086,2006-09-23,13010001,"(43.75, -120.75)"
2006-09-21 14:00:00,-121.25,-121.13290570074881,44.25,44.23630662618861,731.8887792219672,2006-09-23,13010001,"(44.25, -121.25)"
2006-09-21 13:00:00,-121.5,-121.58219085135475,44.5,44.61560949012583,753.9925001641146,2006-09-23,13010001,"(44.5, -121.5)"
2006-09-21 12:00:00,-122.0,-122.10056851543145,45.0,44.9246436457101,718.8418537318687,2006-09-23,13010001,"(45.0, -122.0)"
2006-09-21 11:00:00,-122.75,-122.65900543562373,45.25,45.282533627888505,707.89926813188,2006-09-23,13010001,"(45.25, -122.75)"
2006-09-21 10:00:00,-123.25,-123.13217408746574,45.5,45.591768992549405,728.5725569390305,2006-09-23,13010001,"(45.5, -123.25)"
2006-09-21 09:00:00,-123.5,-123.55671677896974,46.0,45.92699800521995,737.6586912762872,2006-09-23,13010001,"(46.0, -123.5)"
2006-09-21 08:00:00,-124.0,-123.9537099284856,46.25,46.264892410525015,731.1555438143681,2006-09-23,13010001,"(46.25, -124.0)"
2006-09-21 07:00:00,-124.25,-124.33796228223927,46.5,46.62243274814971,735.2425375767367,2006-09-23,13010001,"(46.5, -124.25)"
2006-09-21 06:00:00,-124.75,-124.7246036232524,47.0,46.99738015590109,740.9229438290712,2006-09-23,13010001,"(47.0, -124.75)"
2013-04-08 06:00:00,-123.5,-123.55641605404219,39.5,39.55161522069354,593.0488923724831,2013-04-10,13010001,"(39.5, -123.5)"
2013-04-08 05:00:00,-124.25,-124.2266542870897,40.25,40.26189108129614,576.3965165564938,2013-04-10,13010001,"(40.25, -124.25)"
2013-04-08 04:00:00,-124.75,-124.81498053767203,41.0,40.9626381999586,547.5277602923821,2013-04-10,13010001,"(41.0, -124.75)"
2013-12-03 02:00:00,-124.5,-124.49388337779442,39.0,38.8973892705482,756.3441297447675,2013-12-05,13010001,"(39.0, -124.5)"
2013-12-03 01:00:00,-125.0,-124.98503918942147,39.25,39.27178681146962,749.6072410045908,2013-12-05,13010001,"(39.25, -125.0)"
2015-02-27 07:00:00,-123.75,-123.77199690108249,39.25,39.3543349199248,733.3833257044085,2015-03-02,13010001,"(39.25, -123.75)"
2015-02-27 06:00:00,-124.25,-124.15108669669692,40.0,39.89460331082567,722.0344780191821,2015-03-02,13010001,"(40.0, -124.25)"
2015-02-27 05:00:00,-124.5,-124.55171662112556,40.5,40.417792008893635,712.22137716313,2015-03-02,13010001,"(40.5, -124.5)"
2015-02-27 04:00:00,-125.0,-124.94206493824754,41.0,40.922051395081944,695.6928953532812,2015-03-02,13010001,"(41.0, -125.0)"
2020-03-11 19:00:00,-122.25,-122.29539779957514,39.25,39.27562462414275,466.0000383199939,2020-03-14,13010001,"(39.25, -122.25)"
2020-03-11 18:00:00,-122.0,-122.02810609301851,39.75,39.79236913214905,465.15838325198297,2020-03-14,13010001,"(39.75, -122.0)"
2020-03-11 17:00:00,-121.75,-121.82568571248689,40.25,40.24732270310346,463.95260045736796,2020-03-14,13010001,"(40.25, -121.75)"
2020-03-11 16:00:00,-121.75,-121.67469872153475,40.75,40.66168169499665,469.5116217801712,2020-03-14,13010001,"(40.75, -121.75)"
2020-03-11 15:00:00,-121.5,-121.5875901980087,41.0,41.05603615042907,468.4624035582409,2020-03-14,13010001,"(41.0, -121.5)"
2020-03-11 14:00:00,-121.5,-121.55599363117612,41.5,41.41909695493522,472.15849597332823,2020-03-14,13010001,"(41.5, -121.5)"
2020-03-11 13:00:00,-121.5,-121.57504539236695,41.75,41.73634680356,469.3810198236381,2020-03-14,13010001,"(41.75, -121.5)"
2020-03-11 12:00:00,-121.75,-121.63542849992125,42.0,42.019540524371166,472.1124662761831,2020-03-14,13010001,"(42.0, -121.75)"
2020-03-11 11:00:00,-121.75,-121.72973770505622,42.25,42.273699531081256,476.7140640541499,2020-03-14,13010001,"(42.25, -121.75)"
2020-03-11 10:00:00,-121.75,-121.84570673182803,42.5,42.491303687666786,476.75955504759247,2020-03-14,13010001,"(42.5, -121.75)"
2020-03-11 09:00:00,-122.0,-121.97120927274041,42.75,42.679980299059224,478.6712553050526,2020-03-14,13010001,"(42.75, -122.0)"
2020-03-11 08:00:00,-122.25,-122.16029944927475,43.0,42.88059125900999,482.457795948485,2020-03-14,13010001,"(43.0, -122.25)"
2020-03-11 07:00:00,-122.5,-122.37601447423455,43.0,43.07903256739449,485.0927875668507,2020-03-14,13010001,"(43.0, -122.5)"
2020-03-11 06:00:00,-122.5,-122.61585745118346,43.25,43.27813313045967,481.2625904466313,2020-03-14,13010001,"(43.25, -122.5)"
2020-03-11 05:00:00,-122.75,-122.87399004239704,43.5,43.47806889174101,478.76829297029275,2020-03-14,13010001,"(43.5, -122.75)"
2020-03-11 04:00:00,-123.25,-123.14231841463595,43.75,43.675025848889476,478.6298529480106,2020-03-14,13010001,"(43.75, -123.25)"
2020-03-11 03:00:00,-123.5,-123.43027948049802,43.75,43.87201445607558,480.0821542343985,2020-03-14,13010001,"(43.75, -123.5)"
2020-03-11 02:00:00,-123.75,-123.74121926030045,44.0,44.06847559238396,480.52488887298824,2020-03-14,13010001,"(44.0, -123.75)"
2020-03-11 01:00:00,-124.0,-124.08545984462133,44.25,44.277775092864765,476.9048291060199,2020-03-14,13010001,"(44.25, -124.0)"
