,datetime
0,2003-02-25 16:00:00
1,2003-02-25 15:00:00
2,2003-02-25 14:00:00
3,2003-02-25 13:00:00
4,2003-02-25 12:00:00
5,2003-02-25 11:00:00
6,2003-02-25 10:00:00
7,2003-02-25 09:00:00
8,2003-02-25 08:00:00
9,2003-02-25 07:00:00
10,2003-02-25 06:00:00
11,2003-02-25 05:00:00
12,2003-02-25 04:00:00
13,2003-02-25 03:00:00
14,2003-02-25 02:00:00
15,2003-02-25 01:00:00
16,2003-02-25 00:00:00
17,2003-02-24 23:00:00
18,2003-02-24 22:00:00
19,2003-02-24 21:00:00
20,2003-02-24 20:00:00
21,2003-02-24 19:00:00
22,2003-02-24 18:00:00
23,2003-02-24 17:00:00
24,2003-02-24 16:00:00
25,2003-02-24 15:00:00
26,2003-02-24 14:00:00
27,2003-02-24 13:00:00
28,2003-02-24 12:00:00
29,2003-02-24 11:00:00
30,2003-02-24 10:00:00
31,2003-02-24 09:00:00
32,2003-02-24 08:00:00
33,2003-02-24 07:00:00
34,2003-02-24 06:00:00
35,2003-02-24 05:00:00
36,2003-02-24 04:00:00
37,2003-02-24 03:00:00
38,2003-02-24 02:00:00
39,2003-02-24 01:00:00
40,2003-02-24 00:00:00
41,2003-02-23 23:00:00
42,2003-02-23 22:00:00
43,2003-02-23 21:00:00
44,2003-02-23 20:00:00
45,2003-02-23 19:00:00
46,2003-02-23 18:00:00
47,2003-02-23 17:00:00
48,2003-02-23 16:00:00
49,2003-02-23 15:00:00
50,2003-02-23 14:00:00
51,2003-02-23 13:00:00
52,2003-02-27 14:00:00
53,2003-02-27 13:00:00
54,2003-02-27 12:00:00
55,2003-02-27 11:00:00
56,2003-02-27 10:00:00
57,2003-02-27 09:00:00
58,2003-02-27 08:00:00
59,2003-02-27 07:00:00
60,2003-02-27 06:00:00
61,2003-02-27 05:00:00
62,2003-02-27 04:00:00
63,2003-02-27 03:00:00
64,2003-02-27 02:00:00
65,2003-02-27 01:00:00
66,2003-02-27 00:00:00
67,2003-02-26 23:00:00
68,2003-02-26 22:00:00
69,2003-02-26 21:00:00
70,2003-02-26 20:00:00
71,2003-02-26 19:00:00
72,2003-02-26 18:00:00
73,2003-02-26 17:00:00
74,2003-02-26 16:00:00
75,2003-02-26 15:00:00
76,2003-02-26 14:00:00
77,2003-02-26 13:00:00
78,2003-02-26 12:00:00
79,2003-02-26 11:00:00
80,2003-02-26 10:00:00
81,2003-02-26 09:00:00
82,2003-02-26 08:00:00
83,2003-02-26 07:00:00
84,2003-02-26 06:00:00
85,2003-02-26 05:00:00
86,2003-02-26 04:00:00
87,2003-02-26 03:00:00
88,2003-02-26 02:00:00
89,2003-02-26 01:00:00
90,2003-02-26 00:00:00
91,2003-03-16 14:00:00
92,2003-03-16 13:00:00
93,2003-03-16 12:00:00
94,2003-03-16 11:00:00
95,2003-03-16 10:00:00
96,2003-03-16 09:00:00
97,2003-03-16 08:00:00
98,2003-03-16 07:00:00
99,2003-03-16 06:00:00
100,2003-03-16 05:00:00
101,2003-03-16 04:00:00
102,2003-03-16 03:00:00
103,2003-03-16 02:00:00
104,2003-03-16 01:00:00
105,2003-03-16 00:00:00
106,2003-03-15 23:00:00
107,2003-03-15 22:00:00
108,2003-03-15 21:00:00
109,2003-03-15 20:00:00
110,2003-03-15 19:00:00
111,2003-03-15 18:00:00
112,2003-03-15 17:00:00
113,2003-03-15 16:00:00
114,2003-03-15 15:00:00
115,2003-03-15 14:00:00
116,2003-03-15 13:00:00
117,2003-03-15 12:00:00
118,2003-03-15 11:00:00
119,2003-03-15 10:00:00
120,2003-03-15 09:00:00
121,2003-03-15 08:00:00
122,2003-03-15 07:00:00
123,2003-03-15 06:00:00
124,2003-03-15 05:00:00
125,2003-03-15 04:00:00
126,2003-03-15 03:00:00
127,2003-03-15 02:00:00
128,2003-03-15 01:00:00
129,2003-03-15 00:00:00
130,2003-03-14 23:00:00
131,2003-03-14 22:00:00
132,2003-03-14 21:00:00
133,2003-03-14 20:00:00
134,2003-03-14 19:00:00
135,2003-03-14 18:00:00
136,2003-03-14 17:00:00
137,2003-03-14 16:00:00
138,2003-03-14 15:00:00
139,2003-03-14 14:00:00
140,2003-03-14 13:00:00
141,2003-03-14 12:00:00
142,2003-03-14 11:00:00
143,2003-03-14 10:00:00
144,2003-03-14 09:00:00
145,2003-03-14 08:00:00
146,2003-03-14 07:00:00
147,2003-03-14 06:00:00
148,2003-03-14 05:00:00
149,2003-03-14 04:00:00
150,2003-03-14 03:00:00
151,2003-03-14 02:00:00
152,2003-03-14 01:00:00
153,2003-09-09 17:00:00
154,2003-09-09 16:00:00
155,2003-09-09 15:00:00
156,2003-09-09 14:00:00
157,2003-09-09 13:00:00
158,2003-09-09 12:00:00
159,2003-09-09 11:00:00
160,2003-09-09 10:00:00
161,2003-09-09 09:00:00
162,2003-09-09 08:00:00
163,2003-09-09 07:00:00
164,2003-09-09 06:00:00
165,2003-09-09 05:00:00
166,2003-09-09 04:00:00
167,2003-09-09 03:00:00
168,2003-09-09 02:00:00
169,2003-09-09 01:00:00
170,2003-09-09 00:00:00
171,2003-09-08 23:00:00
172,2003-09-08 22:00:00
173,2003-09-08 21:00:00
174,2003-09-08 20:00:00
175,2003-09-08 19:00:00
176,2003-09-08 18:00:00
177,2003-09-08 17:00:00
178,2003-09-08 16:00:00
179,2003-09-08 15:00:00
180,2003-09-08 14:00:00
181,2003-09-08 13:00:00
182,2003-09-08 12:00:00
183,2003-09-08 11:00:00
184,2003-09-08 10:00:00
185,2003-09-08 09:00:00
186,2003-09-08 08:00:00
187,2003-09-08 07:00:00
188,2003-09-08 06:00:00
189,2003-09-08 05:00:00
190,2003-09-08 04:00:00
191,2003-09-08 03:00:00
192,2003-09-08 02:00:00
193,2003-09-08 01:00:00
194,2003-09-08 00:00:00
195,2003-09-07 23:00:00
196,2003-09-07 22:00:00
197,2003-09-07 21:00:00
198,2003-09-07 20:00:00
199,2003-09-07 19:00:00
200,2003-09-07 18:00:00
201,2003-09-07 17:00:00
202,2003-09-07 16:00:00
203,2003-09-07 15:00:00
204,2003-09-07 14:00:00
205,2003-09-07 13:00:00
206,2003-09-07 12:00:00
207,2003-09-07 11:00:00
208,2003-09-07 10:00:00
209,2003-11-11 12:00:00
210,2003-11-11 11:00:00
211,2003-11-11 10:00:00
212,2003-11-11 09:00:00
213,2003-11-11 08:00:00
214,2003-11-11 07:00:00
215,2003-11-11 06:00:00
216,2003-11-11 05:00:00
217,2003-11-11 04:00:00
218,2003-11-11 03:00:00
219,2003-11-11 02:00:00
220,2003-11-11 01:00:00
221,2003-11-11 00:00:00
222,2004-01-02 15:00:00
223,2004-01-02 14:00:00
224,2004-01-02 13:00:00
225,2004-01-02 12:00:00
226,2004-01-02 11:00:00
227,2004-01-02 10:00:00
228,2004-01-02 09:00:00
229,2004-01-02 08:00:00
230,2004-01-02 07:00:00
231,2004-01-02 06:00:00
232,2004-01-02 05:00:00
233,2004-01-02 04:00:00
234,2004-01-02 03:00:00
235,2004-01-02 02:00:00
236,2004-01-02 01:00:00
237,2004-01-02 00:00:00
238,2004-01-01 23:00:00
239,2004-01-01 22:00:00
240,2004-01-01 21:00:00
241,2004-01-01 20:00:00
242,2004-01-01 19:00:00
243,2004-01-01 18:00:00
244,2004-01-01 17:00:00
245,2004-01-01 16:00:00
246,2004-01-01 15:00:00
247,2004-01-01 14:00:00
248,2004-01-01 13:00:00
249,2004-01-01 12:00:00
250,2004-01-01 11:00:00
251,2004-01-01 10:00:00
252,2004-01-01 09:00:00
253,2004-01-01 08:00:00
254,2004-01-01 07:00:00
255,2004-01-01 06:00:00
256,2004-01-01 05:00:00
257,2004-01-01 04:00:00
258,2004-01-01 03:00:00
259,2004-01-01 02:00:00
260,2004-01-01 01:00:00
261,2004-01-01 00:00:00
262,2003-12-31 23:00:00
263,2003-12-31 22:00:00
264,2003-12-31 21:00:00
265,2003-12-31 20:00:00
266,2003-12-31 19:00:00
267,2003-12-31 18:00:00
268,2003-12-31 17:00:00
269,2003-12-31 16:00:00
270,2003-12-31 15:00:00
271,2003-12-31 14:00:00
272,2003-12-31 13:00:00
273,2003-12-31 12:00:00
274,2003-12-31 11:00:00
275,2003-12-31 10:00:00
276,2003-12-31 09:00:00
277,2003-12-31 08:00:00
278,2003-12-31 07:00:00
279,2003-12-31 06:00:00
280,2003-12-31 05:00:00
281,2003-12-31 04:00:00
282,2003-12-31 03:00:00
283,2003-12-31 02:00:00
284,2003-12-31 01:00:00
285,2004-09-04 14:00:00
286,2004-09-04 13:00:00
287,2004-09-04 12:00:00
288,2004-09-04 11:00:00
289,2004-09-04 10:00:00
290,2004-09-04 09:00:00
291,2004-09-04 08:00:00
292,2004-09-04 07:00:00
293,2004-09-04 06:00:00
294,2004-09-04 05:00:00
295,2004-09-04 04:00:00
296,2004-09-04 03:00:00
297,2004-09-04 02:00:00
298,2004-09-04 01:00:00
299,2004-09-04 00:00:00
300,2004-09-03 23:00:00
301,2004-09-03 22:00:00
302,2004-09-03 21:00:00
303,2004-09-03 20:00:00
304,2004-09-03 19:00:00
305,2004-09-03 18:00:00
306,2004-09-03 17:00:00
307,2004-09-03 16:00:00
308,2004-09-03 15:00:00
309,2004-09-03 14:00:00
310,2004-09-03 13:00:00
311,2004-09-03 12:00:00
312,2004-09-03 11:00:00
313,2004-09-03 10:00:00
314,2004-09-03 09:00:00
315,2004-09-03 08:00:00
316,2004-09-03 07:00:00
317,2004-09-03 06:00:00
318,2004-09-03 05:00:00
319,2004-09-03 04:00:00
320,2004-09-03 03:00:00
321,2004-09-03 02:00:00
322,2004-09-03 01:00:00
323,2004-09-03 00:00:00
324,2004-09-02 23:00:00
325,2004-09-02 22:00:00
326,2004-09-02 21:00:00
327,2004-09-02 20:00:00
328,2004-09-02 19:00:00
329,2004-12-29 19:00:00
330,2004-12-29 18:00:00
331,2004-12-29 17:00:00
332,2004-12-29 16:00:00
333,2004-12-29 15:00:00
334,2004-12-29 14:00:00
335,2004-12-29 13:00:00
336,2004-12-29 12:00:00
337,2004-12-29 11:00:00
338,2004-12-29 10:00:00
339,2004-12-29 09:00:00
340,2004-12-29 08:00:00
341,2004-12-29 07:00:00
342,2004-12-29 06:00:00
343,2004-12-29 05:00:00
344,2004-12-29 04:00:00
345,2004-12-29 03:00:00
346,2004-12-29 02:00:00
347,2004-12-29 01:00:00
348,2004-12-29 00:00:00
349,2004-12-28 23:00:00
350,2004-12-28 22:00:00
351,2004-12-28 21:00:00
352,2004-12-28 20:00:00
353,2004-12-28 19:00:00
354,2004-12-28 18:00:00
355,2004-12-28 17:00:00
356,2004-12-28 16:00:00
357,2004-12-28 15:00:00
358,2004-12-28 14:00:00
359,2004-12-28 13:00:00
360,2004-12-28 12:00:00
361,2004-12-28 11:00:00
362,2004-12-28 10:00:00
363,2004-12-28 09:00:00
364,2004-12-28 08:00:00
365,2004-12-28 07:00:00
366,2004-12-28 06:00:00
367,2004-12-28 05:00:00
368,2004-12-28 04:00:00
369,2004-12-28 03:00:00
370,2004-12-28 02:00:00
371,2004-12-28 01:00:00
372,2004-12-28 00:00:00
373,2004-12-27 23:00:00
374,2004-12-27 22:00:00
375,2004-12-27 21:00:00
376,2004-12-27 20:00:00
377,2004-12-27 19:00:00
378,2004-12-27 18:00:00
379,2004-12-27 17:00:00
380,2005-01-04 16:00:00
381,2005-01-04 15:00:00
382,2005-01-04 14:00:00
383,2005-01-04 13:00:00
384,2005-01-04 12:00:00
385,2005-01-04 11:00:00
386,2005-01-04 10:00:00
387,2005-01-04 09:00:00
388,2005-01-04 08:00:00
389,2005-01-04 07:00:00
390,2005-01-04 06:00:00
391,2005-01-04 05:00:00
392,2005-01-04 04:00:00
393,2005-01-04 03:00:00
394,2005-01-04 02:00:00
395,2005-01-04 01:00:00
396,2005-01-04 00:00:00
397,2005-01-03 23:00:00
398,2005-01-03 22:00:00
399,2005-01-03 21:00:00
400,2005-01-03 20:00:00
401,2005-01-03 19:00:00
402,2005-01-03 18:00:00
403,2005-01-03 17:00:00
404,2005-01-03 16:00:00
405,2005-01-03 15:00:00
406,2005-01-03 14:00:00
407,2005-01-03 13:00:00
408,2005-01-03 12:00:00
409,2005-01-03 11:00:00
410,2005-01-03 10:00:00
411,2005-01-03 09:00:00
412,2005-01-03 08:00:00
413,2005-01-03 07:00:00
414,2005-01-03 06:00:00
415,2005-01-03 05:00:00
416,2005-01-03 04:00:00
417,2005-01-09 14:00:00
418,2005-01-09 13:00:00
419,2005-01-09 12:00:00
420,2005-01-09 11:00:00
421,2005-01-09 10:00:00
422,2005-01-09 09:00:00
423,2005-01-09 08:00:00
424,2005-01-09 07:00:00
425,2005-01-09 06:00:00
426,2005-01-09 05:00:00
427,2005-01-09 04:00:00
428,2005-01-09 03:00:00
429,2005-01-09 02:00:00
430,2005-01-09 01:00:00
431,2005-01-09 00:00:00
432,2005-01-08 23:00:00
433,2005-01-11 19:00:00
434,2005-01-11 18:00:00
435,2005-01-11 17:00:00
436,2005-01-11 16:00:00
437,2005-01-11 15:00:00
438,2005-01-11 14:00:00
439,2005-01-11 13:00:00
440,2005-01-11 12:00:00
441,2005-01-11 11:00:00
442,2005-01-11 10:00:00
443,2005-01-11 09:00:00
444,2005-01-11 08:00:00
445,2005-01-11 07:00:00
446,2005-01-11 06:00:00
447,2005-01-11 05:00:00
448,2005-01-11 04:00:00
449,2005-01-11 03:00:00
450,2005-01-11 02:00:00
451,2005-01-11 01:00:00
452,2005-01-11 00:00:00
453,2005-01-10 23:00:00
454,2005-01-10 22:00:00
455,2005-01-10 21:00:00
456,2005-01-10 20:00:00
457,2005-01-10 19:00:00
458,2005-01-10 18:00:00
459,2005-01-10 17:00:00
460,2005-01-10 16:00:00
461,2005-01-10 15:00:00
462,2005-01-10 14:00:00
463,2005-01-10 13:00:00
464,2005-01-10 12:00:00
465,2005-01-10 11:00:00
466,2005-01-10 10:00:00
467,2005-01-10 09:00:00
468,2005-01-10 08:00:00
469,2005-01-10 07:00:00
470,2005-01-10 06:00:00
471,2005-01-10 05:00:00
472,2005-01-10 04:00:00
473,2005-01-10 03:00:00
474,2005-01-10 02:00:00
475,2005-01-10 01:00:00
476,2005-01-10 00:00:00
477,2005-01-09 23:00:00
478,2005-01-09 22:00:00
479,2005-01-09 21:00:00
480,2005-01-09 20:00:00
481,2005-01-09 19:00:00
482,2005-01-09 18:00:00
483,2005-01-09 17:00:00
484,2005-01-09 16:00:00
485,2005-01-09 15:00:00
495,2005-02-11 18:00:00
496,2005-02-11 17:00:00
497,2005-02-11 16:00:00
498,2005-02-11 15:00:00
499,2005-02-11 14:00:00
500,2005-02-11 13:00:00
501,2005-02-11 12:00:00
502,2005-02-11 11:00:00
503,2005-02-11 10:00:00
504,2005-02-11 09:00:00
505,2005-02-11 08:00:00
506,2005-02-11 07:00:00
507,2005-02-11 06:00:00
508,2005-02-11 05:00:00
509,2005-02-11 04:00:00
510,2005-02-11 03:00:00
511,2005-02-11 02:00:00
512,2005-02-11 01:00:00
513,2005-02-11 00:00:00
514,2005-02-10 23:00:00
515,2005-02-10 22:00:00
516,2005-02-10 21:00:00
517,2005-02-10 20:00:00
518,2005-02-10 19:00:00
519,2005-02-10 18:00:00
520,2005-02-10 17:00:00
521,2005-02-10 16:00:00
522,2005-02-10 15:00:00
523,2005-02-10 14:00:00
524,2005-02-10 13:00:00
525,2005-02-10 12:00:00
526,2005-02-10 11:00:00
527,2005-02-10 10:00:00
528,2005-02-10 09:00:00
529,2005-02-10 08:00:00
530,2005-02-10 07:00:00
531,2005-02-10 06:00:00
532,2005-02-10 05:00:00
533,2005-02-10 04:00:00
534,2005-02-10 03:00:00
535,2005-02-10 02:00:00
536,2005-02-10 01:00:00
537,2005-02-10 00:00:00
538,2005-02-09 23:00:00
539,2005-02-09 22:00:00
540,2005-02-09 21:00:00
541,2005-02-09 20:00:00
542,2005-04-24 14:00:00
543,2005-04-24 13:00:00
544,2005-04-24 12:00:00
545,2005-04-24 11:00:00
546,2005-04-24 10:00:00
547,2005-04-24 09:00:00
548,2005-04-24 08:00:00
549,2005-04-24 07:00:00
550,2005-04-24 06:00:00
551,2005-04-24 05:00:00
552,2005-04-24 04:00:00
553,2005-04-24 03:00:00
554,2005-04-24 02:00:00
555,2005-04-24 01:00:00
556,2005-04-24 00:00:00
557,2005-09-28 06:00:00
558,2005-09-28 05:00:00
559,2005-09-28 04:00:00
560,2005-09-28 03:00:00
561,2005-09-28 02:00:00
562,2005-09-28 01:00:00
563,2005-09-28 00:00:00
564,2005-09-27 23:00:00
565,2005-09-27 22:00:00
566,2005-09-27 21:00:00
567,2005-09-27 20:00:00
568,2005-09-27 19:00:00
569,2005-09-27 18:00:00
570,2005-09-27 17:00:00
571,2005-09-27 16:00:00
572,2005-09-27 15:00:00
573,2005-09-27 14:00:00
574,2005-09-27 13:00:00
575,2005-09-27 12:00:00
576,2005-09-27 11:00:00
577,2005-09-27 10:00:00
578,2005-09-27 09:00:00
579,2005-09-27 08:00:00
580,2005-09-27 07:00:00
581,2005-09-27 06:00:00
582,2005-09-27 05:00:00
583,2005-09-27 04:00:00
584,2005-09-27 03:00:00
585,2005-09-27 02:00:00
586,2005-09-27 01:00:00
587,2005-09-27 00:00:00
588,2005-09-26 23:00:00
589,2005-09-26 22:00:00
590,2005-09-26 21:00:00
591,2005-09-26 20:00:00
592,2005-09-26 19:00:00
593,2005-09-26 18:00:00
594,2005-09-26 17:00:00
595,2005-09-26 16:00:00
596,2005-09-26 15:00:00
597,2005-09-26 14:00:00
598,2005-09-26 13:00:00
599,2005-09-26 12:00:00
600,2005-09-26 11:00:00
601,2005-09-26 10:00:00
602,2005-09-26 09:00:00
603,2005-09-26 08:00:00
604,2005-09-26 07:00:00
605,2005-09-26 06:00:00
606,2005-09-26 05:00:00
607,2005-09-26 04:00:00
608,2005-09-26 03:00:00
609,2005-09-26 02:00:00
610,2005-09-26 01:00:00
611,2005-09-29 06:00:00
612,2005-09-29 05:00:00
613,2005-09-29 04:00:00
614,2005-09-29 03:00:00
641,2007-09-22 15:00:00
642,2007-09-22 14:00:00
643,2007-09-22 13:00:00
644,2007-09-22 12:00:00
645,2007-09-22 11:00:00
646,2007-09-22 10:00:00
647,2007-09-22 09:00:00
648,2007-09-22 08:00:00
649,2007-09-22 07:00:00
650,2007-09-22 06:00:00
651,2007-09-22 05:00:00
652,2007-09-22 04:00:00
653,2007-09-22 03:00:00
654,2007-09-22 02:00:00
655,2007-09-22 01:00:00
656,2007-09-22 00:00:00
657,2007-09-21 23:00:00
658,2007-09-21 22:00:00
659,2007-09-21 21:00:00
660,2007-09-21 20:00:00
661,2007-09-21 19:00:00
662,2007-09-21 18:00:00
663,2007-09-21 17:00:00
664,2007-09-21 16:00:00
665,2007-09-21 15:00:00
666,2007-09-21 14:00:00
667,2007-09-21 13:00:00
668,2007-09-21 12:00:00
669,2007-09-21 11:00:00
670,2007-09-21 10:00:00
671,2007-09-21 09:00:00
672,2007-09-21 08:00:00
673,2007-09-21 07:00:00
674,2007-09-21 06:00:00
675,2007-09-21 05:00:00
676,2007-09-21 04:00:00
677,2007-09-21 03:00:00
678,2007-09-21 02:00:00
679,2007-09-21 01:00:00
680,2007-09-21 00:00:00
681,2007-09-20 23:00:00
682,2007-09-20 22:00:00
683,2007-09-20 21:00:00
684,2007-09-20 20:00:00
685,2007-09-20 19:00:00
686,2007-09-20 18:00:00
687,2007-09-20 17:00:00
688,2007-09-20 16:00:00
689,2007-09-20 15:00:00
690,2007-09-20 14:00:00
691,2007-09-20 13:00:00
692,2007-09-20 12:00:00
693,2007-09-20 11:00:00
694,2007-09-20 10:00:00
695,2007-09-20 09:00:00
696,2007-09-20 08:00:00
697,2007-09-20 07:00:00
698,2007-09-20 06:00:00
699,2007-09-20 05:00:00
700,2007-09-20 04:00:00
701,2007-09-20 03:00:00
702,2007-09-20 02:00:00
703,2007-09-20 01:00:00
704,2007-09-23 17:00:00
705,2007-09-23 16:00:00
706,2007-09-23 15:00:00
707,2007-09-23 14:00:00
708,2007-09-23 13:00:00
709,2007-09-23 12:00:00
710,2007-09-23 11:00:00
711,2007-09-23 10:00:00
712,2007-09-23 09:00:00
713,2007-09-23 08:00:00
714,2007-09-23 07:00:00
715,2007-09-23 06:00:00
716,2007-09-23 05:00:00
717,2007-09-23 04:00:00
718,2007-09-23 03:00:00
719,2007-09-23 02:00:00
720,2007-09-23 01:00:00
721,2007-09-23 00:00:00
722,2007-09-22 23:00:00
723,2007-09-22 22:00:00
724,2007-09-22 21:00:00
725,2007-09-22 20:00:00
726,2007-09-22 19:00:00
727,2007-09-22 18:00:00
728,2007-09-22 17:00:00
729,2007-09-22 16:00:00
759,2007-11-30 19:00:00
760,2007-11-30 18:00:00
761,2007-11-30 17:00:00
762,2007-11-30 16:00:00
763,2007-11-30 15:00:00
764,2007-11-30 14:00:00
765,2007-11-30 13:00:00
766,2007-11-30 12:00:00
767,2007-11-30 11:00:00
768,2007-11-30 10:00:00
769,2007-11-30 09:00:00
770,2007-11-30 08:00:00
771,2007-11-30 07:00:00
772,2007-11-30 06:00:00
773,2007-11-30 05:00:00
774,2007-11-30 04:00:00
775,2007-11-30 03:00:00
776,2007-11-30 02:00:00
777,2007-11-30 01:00:00
778,2007-11-30 00:00:00
779,2007-11-29 23:00:00
780,2007-11-29 22:00:00
781,2007-11-29 21:00:00
782,2007-11-29 20:00:00
783,2007-11-29 19:00:00
784,2007-11-29 18:00:00
785,2007-11-29 17:00:00
786,2007-11-29 16:00:00
787,2007-11-29 15:00:00
788,2007-11-29 14:00:00
789,2007-11-29 13:00:00
790,2007-11-29 12:00:00
791,2007-11-29 11:00:00
792,2007-11-29 10:00:00
793,2007-11-29 09:00:00
794,2007-11-29 08:00:00
795,2007-11-29 07:00:00
796,2007-11-29 06:00:00
797,2007-11-29 05:00:00
798,2007-11-29 04:00:00
799,2007-11-29 03:00:00
800,2007-12-01 19:00:00
801,2007-12-01 18:00:00
802,2007-12-01 17:00:00
803,2007-12-01 16:00:00
804,2007-12-01 15:00:00
805,2007-12-01 14:00:00
806,2007-12-01 13:00:00
807,2007-12-01 12:00:00
808,2007-12-01 11:00:00
809,2007-12-01 10:00:00
810,2007-12-01 09:00:00
811,2007-12-01 08:00:00
812,2007-12-01 07:00:00
813,2007-12-01 06:00:00
814,2007-12-01 05:00:00
815,2007-12-01 04:00:00
816,2007-12-01 03:00:00
817,2007-12-01 02:00:00
818,2007-12-01 01:00:00
819,2007-12-01 00:00:00
820,2007-11-30 23:00:00
821,2007-11-30 22:00:00
822,2007-11-30 21:00:00
823,2007-11-30 20:00:00
862,2007-12-07 19:00:00
863,2007-12-07 18:00:00
864,2007-12-07 17:00:00
865,2007-12-07 16:00:00
866,2007-12-07 15:00:00
867,2007-12-07 14:00:00
868,2007-12-07 13:00:00
869,2007-12-07 12:00:00
870,2007-12-07 11:00:00
871,2007-12-07 10:00:00
872,2007-12-07 09:00:00
873,2007-12-07 08:00:00
874,2007-12-07 07:00:00
875,2007-12-07 06:00:00
876,2007-12-07 05:00:00
877,2007-12-07 04:00:00
878,2007-12-07 03:00:00
879,2007-12-07 02:00:00
880,2007-12-07 01:00:00
881,2007-12-07 00:00:00
882,2007-12-06 23:00:00
883,2007-12-06 22:00:00
884,2007-12-06 21:00:00
885,2007-12-06 20:00:00
886,2007-12-06 19:00:00
887,2007-12-06 18:00:00
888,2007-12-06 17:00:00
889,2007-12-06 16:00:00
890,2007-12-06 15:00:00
891,2007-12-06 14:00:00
892,2007-12-06 13:00:00
893,2007-12-06 12:00:00
894,2007-12-06 11:00:00
895,2007-12-06 10:00:00
896,2007-12-06 09:00:00
897,2007-12-06 08:00:00
898,2007-12-06 07:00:00
899,2007-12-06 06:00:00
900,2007-12-06 05:00:00
901,2007-12-06 04:00:00
902,2007-12-06 03:00:00
903,2007-12-06 02:00:00
904,2007-12-06 01:00:00
905,2007-12-06 00:00:00
906,2007-12-05 23:00:00
907,2007-12-05 22:00:00
908,2007-12-05 21:00:00
909,2007-12-05 20:00:00
910,2007-12-05 19:00:00
911,2007-12-05 18:00:00
912,2007-12-05 17:00:00
913,2007-12-05 16:00:00
914,2007-12-05 15:00:00
915,2007-12-05 14:00:00
916,2007-12-05 13:00:00
917,2007-12-05 12:00:00
918,2007-12-05 11:00:00
919,2007-12-05 10:00:00
920,2007-12-05 09:00:00
921,2007-12-05 08:00:00
922,2007-12-05 07:00:00
923,2007-12-05 06:00:00
924,2007-12-05 05:00:00
925,2007-12-05 04:00:00
926,2007-12-05 03:00:00
927,2007-12-05 02:00:00
928,2007-12-05 01:00:00
929,2008-01-05 17:00:00
930,2008-01-05 16:00:00
931,2008-01-05 15:00:00
932,2008-01-05 14:00:00
933,2008-01-05 13:00:00
934,2008-01-05 12:00:00
935,2008-01-05 11:00:00
936,2008-01-05 10:00:00
937,2008-01-05 09:00:00
938,2008-01-05 08:00:00
939,2008-01-05 07:00:00
940,2008-01-05 06:00:00
941,2008-01-05 05:00:00
942,2008-01-05 04:00:00
943,2008-01-05 03:00:00
944,2008-01-05 02:00:00
945,2008-01-05 01:00:00
946,2008-01-05 00:00:00
947,2008-01-04 23:00:00
948,2008-01-04 22:00:00
949,2008-01-04 21:00:00
950,2008-01-04 20:00:00
951,2008-01-04 19:00:00
952,2008-01-04 18:00:00
953,2008-01-04 17:00:00
954,2008-01-04 16:00:00
955,2008-01-04 15:00:00
956,2008-01-04 14:00:00
957,2008-01-04 13:00:00
958,2008-01-04 12:00:00
959,2008-01-04 11:00:00
960,2008-01-04 10:00:00
961,2008-01-04 09:00:00
962,2008-01-04 08:00:00
963,2008-01-04 07:00:00
964,2008-01-04 06:00:00
965,2008-01-04 05:00:00
966,2008-01-04 04:00:00
967,2008-01-04 03:00:00
968,2008-01-04 02:00:00
969,2008-01-04 01:00:00
970,2008-01-04 00:00:00
971,2008-01-03 23:00:00
972,2008-01-03 22:00:00
973,2008-01-03 21:00:00
974,2008-01-03 20:00:00
975,2008-01-03 19:00:00
976,2008-01-03 18:00:00
977,2008-01-03 17:00:00
978,2008-01-03 16:00:00
979,2008-01-03 15:00:00
980,2008-01-03 14:00:00
981,2008-01-03 13:00:00
982,2008-01-03 12:00:00
983,2008-01-03 11:00:00
984,2008-01-03 10:00:00
985,2008-01-03 09:00:00
986,2008-01-03 08:00:00
987,2008-01-03 07:00:00
988,2008-01-03 06:00:00
989,2008-01-03 05:00:00
990,2008-01-03 04:00:00
991,2008-01-03 03:00:00
992,2008-01-03 02:00:00
993,2008-01-03 01:00:00
994,2008-01-27 19:00:00
995,2008-01-27 18:00:00
996,2008-01-27 17:00:00
997,2008-01-27 16:00:00
998,2008-01-27 15:00:00
999,2008-01-27 14:00:00
1000,2008-01-27 13:00:00
1001,2008-01-27 12:00:00
1002,2008-01-27 11:00:00
1003,2008-01-27 10:00:00
1004,2008-01-27 09:00:00
1005,2008-01-27 08:00:00
1006,2008-01-27 07:00:00
1007,2008-01-27 06:00:00
1008,2008-01-27 05:00:00
1009,2008-01-27 04:00:00
1010,2008-01-27 03:00:00
1011,2008-01-27 02:00:00
1012,2008-01-27 01:00:00
1013,2008-01-27 00:00:00
1014,2008-01-26 23:00:00
1015,2008-01-26 22:00:00
1016,2008-01-26 21:00:00
1017,2008-01-26 20:00:00
1018,2008-01-26 19:00:00
1019,2008-01-26 18:00:00
1020,2008-02-03 19:00:00
1021,2008-02-03 18:00:00
1022,2008-02-03 17:00:00
1023,2008-02-03 16:00:00
1024,2008-02-03 15:00:00
1025,2008-02-03 14:00:00
1026,2008-02-03 13:00:00
1027,2008-02-03 12:00:00
1028,2008-02-03 11:00:00
1029,2008-02-03 10:00:00
1030,2008-02-03 09:00:00
1031,2008-02-03 08:00:00
1032,2008-02-03 07:00:00
1033,2008-02-03 06:00:00
1034,2008-02-03 05:00:00
1035,2008-02-03 04:00:00
1036,2008-02-03 03:00:00
1037,2008-02-03 02:00:00
1038,2008-02-03 01:00:00
1039,2008-02-03 00:00:00
1040,2008-02-02 23:00:00
1041,2008-02-02 22:00:00
1042,2008-02-02 21:00:00
1043,2008-02-02 20:00:00
1044,2008-02-02 19:00:00
1045,2008-02-02 18:00:00
1046,2008-10-04 19:00:00
1047,2008-10-04 18:00:00
1048,2008-10-04 17:00:00
1049,2008-10-04 16:00:00
1050,2008-10-04 15:00:00
1051,2008-10-04 14:00:00
1052,2008-10-04 13:00:00
1053,2008-10-04 12:00:00
1054,2008-10-04 11:00:00
1055,2008-10-04 10:00:00
1056,2008-10-04 09:00:00
1057,2008-10-04 08:00:00
1058,2008-10-04 07:00:00
1059,2008-10-04 06:00:00
1060,2008-10-04 05:00:00
1061,2008-10-04 04:00:00
1062,2008-10-04 03:00:00
1063,2008-10-04 02:00:00
1064,2008-10-04 01:00:00
1065,2008-10-04 00:00:00
1066,2008-10-03 23:00:00
1067,2008-10-03 22:00:00
1068,2008-10-03 21:00:00
1069,2008-10-03 20:00:00
1070,2008-10-03 19:00:00
1071,2008-10-03 18:00:00
1072,2008-10-03 17:00:00
1073,2008-10-03 16:00:00
1074,2008-10-03 15:00:00
1075,2008-10-03 14:00:00
1076,2008-10-03 13:00:00
1077,2008-10-03 12:00:00
1078,2008-10-03 11:00:00
1079,2008-10-03 10:00:00
1080,2008-10-02 01:00:00
1081,2008-12-15 17:00:00
1082,2008-12-15 16:00:00
1083,2008-12-15 15:00:00
1084,2008-12-15 14:00:00
1085,2008-12-15 13:00:00
1086,2008-12-15 12:00:00
1087,2008-12-15 11:00:00
1088,2008-12-15 10:00:00
1089,2008-12-15 09:00:00
1090,2008-12-15 08:00:00
1091,2008-12-15 07:00:00
1092,2008-12-15 06:00:00
1093,2008-12-15 05:00:00
1094,2008-12-15 04:00:00
1095,2008-12-15 03:00:00
1096,2008-12-15 02:00:00
1097,2008-12-15 01:00:00
1098,2008-12-15 00:00:00
1099,2008-12-14 23:00:00
1100,2008-12-14 22:00:00
1101,2008-12-14 21:00:00
1102,2008-12-14 20:00:00
1103,2008-12-14 19:00:00
1104,2008-12-14 18:00:00
1105,2008-12-14 17:00:00
1106,2008-12-14 16:00:00
1107,2008-12-14 15:00:00
1108,2008-12-14 14:00:00
1109,2008-12-14 13:00:00
1110,2008-12-14 12:00:00
1111,2008-12-14 11:00:00
1112,2008-12-14 10:00:00
1113,2008-12-14 09:00:00
1114,2008-12-14 08:00:00
1115,2008-12-14 07:00:00
1116,2009-12-07 18:00:00
1117,2009-12-07 17:00:00
1118,2009-12-07 16:00:00
1119,2009-12-07 15:00:00
1120,2009-12-07 14:00:00
1121,2009-12-07 13:00:00
1122,2009-12-07 12:00:00
1123,2009-12-07 11:00:00
1124,2009-12-07 10:00:00
1125,2009-12-07 09:00:00
1126,2009-12-07 08:00:00
1127,2009-12-07 07:00:00
1128,2009-12-07 06:00:00
1129,2009-12-07 05:00:00
1130,2009-12-07 04:00:00
1131,2009-12-07 03:00:00
1132,2009-12-07 02:00:00
1133,2009-12-07 01:00:00
1134,2009-12-07 00:00:00
1135,2009-12-06 23:00:00
1136,2009-12-06 22:00:00
1137,2009-12-06 21:00:00
1138,2009-12-06 20:00:00
1139,2009-12-06 19:00:00
1140,2009-12-06 18:00:00
1141,2009-12-06 17:00:00
1142,2009-12-06 16:00:00
1143,2009-12-06 15:00:00
1144,2009-12-06 14:00:00
1145,2009-12-06 13:00:00
1146,2009-12-06 12:00:00
1147,2009-12-06 11:00:00
1148,2009-12-06 10:00:00
1149,2009-12-06 09:00:00
1150,2009-12-06 08:00:00
1151,2009-12-06 07:00:00
1152,2009-12-06 06:00:00
1153,2009-12-06 05:00:00
1154,2009-12-06 04:00:00
1155,2009-12-06 03:00:00
1156,2009-12-06 02:00:00
1157,2009-12-06 01:00:00
1158,2009-12-06 00:00:00
1159,2009-12-05 23:00:00
1160,2009-12-05 22:00:00
1161,2009-12-05 21:00:00
1162,2009-12-05 20:00:00
1163,2009-12-05 19:00:00
1164,2009-12-05 18:00:00
1165,2009-12-05 17:00:00
1166,2009-12-05 16:00:00
1167,2009-12-05 15:00:00
1168,2009-12-05 14:00:00
1169,2009-12-05 13:00:00
1170,2009-12-05 12:00:00
1171,2009-12-05 11:00:00
1172,2009-12-05 10:00:00
1173,2009-12-05 09:00:00
1174,2009-12-05 08:00:00
1175,2009-12-05 07:00:00
1176,2009-12-05 06:00:00
1177,2009-12-05 05:00:00
1178,2009-12-05 04:00:00
1179,2009-12-05 03:00:00
1180,2009-12-05 02:00:00
1181,2009-12-05 01:00:00
1182,2010-01-21 19:00:00
1183,2010-01-21 18:00:00
1184,2010-01-21 17:00:00
1185,2010-01-21 16:00:00
1186,2010-01-21 15:00:00
1187,2010-01-21 14:00:00
1188,2010-01-21 13:00:00
1189,2010-01-21 12:00:00
1190,2010-01-21 11:00:00
1191,2010-01-21 10:00:00
1192,2010-01-21 09:00:00
1193,2010-01-21 08:00:00
1194,2010-01-21 07:00:00
1195,2010-01-21 06:00:00
1196,2010-01-21 05:00:00
1197,2010-01-21 04:00:00
1198,2010-01-21 03:00:00
1199,2010-01-21 02:00:00
1200,2010-01-21 01:00:00
1201,2010-01-21 00:00:00
1202,2010-01-20 23:00:00
1203,2010-01-20 22:00:00
1204,2010-01-20 21:00:00
1205,2010-01-20 20:00:00
1206,2010-01-20 19:00:00
1207,2010-01-20 18:00:00
1208,2010-01-20 17:00:00
1209,2010-01-20 16:00:00
1210,2010-01-20 15:00:00
1211,2010-01-20 14:00:00
1212,2010-01-20 13:00:00
1213,2010-01-20 12:00:00
1214,2010-01-20 11:00:00
1215,2010-01-20 10:00:00
1216,2010-01-20 09:00:00
1217,2010-01-20 08:00:00
1218,2010-01-20 07:00:00
1219,2010-01-20 06:00:00
1220,2010-01-20 05:00:00
1221,2010-01-20 04:00:00
1222,2010-01-20 03:00:00
1223,2010-01-20 02:00:00
1224,2010-01-20 01:00:00
1225,2010-01-20 00:00:00
1226,2010-01-19 23:00:00
1227,2010-01-19 22:00:00
1228,2010-01-19 21:00:00
1229,2010-01-19 20:00:00
1230,2010-01-19 19:00:00
1231,2010-01-19 18:00:00
1232,2010-01-19 17:00:00
1233,2010-09-22 15:00:00
1234,2010-09-22 14:00:00
1235,2010-09-22 13:00:00
1236,2010-09-22 12:00:00
1237,2010-09-22 11:00:00
1238,2010-09-22 10:00:00
1239,2010-09-22 09:00:00
1240,2010-09-22 08:00:00
1241,2010-09-22 07:00:00
1242,2010-09-22 06:00:00
1243,2010-09-22 05:00:00
1244,2010-09-22 04:00:00
1245,2010-09-22 03:00:00
1246,2010-09-22 02:00:00
1247,2010-09-22 01:00:00
1248,2010-09-22 00:00:00
1249,2010-09-21 23:00:00
1250,2010-09-21 22:00:00
1251,2010-09-21 21:00:00
1252,2010-09-21 20:00:00
1253,2010-09-21 19:00:00
1254,2010-09-21 18:00:00
1255,2010-09-21 17:00:00
1256,2010-09-21 16:00:00
1257,2010-09-21 15:00:00
1258,2010-09-21 14:00:00
1259,2010-09-21 13:00:00
1260,2010-09-21 12:00:00
1261,2010-09-21 11:00:00
1262,2010-09-21 10:00:00
1263,2010-09-21 09:00:00
1264,2010-09-21 08:00:00
1265,2010-09-21 07:00:00
1266,2010-09-21 06:00:00
1267,2010-09-21 05:00:00
1268,2010-09-21 04:00:00
1269,2010-09-21 03:00:00
1270,2010-09-21 02:00:00
1271,2010-09-21 01:00:00
1272,2010-09-21 00:00:00
1273,2010-09-20 23:00:00
1274,2010-09-20 22:00:00
1275,2010-09-20 21:00:00
1276,2010-09-20 20:00:00
1277,2010-09-20 19:00:00
1278,2010-09-20 18:00:00
1279,2011-04-24 08:00:00
1280,2011-04-24 07:00:00
1281,2011-04-24 06:00:00
1282,2011-04-24 05:00:00
1283,2011-04-24 04:00:00
1284,2011-04-24 03:00:00
1285,2011-04-24 02:00:00
1286,2011-04-24 01:00:00
1287,2011-04-24 00:00:00
1288,2011-04-23 23:00:00
1289,2011-04-23 22:00:00
1290,2011-04-23 21:00:00
1291,2011-04-23 20:00:00
1292,2011-04-23 19:00:00
1293,2011-04-23 18:00:00
1294,2011-04-23 17:00:00
1295,2011-04-23 16:00:00
1296,2011-04-23 15:00:00
1297,2011-04-23 14:00:00
1298,2011-04-23 13:00:00
1299,2011-04-23 12:00:00
1300,2011-04-23 11:00:00
1301,2011-05-18 15:00:00
1302,2011-05-18 14:00:00
1303,2011-05-18 13:00:00
1304,2011-05-18 12:00:00
1305,2011-05-18 11:00:00
1306,2011-05-18 10:00:00
1307,2011-05-18 09:00:00
1308,2011-05-18 08:00:00
1309,2011-05-18 07:00:00
1310,2011-05-18 06:00:00
1311,2011-05-18 05:00:00
1312,2011-05-18 04:00:00
1313,2011-05-18 03:00:00
1314,2011-05-18 02:00:00
1315,2011-05-18 01:00:00
1316,2011-05-18 00:00:00
1317,2011-05-17 23:00:00
1318,2011-05-17 22:00:00
1319,2011-05-17 21:00:00
1320,2011-05-17 20:00:00
1321,2011-05-17 19:00:00
1322,2011-05-17 18:00:00
1323,2011-10-04 15:00:00
1324,2011-10-04 14:00:00
1325,2011-10-04 13:00:00
1326,2011-10-04 12:00:00
1327,2011-10-04 11:00:00
1328,2011-10-04 10:00:00
1329,2011-10-04 09:00:00
1330,2011-10-04 08:00:00
1331,2011-10-04 07:00:00
1332,2011-10-04 06:00:00
1333,2011-10-04 05:00:00
1334,2011-10-04 04:00:00
1335,2011-10-04 03:00:00
1336,2011-10-04 02:00:00
1337,2011-10-04 01:00:00
1338,2011-10-04 00:00:00
1339,2011-10-03 23:00:00
1340,2011-10-03 22:00:00
1341,2011-10-03 21:00:00
1342,2011-10-03 20:00:00
1343,2011-10-03 19:00:00
1344,2011-10-03 18:00:00
1345,2011-10-03 17:00:00
1346,2011-10-03 16:00:00
1347,2011-10-03 15:00:00
1348,2011-10-03 14:00:00
1349,2011-10-03 13:00:00
1350,2011-10-03 12:00:00
1351,2011-10-03 11:00:00
1352,2011-10-03 10:00:00
1353,2011-10-03 09:00:00
1354,2011-10-03 08:00:00
1355,2011-10-03 07:00:00
1356,2011-10-03 06:00:00
1357,2011-10-03 05:00:00
1358,2011-10-03 04:00:00
1359,2011-10-03 03:00:00
1360,2011-10-03 02:00:00
1361,2011-10-03 01:00:00
1362,2011-10-03 00:00:00
1363,2011-10-02 23:00:00
1364,2011-10-02 22:00:00
1365,2011-10-02 21:00:00
1366,2011-10-02 20:00:00
1367,2011-10-02 19:00:00
1368,2011-10-02 18:00:00
1369,2011-10-02 17:00:00
1370,2011-10-02 16:00:00
1371,2011-10-02 15:00:00
1372,2011-10-02 14:00:00
1373,2011-10-02 13:00:00
1374,2011-10-02 12:00:00
1375,2011-10-02 11:00:00
1376,2011-10-02 10:00:00
1377,2011-10-02 09:00:00
1378,2011-10-02 08:00:00
1379,2011-10-02 07:00:00
1380,2011-10-02 06:00:00
1381,2011-10-02 05:00:00
1382,2011-10-02 04:00:00
1383,2011-10-02 03:00:00
1384,2011-10-02 02:00:00
1385,2011-10-02 01:00:00
1386,2012-12-14 15:00:00
1387,2012-12-14 14:00:00
1388,2012-12-14 13:00:00
1389,2012-12-14 12:00:00
1390,2012-12-14 11:00:00
1391,2012-12-14 10:00:00
1392,2012-12-14 09:00:00
1393,2012-12-14 08:00:00
1394,2012-12-14 07:00:00
1395,2012-12-14 06:00:00
1396,2012-12-14 05:00:00
1397,2012-12-14 04:00:00
1398,2012-12-14 03:00:00
1399,2012-12-14 02:00:00
1400,2012-12-14 01:00:00
1401,2012-12-14 00:00:00
1402,2012-12-13 23:00:00
1403,2012-12-13 22:00:00
1404,2012-12-13 21:00:00
1405,2012-12-13 20:00:00
1406,2012-12-13 19:00:00
1407,2012-12-13 18:00:00
1408,2012-12-13 17:00:00
1409,2012-12-13 16:00:00
1410,2012-12-13 15:00:00
1411,2012-12-13 14:00:00
1412,2012-12-13 13:00:00
1413,2012-12-13 12:00:00
1414,2012-12-13 11:00:00
1415,2012-12-13 10:00:00
1416,2012-12-13 09:00:00
1417,2012-12-13 08:00:00
1418,2012-12-13 07:00:00
1419,2012-12-13 06:00:00
1420,2012-12-13 05:00:00
1421,2012-12-13 04:00:00
1422,2013-01-26 18:00:00
1423,2013-01-26 17:00:00
1424,2013-01-26 16:00:00
1425,2013-01-26 15:00:00
1426,2013-01-26 14:00:00
1427,2013-01-26 13:00:00
1428,2013-01-26 12:00:00
1429,2013-01-26 11:00:00
1430,2013-01-26 10:00:00
1431,2013-01-26 09:00:00
1432,2013-01-26 08:00:00
1433,2013-01-26 07:00:00
1434,2013-01-26 06:00:00
1435,2013-01-26 05:00:00
1436,2013-01-26 04:00:00
1437,2013-01-26 03:00:00
1438,2013-01-26 02:00:00
1439,2013-01-26 01:00:00
1440,2013-01-26 00:00:00
1441,2013-01-25 23:00:00
1442,2013-01-25 22:00:00
1443,2013-01-25 21:00:00
1444,2013-01-25 20:00:00
1445,2013-01-25 19:00:00
1446,2013-01-25 18:00:00
1447,2013-01-25 17:00:00
1448,2013-01-25 16:00:00
1449,2013-01-25 15:00:00
1450,2013-01-25 14:00:00
1451,2013-01-25 13:00:00
1452,2013-01-25 12:00:00
1453,2013-01-25 11:00:00
1454,2013-01-25 10:00:00
1455,2013-01-25 09:00:00
1456,2013-01-25 08:00:00
1457,2013-01-25 07:00:00
1458,2013-01-25 06:00:00
1459,2013-01-25 05:00:00
1460,2013-01-25 04:00:00
1461,2013-01-25 03:00:00
1462,2013-01-25 02:00:00
1463,2013-01-25 01:00:00
1464,2013-01-25 00:00:00
1465,2013-01-24 23:00:00
1466,2013-01-24 22:00:00
1467,2013-01-24 21:00:00
1468,2013-01-24 20:00:00
1469,2013-01-24 19:00:00
1470,2013-01-24 18:00:00
1471,2013-01-24 17:00:00
1472,2013-01-24 16:00:00
1473,2013-01-24 15:00:00
1474,2013-01-24 14:00:00
1475,2013-01-24 13:00:00
1476,2013-01-24 12:00:00
1477,2013-01-24 11:00:00
1478,2013-01-24 10:00:00
1479,2013-01-24 09:00:00
1480,2013-01-24 08:00:00
1481,2013-01-24 07:00:00
1482,2013-01-24 06:00:00
1483,2013-01-24 05:00:00
1484,2013-09-22 19:00:00
1485,2013-09-22 18:00:00
1486,2013-09-22 17:00:00
1487,2013-09-22 16:00:00
1488,2013-09-22 15:00:00
1489,2013-09-22 14:00:00
1490,2013-09-22 13:00:00
1491,2013-09-22 12:00:00
1492,2013-09-22 11:00:00
1493,2013-09-22 10:00:00
1494,2013-09-22 09:00:00
1495,2013-09-22 08:00:00
1496,2013-09-22 07:00:00
1497,2013-09-22 06:00:00
1498,2013-09-22 05:00:00
1499,2013-09-22 04:00:00
1500,2013-09-22 03:00:00
1501,2013-09-22 02:00:00
1502,2013-09-22 01:00:00
1503,2013-09-22 00:00:00
1504,2013-09-21 23:00:00
1505,2013-09-21 22:00:00
1506,2013-09-21 21:00:00
1507,2013-09-21 20:00:00
1508,2013-09-21 19:00:00
1509,2013-09-21 18:00:00
1510,2013-09-21 17:00:00
1511,2013-09-21 16:00:00
1512,2013-09-21 15:00:00
1513,2013-09-21 14:00:00
1514,2013-09-21 13:00:00
1515,2013-09-21 12:00:00
1516,2013-09-21 11:00:00
1517,2013-09-21 10:00:00
1518,2013-09-21 09:00:00
1519,2013-09-21 08:00:00
1520,2013-09-21 07:00:00
1521,2013-09-21 06:00:00
1522,2013-09-21 05:00:00
1523,2013-09-21 04:00:00
1524,2013-09-21 03:00:00
1525,2013-09-21 02:00:00
1526,2013-09-21 01:00:00
1527,2013-09-21 00:00:00
1528,2013-09-20 23:00:00
1529,2013-09-20 22:00:00
1530,2013-09-20 21:00:00
1531,2013-09-20 20:00:00
1532,2013-09-20 19:00:00
1533,2013-09-20 18:00:00
1534,2013-09-20 17:00:00
1535,2013-09-20 16:00:00
1536,2013-09-20 15:00:00
1537,2013-09-20 14:00:00
1538,2013-09-20 13:00:00
1539,2013-09-20 12:00:00
1540,2013-09-20 11:00:00
1541,2013-09-20 10:00:00
1542,2013-09-20 09:00:00
1543,2013-09-20 08:00:00
1544,2013-09-20 07:00:00
1545,2013-09-20 06:00:00
1546,2013-09-20 05:00:00
1547,2013-09-20 04:00:00
1548,2013-09-20 03:00:00
1549,2013-09-20 02:00:00
1550,2013-09-20 01:00:00
1551,2013-10-10 14:00:00
1552,2013-10-10 13:00:00
1553,2013-10-10 12:00:00
1554,2013-10-10 11:00:00
1555,2013-10-10 10:00:00
1556,2013-10-10 09:00:00
1557,2013-10-10 08:00:00
1558,2013-10-10 07:00:00
1559,2013-10-10 06:00:00
1560,2013-10-10 05:00:00
1561,2013-10-10 04:00:00
1562,2013-10-10 03:00:00
1563,2013-10-10 02:00:00
1564,2013-10-10 01:00:00
1565,2013-10-10 00:00:00
1566,2013-10-09 23:00:00
1567,2013-10-09 22:00:00
1568,2013-10-09 21:00:00
1569,2013-10-09 20:00:00
1570,2013-10-09 19:00:00
1571,2013-10-09 18:00:00
1572,2013-10-09 17:00:00
1573,2013-10-09 16:00:00
1574,2013-10-09 15:00:00
1575,2013-10-09 14:00:00
1576,2013-10-09 13:00:00
1577,2013-10-09 12:00:00
1578,2013-10-09 11:00:00
1579,2013-10-09 10:00:00
1580,2013-10-09 09:00:00
1581,2013-10-09 08:00:00
1582,2013-10-09 07:00:00
1583,2013-10-09 06:00:00
1584,2013-10-09 05:00:00
1585,2013-10-09 04:00:00
1586,2013-10-09 03:00:00
1587,2013-10-09 02:00:00
1588,2013-10-09 01:00:00
1589,2013-10-09 00:00:00
1590,2013-10-08 23:00:00
1591,2014-04-26 17:00:00
1592,2014-04-26 16:00:00
1593,2014-04-26 15:00:00
1594,2014-04-26 14:00:00
1595,2014-04-26 13:00:00
1596,2014-04-26 12:00:00
1597,2014-04-26 11:00:00
1598,2014-04-26 10:00:00
1599,2014-04-26 09:00:00
1600,2014-04-26 08:00:00
1601,2014-04-26 07:00:00
1602,2014-04-26 06:00:00
1603,2014-04-26 05:00:00
1604,2014-04-26 04:00:00
1605,2014-04-26 03:00:00
1606,2014-04-26 02:00:00
1607,2014-04-26 01:00:00
1608,2014-04-26 00:00:00
1609,2014-09-28 18:00:00
1610,2014-09-28 17:00:00
1611,2014-09-28 16:00:00
1612,2014-09-28 15:00:00
1613,2014-09-28 14:00:00
1614,2014-09-28 13:00:00
1615,2014-09-28 12:00:00
1616,2014-09-28 11:00:00
1617,2014-09-28 10:00:00
1618,2014-09-28 09:00:00
1619,2014-09-28 08:00:00
1620,2014-09-28 07:00:00
1621,2014-09-28 06:00:00
1622,2014-09-28 05:00:00
1623,2014-09-28 04:00:00
1624,2014-09-28 03:00:00
1625,2014-09-28 02:00:00
1626,2014-09-28 01:00:00
1627,2014-09-28 00:00:00
1628,2014-09-27 23:00:00
1629,2014-09-27 22:00:00
1630,2014-09-27 21:00:00
1631,2014-09-27 20:00:00
1632,2014-09-27 19:00:00
1633,2014-09-27 18:00:00
1634,2014-09-27 17:00:00
1635,2014-09-27 16:00:00
1636,2014-09-27 15:00:00
1637,2014-09-27 14:00:00
1638,2014-09-27 13:00:00
1639,2014-09-27 12:00:00
1640,2014-09-27 11:00:00
1641,2014-09-27 10:00:00
1642,2014-09-27 09:00:00
1643,2014-09-27 08:00:00
1644,2014-09-27 07:00:00
1645,2014-09-27 06:00:00
1646,2014-09-27 05:00:00
1647,2014-09-27 04:00:00
1648,2014-09-27 03:00:00
1649,2014-09-27 02:00:00
1650,2014-09-27 01:00:00
1651,2014-09-27 00:00:00
1652,2014-09-26 23:00:00
1653,2014-09-26 22:00:00
1654,2014-09-26 21:00:00
1655,2014-09-26 20:00:00
1656,2014-09-26 19:00:00
1657,2014-09-26 18:00:00
1658,2014-09-26 17:00:00
1659,2014-09-26 16:00:00
1660,2014-09-26 15:00:00
1661,2014-09-26 14:00:00
1662,2014-09-26 13:00:00
1663,2014-09-26 12:00:00
1664,2014-09-26 11:00:00
1665,2014-09-26 10:00:00
1666,2014-09-26 09:00:00
1667,2014-09-26 08:00:00
1668,2014-09-26 07:00:00
1669,2014-09-26 06:00:00
1670,2014-09-26 05:00:00
1671,2014-09-26 04:00:00
1672,2014-09-26 03:00:00
1673,2014-09-26 02:00:00
1674,2014-09-26 01:00:00
1675,2015-02-22 15:00:00
1676,2015-02-22 14:00:00
1677,2015-02-22 13:00:00
1678,2015-02-22 12:00:00
1679,2015-02-22 11:00:00
1680,2015-02-22 10:00:00
1681,2015-02-22 09:00:00
1682,2015-02-22 08:00:00
1683,2015-02-22 07:00:00
1684,2015-02-22 06:00:00
1685,2015-02-22 05:00:00
1686,2015-02-22 04:00:00
1687,2015-02-22 03:00:00
1688,2015-02-22 02:00:00
1689,2015-02-22 01:00:00
1690,2015-02-22 00:00:00
1691,2015-02-21 23:00:00
1692,2015-02-21 22:00:00
1693,2015-02-21 21:00:00
1694,2015-02-21 20:00:00
1695,2015-02-21 19:00:00
1696,2015-02-21 18:00:00
1697,2015-02-21 17:00:00
1698,2015-02-21 16:00:00
1699,2015-02-21 15:00:00
1700,2015-02-21 14:00:00
1701,2015-02-21 13:00:00
1702,2015-02-21 12:00:00
1703,2015-02-21 11:00:00
1704,2015-02-21 10:00:00
1705,2015-02-21 09:00:00
1706,2015-02-21 08:00:00
1707,2015-02-21 07:00:00
1708,2015-02-21 06:00:00
1709,2015-02-21 05:00:00
1710,2015-02-21 04:00:00
1711,2015-02-21 03:00:00
1712,2015-02-21 02:00:00
1713,2015-02-21 01:00:00
1714,2015-02-21 00:00:00
1715,2015-02-20 23:00:00
1716,2015-02-20 22:00:00
1717,2015-02-20 21:00:00
1718,2015-02-20 20:00:00
1719,2015-02-20 19:00:00
1720,2015-02-20 18:00:00
1721,2015-02-20 17:00:00
1722,2015-02-20 16:00:00
1723,2015-02-20 15:00:00
1724,2015-02-20 14:00:00
1725,2015-02-20 13:00:00
1726,2015-02-20 12:00:00
1727,2015-02-20 11:00:00
1728,2015-02-20 10:00:00
1729,2015-02-20 09:00:00
1730,2015-02-20 08:00:00
1731,2015-02-20 07:00:00
1732,2015-02-20 06:00:00
1733,2015-02-20 05:00:00
1734,2015-02-20 04:00:00
1735,2015-02-20 03:00:00
1736,2015-02-20 02:00:00
1737,2015-02-20 01:00:00
1738,2015-06-05 18:00:00
1739,2015-06-05 17:00:00
1740,2015-06-05 16:00:00
1741,2015-06-05 15:00:00
1742,2015-06-05 14:00:00
1743,2015-06-05 13:00:00
1744,2015-06-05 12:00:00
1745,2015-06-05 11:00:00
1746,2015-06-05 10:00:00
1747,2015-06-05 09:00:00
1748,2015-06-05 08:00:00
1749,2015-06-05 07:00:00
1750,2015-06-05 06:00:00
1751,2015-06-05 05:00:00
1752,2015-06-05 04:00:00
1753,2015-06-05 03:00:00
1754,2015-06-05 02:00:00
1755,2015-06-05 01:00:00
1756,2015-06-05 00:00:00
1757,2015-06-04 23:00:00
1758,2015-06-04 22:00:00
1759,2015-06-04 21:00:00
1760,2015-06-04 20:00:00
1761,2015-06-04 19:00:00
1762,2015-06-04 18:00:00
1763,2015-06-04 17:00:00
1764,2015-06-04 16:00:00
1765,2015-06-04 15:00:00
1766,2015-06-04 14:00:00
1767,2015-06-04 13:00:00
1768,2015-06-04 12:00:00
1769,2015-06-04 11:00:00
1770,2015-06-04 10:00:00
1771,2015-06-04 09:00:00
1772,2015-06-04 08:00:00
1773,2015-06-04 07:00:00
1774,2015-06-04 06:00:00
1775,2015-06-04 05:00:00
1776,2015-06-04 04:00:00
1777,2015-06-04 03:00:00
1778,2015-06-04 02:00:00
1779,2015-06-04 01:00:00
1780,2015-06-04 00:00:00
1781,2015-06-03 23:00:00
1782,2015-11-15 14:00:00
1783,2015-11-15 13:00:00
1784,2015-11-15 12:00:00
1785,2015-11-15 11:00:00
1786,2015-11-15 10:00:00
1787,2015-11-15 09:00:00
1788,2015-11-15 08:00:00
1789,2015-11-15 07:00:00
1790,2015-11-15 06:00:00
1791,2015-11-15 05:00:00
1792,2015-11-15 04:00:00
1793,2015-11-15 03:00:00
1794,2015-11-15 02:00:00
1795,2015-11-15 01:00:00
1796,2015-11-15 00:00:00
1797,2015-11-14 23:00:00
1798,2015-11-14 22:00:00
1799,2015-11-14 21:00:00
1800,2015-11-14 20:00:00
1801,2015-11-14 19:00:00
1802,2015-11-14 18:00:00
1803,2015-11-14 17:00:00
1804,2015-11-14 16:00:00
1805,2015-11-14 15:00:00
1806,2015-11-14 14:00:00
1807,2015-11-14 13:00:00
1808,2015-11-14 12:00:00
1809,2015-11-14 11:00:00
1810,2015-11-14 10:00:00
1811,2015-11-14 09:00:00
1812,2015-11-14 08:00:00
1813,2015-11-14 07:00:00
1814,2015-11-14 06:00:00
1815,2015-11-14 05:00:00
1816,2015-11-14 04:00:00
1817,2015-11-14 03:00:00
1818,2015-11-14 02:00:00
1819,2015-11-14 01:00:00
1820,2015-11-14 00:00:00
1821,2015-11-13 23:00:00
1822,2015-11-13 22:00:00
1823,2015-11-13 21:00:00
1824,2015-11-13 20:00:00
1825,2015-11-13 19:00:00
1826,2015-11-13 18:00:00
1827,2015-11-13 17:00:00
1828,2015-11-13 16:00:00
1829,2015-11-13 15:00:00
1830,2015-11-13 14:00:00
1831,2015-11-13 13:00:00
1832,2015-11-13 12:00:00
1833,2015-11-13 11:00:00
1834,2015-11-13 10:00:00
1835,2015-11-13 09:00:00
1836,2015-11-13 08:00:00
1837,2015-11-13 07:00:00
1838,2015-11-13 06:00:00
1839,2015-11-13 05:00:00
1840,2015-11-13 04:00:00
1841,2015-11-13 03:00:00
1842,2015-11-13 02:00:00
1843,2015-11-13 01:00:00
1844,2015-12-22 12:00:00
1845,2015-12-22 11:00:00
1846,2015-12-22 10:00:00
1847,2015-12-22 09:00:00
1848,2015-12-22 08:00:00
1849,2015-12-22 07:00:00
1850,2015-12-22 06:00:00
1851,2015-12-22 05:00:00
1852,2015-12-22 04:00:00
1853,2015-12-22 03:00:00
1854,2015-12-22 02:00:00
1855,2015-12-22 01:00:00
1856,2015-12-22 00:00:00
1857,2015-12-21 23:00:00
1858,2015-12-21 22:00:00
1859,2015-12-21 21:00:00
1860,2015-12-21 20:00:00
1861,2015-12-21 19:00:00
1862,2015-12-21 18:00:00
1863,2015-12-21 17:00:00
1864,2015-12-21 16:00:00
1865,2015-12-21 15:00:00
1866,2015-12-21 14:00:00
1867,2015-12-21 13:00:00
1868,2015-12-21 12:00:00
1869,2015-12-21 11:00:00
1870,2015-12-21 10:00:00
1871,2015-12-21 09:00:00
1872,2015-12-21 08:00:00
1873,2015-12-21 07:00:00
1874,2016-11-21 18:00:00
1875,2016-11-21 17:00:00
1876,2016-11-21 16:00:00
1877,2016-11-21 15:00:00
1878,2016-11-21 14:00:00
1879,2016-11-21 13:00:00
1880,2016-11-21 12:00:00
1881,2016-11-21 11:00:00
1882,2016-11-21 10:00:00
1883,2016-11-21 09:00:00
1884,2016-11-21 08:00:00
1885,2016-11-21 07:00:00
1886,2016-11-21 06:00:00
1887,2016-11-21 05:00:00
1888,2016-11-21 04:00:00
1889,2016-11-21 03:00:00
1890,2016-11-21 02:00:00
1891,2016-11-21 01:00:00
1892,2016-11-21 00:00:00
1893,2016-11-20 23:00:00
1894,2016-11-20 22:00:00
1895,2016-12-22 18:00:00
1896,2016-12-22 17:00:00
1897,2016-12-22 16:00:00
1898,2016-12-22 15:00:00
1899,2016-12-22 14:00:00
1900,2016-12-22 13:00:00
1901,2016-12-22 12:00:00
1902,2016-12-22 11:00:00
1903,2016-12-22 10:00:00
1904,2016-12-22 09:00:00
1905,2016-12-22 08:00:00
1906,2016-12-22 07:00:00
1907,2016-12-22 06:00:00
1908,2016-12-22 05:00:00
1909,2016-12-22 04:00:00
1910,2016-12-22 03:00:00
1911,2016-12-22 02:00:00
1912,2016-12-22 01:00:00
1913,2016-12-22 00:00:00
1914,2016-12-21 23:00:00
1915,2016-12-21 22:00:00
1916,2016-12-21 21:00:00
1917,2016-12-21 20:00:00
1918,2016-12-21 19:00:00
1919,2016-12-21 18:00:00
1920,2016-12-21 17:00:00
1921,2016-12-21 16:00:00
1922,2016-12-21 15:00:00
1923,2016-12-21 14:00:00
1924,2016-12-21 13:00:00
1925,2016-12-21 12:00:00
1926,2016-12-21 11:00:00
1927,2016-12-21 10:00:00
1928,2016-12-21 09:00:00
1929,2016-12-21 08:00:00
1930,2016-12-21 07:00:00
1931,2017-01-05 11:00:00
1932,2017-01-05 10:00:00
1933,2017-01-05 09:00:00
1934,2017-01-05 08:00:00
1935,2017-01-05 07:00:00
1936,2017-01-05 06:00:00
1937,2017-01-05 05:00:00
1938,2017-01-05 04:00:00
1939,2017-01-05 03:00:00
1940,2017-01-05 02:00:00
1941,2017-01-05 01:00:00
1942,2017-01-05 00:00:00
1943,2017-01-04 23:00:00
1944,2017-01-04 22:00:00
1945,2017-01-04 21:00:00
1946,2017-01-04 20:00:00
1947,2017-02-27 16:00:00
1948,2017-02-27 15:00:00
1949,2017-02-27 14:00:00
1950,2017-02-27 13:00:00
1951,2017-02-27 12:00:00
1952,2017-02-27 11:00:00
1953,2017-02-27 10:00:00
1954,2017-02-27 09:00:00
1955,2017-02-27 08:00:00
1956,2017-02-27 07:00:00
1957,2017-02-27 06:00:00
1958,2017-02-27 05:00:00
1959,2017-02-27 04:00:00
1960,2017-02-27 03:00:00
1961,2017-02-27 02:00:00
1962,2017-02-27 01:00:00
1963,2017-02-27 00:00:00
1964,2017-02-26 23:00:00
1965,2017-02-26 22:00:00
1966,2017-02-26 21:00:00
1967,2017-02-26 20:00:00
1968,2017-02-26 19:00:00
1969,2017-02-26 18:00:00
1970,2017-02-26 17:00:00
1971,2017-02-26 16:00:00
1972,2017-02-26 15:00:00
1973,2017-02-26 14:00:00
1974,2017-02-26 13:00:00
1975,2017-02-26 12:00:00
1976,2017-02-26 11:00:00
1977,2017-02-26 10:00:00
1978,2017-02-26 09:00:00
1979,2017-02-26 08:00:00
1980,2017-02-26 07:00:00
1981,2017-02-26 06:00:00
1982,2017-02-26 05:00:00
1983,2017-02-26 04:00:00
1984,2017-02-26 03:00:00
1985,2017-02-26 02:00:00
1986,2017-02-26 01:00:00
1987,2019-02-14 16:00:00
1988,2019-02-14 15:00:00
1989,2019-02-14 14:00:00
1990,2019-02-14 13:00:00
1991,2019-02-14 12:00:00
1992,2019-02-14 11:00:00
1993,2019-02-14 10:00:00
1994,2019-02-14 09:00:00
1995,2019-02-14 08:00:00
1996,2019-02-14 07:00:00
1997,2019-02-14 06:00:00
1998,2019-02-14 05:00:00
1999,2019-02-14 04:00:00
2000,2019-02-14 03:00:00
2001,2019-02-14 02:00:00
2002,2019-02-14 01:00:00
2003,2019-02-14 00:00:00
2004,2019-02-13 23:00:00
2005,2019-02-13 22:00:00
2006,2019-02-13 21:00:00
2007,2019-02-13 20:00:00
2008,2019-02-13 19:00:00
2009,2019-02-13 18:00:00
2010,2019-02-13 17:00:00
2011,2019-02-13 16:00:00
2012,2019-02-13 15:00:00
2013,2019-02-13 14:00:00
2014,2019-02-13 13:00:00
2015,2019-03-11 17:00:00
2016,2019-03-11 16:00:00
2017,2019-03-11 15:00:00
2018,2019-03-11 14:00:00
2019,2019-03-11 13:00:00
2020,2019-03-11 12:00:00
2021,2019-03-11 11:00:00
2022,2019-03-11 10:00:00
2023,2019-03-11 09:00:00
2024,2019-03-11 08:00:00
2025,2019-03-11 07:00:00
2026,2019-03-11 06:00:00
2027,2019-03-11 05:00:00
2028,2019-03-11 04:00:00
2029,2019-03-11 03:00:00
2030,2019-03-11 02:00:00
2031,2019-03-11 01:00:00
2032,2019-03-11 00:00:00
2033,2019-03-10 23:00:00
2034,2019-03-10 22:00:00
2035,2019-03-12 11:00:00
2036,2019-03-12 10:00:00
2037,2019-03-12 09:00:00
2038,2019-03-12 08:00:00
2039,2019-03-12 07:00:00
2040,2019-03-12 06:00:00
2041,2019-03-12 05:00:00
2042,2019-03-12 04:00:00
2043,2019-03-12 03:00:00
2044,2019-03-12 02:00:00
2045,2019-03-12 01:00:00
2046,2019-03-12 00:00:00
2047,2019-03-11 23:00:00
2048,2019-03-11 22:00:00
2049,2019-03-11 21:00:00
2050,2019-03-11 20:00:00
2051,2019-03-11 19:00:00
2052,2019-03-11 18:00:00
2073,2019-03-10 21:00:00
2074,2019-03-10 20:00:00
2075,2019-03-10 19:00:00
2076,2019-03-10 18:00:00
2077,2019-03-10 17:00:00
2078,2019-03-10 16:00:00
2079,2019-03-10 15:00:00
2080,2019-03-10 14:00:00
2081,2019-03-10 13:00:00
2082,2019-03-10 12:00:00
2083,2019-03-10 11:00:00
2084,2019-03-10 10:00:00
2085,2019-03-10 09:00:00
2086,2019-03-10 08:00:00
2087,2019-03-10 07:00:00
2088,2019-03-10 06:00:00
2089,2019-03-10 05:00:00
2090,2019-03-10 04:00:00
2091,2019-03-10 03:00:00
2092,2019-03-10 02:00:00
2093,2019-03-10 01:00:00
2094,2019-05-20 07:00:00
2095,2019-05-20 06:00:00
2096,2019-05-20 05:00:00
2097,2019-05-20 04:00:00
2098,2019-05-20 03:00:00
2099,2019-05-20 02:00:00
2100,2019-05-20 01:00:00
2101,2019-05-20 00:00:00
2102,2019-05-19 23:00:00
2103,2019-05-19 22:00:00
2104,2019-05-19 21:00:00
2105,2019-05-19 20:00:00
2106,2019-05-19 19:00:00
2107,2019-05-19 18:00:00
2108,2019-05-19 17:00:00
2109,2019-05-19 16:00:00
2110,2019-05-19 15:00:00
2111,2019-05-19 14:00:00
2112,2019-05-19 13:00:00
2113,2019-05-19 12:00:00
2114,2019-05-19 11:00:00
2115,2019-05-19 10:00:00
2116,2019-05-19 09:00:00
2117,2019-05-19 08:00:00
2118,2019-05-19 07:00:00
2119,2019-05-19 06:00:00
2120,2019-05-19 05:00:00
2121,2019-05-19 04:00:00
2122,2019-05-19 03:00:00
2123,2019-05-19 02:00:00
2124,2019-05-19 01:00:00
2125,2019-05-19 00:00:00
2126,2019-05-18 23:00:00
2127,2019-05-18 22:00:00
2128,2019-05-18 21:00:00
2129,2019-05-18 20:00:00
2130,2019-05-18 19:00:00
2131,2019-05-18 18:00:00
2132,2019-05-18 17:00:00
2133,2019-05-18 16:00:00
2134,2019-05-18 15:00:00
2135,2019-05-18 14:00:00
2136,2019-05-18 13:00:00
2137,2019-05-18 12:00:00
2138,2019-05-18 11:00:00
2139,2019-05-18 10:00:00
2140,2019-05-18 09:00:00
2141,2019-05-18 08:00:00
2142,2019-05-18 07:00:00
2143,2019-05-18 06:00:00
2144,2019-05-18 05:00:00
2145,2019-05-18 04:00:00
2146,2019-05-18 03:00:00
2147,2019-05-18 02:00:00
2148,2019-05-18 01:00:00
2149,2020-03-18 17:00:00
2150,2020-03-18 16:00:00
2151,2020-03-18 15:00:00
2152,2020-03-18 14:00:00
2153,2020-03-18 13:00:00
2154,2020-03-18 12:00:00
2155,2020-03-18 11:00:00
2156,2020-03-18 10:00:00
2157,2020-03-18 09:00:00
2158,2020-03-18 08:00:00
2159,2020-03-18 07:00:00
2160,2020-03-18 06:00:00
2161,2020-03-18 05:00:00
2162,2020-03-18 04:00:00
2163,2020-03-18 03:00:00
2164,2020-03-18 02:00:00
2165,2020-03-18 01:00:00
2166,2020-03-18 00:00:00
2167,2020-03-17 23:00:00
2168,2020-03-17 22:00:00
2169,2020-03-17 21:00:00
2170,2020-03-17 20:00:00
2171,2020-03-17 19:00:00
2172,2020-03-17 18:00:00
2173,2020-03-17 17:00:00
2174,2020-03-17 16:00:00
2175,2020-03-17 15:00:00
2176,2020-03-17 14:00:00
2177,2020-03-17 13:00:00
2178,2020-03-17 12:00:00
2179,2020-03-17 11:00:00
2180,2020-03-17 10:00:00
2181,2020-03-17 09:00:00
2182,2020-03-17 08:00:00
2183,2020-03-17 07:00:00
2184,2020-03-17 06:00:00
2185,2020-03-17 05:00:00
2186,2020-03-17 04:00:00
2187,2020-03-17 03:00:00
2188,2020-03-17 02:00:00
2189,2020-03-17 01:00:00
2190,2020-03-17 00:00:00
2191,2020-03-16 23:00:00
2192,2020-03-16 22:00:00
2193,2020-03-16 21:00:00
2194,2020-03-16 20:00:00
2195,2020-03-16 19:00:00
2196,2020-03-16 18:00:00
2197,2020-03-16 17:00:00
2198,2020-03-16 16:00:00
2199,2020-03-16 15:00:00
2200,2020-03-16 14:00:00
2201,2020-03-16 13:00:00
2202,2020-03-16 12:00:00
2203,2020-03-16 11:00:00
2204,2020-03-16 10:00:00
2205,2020-03-16 09:00:00
2206,2020-03-16 08:00:00
2207,2020-03-16 07:00:00
2208,2020-03-16 06:00:00
2209,2020-03-16 05:00:00
2210,2020-03-16 04:00:00
2211,2020-03-16 03:00:00
2212,2020-03-16 02:00:00
2213,2020-03-16 01:00:00
2214,2021-12-09 18:00:00
2215,2021-12-09 17:00:00
2216,2021-12-09 16:00:00
2217,2021-12-09 15:00:00
2218,2021-12-09 14:00:00
2219,2021-12-09 13:00:00
2220,2021-12-09 12:00:00
2221,2021-12-09 11:00:00
2222,2021-12-09 10:00:00
2223,2021-12-09 09:00:00
2224,2021-12-09 08:00:00
2225,2021-12-09 07:00:00
2226,2021-12-09 06:00:00
2227,2021-12-09 05:00:00
2228,2021-12-09 04:00:00
2229,2021-12-09 03:00:00
2230,2021-12-09 02:00:00
2231,2021-12-09 01:00:00
2232,2021-12-09 00:00:00
2233,2021-12-08 23:00:00
2234,2021-12-08 22:00:00
2235,2021-12-08 21:00:00
2236,2021-12-08 20:00:00
2237,2021-12-08 19:00:00
2238,2021-12-08 18:00:00
2239,2021-12-08 17:00:00
2240,2021-12-08 16:00:00
2241,2021-12-08 15:00:00
2242,2021-12-08 14:00:00
2243,2021-12-08 13:00:00
2244,2021-12-08 12:00:00
2245,2021-12-08 11:00:00
2246,2021-12-08 10:00:00
2247,2021-12-08 09:00:00
2248,2021-12-08 08:00:00
2249,2021-12-08 07:00:00
2250,2021-12-08 06:00:00
2251,2021-12-08 05:00:00
2252,2021-12-08 04:00:00
2253,2021-12-08 03:00:00
2254,2021-12-08 02:00:00
2255,2021-12-08 01:00:00
2256,2021-12-08 00:00:00
2257,2021-12-07 23:00:00
2258,2021-12-07 22:00:00
2259,2021-12-07 21:00:00
2260,2021-12-07 20:00:00
2261,2021-12-07 19:00:00
2262,2021-12-07 18:00:00
2263,2021-12-24 18:00:00
2264,2021-12-24 17:00:00
2265,2021-12-24 16:00:00
2266,2021-12-24 15:00:00
2267,2021-12-24 14:00:00
2268,2021-12-24 13:00:00
2269,2021-12-24 12:00:00
2270,2021-12-24 11:00:00
2271,2021-12-24 10:00:00
2272,2021-12-24 09:00:00
2273,2021-12-24 08:00:00
2274,2021-12-24 07:00:00
2275,2021-12-24 06:00:00
2276,2021-12-24 05:00:00
2277,2021-12-24 04:00:00
2278,2021-12-24 03:00:00
2279,2021-12-24 02:00:00
2280,2021-12-24 01:00:00
2281,2021-12-24 00:00:00
2282,2021-12-23 23:00:00
2283,2021-12-23 22:00:00
2284,2021-12-23 21:00:00
2285,2021-12-23 20:00:00
2286,2021-12-23 19:00:00
2287,2021-12-23 18:00:00
2288,2021-12-23 17:00:00
2289,2021-12-23 16:00:00
2290,2021-12-23 15:00:00
2291,2021-12-23 14:00:00
2292,2021-12-23 13:00:00
2293,2021-12-23 12:00:00
2294,2021-12-23 11:00:00
2295,2021-12-23 10:00:00
2296,2021-12-23 09:00:00
2297,2021-12-23 08:00:00
2298,2021-12-23 07:00:00
2299,2021-12-23 06:00:00
2300,2021-12-23 05:00:00
2301,2021-12-23 04:00:00
2302,2021-12-23 03:00:00
2303,2021-12-23 02:00:00
2304,2021-12-23 01:00:00
2305,2021-12-23 00:00:00
2306,2021-12-22 23:00:00
2307,2021-12-22 22:00:00
2308,2021-12-22 21:00:00
2309,2021-12-22 20:00:00
2310,2021-12-22 19:00:00
2311,2021-12-22 18:00:00
2312,2021-12-22 17:00:00
2313,2021-12-22 16:00:00
2314,2021-12-22 15:00:00
2315,2021-12-22 14:00:00
2316,2021-12-22 13:00:00
2317,2021-12-22 12:00:00
2318,2021-12-22 11:00:00
2319,2021-12-22 10:00:00
2320,2021-12-22 09:00:00
2321,2021-12-22 08:00:00
2322,2021-12-22 07:00:00
2323,2021-12-22 06:00:00
2324,2021-12-22 05:00:00
2325,2021-12-22 04:00:00
2326,2021-12-22 03:00:00
2327,2021-12-22 02:00:00
2328,2021-12-22 01:00:00
2329,2023-01-01 20:00:00
2330,2023-01-01 19:00:00
2331,2023-01-01 18:00:00
2332,2023-01-01 17:00:00
2333,2023-01-01 16:00:00
2334,2023-01-01 15:00:00
2335,2023-01-01 14:00:00
2336,2023-01-01 13:00:00
2337,2023-01-01 12:00:00
2338,2023-01-01 11:00:00
2339,2023-01-01 10:00:00
2340,2023-01-01 09:00:00
2341,2023-01-01 08:00:00
2342,2023-01-01 07:00:00
2343,2023-01-01 06:00:00
2344,2023-01-01 05:00:00
2345,2023-01-01 04:00:00
2346,2023-01-01 03:00:00
2347,2023-01-01 02:00:00
2348,2023-01-01 01:00:00
2349,2023-01-01 00:00:00
2350,2022-12-31 23:00:00
2351,2022-12-31 22:00:00
2352,2022-12-31 21:00:00
2353,2022-12-31 20:00:00
2354,2022-12-31 19:00:00
2355,2022-12-31 18:00:00
2356,2022-12-31 17:00:00
2357,2022-12-31 16:00:00
2358,2022-12-31 15:00:00
2359,2022-12-31 14:00:00
2360,2022-12-31 13:00:00
2361,2022-12-31 12:00:00
2362,2022-12-31 11:00:00
2363,2022-12-31 10:00:00
2364,2022-12-31 09:00:00
2365,2022-12-31 08:00:00
2366,2022-12-31 07:00:00
2367,2022-12-31 06:00:00
2368,2022-12-31 05:00:00
2369,2022-12-31 04:00:00
2370,2022-12-31 03:00:00
2371,2022-12-31 02:00:00
2372,2022-12-31 01:00:00
2373,2022-12-31 00:00:00
2374,2022-12-30 23:00:00
2375,2022-12-30 22:00:00
2376,2022-12-30 21:00:00
2377,2022-12-30 20:00:00
2378,2022-12-30 19:00:00
2379,2022-12-30 18:00:00
2380,2022-12-30 17:00:00
2381,2022-12-30 16:00:00
2382,2022-12-30 15:00:00
2383,2022-12-30 14:00:00
2384,2022-12-30 13:00:00
2385,2022-12-30 12:00:00
2386,2022-12-30 11:00:00
2387,2022-12-30 10:00:00
2388,2022-12-30 09:00:00
2389,2022-12-30 08:00:00
2390,2022-12-30 07:00:00
2391,2022-12-30 06:00:00
2392,2022-12-30 05:00:00
2393,2022-12-30 04:00:00
2394,2022-12-30 03:00:00
2395,2022-12-30 02:00:00
2396,2022-12-30 01:00:00
2397,2023-01-16 18:00:00
2398,2023-01-16 17:00:00
2399,2023-01-16 16:00:00
2400,2023-01-16 15:00:00
2401,2023-01-16 14:00:00
2402,2023-01-16 13:00:00
2403,2023-01-16 12:00:00
2404,2023-01-16 11:00:00
2405,2023-01-16 10:00:00
2406,2023-01-16 09:00:00
2407,2023-01-16 08:00:00
2408,2023-01-16 07:00:00
2409,2023-01-16 06:00:00
2410,2023-01-16 05:00:00
2411,2023-01-16 04:00:00
2412,2023-01-16 03:00:00
2413,2023-01-16 02:00:00
2414,2023-01-16 01:00:00
2415,2023-01-16 00:00:00
2416,2023-01-15 23:00:00
2417,2023-01-15 22:00:00
2418,2023-01-15 21:00:00
2419,2023-01-15 20:00:00
2420,2023-01-15 19:00:00
2421,2023-01-15 18:00:00
2422,2023-01-15 17:00:00
2423,2023-01-15 16:00:00
2424,2023-01-15 15:00:00
2425,2023-01-15 14:00:00
2426,2023-01-15 13:00:00
2427,2023-01-15 12:00:00
2428,2023-01-15 11:00:00
2429,2023-01-15 10:00:00
2430,2023-03-15 17:00:00
2431,2023-03-15 16:00:00
2432,2023-03-15 15:00:00
2433,2023-03-15 14:00:00
2434,2023-03-15 13:00:00
2435,2023-03-15 12:00:00
2436,2023-03-15 11:00:00
2437,2023-03-15 10:00:00
2438,2023-03-15 09:00:00
2439,2023-03-15 08:00:00
2440,2023-03-15 07:00:00
2441,2023-03-15 06:00:00
2442,2023-03-15 05:00:00
2443,2023-03-15 04:00:00
2444,2023-03-15 03:00:00
2445,2023-03-15 02:00:00
2446,2023-03-15 01:00:00
2447,2023-03-15 00:00:00
2448,2023-03-14 23:00:00
2449,2023-03-14 22:00:00
2450,2023-03-14 21:00:00
2451,2023-03-14 20:00:00
2452,2023-03-14 19:00:00
2453,2023-03-14 18:00:00
2454,2023-03-14 17:00:00
2455,2023-03-14 16:00:00
2456,2023-03-14 15:00:00
2457,2023-03-14 14:00:00
2458,2023-03-14 13:00:00
2459,2023-03-14 12:00:00
2460,2023-03-14 11:00:00
2461,2023-03-21 19:00:00
2462,2023-03-21 18:00:00
2463,2023-03-21 17:00:00
2464,2023-03-21 16:00:00
2465,2023-03-21 15:00:00
2466,2023-03-21 14:00:00
2467,2023-03-21 13:00:00
2468,2023-03-21 12:00:00
2469,2023-03-21 11:00:00
2470,2023-03-21 10:00:00
2471,2023-03-21 09:00:00
2472,2023-03-21 08:00:00
2473,2023-03-21 07:00:00
2474,2023-03-21 06:00:00
2475,2023-03-21 05:00:00
2476,2023-03-21 04:00:00
2477,2023-03-21 03:00:00
2478,2023-03-21 02:00:00
2479,2023-03-21 01:00:00
2480,2023-03-21 00:00:00
2481,2023-03-20 23:00:00
2482,2023-03-20 22:00:00
2483,2023-03-20 21:00:00
2484,2023-03-20 20:00:00
2485,2023-03-20 19:00:00
2486,2023-03-20 18:00:00
2487,2023-03-20 17:00:00
2488,2023-03-20 16:00:00
2489,2023-03-20 15:00:00
2490,2023-03-20 14:00:00
2491,2023-03-20 13:00:00
2492,2023-03-20 12:00:00
2493,2023-03-20 11:00:00
2494,2023-03-20 10:00:00
2495,2023-03-20 09:00:00
2496,2023-03-20 08:00:00
2497,2023-03-20 07:00:00
2498,2023-03-20 06:00:00
2499,2023-03-20 05:00:00
2500,2023-03-20 04:00:00
2501,2023-03-20 03:00:00
2502,2023-03-20 02:00:00
2503,2023-03-20 01:00:00
2504,2023-03-20 00:00:00
2505,2023-03-19 23:00:00
2506,2023-03-19 22:00:00
2507,2023-03-19 21:00:00
2508,2023-03-19 20:00:00
2509,2023-03-19 19:00:00
2510,2023-03-19 18:00:00
2511,2023-03-19 17:00:00
2512,2023-03-19 16:00:00
2513,2023-03-19 15:00:00
2514,2023-03-19 14:00:00
2515,2023-03-19 13:00:00
2516,2023-03-19 12:00:00
2517,2023-03-19 11:00:00
2518,2023-03-19 10:00:00
2519,2023-03-19 09:00:00
2520,2023-03-19 08:00:00
2521,2023-03-19 07:00:00
2522,2023-03-19 06:00:00
2523,2023-03-19 05:00:00
2524,2023-03-19 04:00:00
2580,2003-09-07 09:00:00
2581,2003-09-07 08:00:00
2582,2003-09-07 07:00:00
2583,2003-09-07 06:00:00
2584,2003-09-07 05:00:00
2585,2003-09-07 04:00:00
2586,2003-09-07 03:00:00
2587,2003-09-07 02:00:00
2588,2003-09-07 01:00:00
2593,2003-11-10 23:00:00
2594,2003-11-10 22:00:00
2595,2003-11-10 21:00:00
2596,2003-11-10 20:00:00
2597,2003-11-10 19:00:00
2685,2007-11-29 02:00:00
2686,2007-11-29 01:00:00
2687,2007-11-29 00:00:00
2688,2007-11-28 23:00:00
2689,2007-11-28 22:00:00
2690,2007-11-28 21:00:00
2691,2007-11-28 20:00:00
2692,2007-11-28 19:00:00
2693,2007-11-28 18:00:00
2694,2007-11-28 17:00:00
2695,2007-11-28 16:00:00
2696,2007-11-28 15:00:00
2697,2007-11-28 14:00:00
2698,2007-11-28 13:00:00
2699,2007-11-28 12:00:00
2700,2007-11-28 11:00:00
2701,2007-11-28 10:00:00
2702,2007-11-28 09:00:00
2703,2007-11-28 08:00:00
2704,2007-11-28 07:00:00
2705,2007-11-28 06:00:00
2706,2007-11-28 05:00:00
2707,2007-11-28 04:00:00
2708,2007-11-28 03:00:00
2709,2007-11-28 02:00:00
2710,2007-11-28 01:00:00
2778,2008-01-05 18:00:00
2869,2008-01-26 17:00:00
2870,2008-01-26 16:00:00
2871,2008-01-26 15:00:00
2872,2008-01-26 14:00:00
2873,2008-01-26 13:00:00
2874,2008-01-26 12:00:00
2875,2008-01-26 11:00:00
2876,2008-01-26 10:00:00
2877,2008-01-26 09:00:00
2878,2008-01-26 08:00:00
2879,2008-01-26 07:00:00
2880,2008-01-26 06:00:00
2881,2008-01-26 05:00:00
2882,2008-01-26 04:00:00
2883,2008-01-26 03:00:00
2884,2008-01-26 02:00:00
2885,2008-01-26 01:00:00
2918,2008-10-03 09:00:00
2919,2008-10-03 08:00:00
2920,2008-10-03 07:00:00
2921,2008-10-03 06:00:00
2922,2008-10-03 05:00:00
2923,2008-10-03 04:00:00
2924,2008-10-03 03:00:00
2925,2008-10-03 02:00:00
2926,2008-10-03 01:00:00
2927,2008-10-03 00:00:00
2928,2008-10-02 23:00:00
2929,2008-10-02 22:00:00
2930,2008-10-02 21:00:00
2931,2008-10-02 20:00:00
2932,2008-10-02 19:00:00
2933,2008-10-02 18:00:00
2934,2008-10-02 17:00:00
2935,2008-10-02 16:00:00
2936,2010-01-21 20:00:00
3059,2013-01-24 04:00:00
3060,2013-01-24 03:00:00
3061,2013-01-24 02:00:00
3062,2013-01-24 01:00:00
3063,2014-03-01 10:00:00
3064,2014-03-01 09:00:00
3065,2014-03-01 08:00:00
3066,2014-03-01 07:00:00
3067,2014-03-01 06:00:00
3068,2014-03-01 05:00:00
3069,2014-03-01 04:00:00
3070,2014-03-01 03:00:00
3071,2014-03-01 02:00:00
3072,2014-03-01 01:00:00
3073,2014-03-01 00:00:00
3074,2014-02-28 23:00:00
3075,2014-02-28 22:00:00
3076,2014-02-28 21:00:00
3077,2014-02-28 20:00:00
3078,2014-02-28 19:00:00
3166,2016-12-22 19:00:00
3203,2016-12-21 06:00:00
3204,2016-12-21 05:00:00
3205,2016-12-21 04:00:00
3206,2016-12-21 03:00:00
3207,2016-12-21 02:00:00
3208,2016-12-21 01:00:00
3209,2016-12-21 00:00:00
3210,2016-12-20 23:00:00
3211,2016-12-20 22:00:00
3212,2016-12-20 21:00:00
3213,2016-12-20 20:00:00
3214,2016-12-20 19:00:00
3215,2016-12-20 18:00:00
3216,2016-12-20 17:00:00
3217,2016-12-20 16:00:00
3218,2017-01-05 13:00:00
3219,2017-01-05 12:00:00
3236,2017-01-04 19:00:00
3237,2017-01-04 18:00:00
3238,2017-01-04 17:00:00
3239,2017-01-04 16:00:00
3240,2017-01-04 15:00:00
3241,2017-01-04 14:00:00
3242,2017-01-04 13:00:00
3243,2017-01-04 12:00:00
3244,2017-01-04 11:00:00
3245,2017-01-04 10:00:00
3246,2017-01-04 09:00:00
3247,2017-01-04 08:00:00
3248,2017-01-04 07:00:00
3249,2017-01-04 06:00:00
3250,2017-01-04 05:00:00
3251,2017-01-04 04:00:00
3252,2017-01-04 03:00:00
3253,2017-02-27 17:00:00
3318,2019-03-10 00:00:00
3319,2019-03-09 23:00:00
3320,2019-03-09 22:00:00
3321,2019-03-09 21:00:00
3322,2019-03-09 20:00:00
3323,2019-03-09 19:00:00
3324,2019-03-09 18:00:00
3325,2019-03-09 17:00:00
3326,2019-03-09 16:00:00
3327,2019-03-09 15:00:00
3328,2019-03-09 14:00:00
3329,2019-03-09 13:00:00
3330,2019-03-09 12:00:00
3331,2019-03-09 11:00:00
3332,2019-03-09 10:00:00
3333,2019-03-09 09:00:00
3334,2019-03-09 08:00:00
3335,2019-03-09 07:00:00
3336,2019-03-09 06:00:00
3337,2019-03-09 05:00:00
3338,2019-03-09 04:00:00
3339,2019-03-09 03:00:00
3340,2019-03-09 02:00:00
3341,2019-03-09 01:00:00
3342,2019-03-12 14:00:00
3343,2019-03-12 13:00:00
3344,2019-03-12 12:00:00
3404,2019-05-20 08:00:00
3460,2020-03-18 18:00:00
3557,2021-12-07 17:00:00
3558,2021-12-07 16:00:00
3559,2021-12-07 15:00:00
3560,2021-12-07 14:00:00
3561,2021-12-07 13:00:00
3562,2021-12-07 12:00:00
3563,2021-12-07 11:00:00
3564,2021-12-07 10:00:00
3565,2021-12-07 09:00:00
3566,2021-12-07 08:00:00
3567,2021-12-07 07:00:00
3568,2021-12-07 06:00:00
3569,2021-12-07 05:00:00
3570,2021-12-07 04:00:00
3571,2021-12-07 03:00:00
3572,2021-12-07 02:00:00
3573,2021-12-07 01:00:00
3598,2022-12-27 16:00:00
3599,2022-12-27 15:00:00
3600,2022-12-27 14:00:00
3601,2022-12-27 13:00:00
3602,2022-12-27 12:00:00
3603,2022-12-27 11:00:00
3604,2022-12-27 10:00:00
3605,2022-12-27 09:00:00
3606,2022-12-27 08:00:00
3607,2022-12-27 07:00:00
3608,2022-12-27 06:00:00
3609,2022-12-27 05:00:00
3610,2022-12-27 04:00:00
3611,2022-12-27 03:00:00
3612,2022-12-27 02:00:00
3613,2022-12-27 01:00:00
3614,2022-12-27 00:00:00
3615,2022-12-26 23:00:00
3616,2022-12-26 22:00:00
3617,2022-12-26 21:00:00
3618,2022-12-26 20:00:00
3619,2022-12-26 19:00:00
3620,2022-12-26 18:00:00
3621,2022-12-26 17:00:00
3622,2022-12-26 16:00:00
3623,2022-12-26 15:00:00
3624,2022-12-26 14:00:00
3625,2022-12-26 13:00:00
3626,2022-12-26 12:00:00
3627,2022-12-26 11:00:00
3628,2022-12-26 10:00:00
3697,2023-03-15 18:00:00
3729,2023-03-14 10:00:00
3730,2023-03-14 09:00:00
3731,2023-03-14 08:00:00
3732,2023-03-14 07:00:00
3733,2023-03-14 06:00:00
3734,2023-03-14 05:00:00
3735,2023-03-14 04:00:00
3736,2023-03-14 03:00:00
3737,2023-03-14 02:00:00
3738,2023-03-14 01:00:00
3739,2023-03-14 00:00:00
3740,2023-03-13 23:00:00
3741,2023-03-13 22:00:00
3742,2023-03-13 21:00:00
3743,2023-03-13 20:00:00
3744,2023-03-13 19:00:00
3745,2023-03-13 18:00:00
3746,2023-03-13 17:00:00
3747,2023-03-13 16:00:00
3748,2023-03-13 15:00:00
3749,2023-03-13 14:00:00
3750,2023-03-13 13:00:00
3751,2023-03-13 12:00:00
3752,2023-03-13 11:00:00
3753,2023-03-13 10:00:00
3818,2023-03-19 03:00:00
3819,2023-03-19 02:00:00
3820,2023-03-19 01:00:00
3821,2000-01-24 16:00:00
3822,2000-01-24 15:00:00
3823,2000-01-24 14:00:00
3824,2002-10-02 08:00:00
3825,2002-10-02 07:00:00
3826,2002-10-02 06:00:00
3827,2002-10-02 05:00:00
3828,2002-10-02 04:00:00
3829,2002-10-02 03:00:00
3830,2002-10-02 02:00:00
3831,2002-10-02 01:00:00
3832,2002-10-02 00:00:00
3833,2002-10-01 23:00:00
3834,2002-10-01 22:00:00
3835,2002-10-01 21:00:00
3836,2002-10-01 20:00:00
3837,2002-10-01 19:00:00
3838,2002-10-01 18:00:00
3839,2002-10-01 17:00:00
3840,2002-10-01 16:00:00
3841,2002-10-01 15:00:00
3842,2002-10-01 14:00:00
3843,2002-10-01 13:00:00
3844,2002-10-01 12:00:00
3845,2002-10-01 11:00:00
3846,2002-10-01 10:00:00
3847,2002-10-01 09:00:00
3848,2002-10-01 08:00:00
3849,2002-10-01 07:00:00
3850,2002-10-01 06:00:00
3851,2002-10-01 05:00:00
3852,2002-10-01 04:00:00
3853,2002-10-01 03:00:00
3854,2002-10-01 02:00:00
3855,2002-10-01 01:00:00
3856,2002-10-01 00:00:00
3857,2002-09-30 23:00:00
3858,2002-09-30 22:00:00
3859,2002-09-30 21:00:00
3860,2002-09-30 20:00:00
3861,2002-09-30 19:00:00
3862,2002-09-30 18:00:00
3863,2002-09-30 17:00:00
3864,2002-09-30 16:00:00
3865,2002-09-30 15:00:00
3866,2002-09-30 14:00:00
3867,2002-09-30 13:00:00
3868,2002-09-30 12:00:00
3869,2002-09-30 11:00:00
3870,2002-09-30 10:00:00
3871,2002-09-30 09:00:00
3872,2002-09-30 08:00:00
3873,2002-09-30 07:00:00
3874,2002-09-30 06:00:00
3875,2002-09-30 05:00:00
3876,2002-09-30 04:00:00
3877,2002-09-30 03:00:00
3878,2002-09-30 02:00:00
3879,2002-09-30 01:00:00
3880,2002-11-08 12:00:00
3881,2002-11-08 11:00:00
3882,2002-11-08 10:00:00
3883,2002-11-08 09:00:00
3884,2002-11-08 08:00:00
3885,2002-11-08 07:00:00
3886,2002-11-08 06:00:00
3887,2002-11-08 05:00:00
3888,2002-11-08 04:00:00
3889,2002-11-08 03:00:00
3890,2002-11-08 02:00:00
3891,2002-11-08 01:00:00
3892,2002-11-08 00:00:00
3893,2002-11-07 23:00:00
3894,2002-11-07 22:00:00
3895,2002-11-07 21:00:00
3896,2002-11-07 20:00:00
3897,2002-11-07 19:00:00
3898,2002-11-07 18:00:00
3899,2002-11-07 17:00:00
3900,2002-11-07 16:00:00
3901,2002-11-07 15:00:00
3902,2002-11-07 14:00:00
3903,2002-11-07 13:00:00
3904,2002-11-07 12:00:00
3905,2002-11-07 11:00:00
3906,2002-11-07 10:00:00
4019,2004-02-27 15:00:00
4020,2004-02-27 14:00:00
4021,2004-02-27 13:00:00
4022,2004-02-27 12:00:00
4023,2004-02-27 11:00:00
4024,2004-02-27 10:00:00
4025,2004-02-27 09:00:00
4026,2004-02-27 08:00:00
4027,2004-02-27 07:00:00
4028,2004-02-27 06:00:00
4029,2004-02-27 05:00:00
4030,2004-02-27 04:00:00
4031,2004-02-27 03:00:00
4032,2004-02-27 02:00:00
4033,2004-02-27 01:00:00
4034,2004-02-27 00:00:00
4035,2004-02-26 23:00:00
4036,2004-02-26 22:00:00
4037,2004-02-26 21:00:00
4038,2004-02-26 20:00:00
4039,2004-02-26 19:00:00
4040,2004-02-26 18:00:00
4041,2004-02-26 17:00:00
4042,2004-02-26 16:00:00
4043,2004-02-26 15:00:00
4044,2004-02-26 14:00:00
4045,2004-02-26 13:00:00
4046,2004-02-26 12:00:00
4047,2004-02-26 11:00:00
4048,2004-02-26 10:00:00
4049,2004-02-26 09:00:00
4050,2004-02-26 08:00:00
4051,2004-02-26 07:00:00
4052,2004-02-26 06:00:00
4053,2004-02-26 05:00:00
4054,2004-02-26 04:00:00
4055,2004-02-26 03:00:00
4056,2004-02-26 02:00:00
4057,2004-02-26 01:00:00
4058,2004-02-26 00:00:00
4059,2004-02-25 23:00:00
4060,2004-02-25 22:00:00
4061,2004-02-25 21:00:00
4062,2004-02-25 20:00:00
4063,2004-02-25 19:00:00
4064,2004-02-25 18:00:00
4065,2004-02-25 17:00:00
4066,2004-02-25 16:00:00
4067,2004-02-25 15:00:00
4068,2004-02-25 14:00:00
4069,2004-02-25 13:00:00
4070,2004-02-25 12:00:00
4071,2004-02-25 11:00:00
4072,2004-02-25 10:00:00
4073,2004-02-25 09:00:00
4074,2004-02-25 08:00:00
4075,2004-02-25 07:00:00
4076,2004-02-25 06:00:00
4077,2004-02-25 05:00:00
4078,2004-02-25 04:00:00
4079,2004-02-25 03:00:00
4080,2004-02-25 02:00:00
4081,2004-02-25 01:00:00
4082,2004-09-19 16:00:00
4083,2004-09-19 15:00:00
4084,2004-09-19 14:00:00
4085,2004-09-19 13:00:00
4086,2004-09-19 12:00:00
4087,2004-09-19 11:00:00
4088,2004-09-19 10:00:00
4089,2004-09-19 09:00:00
4090,2004-09-19 08:00:00
4091,2004-09-19 07:00:00
4092,2004-09-19 06:00:00
4093,2004-09-19 05:00:00
4094,2004-09-19 04:00:00
4095,2004-09-19 03:00:00
4096,2004-09-19 02:00:00
4097,2004-09-19 01:00:00
4098,2004-09-19 00:00:00
4099,2004-09-18 23:00:00
4100,2004-09-18 22:00:00
4101,2004-09-18 21:00:00
4102,2004-09-18 20:00:00
4103,2004-09-18 19:00:00
4104,2004-09-18 18:00:00
4105,2004-09-18 17:00:00
4106,2004-09-18 16:00:00
4107,2004-09-18 15:00:00
4108,2004-09-18 14:00:00
4109,2004-09-18 13:00:00
4110,2004-09-18 12:00:00
4111,2004-09-18 11:00:00
4112,2004-09-18 10:00:00
4113,2004-09-18 09:00:00
4114,2004-09-18 08:00:00
4115,2004-09-18 07:00:00
4116,2004-09-18 06:00:00
4117,2004-09-18 05:00:00
4118,2004-09-18 04:00:00
4119,2004-09-18 03:00:00
4120,2004-09-18 02:00:00
4121,2004-09-20 11:00:00
4122,2004-09-20 10:00:00
4123,2004-09-20 09:00:00
4124,2004-09-20 08:00:00
4125,2004-09-20 07:00:00
4126,2004-09-20 06:00:00
4127,2004-09-20 05:00:00
4128,2004-09-20 04:00:00
4129,2004-09-20 03:00:00
4130,2004-09-20 02:00:00
4131,2004-09-20 01:00:00
4132,2004-09-20 00:00:00
4133,2004-09-19 23:00:00
4134,2004-09-19 22:00:00
4135,2004-09-19 21:00:00
4136,2004-09-19 20:00:00
4137,2004-09-19 19:00:00
4138,2004-09-19 18:00:00
4139,2004-09-19 17:00:00
4179,2004-09-18 01:00:00
4180,2004-10-28 14:00:00
4181,2004-10-28 13:00:00
4182,2004-10-28 12:00:00
4183,2004-10-28 11:00:00
4184,2004-10-28 10:00:00
4185,2004-10-28 09:00:00
4186,2004-10-28 08:00:00
4187,2004-10-28 07:00:00
4188,2004-10-28 06:00:00
4189,2004-10-28 05:00:00
4190,2004-10-28 04:00:00
4191,2004-10-28 03:00:00
4192,2004-10-28 02:00:00
4193,2004-10-28 01:00:00
4194,2004-10-28 00:00:00
4195,2004-10-27 23:00:00
4196,2004-10-27 22:00:00
4197,2004-10-27 21:00:00
4198,2004-10-27 20:00:00
4199,2004-10-27 19:00:00
4200,2004-10-27 18:00:00
4201,2004-10-27 17:00:00
4202,2004-10-27 16:00:00
4203,2004-10-27 15:00:00
4204,2004-10-27 14:00:00
4205,2004-10-27 13:00:00
4206,2004-10-27 12:00:00
4207,2004-10-27 11:00:00
4208,2004-10-27 10:00:00
4209,2004-10-27 09:00:00
4210,2004-10-27 08:00:00
4211,2004-10-27 07:00:00
4212,2004-10-27 06:00:00
4213,2004-10-27 05:00:00
4214,2004-10-27 04:00:00
4215,2004-10-27 03:00:00
4216,2004-10-27 02:00:00
4217,2004-10-27 01:00:00
4218,2004-10-27 00:00:00
4219,2004-10-26 23:00:00
4220,2004-10-26 22:00:00
4221,2004-10-26 21:00:00
4222,2004-10-26 20:00:00
4223,2004-10-26 19:00:00
4224,2004-10-26 18:00:00
4225,2004-10-26 17:00:00
4226,2004-10-26 16:00:00
4227,2004-10-26 15:00:00
4228,2004-10-26 14:00:00
4229,2004-10-26 13:00:00
4230,2004-10-26 12:00:00
4231,2004-10-26 11:00:00
4232,2004-10-26 10:00:00
4233,2004-10-26 09:00:00
4234,2004-10-26 08:00:00
4235,2004-10-26 07:00:00
4236,2004-10-26 06:00:00
4237,2004-10-26 05:00:00
4238,2004-10-26 04:00:00
4239,2004-10-26 03:00:00
4240,2004-10-26 02:00:00
4241,2004-10-26 01:00:00
4292,2004-12-27 16:00:00
4293,2004-12-27 15:00:00
4294,2004-12-27 14:00:00
4295,2004-12-27 13:00:00
4296,2004-12-27 12:00:00
4297,2004-12-27 11:00:00
4298,2004-12-27 10:00:00
4299,2004-12-27 09:00:00
4300,2004-12-27 08:00:00
4301,2004-12-27 07:00:00
4302,2004-12-27 06:00:00
4378,2005-12-02 09:00:00
4379,2005-12-02 08:00:00
4380,2005-12-02 07:00:00
4381,2005-12-02 06:00:00
4382,2005-12-02 05:00:00
4383,2005-12-02 04:00:00
4384,2005-12-02 03:00:00
4385,2005-12-02 02:00:00
4386,2005-12-02 01:00:00
4387,2005-12-02 00:00:00
4388,2005-12-01 23:00:00
4389,2005-12-01 22:00:00
4390,2005-12-01 21:00:00
4391,2005-12-01 20:00:00
4392,2005-12-01 19:00:00
4393,2006-03-29 14:00:00
4394,2006-03-29 13:00:00
4395,2006-03-29 12:00:00
4396,2006-03-29 11:00:00
4397,2006-03-29 10:00:00
4398,2006-03-29 09:00:00
4399,2006-03-29 08:00:00
4400,2006-03-29 07:00:00
4401,2006-03-29 06:00:00
4402,2006-03-29 05:00:00
4403,2006-03-29 04:00:00
4404,2006-03-29 03:00:00
4405,2006-03-29 02:00:00
4406,2006-03-29 01:00:00
4407,2006-03-29 00:00:00
4408,2006-03-28 23:00:00
4409,2006-03-28 22:00:00
4410,2006-03-28 21:00:00
4411,2006-03-28 20:00:00
4412,2006-03-28 19:00:00
4413,2006-03-28 18:00:00
4414,2006-03-28 17:00:00
4415,2006-03-28 16:00:00
4416,2006-03-28 15:00:00
4417,2006-03-28 14:00:00
4418,2006-03-28 13:00:00
4419,2006-03-28 12:00:00
4420,2006-03-28 11:00:00
4421,2006-03-28 10:00:00
4422,2006-03-28 09:00:00
4482,2007-10-01 09:00:00
4483,2007-10-01 08:00:00
4484,2007-10-01 07:00:00
4485,2007-10-01 06:00:00
4486,2007-10-01 05:00:00
4487,2007-10-01 04:00:00
4488,2007-10-01 03:00:00
4489,2007-10-01 02:00:00
4490,2007-10-01 01:00:00
4491,2007-10-01 00:00:00
4492,2007-09-30 23:00:00
4493,2007-09-30 22:00:00
4494,2007-09-30 21:00:00
4495,2007-09-30 20:00:00
4496,2007-09-30 19:00:00
4497,2007-09-30 18:00:00
4498,2007-09-30 17:00:00
4499,2007-09-30 16:00:00
4500,2007-09-30 15:00:00
4501,2007-09-30 14:00:00
4502,2007-09-30 13:00:00
4503,2007-09-30 12:00:00
4504,2007-09-30 11:00:00
4505,2007-09-30 10:00:00
4506,2007-09-30 09:00:00
4507,2007-09-30 08:00:00
4508,2007-09-30 07:00:00
4509,2007-09-30 06:00:00
4510,2007-09-30 05:00:00
4511,2007-09-30 04:00:00
4512,2007-09-30 03:00:00
4513,2007-09-30 02:00:00
4514,2007-09-30 01:00:00
4515,2007-09-30 00:00:00
4516,2007-09-29 23:00:00
4517,2007-09-29 22:00:00
4518,2007-09-29 21:00:00
4519,2007-09-29 20:00:00
4520,2007-09-29 19:00:00
4521,2007-09-29 18:00:00
4522,2007-09-29 17:00:00
4523,2007-09-29 16:00:00
4524,2007-09-29 15:00:00
4525,2007-09-29 14:00:00
4526,2007-09-29 13:00:00
4527,2007-09-29 12:00:00
4528,2007-09-29 11:00:00
4529,2007-09-29 10:00:00
4530,2007-09-29 09:00:00
4669,2008-04-09 11:00:00
4670,2008-04-09 10:00:00
4671,2008-04-09 09:00:00
4672,2008-04-09 08:00:00
4673,2008-04-09 07:00:00
4674,2008-04-09 06:00:00
4675,2008-04-09 05:00:00
4676,2008-04-09 04:00:00
4677,2008-04-09 03:00:00
4678,2008-04-09 02:00:00
4679,2008-04-09 01:00:00
4680,2008-04-09 00:00:00
4681,2008-04-08 23:00:00
4682,2008-04-08 22:00:00
4683,2008-04-08 21:00:00
4684,2008-04-08 20:00:00
4685,2008-04-08 19:00:00
4686,2008-04-08 18:00:00
4687,2008-04-08 17:00:00
4688,2008-04-08 16:00:00
4689,2008-04-08 15:00:00
4690,2008-04-08 14:00:00
4691,2008-04-08 13:00:00
4692,2008-04-08 12:00:00
4693,2008-04-08 11:00:00
4694,2008-04-08 10:00:00
4695,2008-04-08 09:00:00
4696,2008-04-08 08:00:00
4697,2008-04-08 07:00:00
4698,2008-04-08 06:00:00
4699,2008-04-08 05:00:00
4700,2008-04-08 04:00:00
4701,2008-04-08 03:00:00
4702,2008-04-08 02:00:00
4703,2008-04-08 01:00:00
4704,2008-04-08 00:00:00
4705,2008-04-07 23:00:00
4706,2008-04-07 22:00:00
4739,2008-12-25 17:00:00
4740,2008-12-25 16:00:00
4741,2008-12-25 15:00:00
4742,2008-12-25 14:00:00
4743,2008-12-25 13:00:00
4744,2008-12-25 12:00:00
4745,2008-12-25 11:00:00
4746,2008-12-25 10:00:00
4747,2008-12-25 09:00:00
4748,2008-12-25 08:00:00
4749,2008-12-25 07:00:00
4750,2008-12-25 06:00:00
4751,2008-12-25 05:00:00
4752,2008-12-25 04:00:00
4753,2008-12-25 03:00:00
4754,2008-12-25 02:00:00
4755,2008-12-25 01:00:00
4756,2008-12-25 00:00:00
4757,2008-12-24 23:00:00
4758,2008-12-24 22:00:00
4759,2008-12-24 21:00:00
4760,2008-12-24 20:00:00
4761,2008-12-24 19:00:00
4762,2008-12-24 18:00:00
4763,2008-12-24 17:00:00
4764,2008-12-24 16:00:00
4765,2008-12-24 15:00:00
4766,2008-12-24 14:00:00
4767,2008-12-24 13:00:00
4768,2008-12-24 12:00:00
4769,2008-12-24 11:00:00
4770,2008-12-24 10:00:00
4771,2008-12-24 09:00:00
4772,2008-12-24 08:00:00
4773,2008-12-24 07:00:00
4774,2008-12-24 06:00:00
4775,2008-12-24 05:00:00
4776,2008-12-24 04:00:00
4777,2008-12-24 03:00:00
4778,2008-12-24 02:00:00
4779,2008-12-24 01:00:00
4780,2008-12-24 00:00:00
4781,2008-12-23 23:00:00
4782,2008-12-23 22:00:00
4783,2008-12-23 21:00:00
4784,2008-12-23 20:00:00
4785,2008-12-23 19:00:00
4786,2008-12-23 18:00:00
4787,2008-12-23 17:00:00
4788,2008-12-23 16:00:00
4789,2008-12-23 15:00:00
4790,2008-12-23 14:00:00
4791,2008-12-23 13:00:00
4792,2008-12-23 12:00:00
4793,2008-12-23 11:00:00
4794,2008-12-23 10:00:00
4860,2010-12-19 14:00:00
4861,2010-12-19 13:00:00
4862,2010-12-19 12:00:00
4863,2010-12-19 11:00:00
4864,2010-12-19 10:00:00
4865,2010-12-19 09:00:00
4866,2010-12-19 08:00:00
4867,2010-12-19 07:00:00
4868,2010-12-19 06:00:00
4869,2010-12-19 05:00:00
4870,2010-12-19 04:00:00
4871,2010-12-19 03:00:00
4872,2010-12-19 02:00:00
4873,2010-12-19 01:00:00
4874,2010-12-19 00:00:00
4875,2010-12-18 23:00:00
4876,2010-12-18 22:00:00
4877,2010-12-18 21:00:00
4878,2010-12-18 20:00:00
4879,2010-12-18 19:00:00
4880,2010-12-18 18:00:00
4881,2010-12-18 17:00:00
4882,2010-12-18 16:00:00
4883,2010-12-18 15:00:00
4884,2010-12-18 14:00:00
4885,2010-12-18 13:00:00
4886,2010-12-18 12:00:00
4887,2010-12-18 11:00:00
4888,2010-12-18 10:00:00
4889,2010-12-18 09:00:00
4890,2010-12-18 08:00:00
4891,2010-12-20 15:00:00
4892,2010-12-20 14:00:00
4893,2010-12-20 13:00:00
4894,2010-12-20 12:00:00
4895,2010-12-20 11:00:00
4896,2010-12-20 10:00:00
4897,2010-12-20 09:00:00
4898,2010-12-20 08:00:00
4899,2010-12-20 07:00:00
4900,2010-12-20 06:00:00
4901,2010-12-20 05:00:00
4902,2010-12-20 04:00:00
4903,2010-12-20 03:00:00
4904,2010-12-21 14:00:00
4905,2010-12-21 13:00:00
4906,2010-12-21 12:00:00
4907,2010-12-21 11:00:00
4908,2010-12-21 10:00:00
4909,2010-12-21 09:00:00
4910,2010-12-21 08:00:00
4911,2010-12-21 07:00:00
4912,2010-12-21 06:00:00
4913,2010-12-21 05:00:00
4914,2010-12-21 04:00:00
4915,2010-12-21 03:00:00
4916,2010-12-21 02:00:00
4917,2010-12-21 01:00:00
4918,2010-12-21 00:00:00
4919,2010-12-20 23:00:00
4920,2010-12-20 22:00:00
4921,2010-12-20 21:00:00
4922,2010-12-20 20:00:00
4923,2010-12-20 19:00:00
4924,2010-12-20 18:00:00
4925,2010-12-20 17:00:00
4926,2010-12-20 16:00:00
4937,2011-10-06 01:00:00
4938,2011-10-06 00:00:00
4939,2011-10-05 23:00:00
4940,2011-10-05 22:00:00
4941,2011-10-05 21:00:00
4942,2011-10-05 20:00:00
4943,2011-10-05 19:00:00
4944,2011-12-13 07:00:00
4945,2011-12-13 06:00:00
4946,2011-12-13 05:00:00
4947,2011-12-13 04:00:00
4948,2011-12-13 03:00:00
4949,2011-12-13 02:00:00
4950,2011-12-13 01:00:00
4951,2011-12-13 00:00:00
4952,2011-12-12 23:00:00
4953,2011-12-12 22:00:00
4954,2011-12-12 21:00:00
4955,2011-12-12 20:00:00
4956,2011-12-12 19:00:00
4957,2011-12-12 18:00:00
4958,2011-12-12 17:00:00
4959,2011-12-12 16:00:00
4960,2011-12-12 15:00:00
4961,2011-12-12 14:00:00
4962,2011-12-12 13:00:00
4963,2011-12-12 12:00:00
4964,2011-12-12 11:00:00
4965,2011-12-12 10:00:00
4966,2011-12-12 09:00:00
4967,2011-12-12 08:00:00
4968,2011-12-12 07:00:00
4969,2011-12-12 06:00:00
4970,2011-12-12 05:00:00
4971,2011-12-12 04:00:00
4972,2011-12-12 03:00:00
4973,2011-12-12 02:00:00
4974,2011-12-12 01:00:00
4975,2011-12-12 00:00:00
4976,2011-12-11 23:00:00
4977,2011-12-11 22:00:00
4978,2011-12-11 21:00:00
4979,2011-12-11 20:00:00
4980,2011-12-11 19:00:00
4981,2011-12-11 18:00:00
4982,2011-12-11 17:00:00
4983,2011-12-11 16:00:00
4984,2011-12-11 15:00:00
4985,2011-12-11 14:00:00
4986,2011-12-11 13:00:00
4987,2011-12-11 12:00:00
4988,2011-12-11 11:00:00
4989,2011-12-11 10:00:00
4990,2011-12-11 09:00:00
4991,2011-12-11 08:00:00
4992,2011-12-11 07:00:00
4993,2011-12-11 06:00:00
4994,2011-12-11 05:00:00
4995,2011-12-11 04:00:00
4996,2011-12-11 03:00:00
4997,2011-12-11 02:00:00
4998,2011-12-11 01:00:00
4999,2012-01-21 17:00:00
5000,2012-01-21 16:00:00
5001,2012-01-21 15:00:00
5002,2012-01-21 14:00:00
5003,2012-01-21 13:00:00
5004,2012-01-21 12:00:00
5005,2012-01-21 11:00:00
5006,2012-01-21 10:00:00
5007,2012-01-21 09:00:00
5008,2012-01-21 08:00:00
5009,2012-01-21 07:00:00
5010,2012-01-21 06:00:00
5011,2012-01-21 05:00:00
5012,2012-01-21 04:00:00
5013,2012-01-21 03:00:00
5014,2012-01-21 02:00:00
5015,2012-01-21 01:00:00
5016,2012-01-21 00:00:00
5017,2012-01-20 23:00:00
5018,2012-01-20 22:00:00
5019,2012-01-20 21:00:00
5020,2012-01-20 20:00:00
5021,2012-01-20 19:00:00
5022,2012-01-20 18:00:00
5023,2012-01-20 17:00:00
5024,2012-01-20 16:00:00
5025,2012-01-20 15:00:00
5026,2012-01-20 14:00:00
5027,2012-01-20 13:00:00
5028,2012-01-20 12:00:00
5029,2012-01-20 11:00:00
5030,2012-01-20 10:00:00
5031,2012-01-20 09:00:00
5032,2012-01-20 08:00:00
5033,2012-01-20 07:00:00
5034,2012-01-20 06:00:00
5035,2012-01-20 05:00:00
5036,2012-01-20 04:00:00
5037,2012-01-20 03:00:00
5038,2012-01-20 02:00:00
5039,2012-10-12 15:00:00
5040,2012-10-12 14:00:00
5041,2012-10-12 13:00:00
5042,2012-10-12 12:00:00
5043,2012-10-12 11:00:00
5044,2012-10-12 10:00:00
5045,2012-10-12 09:00:00
5046,2012-10-12 08:00:00
5047,2012-10-12 07:00:00
5048,2012-10-12 06:00:00
5049,2012-10-12 05:00:00
5050,2012-10-12 04:00:00
5051,2012-10-12 03:00:00
5052,2012-10-12 02:00:00
5053,2012-10-12 01:00:00
5054,2012-10-12 00:00:00
5055,2012-10-11 23:00:00
5056,2012-10-11 22:00:00
5057,2012-10-11 21:00:00
5058,2012-10-11 20:00:00
5059,2012-10-11 19:00:00
5060,2012-10-11 18:00:00
5061,2012-10-11 17:00:00
5062,2012-10-11 16:00:00
5063,2012-10-11 15:00:00
5064,2012-10-11 14:00:00
5065,2012-10-11 13:00:00
5066,2012-10-11 12:00:00
5067,2012-10-11 11:00:00
5068,2012-10-11 10:00:00
5069,2012-10-11 09:00:00
5070,2012-10-11 08:00:00
5071,2012-10-11 07:00:00
5072,2012-10-11 06:00:00
5073,2012-10-11 05:00:00
5074,2012-10-11 04:00:00
5075,2012-10-11 03:00:00
5076,2012-10-11 02:00:00
5077,2012-10-11 01:00:00
5078,2012-10-11 00:00:00
5079,2012-10-10 23:00:00
5080,2012-10-10 22:00:00
5081,2012-10-10 21:00:00
5082,2012-10-10 20:00:00
5083,2012-10-10 19:00:00
5084,2012-10-10 18:00:00
5085,2012-10-10 17:00:00
5086,2012-10-10 16:00:00
5087,2012-10-10 15:00:00
5088,2012-10-10 14:00:00
5089,2012-10-10 13:00:00
5090,2012-10-10 12:00:00
5091,2012-10-10 11:00:00
5092,2012-10-10 10:00:00
5093,2012-10-10 09:00:00
5094,2012-10-10 08:00:00
5095,2012-10-10 07:00:00
5096,2012-10-10 06:00:00
5097,2012-10-10 05:00:00
5098,2012-10-10 04:00:00
5099,2012-10-10 03:00:00
5100,2012-10-10 02:00:00
5101,2012-10-10 01:00:00
5191,2013-10-08 22:00:00
5192,2013-10-08 21:00:00
5193,2013-10-29 13:00:00
5194,2013-10-29 12:00:00
5195,2013-10-29 11:00:00
5196,2013-10-29 10:00:00
5197,2013-10-29 09:00:00
5198,2013-10-29 08:00:00
5199,2013-10-29 07:00:00
5200,2013-10-29 06:00:00
5201,2013-10-29 05:00:00
5202,2013-10-29 04:00:00
5203,2013-10-29 03:00:00
5204,2013-10-29 02:00:00
5205,2013-10-29 01:00:00
5206,2013-10-29 00:00:00
5207,2013-10-28 23:00:00
5208,2013-10-28 22:00:00
5209,2013-10-28 21:00:00
5210,2013-10-28 20:00:00
5211,2013-10-28 19:00:00
5212,2013-10-28 18:00:00
5213,2013-10-28 17:00:00
5214,2013-10-28 16:00:00
5215,2013-10-28 15:00:00
5216,2013-10-28 14:00:00
5217,2013-10-28 13:00:00
5218,2013-10-28 12:00:00
5219,2013-10-28 11:00:00
5220,2013-10-28 10:00:00
5221,2013-10-28 09:00:00
5222,2013-10-28 08:00:00
5223,2013-10-28 07:00:00
5224,2013-10-28 06:00:00
5225,2013-10-28 05:00:00
5226,2013-10-28 04:00:00
5227,2013-10-28 03:00:00
5228,2013-10-28 02:00:00
5229,2013-10-28 01:00:00
5230,2013-10-28 00:00:00
5231,2013-10-27 23:00:00
5232,2013-10-27 22:00:00
5233,2013-10-27 21:00:00
5234,2013-10-27 20:00:00
5235,2013-10-27 19:00:00
5236,2013-10-27 18:00:00
5237,2013-10-27 17:00:00
5238,2013-10-27 16:00:00
5239,2013-10-27 15:00:00
5240,2013-11-21 08:00:00
5241,2013-11-21 07:00:00
5242,2013-11-21 06:00:00
5243,2013-11-21 05:00:00
5244,2013-11-21 04:00:00
5245,2013-11-21 03:00:00
5246,2013-11-21 02:00:00
5247,2013-11-21 01:00:00
5248,2013-11-21 00:00:00
5249,2013-11-20 23:00:00
5250,2013-11-20 22:00:00
5251,2013-11-20 21:00:00
5252,2013-11-20 20:00:00
5253,2013-11-20 19:00:00
5254,2013-11-20 18:00:00
5255,2013-11-20 17:00:00
5256,2013-11-20 16:00:00
5257,2013-11-20 15:00:00
5258,2013-11-20 14:00:00
5350,2016-12-16 14:00:00
5351,2016-12-16 13:00:00
5352,2016-12-16 12:00:00
5353,2016-12-16 11:00:00
5354,2016-12-16 10:00:00
5355,2016-12-16 09:00:00
5356,2016-12-16 08:00:00
5357,2016-12-16 07:00:00
5358,2016-12-16 06:00:00
5359,2016-12-16 05:00:00
5360,2016-12-16 04:00:00
5361,2016-12-16 03:00:00
5362,2017-01-09 15:00:00
5363,2017-01-09 14:00:00
5364,2017-01-09 13:00:00
5365,2017-01-09 12:00:00
5366,2017-01-09 11:00:00
5367,2017-01-09 10:00:00
5368,2017-01-09 09:00:00
5369,2017-01-09 08:00:00
5370,2017-01-09 07:00:00
5371,2017-01-09 06:00:00
5372,2017-01-09 05:00:00
5373,2017-01-09 04:00:00
5374,2017-01-09 03:00:00
5375,2017-01-09 02:00:00
5376,2017-01-09 01:00:00
5377,2017-01-09 00:00:00
5378,2017-01-08 23:00:00
5379,2017-01-08 22:00:00
5380,2017-01-08 21:00:00
5381,2017-01-08 20:00:00
5382,2017-01-08 19:00:00
5383,2017-01-08 18:00:00
5384,2017-01-08 17:00:00
5385,2017-01-08 16:00:00
5386,2017-01-08 15:00:00
5387,2017-01-08 14:00:00
5388,2017-01-08 13:00:00
5389,2017-01-08 12:00:00
5390,2017-01-08 11:00:00
5391,2017-01-08 10:00:00
5392,2017-01-08 09:00:00
5393,2017-01-08 08:00:00
5394,2017-01-08 07:00:00
5395,2017-01-08 06:00:00
5396,2017-01-08 05:00:00
5397,2017-01-08 04:00:00
5398,2017-01-08 03:00:00
5399,2017-01-08 02:00:00
5400,2017-01-08 01:00:00
5401,2017-01-08 00:00:00
5402,2017-01-07 23:00:00
5403,2017-01-07 22:00:00
5404,2017-01-07 21:00:00
5405,2017-01-07 20:00:00
5406,2017-01-07 19:00:00
5407,2017-01-07 18:00:00
5408,2017-01-07 17:00:00
5409,2017-01-07 16:00:00
5410,2017-01-07 15:00:00
5411,2017-01-07 14:00:00
5412,2017-01-07 13:00:00
5413,2017-01-07 12:00:00
5414,2017-01-07 11:00:00
5415,2017-01-07 10:00:00
5416,2017-01-07 09:00:00
5417,2017-01-07 08:00:00
5418,2017-01-07 07:00:00
5419,2017-01-07 06:00:00
5420,2017-01-07 05:00:00
5421,2017-01-07 04:00:00
5422,2017-01-07 03:00:00
5423,2017-01-07 02:00:00
5424,2017-09-23 13:00:00
5425,2017-09-23 12:00:00
5426,2017-09-23 11:00:00
5427,2017-09-23 10:00:00
5428,2017-09-23 09:00:00
5429,2017-09-23 08:00:00
5430,2017-09-23 07:00:00
5431,2017-09-23 06:00:00
5432,2017-09-23 05:00:00
5433,2017-09-23 04:00:00
5434,2017-09-23 03:00:00
5435,2017-09-23 02:00:00
5436,2017-09-23 01:00:00
5437,2017-09-23 00:00:00
5438,2017-09-22 23:00:00
5439,2017-09-22 22:00:00
5440,2017-09-22 21:00:00
5441,2017-09-22 20:00:00
5442,2017-09-22 19:00:00
5443,2017-09-22 18:00:00
5444,2017-09-22 17:00:00
5445,2017-09-22 16:00:00
5446,2017-09-22 15:00:00
5447,2017-09-22 14:00:00
5448,2017-09-22 13:00:00
5449,2017-09-22 12:00:00
5450,2017-09-22 11:00:00
5451,2017-09-22 10:00:00
5452,2017-09-22 09:00:00
5453,2017-09-22 08:00:00
5454,2017-09-22 07:00:00
5455,2017-09-22 06:00:00
5456,2017-09-22 05:00:00
5457,2017-09-22 04:00:00
5458,2017-09-22 03:00:00
5459,2017-09-22 02:00:00
5460,2017-09-22 01:00:00
5461,2017-09-22 00:00:00
5462,2017-09-21 23:00:00
5463,2017-09-21 22:00:00
5464,2017-09-21 21:00:00
5465,2017-09-21 20:00:00
5466,2017-09-21 19:00:00
5467,2017-09-21 18:00:00
5468,2017-09-21 17:00:00
5469,2017-09-21 16:00:00
5470,2018-10-05 00:00:00
5471,2018-10-04 23:00:00
5472,2018-10-04 22:00:00
5473,2018-10-04 21:00:00
5474,2018-10-04 20:00:00
5475,2018-10-04 19:00:00
5476,2018-10-04 18:00:00
5477,2018-10-04 17:00:00
5478,2018-10-04 16:00:00
5479,2018-10-04 15:00:00
5480,2018-10-04 14:00:00
5481,2018-10-04 13:00:00
5482,2018-10-04 12:00:00
5483,2018-10-04 11:00:00
5484,2018-10-04 10:00:00
5485,2018-10-04 09:00:00
5486,2018-10-04 08:00:00
5487,2018-10-04 07:00:00
5488,2018-10-04 06:00:00
5489,2018-10-04 05:00:00
5490,2018-10-04 04:00:00
5491,2018-10-04 03:00:00
5492,2018-10-04 02:00:00
5493,2018-10-04 01:00:00
5496,2019-03-02 09:00:00
5497,2019-03-02 08:00:00
5498,2019-03-02 07:00:00
5499,2019-03-02 06:00:00
5500,2019-03-02 05:00:00
5501,2019-03-02 04:00:00
5502,2019-03-02 03:00:00
5503,2019-03-02 02:00:00
5504,2019-03-02 01:00:00
5505,2019-03-02 00:00:00
5506,2019-03-01 23:00:00
5507,2019-03-01 22:00:00
5508,2019-03-01 21:00:00
5509,2019-03-01 20:00:00
5510,2019-03-01 19:00:00
5511,2019-03-01 18:00:00
5512,2019-03-01 17:00:00
5513,2019-03-01 16:00:00
5514,2019-03-01 15:00:00
5515,2019-03-01 14:00:00
5516,2019-03-01 13:00:00
5517,2019-03-01 12:00:00
5535,2019-04-30 02:00:00
5536,2019-04-30 01:00:00
5537,2019-04-30 00:00:00
5538,2019-04-29 23:00:00
5539,2019-04-29 22:00:00
5540,2019-04-29 21:00:00
5541,2019-04-29 20:00:00
5542,2019-04-29 19:00:00
5543,2019-04-29 18:00:00
5544,2019-04-29 17:00:00
5545,2019-04-29 16:00:00
5546,2019-04-29 15:00:00
5547,2019-04-29 14:00:00
5548,2019-04-29 13:00:00
5549,2019-04-29 12:00:00
5550,2019-04-29 11:00:00
5551,2019-04-29 10:00:00
5552,2019-04-29 09:00:00
5553,2019-04-29 08:00:00
5554,2019-04-29 07:00:00
5555,2019-04-29 06:00:00
5556,2019-04-29 05:00:00
5557,2019-04-29 04:00:00
5558,2019-04-29 03:00:00
5559,2019-04-29 02:00:00
5560,2019-04-29 01:00:00
5561,2019-04-29 00:00:00
5562,2019-04-28 23:00:00
5613,2020-03-19 05:00:00
5614,2020-03-19 04:00:00
5615,2020-03-19 03:00:00
5616,2020-03-19 02:00:00
5617,2020-03-19 01:00:00
5618,2020-03-19 00:00:00
5619,2020-03-18 23:00:00
5620,2020-03-18 22:00:00
5621,2020-03-18 21:00:00
5622,2020-03-18 20:00:00
5623,2020-03-18 19:00:00
5658,2021-03-12 21:00:00
5659,2021-03-12 20:00:00
5660,2021-03-12 19:00:00
5661,2021-03-12 18:00:00
5662,2021-03-12 17:00:00
5663,2021-03-12 16:00:00
5664,2021-03-12 15:00:00
5665,2021-03-12 14:00:00
5666,2021-03-12 13:00:00
5667,2021-03-12 12:00:00
5668,2021-03-12 11:00:00
5669,2021-03-12 10:00:00
5670,2021-03-12 09:00:00
5671,2021-03-12 08:00:00
5672,2021-03-12 07:00:00
5673,2021-03-12 06:00:00
5674,2021-03-12 05:00:00
5675,2021-03-12 04:00:00
5676,2021-03-12 03:00:00
5677,2021-03-12 02:00:00
5678,2021-03-12 01:00:00
5679,2021-03-12 00:00:00
5680,2021-03-11 23:00:00
5681,2021-03-11 22:00:00
5682,2021-03-11 21:00:00
5683,2021-03-11 20:00:00
5684,2021-03-11 19:00:00
5685,2021-03-11 18:00:00
5686,2021-03-11 17:00:00
5687,2021-03-11 16:00:00
5688,2021-03-11 15:00:00
5689,2021-08-18 00:00:00
5690,2021-08-17 23:00:00
5691,2021-08-17 22:00:00
5692,2021-08-17 21:00:00
5693,2021-08-17 20:00:00
5694,2021-08-17 19:00:00
5695,2021-08-17 18:00:00
5696,2021-08-17 17:00:00
5697,2021-08-17 16:00:00
5698,2021-08-17 15:00:00
5699,2021-08-17 14:00:00
5700,2021-08-17 13:00:00
5701,2021-08-17 12:00:00
5702,2021-08-17 11:00:00
5703,2021-08-17 10:00:00
5704,2021-08-17 09:00:00
5705,2021-08-17 08:00:00
5706,2021-08-17 07:00:00
5707,2021-08-17 06:00:00
5708,2021-08-17 05:00:00
5709,2021-08-17 04:00:00
5710,2021-08-17 03:00:00
5711,2021-08-17 02:00:00
5712,2021-08-17 01:00:00
5812,2021-12-22 00:00:00
5813,2021-12-21 23:00:00
5814,2021-12-21 22:00:00
5815,2021-12-21 21:00:00
5826,2021-12-31 00:00:00
5827,2021-12-30 23:00:00
5828,2021-12-30 22:00:00
5829,2021-12-30 21:00:00
5830,2021-12-30 20:00:00
5831,2021-12-30 19:00:00
5832,2021-12-30 18:00:00
5833,2021-12-30 17:00:00
5834,2021-12-30 16:00:00
5835,2021-12-30 15:00:00
5836,2021-12-30 14:00:00
5837,2021-12-30 13:00:00
5838,2021-12-30 12:00:00
5839,2021-12-30 11:00:00
5840,2021-12-30 10:00:00
5841,2021-12-30 09:00:00
5842,2021-12-30 08:00:00
5843,2021-12-30 07:00:00
5844,2021-12-30 06:00:00
5845,2021-12-30 05:00:00
5846,2021-12-30 04:00:00
5847,2021-12-30 03:00:00
5848,2021-12-30 02:00:00
5849,2021-12-30 01:00:00
5850,2021-12-30 00:00:00
5851,2021-12-29 23:00:00
5852,2021-12-29 22:00:00
5853,2021-12-29 21:00:00
5854,2021-12-29 20:00:00
5855,2021-12-29 19:00:00
5856,2021-12-29 18:00:00
5857,2021-12-29 17:00:00
5858,2021-12-29 16:00:00
5859,2021-12-29 15:00:00
5860,2021-12-29 14:00:00
5861,2021-12-29 13:00:00
5862,2021-12-29 12:00:00
5863,2021-12-29 11:00:00
5864,2022-11-03 10:00:00
5865,2022-11-03 09:00:00
5866,2022-11-03 08:00:00
5867,2022-11-03 07:00:00
5868,2022-11-03 06:00:00
5869,2022-11-03 05:00:00
5870,2022-11-03 04:00:00
5871,2022-11-03 03:00:00
5872,2022-11-03 02:00:00
5873,2022-11-03 01:00:00
5874,2022-11-03 00:00:00
5875,2022-11-02 23:00:00
5876,2022-11-02 22:00:00
5877,2022-11-02 21:00:00
5878,2022-11-02 20:00:00
5879,2022-11-02 19:00:00
5880,2022-11-02 18:00:00
5881,2022-11-02 17:00:00
5882,2022-11-02 16:00:00
5883,2022-11-02 15:00:00
5884,2022-11-02 14:00:00
5885,2022-11-02 13:00:00
5886,2022-11-02 12:00:00
5887,2022-11-02 11:00:00
5888,2022-11-02 10:00:00
5889,2022-11-02 09:00:00
5890,2022-11-02 08:00:00
5891,2022-11-02 07:00:00
5892,2022-11-02 06:00:00
5893,2022-11-02 05:00:00
5894,2022-11-02 04:00:00
5895,2022-11-02 03:00:00
5896,2022-11-02 02:00:00
5897,2022-11-02 01:00:00
5898,2022-11-02 00:00:00
5899,2022-11-01 23:00:00
5900,2022-11-01 22:00:00
5901,2022-11-01 21:00:00
5902,2022-11-01 20:00:00
5903,2022-11-01 19:00:00
5904,2022-11-01 18:00:00
5905,2022-11-01 17:00:00
5906,2022-11-01 16:00:00
5907,2022-11-01 15:00:00
5908,2022-11-01 14:00:00
5909,2022-11-01 13:00:00
5910,2022-11-01 12:00:00
5911,2022-11-01 11:00:00
5912,2022-11-01 10:00:00
5913,2022-11-01 09:00:00
5914,2022-11-01 08:00:00
5915,2022-11-01 07:00:00
5916,2022-11-01 06:00:00
5917,2022-11-01 05:00:00
5918,2022-11-01 04:00:00
5919,2022-11-01 03:00:00
5920,2022-11-01 02:00:00
5921,2022-11-01 01:00:00
5944,2022-12-26 09:00:00
5945,2022-12-26 08:00:00
5946,2023-03-10 11:00:00
5947,2023-03-10 10:00:00
5948,2023-03-10 09:00:00
5949,2023-03-10 08:00:00
5950,2023-03-10 07:00:00
5951,2023-03-10 06:00:00
5952,2023-03-10 05:00:00
5953,2023-03-10 04:00:00
5954,2023-03-10 03:00:00
5955,2023-03-10 02:00:00
5956,2023-03-10 01:00:00
5957,2023-03-10 00:00:00
5958,2023-03-09 23:00:00
5959,2023-03-09 22:00:00
5960,2023-03-09 21:00:00
5961,2023-03-09 20:00:00
5962,2023-03-09 19:00:00
5963,2023-03-09 18:00:00
5964,2023-03-09 17:00:00
5965,2023-03-09 16:00:00
6018,2023-03-13 09:00:00
6019,2023-03-13 08:00:00
6020,2023-03-13 07:00:00
6021,2023-03-13 06:00:00
6022,2023-03-13 05:00:00
6023,2023-03-13 04:00:00
6024,2000-01-25 01:00:00
6025,2000-01-25 00:00:00
6026,2000-01-24 23:00:00
6027,2000-01-24 22:00:00
6028,2000-01-24 21:00:00
6029,2000-01-24 20:00:00
6030,2000-01-24 19:00:00
6031,2000-01-24 18:00:00
6032,2000-01-24 17:00:00
6033,2002-10-02 11:00:00
6034,2002-10-02 10:00:00
6035,2002-10-02 09:00:00
6121,2003-11-02 06:00:00
6122,2003-11-02 05:00:00
6123,2003-11-02 04:00:00
6124,2003-11-02 03:00:00
6125,2003-11-02 02:00:00
6126,2003-11-02 01:00:00
6127,2003-11-02 00:00:00
6128,2003-11-01 23:00:00
6129,2003-11-01 22:00:00
6130,2003-11-01 21:00:00
6131,2003-11-01 20:00:00
6132,2003-11-01 19:00:00
6133,2003-11-01 18:00:00
6134,2003-11-01 17:00:00
6135,2003-11-01 16:00:00
6136,2003-11-01 15:00:00
6137,2003-11-01 14:00:00
6138,2003-11-01 13:00:00
6139,2003-11-01 12:00:00
6140,2003-11-01 11:00:00
6141,2003-11-01 10:00:00
6142,2003-11-01 09:00:00
6143,2003-11-01 08:00:00
6144,2003-11-01 07:00:00
6145,2003-11-01 06:00:00
6146,2003-11-01 05:00:00
6147,2003-11-01 04:00:00
6148,2003-11-01 03:00:00
6149,2003-11-01 02:00:00
6150,2003-11-01 01:00:00
6151,2003-11-01 00:00:00
6152,2003-10-31 23:00:00
6153,2003-10-31 22:00:00
6154,2003-10-31 21:00:00
6155,2003-10-31 20:00:00
6156,2003-10-31 19:00:00
6157,2003-10-31 18:00:00
6158,2003-10-31 17:00:00
6159,2003-10-31 16:00:00
6160,2003-10-31 15:00:00
6161,2003-10-31 14:00:00
6162,2003-10-31 13:00:00
6163,2003-10-31 12:00:00
6164,2003-10-31 11:00:00
6165,2003-10-31 10:00:00
6166,2003-10-31 09:00:00
6167,2003-10-31 08:00:00
6168,2003-10-31 07:00:00
6169,2003-10-31 06:00:00
6170,2003-10-31 05:00:00
6171,2003-10-31 04:00:00
6172,2003-10-31 03:00:00
6173,2003-10-31 02:00:00
6174,2003-10-31 01:00:00
6285,2004-11-27 10:00:00
6286,2004-11-27 09:00:00
6287,2004-11-27 08:00:00
6288,2004-11-27 07:00:00
6289,2004-11-27 06:00:00
6290,2004-11-27 05:00:00
6291,2004-11-27 04:00:00
6292,2004-11-27 03:00:00
6293,2004-11-27 02:00:00
6294,2004-11-27 01:00:00
6295,2004-11-27 00:00:00
6296,2004-11-26 23:00:00
6333,2005-01-08 15:00:00
6334,2005-01-08 14:00:00
6335,2005-01-08 13:00:00
6336,2005-01-08 12:00:00
6337,2005-01-08 11:00:00
6338,2005-01-08 10:00:00
6339,2005-01-08 09:00:00
6340,2005-01-08 08:00:00
6341,2005-01-08 07:00:00
6342,2005-01-08 06:00:00
6343,2005-01-08 05:00:00
6344,2005-01-08 04:00:00
6345,2005-01-08 03:00:00
6346,2005-01-08 02:00:00
6347,2005-01-08 01:00:00
6348,2005-01-08 00:00:00
6349,2005-01-07 23:00:00
6350,2005-01-07 22:00:00
6351,2005-01-07 21:00:00
6365,2005-01-08 22:00:00
6366,2005-01-08 21:00:00
6367,2005-01-08 20:00:00
6430,2005-10-17 05:00:00
6431,2005-10-17 04:00:00
6432,2005-10-17 03:00:00
6433,2005-10-17 02:00:00
6434,2005-10-17 01:00:00
6435,2005-10-17 00:00:00
6436,2005-10-16 23:00:00
6437,2005-10-16 22:00:00
6438,2005-10-16 21:00:00
6439,2005-10-16 20:00:00
6440,2005-10-16 19:00:00
6441,2005-10-16 18:00:00
6442,2005-10-16 17:00:00
6443,2005-10-16 16:00:00
6444,2005-10-16 15:00:00
6445,2005-10-16 14:00:00
6446,2005-10-16 13:00:00
6447,2005-10-16 12:00:00
6448,2005-10-16 11:00:00
6449,2005-10-16 10:00:00
6450,2005-10-16 09:00:00
6451,2005-10-16 08:00:00
6452,2005-10-16 07:00:00
6453,2005-10-16 06:00:00
6454,2005-10-16 05:00:00
6455,2005-10-16 04:00:00
6456,2005-10-16 03:00:00
6457,2005-10-16 02:00:00
6458,2005-10-16 01:00:00
6488,2006-03-28 08:00:00
6489,2006-03-28 07:00:00
6490,2006-03-28 06:00:00
6491,2006-03-28 05:00:00
6492,2006-03-28 04:00:00
6493,2006-03-28 03:00:00
6494,2006-03-28 02:00:00
6495,2006-03-28 01:00:00
6496,2006-03-28 00:00:00
6497,2006-03-27 23:00:00
6498,2006-03-27 22:00:00
6499,2006-03-27 21:00:00
6500,2006-03-27 20:00:00
6501,2006-03-27 19:00:00
6502,2006-03-27 18:00:00
6503,2006-03-27 17:00:00
6504,2006-03-27 16:00:00
6505,2006-03-27 15:00:00
6506,2006-03-27 14:00:00
6507,2006-03-27 13:00:00
6508,2006-03-27 12:00:00
6509,2006-03-27 11:00:00
6510,2006-03-27 10:00:00
6511,2006-03-27 09:00:00
6512,2006-03-27 08:00:00
6513,2006-03-27 07:00:00
6514,2006-03-27 06:00:00
6515,2006-03-27 05:00:00
6516,2006-03-27 04:00:00
6517,2006-03-27 03:00:00
6518,2006-03-27 02:00:00
6519,2006-03-27 01:00:00
6520,2007-01-12 02:00:00
6521,2007-01-12 01:00:00
6522,2007-01-12 00:00:00
6523,2007-01-11 23:00:00
6524,2007-01-11 22:00:00
6525,2007-01-11 21:00:00
6526,2007-01-11 20:00:00
6527,2007-01-11 19:00:00
6528,2007-01-11 18:00:00
6529,2007-01-11 17:00:00
6530,2007-01-11 16:00:00
6531,2007-01-11 15:00:00
6532,2007-01-11 14:00:00
6533,2007-01-11 13:00:00
6534,2007-01-11 12:00:00
6535,2007-01-11 11:00:00
6536,2007-01-11 10:00:00
6537,2007-01-11 09:00:00
6538,2007-01-11 08:00:00
6539,2007-01-11 07:00:00
6540,2007-01-11 06:00:00
6541,2007-01-11 05:00:00
6542,2007-01-11 04:00:00
6543,2007-01-11 03:00:00
6544,2007-01-11 02:00:00
6545,2007-01-11 01:00:00
6546,2007-01-11 00:00:00
6547,2007-01-10 23:00:00
6548,2007-01-10 22:00:00
6549,2007-01-10 21:00:00
6550,2007-01-10 20:00:00
6551,2007-01-10 19:00:00
6552,2007-01-10 18:00:00
6553,2007-01-10 17:00:00
6554,2007-01-10 16:00:00
6555,2007-01-10 15:00:00
6556,2007-01-10 14:00:00
6557,2007-01-10 13:00:00
6558,2007-01-10 12:00:00
6559,2007-01-10 11:00:00
6560,2007-01-10 10:00:00
6561,2007-01-10 09:00:00
6562,2007-01-10 08:00:00
6563,2007-01-10 07:00:00
6564,2007-01-10 06:00:00
6565,2007-01-10 05:00:00
6566,2007-01-10 04:00:00
6567,2007-01-10 03:00:00
6568,2007-01-10 02:00:00
6569,2007-01-10 01:00:00
6570,2007-09-16 00:00:00
6571,2007-09-15 23:00:00
6572,2007-09-15 22:00:00
6573,2007-09-15 21:00:00
6574,2007-09-15 20:00:00
6575,2007-09-15 19:00:00
6576,2007-09-15 18:00:00
6577,2007-09-15 17:00:00
6578,2007-09-15 16:00:00
6579,2007-09-15 15:00:00
6580,2007-09-15 14:00:00
6581,2007-09-15 13:00:00
6582,2007-09-15 12:00:00
6583,2007-09-15 11:00:00
6584,2007-09-15 10:00:00
6585,2007-09-15 09:00:00
6586,2007-09-15 08:00:00
6587,2007-09-15 07:00:00
6588,2007-09-15 06:00:00
6589,2007-09-15 05:00:00
6590,2007-09-15 04:00:00
6591,2007-09-15 03:00:00
6592,2007-09-15 02:00:00
6593,2007-09-15 01:00:00
6594,2007-09-15 00:00:00
6595,2007-09-14 23:00:00
6596,2007-09-14 22:00:00
6597,2007-09-14 21:00:00
6598,2007-09-14 20:00:00
6599,2007-09-14 19:00:00
6600,2007-09-14 18:00:00
6601,2007-09-14 17:00:00
6602,2007-09-14 16:00:00
6603,2007-09-14 15:00:00
6604,2007-09-14 14:00:00
6605,2007-09-14 13:00:00
6606,2007-09-14 12:00:00
6607,2007-09-14 11:00:00
6608,2007-09-14 10:00:00
6609,2007-09-14 09:00:00
6610,2007-09-14 08:00:00
6611,2007-09-14 07:00:00
6612,2007-09-14 06:00:00
6613,2007-09-14 05:00:00
6614,2007-09-14 04:00:00
6615,2007-09-14 03:00:00
6616,2007-09-14 02:00:00
6617,2007-09-14 01:00:00
6618,2007-09-17 09:00:00
6619,2007-09-17 08:00:00
6620,2007-09-17 07:00:00
6621,2007-09-17 06:00:00
6622,2007-09-17 05:00:00
6623,2007-09-17 04:00:00
6624,2007-09-17 03:00:00
6625,2007-09-17 02:00:00
6626,2007-09-17 01:00:00
6627,2007-09-17 00:00:00
6628,2007-09-16 23:00:00
6629,2007-09-16 22:00:00
6630,2007-09-16 21:00:00
6631,2007-09-16 20:00:00
6632,2007-09-16 19:00:00
6633,2007-09-16 18:00:00
6634,2007-09-16 17:00:00
6635,2007-09-16 16:00:00
6636,2007-09-16 15:00:00
6637,2007-09-16 14:00:00
6638,2007-09-16 13:00:00
6639,2007-09-16 12:00:00
6640,2007-09-16 11:00:00
6641,2007-09-16 10:00:00
6642,2007-09-16 09:00:00
6643,2007-09-16 08:00:00
6644,2007-09-16 07:00:00
6645,2007-09-16 06:00:00
6646,2007-09-16 05:00:00
6647,2007-09-16 04:00:00
6648,2007-09-16 03:00:00
6649,2007-09-16 02:00:00
6650,2007-09-16 01:00:00
6827,2008-01-06 10:00:00
6828,2008-01-06 09:00:00
6829,2008-01-06 08:00:00
6830,2008-01-06 07:00:00
6831,2008-01-06 06:00:00
6832,2008-01-06 05:00:00
6833,2008-01-06 04:00:00
6834,2008-01-06 03:00:00
6835,2008-01-06 02:00:00
6836,2008-01-06 01:00:00
6837,2008-01-06 00:00:00
6838,2008-01-05 23:00:00
6872,2008-01-28 15:00:00
6873,2008-01-28 14:00:00
6874,2008-01-28 13:00:00
6875,2008-01-28 12:00:00
6876,2008-01-28 11:00:00
6877,2008-01-28 10:00:00
6878,2008-01-28 09:00:00
6879,2008-01-28 08:00:00
6880,2008-01-28 07:00:00
6881,2008-01-28 06:00:00
6882,2008-01-28 05:00:00
6883,2008-01-28 04:00:00
6884,2008-01-28 03:00:00
6885,2008-01-28 02:00:00
6886,2008-01-28 01:00:00
6909,2008-02-02 17:00:00
6910,2008-02-02 16:00:00
6911,2008-02-02 15:00:00
6912,2008-02-02 14:00:00
6913,2008-02-02 13:00:00
6914,2008-02-02 12:00:00
6915,2008-02-02 11:00:00
6916,2008-02-02 10:00:00
6917,2008-02-02 09:00:00
6918,2008-02-02 08:00:00
6919,2008-02-02 07:00:00
6920,2008-02-02 06:00:00
6921,2008-02-02 05:00:00
6922,2008-02-02 04:00:00
6923,2008-02-02 03:00:00
6924,2008-02-02 02:00:00
6925,2008-02-02 01:00:00
6926,2008-02-02 00:00:00
6927,2008-02-01 23:00:00
6928,2008-02-01 22:00:00
6929,2008-02-01 21:00:00
6930,2008-02-01 20:00:00
6931,2008-02-01 19:00:00
6932,2008-02-01 18:00:00
6933,2008-02-01 17:00:00
6934,2008-02-01 16:00:00
6935,2008-02-01 15:00:00
6936,2008-02-01 14:00:00
6937,2008-02-01 13:00:00
6938,2008-02-01 12:00:00
6939,2008-02-01 11:00:00
6940,2008-02-01 10:00:00
6941,2008-02-01 09:00:00
6942,2008-02-01 08:00:00
6943,2008-02-01 07:00:00
6944,2008-02-01 06:00:00
6945,2008-02-01 05:00:00
6946,2008-02-01 04:00:00
6947,2008-02-01 03:00:00
6948,2008-02-01 02:00:00
6949,2008-02-01 01:00:00
6950,2008-02-24 16:00:00
6951,2008-02-24 15:00:00
6952,2008-02-24 14:00:00
6953,2008-02-24 13:00:00
6954,2008-02-24 12:00:00
6955,2008-02-24 11:00:00
6956,2008-02-24 10:00:00
6957,2008-02-24 09:00:00
6958,2008-02-24 08:00:00
6959,2008-02-24 07:00:00
6960,2008-02-24 06:00:00
6961,2008-02-24 05:00:00
6962,2008-02-24 04:00:00
6963,2008-02-24 03:00:00
6964,2008-02-24 02:00:00
6965,2008-02-24 01:00:00
6966,2008-02-24 00:00:00
6967,2008-02-23 23:00:00
6968,2008-02-23 22:00:00
6969,2008-02-23 21:00:00
6970,2008-02-23 20:00:00
6971,2008-02-23 19:00:00
6972,2008-02-23 18:00:00
6973,2008-02-23 17:00:00
6974,2008-08-31 07:00:00
6975,2008-08-31 06:00:00
6976,2008-08-31 05:00:00
6977,2008-08-31 04:00:00
6978,2008-08-31 03:00:00
6979,2008-08-31 02:00:00
6980,2008-08-31 01:00:00
6981,2008-08-31 00:00:00
6982,2008-08-30 23:00:00
6983,2008-08-30 22:00:00
6984,2008-08-30 21:00:00
6985,2008-08-30 20:00:00
6986,2008-08-30 19:00:00
6987,2008-08-30 18:00:00
6988,2008-08-30 17:00:00
6989,2008-08-30 16:00:00
7043,2009-02-23 12:00:00
7044,2009-02-23 11:00:00
7045,2009-02-23 10:00:00
7046,2009-02-23 09:00:00
7047,2009-02-23 08:00:00
7048,2009-02-23 07:00:00
7049,2009-02-23 06:00:00
7050,2009-02-23 05:00:00
7051,2009-02-23 04:00:00
7052,2009-02-23 03:00:00
7053,2009-02-23 02:00:00
7054,2009-02-23 01:00:00
7055,2009-02-23 00:00:00
7056,2009-02-22 23:00:00
7057,2009-02-22 22:00:00
7058,2009-02-22 21:00:00
7059,2009-02-22 20:00:00
7060,2009-02-22 19:00:00
7061,2009-02-22 18:00:00
7062,2009-02-22 17:00:00
7063,2009-02-22 16:00:00
7064,2009-02-22 15:00:00
7065,2009-02-22 14:00:00
7066,2009-02-22 13:00:00
7067,2009-02-22 12:00:00
7068,2009-02-22 11:00:00
7069,2009-02-22 10:00:00
7070,2009-02-22 09:00:00
7071,2009-02-22 08:00:00
7072,2009-02-22 07:00:00
7073,2009-02-22 06:00:00
7074,2009-02-22 05:00:00
7075,2009-02-22 04:00:00
7076,2009-02-22 03:00:00
7077,2009-02-22 02:00:00
7078,2009-02-22 01:00:00
7079,2009-02-22 00:00:00
7080,2009-02-21 23:00:00
7081,2009-02-21 22:00:00
7082,2009-02-21 21:00:00
7083,2009-02-21 20:00:00
7084,2009-02-21 19:00:00
7085,2009-02-21 18:00:00
7086,2009-02-21 17:00:00
7087,2009-02-21 16:00:00
7088,2009-02-21 15:00:00
7089,2009-02-21 14:00:00
7090,2009-02-21 13:00:00
7091,2009-02-21 12:00:00
7092,2009-02-21 11:00:00
7093,2009-02-21 10:00:00
7103,2011-02-19 06:00:00
7104,2011-02-19 05:00:00
7105,2011-02-19 04:00:00
7106,2011-02-19 03:00:00
7107,2011-02-19 02:00:00
7108,2011-02-19 01:00:00
7109,2011-02-19 00:00:00
7110,2011-02-18 23:00:00
7111,2011-02-18 22:00:00
7112,2011-02-18 21:00:00
7113,2011-02-18 20:00:00
7114,2011-02-18 19:00:00
7115,2011-02-18 18:00:00
7116,2011-02-18 17:00:00
7117,2011-02-18 16:00:00
7118,2011-02-18 15:00:00
7119,2011-02-18 14:00:00
7120,2011-02-18 13:00:00
7121,2011-02-18 12:00:00
7122,2011-02-18 11:00:00
7123,2011-02-18 10:00:00
7124,2011-02-18 09:00:00
7125,2011-02-18 08:00:00
7126,2011-02-18 07:00:00
7127,2011-02-18 06:00:00
7128,2011-02-18 05:00:00
7129,2011-02-18 04:00:00
7130,2011-02-18 03:00:00
7149,2011-10-06 10:00:00
7150,2011-10-06 09:00:00
7151,2011-10-06 08:00:00
7152,2011-10-06 07:00:00
7153,2011-10-06 06:00:00
7154,2011-10-06 05:00:00
7155,2011-10-06 04:00:00
7156,2011-10-06 03:00:00
7157,2011-10-06 02:00:00
7165,2011-10-05 18:00:00
7204,2012-01-20 01:00:00
7205,2012-01-20 00:00:00
7206,2012-01-19 23:00:00
7207,2013-10-10 15:00:00
7231,2013-10-29 14:00:00
7263,2014-02-27 06:00:00
7264,2014-02-27 05:00:00
7265,2014-02-27 04:00:00
7266,2014-02-27 03:00:00
7267,2014-02-27 02:00:00
7268,2014-02-27 01:00:00
7269,2014-02-27 00:00:00
7270,2014-02-26 23:00:00
7271,2014-02-26 22:00:00
7272,2014-02-26 21:00:00
7273,2014-02-26 20:00:00
7274,2014-02-26 19:00:00
7275,2014-02-26 18:00:00
7276,2014-02-26 17:00:00
7277,2014-02-26 16:00:00
7278,2014-02-26 15:00:00
7279,2014-02-26 14:00:00
7280,2014-02-26 13:00:00
7281,2014-02-26 12:00:00
7282,2014-02-26 11:00:00
7283,2014-02-26 10:00:00
7284,2014-02-26 09:00:00
7285,2014-02-26 08:00:00
7286,2014-02-26 07:00:00
7287,2014-02-26 06:00:00
7288,2014-02-26 05:00:00
7289,2014-02-26 04:00:00
7290,2014-02-26 03:00:00
7291,2014-02-26 02:00:00
7292,2014-02-26 01:00:00
7293,2014-02-26 00:00:00
7357,2015-06-06 15:00:00
7358,2015-06-06 14:00:00
7359,2015-06-06 13:00:00
7360,2015-06-06 12:00:00
7361,2015-06-06 11:00:00
7362,2015-06-06 10:00:00
7363,2015-06-06 09:00:00
7364,2015-06-06 08:00:00
7365,2015-06-06 07:00:00
7366,2015-06-06 06:00:00
7367,2015-06-06 05:00:00
7368,2015-06-06 04:00:00
7369,2015-06-06 03:00:00
7370,2015-06-06 02:00:00
7371,2015-06-06 01:00:00
7372,2015-06-06 00:00:00
7373,2015-06-05 23:00:00
7374,2015-06-05 22:00:00
7375,2015-06-05 21:00:00
7376,2015-06-05 20:00:00
7377,2015-06-05 19:00:00
7404,2016-02-01 12:00:00
7405,2016-02-01 11:00:00
7406,2016-02-01 10:00:00
7407,2016-02-01 09:00:00
7408,2016-02-01 08:00:00
7409,2016-02-01 07:00:00
7410,2016-02-01 06:00:00
7411,2016-02-01 05:00:00
7412,2016-02-01 04:00:00
7413,2016-02-01 03:00:00
7414,2016-02-01 02:00:00
7415,2016-02-01 01:00:00
7416,2016-02-01 00:00:00
7486,2017-11-17 12:00:00
7487,2017-11-17 11:00:00
7488,2017-11-17 10:00:00
7489,2017-11-17 09:00:00
7490,2017-11-17 08:00:00
7491,2017-11-17 07:00:00
7492,2017-11-17 06:00:00
7493,2017-11-17 05:00:00
7494,2017-11-17 04:00:00
7495,2017-11-17 03:00:00
7496,2017-11-17 02:00:00
7497,2017-11-17 01:00:00
7498,2017-11-17 00:00:00
7499,2017-11-16 23:00:00
7500,2017-11-16 22:00:00
7501,2017-11-16 21:00:00
7502,2017-11-16 20:00:00
7503,2017-11-16 19:00:00
7504,2017-11-16 18:00:00
7505,2017-11-16 17:00:00
7506,2017-11-16 16:00:00
7521,2019-03-06 14:00:00
7522,2019-03-06 13:00:00
7523,2019-03-06 12:00:00
7524,2019-03-06 11:00:00
7525,2019-03-06 10:00:00
7526,2019-03-06 09:00:00
7527,2019-03-06 08:00:00
7528,2019-03-06 07:00:00
7529,2019-03-06 06:00:00
7530,2019-03-06 05:00:00
7531,2019-03-06 04:00:00
7532,2019-03-06 03:00:00
7533,2019-03-06 02:00:00
7534,2019-03-06 01:00:00
7535,2019-03-06 00:00:00
7536,2019-03-05 23:00:00
7537,2019-03-05 22:00:00
7538,2019-03-05 21:00:00
7539,2019-03-05 20:00:00
7540,2019-03-05 19:00:00
7541,2019-03-05 18:00:00
7542,2019-03-05 17:00:00
7553,2019-04-30 03:00:00
7582,2019-04-28 22:00:00
7583,2019-04-28 21:00:00
7584,2019-04-28 20:00:00
7585,2019-04-28 19:00:00
7586,2019-04-28 18:00:00
7587,2019-04-28 17:00:00
7588,2019-04-28 16:00:00
7589,2019-04-28 15:00:00
7590,2019-04-28 14:00:00
7591,2019-04-28 13:00:00
7592,2019-04-28 12:00:00
7624,2019-11-20 21:00:00
7625,2019-11-20 20:00:00
7626,2019-11-20 19:00:00
7627,2019-11-20 18:00:00
7628,2019-11-20 17:00:00
7629,2019-11-20 16:00:00
7630,2019-11-20 15:00:00
7631,2019-11-20 14:00:00
7632,2019-11-20 13:00:00
7633,2019-11-20 12:00:00
7634,2019-11-20 11:00:00
7635,2019-11-20 10:00:00
7636,2019-11-20 09:00:00
7637,2019-11-20 08:00:00
7638,2019-11-20 07:00:00
7639,2019-11-20 06:00:00
7640,2019-11-20 05:00:00
7641,2019-11-20 04:00:00
7642,2019-11-20 03:00:00
7643,2019-11-20 02:00:00
7644,2019-11-20 01:00:00
7645,2019-11-20 00:00:00
7646,2019-11-19 23:00:00
7647,2019-11-19 22:00:00
7648,2019-11-19 21:00:00
7649,2019-11-19 20:00:00
7650,2019-11-19 19:00:00
7651,2019-11-19 18:00:00
7652,2019-11-19 17:00:00
7653,2019-11-19 16:00:00
7654,2019-11-19 15:00:00
7655,2019-11-19 14:00:00
7656,2019-11-19 13:00:00
7657,2019-11-19 12:00:00
7658,2019-11-19 11:00:00
7659,2020-11-07 16:00:00
7660,2020-11-07 15:00:00
7661,2020-11-07 14:00:00
7662,2020-11-07 13:00:00
7663,2020-11-07 12:00:00
7664,2020-11-07 11:00:00
7665,2020-11-07 10:00:00
7666,2020-11-07 09:00:00
7667,2020-11-07 08:00:00
7668,2020-11-07 07:00:00
7669,2020-11-07 06:00:00
7670,2020-11-07 05:00:00
7671,2020-11-07 04:00:00
7672,2020-11-07 03:00:00
7673,2020-11-07 02:00:00
7674,2020-11-07 01:00:00
7675,2020-11-07 00:00:00
7676,2020-11-06 23:00:00
7677,2020-11-06 22:00:00
7678,2020-11-06 21:00:00
7679,2020-11-06 20:00:00
7680,2020-11-06 19:00:00
7681,2020-11-06 18:00:00
7682,2020-11-06 17:00:00
7683,2020-11-06 16:00:00
7684,2020-11-06 15:00:00
7685,2020-11-06 14:00:00
7686,2020-11-06 13:00:00
7687,2020-11-06 12:00:00
7688,2020-11-06 11:00:00
7689,2020-11-06 10:00:00
7690,2020-11-06 09:00:00
7691,2020-11-06 08:00:00
7692,2020-11-06 07:00:00
7693,2020-11-06 06:00:00
7694,2020-11-06 05:00:00
7695,2020-11-06 04:00:00
7696,2020-11-06 03:00:00
7697,2020-11-06 02:00:00
7698,2020-11-06 01:00:00
7699,2020-11-06 00:00:00
7700,2020-11-05 23:00:00
7701,2020-11-05 22:00:00
7702,2020-11-05 21:00:00
7703,2020-11-05 20:00:00
7704,2020-11-05 19:00:00
7705,2020-11-05 18:00:00
7706,2020-11-05 17:00:00
7707,2020-11-05 16:00:00
7708,2020-11-05 15:00:00
7709,2020-11-05 14:00:00
7710,2020-11-05 13:00:00
7711,2020-11-05 12:00:00
7712,2020-11-05 11:00:00
7713,2020-11-05 10:00:00
7714,2020-11-05 09:00:00
7715,2020-11-05 08:00:00
7716,2020-11-05 07:00:00
7717,2020-11-05 06:00:00
7718,2020-11-05 05:00:00
7719,2020-11-05 04:00:00
7720,2020-11-05 03:00:00
7721,2020-11-05 02:00:00
7722,2020-11-05 01:00:00
7723,2021-08-19 12:00:00
7724,2021-08-19 11:00:00
7725,2021-08-19 10:00:00
7726,2021-08-19 09:00:00
7727,2021-08-19 08:00:00
7728,2021-08-19 07:00:00
7729,2021-08-19 06:00:00
7730,2021-08-19 05:00:00
7731,2021-08-19 04:00:00
7732,2021-08-19 03:00:00
7733,2021-08-19 02:00:00
7734,2021-08-19 01:00:00
7735,2021-08-19 00:00:00
7736,2021-08-18 23:00:00
7737,2021-08-18 22:00:00
7738,2021-08-18 21:00:00
7739,2021-08-18 20:00:00
7740,2021-08-18 19:00:00
7741,2021-08-18 18:00:00
7742,2021-08-18 17:00:00
7743,2021-08-18 16:00:00
7744,2021-08-18 15:00:00
7745,2021-08-18 14:00:00
7746,2021-08-18 13:00:00
7747,2021-08-18 12:00:00
7748,2021-08-18 11:00:00
7749,2021-08-18 10:00:00
7750,2021-08-18 09:00:00
7751,2021-08-18 08:00:00
7752,2021-08-18 07:00:00
7753,2021-08-18 06:00:00
7754,2021-08-18 05:00:00
7755,2021-08-18 04:00:00
7756,2021-08-18 03:00:00
7757,2021-08-18 02:00:00
7758,2021-08-18 01:00:00
7872,2023-02-22 14:00:00
7873,2023-02-22 13:00:00
7874,2023-02-22 12:00:00
7875,2023-02-22 11:00:00
7876,2023-02-22 10:00:00
7877,2023-02-22 09:00:00
7878,2023-02-22 08:00:00
7879,2023-02-22 07:00:00
7934,2023-03-22 16:00:00
7935,2023-03-22 15:00:00
7936,2023-03-22 14:00:00
7937,2023-03-22 13:00:00
7938,2023-03-22 12:00:00
7939,2023-03-22 11:00:00
7940,2023-03-22 10:00:00
7941,2023-03-22 09:00:00
7942,2023-03-22 08:00:00
7943,2023-03-22 07:00:00
7944,2023-03-22 06:00:00
7945,2023-03-22 05:00:00
7946,2023-03-22 04:00:00
7947,2023-03-22 03:00:00
7948,2023-03-22 02:00:00
7949,2023-03-22 01:00:00
7950,2023-03-22 00:00:00
7951,2023-03-21 23:00:00
7952,2023-03-21 22:00:00
7953,2023-10-02 17:00:00
7954,2023-10-02 16:00:00
7955,2023-10-02 15:00:00
7956,2023-10-02 14:00:00
7957,2023-10-02 13:00:00
7958,2023-10-02 12:00:00
7959,2023-10-02 11:00:00
7960,2023-10-02 10:00:00
7961,2023-10-02 09:00:00
7962,2023-10-02 08:00:00
7963,2023-10-02 07:00:00
7964,2023-10-02 06:00:00
7965,2023-10-02 05:00:00
7966,2023-10-02 04:00:00
7967,2023-10-02 03:00:00
7968,2023-10-02 02:00:00
7969,2023-10-02 01:00:00
7970,2023-10-02 00:00:00
7971,2023-10-01 23:00:00
7972,2023-10-01 22:00:00
7973,2023-10-01 21:00:00
7974,2023-10-01 20:00:00
7975,2023-10-01 19:00:00
7976,2023-10-01 18:00:00
7977,2023-10-01 17:00:00
7978,2023-10-01 16:00:00
7979,2023-10-01 15:00:00
7980,2023-10-01 14:00:00
7981,2023-10-01 13:00:00
7982,2023-10-01 12:00:00
7983,2023-10-01 11:00:00
7984,2023-10-01 10:00:00
7985,2023-10-01 09:00:00
7986,2023-10-01 08:00:00
7987,2023-10-01 07:00:00
7988,2023-10-01 06:00:00
7989,2023-10-01 05:00:00
7990,2023-10-01 04:00:00
7991,2023-10-01 03:00:00
7992,2023-10-01 02:00:00
7993,2023-10-01 01:00:00
7994,2023-09-30 18:00:00
7995,2023-09-30 17:00:00
7996,2023-09-30 16:00:00
7997,2023-09-30 15:00:00
7998,2023-09-30 14:00:00
7999,2023-09-30 13:00:00
8000,2023-09-30 12:00:00
8001,2023-09-30 11:00:00
8002,2023-09-30 10:00:00
8003,2023-09-30 09:00:00
8004,2023-09-30 08:00:00
8005,2023-10-28 04:00:00
8006,2023-10-28 03:00:00
8007,2023-10-28 02:00:00
8008,2023-10-28 01:00:00
8009,2023-10-28 00:00:00
8010,2023-10-27 23:00:00
8011,2023-10-27 22:00:00
8012,2023-10-27 21:00:00
8013,2023-10-27 20:00:00
8014,2023-10-27 19:00:00
8015,2023-10-27 18:00:00
8016,2023-10-27 17:00:00
8017,2023-10-27 16:00:00
8018,2023-10-27 15:00:00
8019,2023-10-27 14:00:00
8020,2023-10-27 13:00:00
8021,2023-10-27 12:00:00
8022,2023-10-27 11:00:00
8023,2023-10-27 10:00:00
8024,2023-10-27 09:00:00
8025,2023-10-27 08:00:00
8026,2023-10-27 07:00:00
8027,2023-10-27 06:00:00
8028,2023-10-27 05:00:00
8029,2023-10-27 04:00:00
8030,2023-10-27 03:00:00
8031,2023-10-27 02:00:00
8032,2023-10-27 01:00:00
8033,2023-10-27 00:00:00
8034,2023-10-26 23:00:00
8035,2023-10-26 22:00:00
8036,2023-10-26 21:00:00
8037,2023-10-26 20:00:00
8038,2023-10-26 19:00:00
8039,2023-10-26 18:00:00
8040,2023-10-26 17:00:00
8041,2023-10-26 16:00:00
8042,2023-10-26 15:00:00
8043,2023-10-26 14:00:00
8044,2023-10-26 13:00:00
8045,2023-10-26 12:00:00
8046,2023-10-26 11:00:00
8047,2023-10-26 10:00:00
8048,2023-10-26 09:00:00
8049,2023-10-26 08:00:00
8050,2023-10-26 07:00:00
8051,2023-10-26 06:00:00
8052,2023-10-26 05:00:00
8053,2023-10-26 04:00:00
8054,2023-10-26 03:00:00
8177,2004-09-18 00:00:00
8178,2004-09-17 23:00:00
8179,2004-09-17 22:00:00
8180,2004-09-17 21:00:00
8181,2004-09-17 20:00:00
8246,2005-04-23 23:00:00
8247,2005-04-23 22:00:00
8248,2005-04-23 21:00:00
8249,2005-04-23 20:00:00
8250,2005-04-23 19:00:00
8251,2005-04-23 18:00:00
8252,2005-04-23 17:00:00
8253,2005-04-23 16:00:00
8254,2005-04-23 15:00:00
8255,2005-04-23 14:00:00
8256,2005-04-23 13:00:00
8257,2005-04-23 12:00:00
8258,2005-04-23 11:00:00
8259,2005-04-23 10:00:00
8260,2005-04-23 09:00:00
8261,2005-04-23 08:00:00
8262,2005-04-23 07:00:00
8263,2005-04-23 06:00:00
8264,2005-04-23 05:00:00
8265,2005-04-23 04:00:00
8266,2005-04-23 03:00:00
8267,2005-04-23 02:00:00
8268,2005-04-23 01:00:00
8269,2005-04-23 00:00:00
8270,2005-04-22 23:00:00
8271,2005-04-22 22:00:00
8272,2006-09-15 13:00:00
8273,2006-09-15 12:00:00
8274,2006-09-15 11:00:00
8275,2006-09-15 10:00:00
8276,2006-09-15 09:00:00
8277,2006-09-15 08:00:00
8278,2006-09-15 07:00:00
8279,2006-09-15 06:00:00
8280,2006-09-15 05:00:00
8281,2006-09-15 04:00:00
8282,2006-09-15 03:00:00
8283,2006-09-15 02:00:00
8284,2006-09-15 01:00:00
8285,2006-09-15 00:00:00
8286,2006-09-14 23:00:00
8287,2006-09-14 22:00:00
8288,2006-09-14 21:00:00
8289,2006-09-14 20:00:00
8290,2006-09-14 19:00:00
8291,2006-09-14 18:00:00
8292,2006-09-14 17:00:00
8293,2006-09-14 16:00:00
8294,2006-09-14 15:00:00
8295,2006-09-14 14:00:00
8296,2006-09-14 13:00:00
8297,2006-09-14 12:00:00
8298,2006-09-14 11:00:00
8299,2006-09-14 10:00:00
8300,2006-09-14 09:00:00
8301,2006-09-14 08:00:00
8302,2006-09-14 07:00:00
8303,2006-09-14 06:00:00
8304,2006-09-14 05:00:00
8305,2006-09-14 04:00:00
8306,2006-09-14 03:00:00
8307,2006-09-14 02:00:00
8308,2006-09-14 01:00:00
8309,2006-09-14 00:00:00
8310,2006-09-13 23:00:00
8311,2006-09-13 22:00:00
8312,2006-09-13 21:00:00
8313,2006-09-13 20:00:00
8314,2006-09-13 19:00:00
8315,2006-09-13 18:00:00
8316,2006-09-13 17:00:00
8317,2006-09-13 16:00:00
8318,2006-09-13 15:00:00
8319,2006-09-13 14:00:00
8320,2006-09-13 13:00:00
8321,2006-09-13 12:00:00
8322,2006-09-13 11:00:00
8323,2006-09-13 10:00:00
8324,2006-09-13 09:00:00
8325,2006-09-13 08:00:00
8326,2006-09-13 07:00:00
8327,2006-09-13 06:00:00
8328,2006-09-13 05:00:00
8329,2006-09-13 04:00:00
8330,2006-09-13 03:00:00
8331,2006-09-13 02:00:00
8332,2006-09-13 01:00:00
8333,2006-10-07 15:00:00
8334,2006-10-07 14:00:00
8335,2006-10-07 13:00:00
8336,2006-10-07 12:00:00
8337,2006-10-07 11:00:00
8338,2006-10-07 10:00:00
8339,2006-10-07 09:00:00
8340,2006-10-07 08:00:00
8341,2006-10-07 07:00:00
8342,2006-10-07 06:00:00
8343,2006-10-07 05:00:00
8344,2006-10-07 04:00:00
8345,2006-10-07 03:00:00
8346,2006-10-07 02:00:00
8347,2006-10-07 01:00:00
8348,2007-05-03 06:00:00
8349,2007-05-03 05:00:00
8350,2007-05-03 04:00:00
8351,2007-05-03 03:00:00
8352,2007-05-03 02:00:00
8353,2007-05-03 01:00:00
8354,2007-05-03 00:00:00
8355,2007-05-02 23:00:00
8356,2007-05-02 22:00:00
8357,2007-05-02 21:00:00
8430,2007-09-29 08:00:00
8431,2007-09-29 07:00:00
8432,2007-09-29 06:00:00
8433,2007-09-29 05:00:00
8434,2007-09-29 04:00:00
8435,2007-09-29 03:00:00
8436,2007-09-29 02:00:00
8437,2007-09-29 01:00:00
8438,2007-09-29 00:00:00
8439,2007-09-28 23:00:00
8440,2007-09-28 22:00:00
8441,2007-09-28 21:00:00
8442,2007-09-28 20:00:00
8443,2007-09-28 19:00:00
8444,2007-09-28 18:00:00
8445,2007-09-28 17:00:00
8446,2007-09-28 16:00:00
8447,2007-09-28 15:00:00
8448,2007-09-28 14:00:00
8449,2007-09-28 13:00:00
8450,2007-09-28 12:00:00
8451,2007-09-28 11:00:00
8452,2007-09-28 10:00:00
8453,2007-09-28 09:00:00
8454,2007-09-28 08:00:00
8455,2007-09-28 07:00:00
8456,2007-09-28 06:00:00
8457,2007-09-28 05:00:00
8458,2007-09-28 04:00:00
8459,2007-09-28 03:00:00
8460,2007-09-28 02:00:00
8461,2007-09-28 01:00:00
8462,2007-09-28 00:00:00
8463,2007-09-27 23:00:00
8464,2007-09-27 22:00:00
8465,2007-09-27 21:00:00
8466,2007-09-27 20:00:00
8467,2007-09-27 19:00:00
8468,2007-09-27 18:00:00
8469,2007-09-27 17:00:00
8470,2007-09-27 16:00:00
8471,2007-09-27 15:00:00
8472,2007-09-27 14:00:00
8473,2007-09-27 13:00:00
8474,2007-09-27 12:00:00
8475,2007-09-27 11:00:00
8476,2007-09-27 10:00:00
8477,2007-09-27 09:00:00
8478,2007-09-27 08:00:00
8479,2007-09-27 07:00:00
8480,2007-09-27 06:00:00
8481,2007-09-27 05:00:00
8482,2007-09-27 04:00:00
8483,2007-09-27 03:00:00
8484,2007-09-27 02:00:00
8485,2007-09-27 01:00:00
8569,2009-11-12 09:00:00
8570,2009-11-12 08:00:00
8571,2009-11-12 07:00:00
8572,2009-11-12 06:00:00
8573,2009-11-12 05:00:00
8574,2009-11-12 04:00:00
8575,2009-11-12 03:00:00
8576,2009-11-12 02:00:00
8577,2009-11-12 01:00:00
8578,2009-11-12 00:00:00
8579,2009-11-11 23:00:00
8580,2009-11-11 22:00:00
8581,2009-11-11 21:00:00
8582,2009-11-11 20:00:00
8583,2009-11-11 19:00:00
8584,2009-11-11 18:00:00
8585,2009-11-11 17:00:00
8586,2009-11-11 16:00:00
8587,2009-11-11 15:00:00
8588,2009-11-11 14:00:00
8589,2009-11-11 13:00:00
8590,2009-11-11 12:00:00
8591,2009-11-11 11:00:00
8592,2009-11-11 10:00:00
8593,2009-11-11 09:00:00
8594,2009-11-11 08:00:00
8595,2009-11-11 07:00:00
8596,2009-11-11 06:00:00
8597,2009-11-11 05:00:00
8598,2009-11-11 04:00:00
8599,2009-11-11 03:00:00
8600,2009-11-11 02:00:00
8601,2009-11-11 01:00:00
8602,2009-11-11 00:00:00
8603,2009-11-10 23:00:00
8604,2009-11-10 22:00:00
8605,2009-11-10 21:00:00
8606,2009-11-10 20:00:00
8607,2009-11-10 19:00:00
8608,2010-03-31 13:00:00
8609,2010-03-31 12:00:00
8610,2010-03-31 11:00:00
8611,2010-03-31 10:00:00
8612,2010-03-31 09:00:00
8613,2010-03-31 08:00:00
8614,2010-03-31 07:00:00
8615,2010-03-31 06:00:00
8616,2010-03-31 05:00:00
8617,2010-03-31 04:00:00
8618,2010-03-31 03:00:00
8619,2010-03-31 02:00:00
8620,2010-03-31 01:00:00
8621,2010-03-31 00:00:00
8622,2010-03-30 23:00:00
8623,2010-03-30 22:00:00
8624,2010-03-30 21:00:00
8625,2010-03-30 20:00:00
8626,2010-03-30 19:00:00
8627,2010-03-30 18:00:00
8628,2010-03-30 17:00:00
8629,2010-03-30 16:00:00
8630,2010-03-30 15:00:00
8631,2010-03-30 14:00:00
8632,2010-03-30 13:00:00
8633,2010-03-30 12:00:00
8634,2010-03-30 11:00:00
8635,2010-03-30 10:00:00
8636,2010-03-30 09:00:00
8637,2010-03-30 08:00:00
8638,2010-03-30 07:00:00
8639,2010-03-30 06:00:00
8640,2010-03-30 05:00:00
8641,2010-03-30 04:00:00
8642,2010-03-30 03:00:00
8643,2010-03-30 02:00:00
8644,2010-03-30 01:00:00
8645,2010-03-30 00:00:00
8646,2010-03-29 23:00:00
8647,2010-03-29 22:00:00
8648,2010-03-29 21:00:00
8649,2010-03-29 20:00:00
8650,2010-03-29 19:00:00
8651,2010-03-29 18:00:00
8652,2010-03-29 17:00:00
8653,2010-03-29 16:00:00
8654,2010-03-29 15:00:00
8655,2010-03-29 14:00:00
8656,2010-03-29 13:00:00
8657,2010-03-29 12:00:00
8658,2010-03-29 11:00:00
8659,2010-03-29 10:00:00
8660,2010-03-29 09:00:00
8661,2010-03-29 08:00:00
8662,2010-03-29 07:00:00
8663,2010-03-29 06:00:00
8664,2010-03-29 05:00:00
8665,2010-03-29 04:00:00
8666,2010-03-29 03:00:00
8667,2010-03-29 02:00:00
8668,2010-03-29 01:00:00
8695,2010-12-18 07:00:00
8696,2010-12-18 06:00:00
8697,2010-12-18 05:00:00
8698,2010-12-18 04:00:00
8755,2014-11-02 08:00:00
8756,2014-11-02 07:00:00
8757,2014-11-02 06:00:00
8758,2014-11-02 05:00:00
8759,2014-11-02 04:00:00
8760,2014-11-02 03:00:00
8761,2014-11-02 02:00:00
8762,2014-11-02 01:00:00
8763,2014-11-02 00:00:00
8764,2014-11-01 23:00:00
8765,2014-11-01 22:00:00
8766,2014-11-01 21:00:00
8767,2014-11-01 20:00:00
8768,2014-11-01 19:00:00
8769,2014-11-01 18:00:00
8770,2014-11-01 17:00:00
8771,2014-11-01 16:00:00
8772,2014-11-01 15:00:00
8773,2014-11-01 14:00:00
8774,2014-11-01 13:00:00
8775,2014-11-01 12:00:00
8776,2014-11-01 11:00:00
8777,2014-11-01 10:00:00
8778,2014-11-01 09:00:00
8779,2014-11-01 08:00:00
8780,2014-11-01 07:00:00
8781,2014-11-01 06:00:00
8782,2014-11-01 05:00:00
8783,2014-11-01 04:00:00
8784,2014-11-01 03:00:00
8785,2014-11-01 02:00:00
8786,2014-11-01 01:00:00
8787,2014-11-01 00:00:00
8788,2014-10-31 23:00:00
8789,2014-10-31 22:00:00
8790,2014-10-31 21:00:00
8791,2014-10-31 20:00:00
8792,2014-10-31 19:00:00
8793,2014-10-31 18:00:00
8794,2014-10-31 17:00:00
8795,2014-10-31 16:00:00
8796,2014-10-31 15:00:00
8797,2014-10-31 14:00:00
8798,2014-10-31 13:00:00
8799,2014-10-31 12:00:00
8800,2014-10-31 11:00:00
8801,2014-10-31 10:00:00
8802,2014-10-31 09:00:00
8803,2014-10-31 08:00:00
8804,2014-10-31 07:00:00
8805,2014-10-31 06:00:00
8806,2014-10-31 05:00:00
8807,2014-10-31 04:00:00
8808,2014-10-31 03:00:00
8809,2014-10-31 02:00:00
8810,2014-10-31 01:00:00
8811,2016-09-22 07:00:00
8812,2016-09-22 06:00:00
8813,2016-09-22 05:00:00
8814,2016-09-22 04:00:00
8815,2016-09-22 03:00:00
8816,2016-09-22 02:00:00
8817,2016-09-22 01:00:00
8818,2016-09-22 00:00:00
8819,2016-09-21 23:00:00
8820,2016-09-21 22:00:00
8821,2016-09-21 21:00:00
8822,2016-09-21 20:00:00
8823,2016-09-21 19:00:00
8824,2016-09-21 18:00:00
8825,2016-09-21 17:00:00
8826,2016-09-21 16:00:00
8827,2016-09-21 15:00:00
8828,2016-09-21 14:00:00
8829,2016-09-21 13:00:00
8830,2016-09-21 12:00:00
8831,2016-09-21 11:00:00
8832,2016-09-21 10:00:00
8833,2016-09-21 09:00:00
8834,2016-09-21 08:00:00
8835,2016-09-21 07:00:00
8836,2016-09-21 06:00:00
8837,2016-09-21 05:00:00
8838,2016-09-21 04:00:00
8839,2016-09-21 03:00:00
8840,2016-09-21 02:00:00
8841,2016-09-21 01:00:00
8842,2016-09-21 00:00:00
8843,2016-09-20 23:00:00
8844,2016-09-20 22:00:00
8845,2016-09-20 21:00:00
8846,2016-09-20 20:00:00
8847,2016-09-20 19:00:00
8848,2016-09-20 18:00:00
8849,2016-09-20 17:00:00
8850,2016-09-20 16:00:00
8851,2016-09-20 15:00:00
8852,2016-09-20 14:00:00
8853,2016-09-20 13:00:00
8854,2016-09-20 12:00:00
8855,2016-09-20 11:00:00
8856,2016-09-20 10:00:00
8857,2016-09-20 09:00:00
8858,2016-09-20 08:00:00
8859,2016-09-20 07:00:00
8860,2016-09-20 06:00:00
8861,2016-09-20 05:00:00
8862,2016-09-20 04:00:00
8863,2016-09-20 03:00:00
8864,2016-09-20 02:00:00
8865,2016-09-20 01:00:00
8866,2018-03-21 19:00:00
8871,2018-10-04 00:00:00
8872,2018-10-03 23:00:00
8873,2018-10-03 22:00:00
8874,2018-10-03 21:00:00
8875,2018-10-03 20:00:00
8876,2018-10-03 19:00:00
8877,2018-10-03 18:00:00
8878,2018-10-03 17:00:00
8879,2018-10-03 16:00:00
8880,2018-10-03 15:00:00
8881,2018-10-03 14:00:00
8882,2018-10-03 13:00:00
8883,2018-10-03 12:00:00
8884,2018-10-03 11:00:00
8885,2018-10-03 10:00:00
8886,2018-10-03 09:00:00
8887,2018-10-03 08:00:00
8888,2018-10-03 07:00:00
8889,2018-10-03 06:00:00
8890,2018-10-03 05:00:00
8891,2018-10-03 04:00:00
8892,2018-10-03 03:00:00
8893,2018-10-03 02:00:00
8894,2018-10-03 01:00:00
8895,2018-10-03 00:00:00
8896,2018-10-02 23:00:00
8897,2018-10-02 22:00:00
8898,2018-10-02 21:00:00
8899,2018-10-02 20:00:00
8900,2018-10-02 19:00:00
8901,2018-10-02 18:00:00
8902,2018-10-02 17:00:00
8903,2018-10-02 16:00:00
8904,2018-10-02 15:00:00
8905,2018-10-02 14:00:00
8906,2018-10-02 13:00:00
8907,2018-10-02 12:00:00
8908,2018-10-02 11:00:00
8909,2018-10-02 10:00:00
8910,2018-10-02 09:00:00
8911,2018-10-02 08:00:00
8912,2018-10-02 07:00:00
8913,2018-10-02 06:00:00
8914,2018-10-02 05:00:00
8915,2018-10-02 04:00:00
8916,2018-10-02 03:00:00
8917,2018-10-02 02:00:00
8918,2018-10-02 01:00:00
8919,2019-01-17 07:00:00
8920,2019-01-17 06:00:00
8921,2019-01-17 05:00:00
8922,2019-01-17 04:00:00
8923,2019-01-17 03:00:00
8924,2019-01-17 02:00:00
8925,2019-01-17 01:00:00
8926,2019-01-17 00:00:00
8927,2019-01-16 23:00:00
8928,2019-01-16 22:00:00
8929,2019-01-16 21:00:00
8930,2019-01-16 20:00:00
8931,2019-01-16 19:00:00
8932,2019-01-16 18:00:00
8933,2019-01-16 17:00:00
8934,2019-01-16 16:00:00
8935,2019-01-16 15:00:00
8936,2019-01-16 14:00:00
8937,2019-01-16 13:00:00
8938,2019-01-16 12:00:00
8939,2019-01-16 11:00:00
8940,2019-01-16 10:00:00
8941,2019-01-16 09:00:00
8942,2019-01-16 08:00:00
8943,2019-01-16 07:00:00
8944,2020-06-06 12:00:00
8945,2020-06-06 11:00:00
8946,2020-06-06 10:00:00
8947,2020-06-06 09:00:00
8948,2020-06-06 08:00:00
8949,2020-06-06 07:00:00
8950,2020-06-06 06:00:00
8951,2020-06-06 05:00:00
8952,2020-06-06 04:00:00
8953,2020-06-06 03:00:00
8954,2020-06-06 02:00:00
8955,2020-06-06 01:00:00
8956,2020-06-06 00:00:00
8957,2020-06-05 23:00:00
8958,2020-06-05 22:00:00
8959,2020-06-05 21:00:00
8960,2020-06-05 20:00:00
8961,2020-06-05 19:00:00
8962,2020-06-05 18:00:00
8963,2020-06-05 17:00:00
8964,2020-06-04 18:00:00
8965,2020-06-04 17:00:00
8966,2020-06-04 16:00:00
8967,2020-06-04 15:00:00
8968,2020-06-04 14:00:00
8969,2020-06-04 13:00:00
9054,2022-12-03 23:00:00
9055,2022-12-03 22:00:00
9056,2022-12-03 21:00:00
9057,2022-12-03 20:00:00
9058,2022-12-03 19:00:00
9059,2022-12-03 18:00:00
9060,2022-12-03 17:00:00
9061,2022-12-03 16:00:00
9062,2022-12-03 15:00:00
9063,2022-12-03 14:00:00
9064,2022-12-03 13:00:00
9065,2022-12-03 12:00:00
9066,2022-12-03 11:00:00
9067,2022-12-03 10:00:00
9068,2022-12-03 09:00:00
9069,2022-12-03 08:00:00
9070,2022-12-03 07:00:00
9071,2022-12-03 06:00:00
9072,2022-12-03 05:00:00
9073,2022-12-03 04:00:00
9074,2022-12-03 03:00:00
9075,2022-12-03 02:00:00
9076,2022-12-03 01:00:00
9097,2001-02-26 14:00:00
9098,2001-02-26 13:00:00
9099,2001-02-26 12:00:00
9100,2001-02-26 11:00:00
9101,2001-02-26 10:00:00
9102,2001-02-26 09:00:00
9103,2001-02-26 08:00:00
9104,2001-02-26 07:00:00
9105,2001-02-26 06:00:00
9106,2001-02-26 05:00:00
9107,2001-02-26 04:00:00
9108,2001-02-26 03:00:00
9109,2001-02-26 02:00:00
9110,2001-02-26 01:00:00
9111,2001-02-26 00:00:00
9112,2001-02-25 23:00:00
9113,2001-02-25 22:00:00
9114,2001-02-25 21:00:00
9115,2001-02-25 20:00:00
9116,2001-02-25 19:00:00
9117,2001-02-25 18:00:00
9118,2001-02-25 17:00:00
9119,2001-02-25 16:00:00
9120,2001-02-25 15:00:00
9121,2001-02-25 14:00:00
9122,2001-02-25 13:00:00
9123,2001-02-25 12:00:00
9124,2001-02-25 11:00:00
9125,2001-02-25 10:00:00
9126,2001-02-25 09:00:00
9127,2001-02-25 08:00:00
9128,2001-02-25 07:00:00
9129,2001-02-25 06:00:00
9130,2001-02-25 05:00:00
9131,2001-02-25 04:00:00
9132,2001-02-25 00:00:00
9133,2001-02-24 23:00:00
9134,2001-02-24 22:00:00
9135,2001-02-24 21:00:00
9136,2001-02-24 13:00:00
9137,2001-02-24 12:00:00
9138,2001-02-24 11:00:00
9139,2001-02-24 10:00:00
9140,2001-02-24 09:00:00
9141,2001-02-24 08:00:00
9142,2001-02-24 07:00:00
9143,2001-02-24 06:00:00
9144,2001-02-28 15:00:00
9145,2001-02-28 14:00:00
9146,2001-02-28 13:00:00
9147,2001-02-28 12:00:00
9148,2001-02-28 11:00:00
9149,2001-02-28 10:00:00
9150,2001-02-28 09:00:00
9151,2001-02-28 08:00:00
9152,2001-02-28 07:00:00
9153,2001-02-28 06:00:00
9154,2001-02-28 05:00:00
9155,2001-02-28 04:00:00
9156,2001-02-28 03:00:00
9157,2001-02-28 02:00:00
9158,2001-02-28 01:00:00
9159,2001-02-28 00:00:00
9160,2001-02-27 23:00:00
9161,2001-02-27 22:00:00
9162,2001-02-27 21:00:00
9163,2001-02-27 20:00:00
9164,2001-02-27 19:00:00
9165,2001-02-27 18:00:00
9166,2001-02-27 17:00:00
9167,2001-02-27 16:00:00
9168,2001-02-27 15:00:00
9169,2001-02-27 14:00:00
9170,2001-04-06 10:00:00
9171,2001-04-06 09:00:00
9172,2001-04-06 08:00:00
9173,2001-04-06 07:00:00
9174,2001-04-06 06:00:00
9175,2001-04-06 05:00:00
9176,2001-04-06 04:00:00
9177,2001-04-06 03:00:00
9178,2001-04-06 02:00:00
9179,2001-04-06 01:00:00
9180,2001-04-06 00:00:00
9181,2001-04-05 23:00:00
9182,2001-04-05 22:00:00
9183,2001-04-05 21:00:00
9184,2001-04-05 20:00:00
9185,2001-04-05 19:00:00
9186,2001-04-05 18:00:00
9187,2001-04-05 17:00:00
9188,2001-04-05 16:00:00
9189,2001-04-05 15:00:00
9190,2001-04-05 14:00:00
9191,2001-04-05 13:00:00
9192,2001-04-05 12:00:00
9193,2001-04-05 11:00:00
9194,2001-04-05 10:00:00
9195,2001-04-05 09:00:00
9196,2001-04-05 08:00:00
9197,2001-04-05 07:00:00
9198,2001-04-05 06:00:00
9199,2001-04-05 05:00:00
9200,2001-11-25 02:00:00
9201,2001-11-25 01:00:00
9202,2001-11-25 00:00:00
9203,2001-11-24 23:00:00
9204,2001-11-24 22:00:00
9205,2001-11-24 21:00:00
9206,2002-09-08 07:00:00
9207,2002-09-08 06:00:00
9208,2002-09-08 05:00:00
9209,2002-09-08 04:00:00
9210,2002-09-08 03:00:00
9211,2002-09-08 02:00:00
9212,2002-09-08 01:00:00
9213,2002-09-08 00:00:00
9214,2002-09-07 23:00:00
9215,2002-09-07 22:00:00
9216,2002-09-07 21:00:00
9217,2002-09-07 20:00:00
9218,2002-09-07 19:00:00
9219,2002-09-07 18:00:00
9220,2002-09-07 17:00:00
9221,2002-09-07 16:00:00
9222,2002-09-07 15:00:00
9223,2002-09-07 14:00:00
9224,2002-09-07 13:00:00
9225,2002-09-07 12:00:00
9226,2002-09-07 11:00:00
9227,2002-09-07 10:00:00
9228,2002-09-07 09:00:00
9229,2002-09-07 08:00:00
9230,2002-09-07 07:00:00
9231,2002-09-07 06:00:00
9232,2002-09-07 05:00:00
9233,2002-09-07 04:00:00
9234,2002-09-07 03:00:00
9235,2002-09-07 02:00:00
9236,2002-09-07 01:00:00
9237,2002-09-18 00:00:00
9238,2002-09-17 23:00:00
9239,2002-09-17 22:00:00
9240,2002-09-17 21:00:00
9241,2002-09-17 20:00:00
9242,2002-09-17 19:00:00
9243,2002-09-17 18:00:00
9244,2002-09-17 17:00:00
9245,2002-09-17 16:00:00
9246,2002-09-17 15:00:00
9247,2002-09-17 14:00:00
9248,2002-09-17 13:00:00
9249,2002-09-17 12:00:00
9250,2002-09-17 11:00:00
9251,2002-09-17 10:00:00
9252,2002-09-17 09:00:00
9253,2002-09-17 08:00:00
9254,2002-09-17 07:00:00
9255,2002-09-17 06:00:00
9256,2002-09-17 05:00:00
9257,2002-09-17 04:00:00
9258,2002-09-17 03:00:00
9259,2002-09-17 02:00:00
9260,2002-09-17 01:00:00
9261,2002-09-17 00:00:00
9262,2002-09-16 23:00:00
9263,2002-09-16 22:00:00
9331,2003-11-13 18:00:00
9332,2003-11-13 17:00:00
9333,2003-11-13 16:00:00
9334,2003-11-13 15:00:00
9335,2003-11-13 14:00:00
9336,2003-11-13 13:00:00
9337,2003-11-13 12:00:00
9338,2003-11-13 11:00:00
9339,2003-11-13 10:00:00
9340,2003-11-13 09:00:00
9341,2003-11-13 08:00:00
9342,2003-11-13 07:00:00
9343,2003-11-13 06:00:00
9344,2003-11-13 05:00:00
9345,2003-11-13 04:00:00
9346,2003-11-13 03:00:00
9347,2003-11-13 02:00:00
9348,2003-11-13 01:00:00
9349,2003-11-13 00:00:00
9350,2003-11-12 23:00:00
9351,2003-11-12 22:00:00
9352,2003-11-12 21:00:00
9353,2003-11-12 20:00:00
9354,2003-11-12 19:00:00
9355,2003-11-12 18:00:00
9361,2004-01-03 17:00:00
9362,2004-01-03 16:00:00
9363,2004-01-03 15:00:00
9364,2004-01-03 14:00:00
9365,2004-01-03 13:00:00
9366,2004-01-03 12:00:00
9367,2004-01-03 11:00:00
9368,2004-01-03 10:00:00
9369,2004-01-03 09:00:00
9370,2004-01-03 08:00:00
9371,2004-01-03 07:00:00
9372,2004-01-03 06:00:00
9373,2004-01-03 05:00:00
9374,2004-01-03 04:00:00
9375,2004-01-03 03:00:00
9376,2004-01-03 02:00:00
9377,2004-01-03 01:00:00
9378,2004-01-03 00:00:00
9379,2004-01-02 23:00:00
9380,2004-01-02 22:00:00
9381,2004-01-02 21:00:00
9382,2004-01-02 20:00:00
9383,2004-01-02 19:00:00
9384,2004-01-02 18:00:00
9385,2004-01-02 17:00:00
9386,2004-01-02 16:00:00
9426,2004-09-04 17:00:00
9427,2004-09-04 16:00:00
9428,2004-09-04 15:00:00
9473,2004-09-02 18:00:00
9474,2004-09-02 17:00:00
9475,2004-09-02 16:00:00
9476,2004-09-02 15:00:00
9477,2004-09-02 14:00:00
9478,2004-09-02 13:00:00
9479,2004-09-02 12:00:00
9480,2004-09-02 11:00:00
9481,2004-09-02 10:00:00
9482,2004-09-02 09:00:00
9483,2004-09-02 08:00:00
9484,2004-09-02 07:00:00
9485,2004-09-02 06:00:00
9486,2004-09-02 05:00:00
9487,2004-09-02 04:00:00
9488,2004-09-02 03:00:00
9489,2004-09-02 02:00:00
9490,2004-09-02 01:00:00
9491,2004-12-29 21:00:00
9492,2004-12-29 20:00:00
9515,2005-01-04 19:00:00
9516,2005-01-04 18:00:00
9517,2005-01-04 17:00:00
9552,2005-01-08 17:00:00
9553,2005-01-08 16:00:00
9589,2005-03-20 12:00:00
9590,2005-03-20 11:00:00
9591,2005-03-20 10:00:00
9592,2005-03-20 09:00:00
9593,2005-03-20 08:00:00
9594,2005-03-20 07:00:00
9595,2005-03-20 06:00:00
9596,2005-03-20 05:00:00
9597,2005-03-20 04:00:00
9598,2005-03-20 03:00:00
9599,2005-03-20 02:00:00
9600,2005-03-20 01:00:00
9601,2005-03-20 00:00:00
9602,2005-03-19 23:00:00
9603,2005-03-19 22:00:00
9604,2005-03-19 21:00:00
9605,2005-03-19 20:00:00
9606,2005-03-19 19:00:00
9607,2005-03-19 18:00:00
9608,2005-03-19 17:00:00
9609,2005-03-19 16:00:00
9610,2005-03-19 15:00:00
9611,2005-03-19 14:00:00
9612,2005-03-19 13:00:00
9613,2005-03-19 12:00:00
9614,2005-03-19 11:00:00
9615,2005-03-19 10:00:00
9616,2005-03-19 09:00:00
9617,2005-03-19 08:00:00
9618,2005-03-19 07:00:00
9619,2005-03-19 06:00:00
9620,2005-03-19 05:00:00
9621,2005-03-19 04:00:00
9622,2005-03-19 03:00:00
9623,2005-03-19 02:00:00
9624,2005-03-19 01:00:00
9625,2005-03-19 00:00:00
9626,2005-03-18 23:00:00
9627,2005-03-18 22:00:00
9628,2005-03-18 21:00:00
9629,2005-03-18 20:00:00
9630,2005-03-18 19:00:00
9631,2005-03-18 18:00:00
9632,2005-03-18 17:00:00
9633,2005-03-18 16:00:00
9634,2005-03-18 15:00:00
9635,2005-03-18 14:00:00
9636,2005-03-18 13:00:00
9637,2005-03-18 12:00:00
9638,2005-03-18 11:00:00
9639,2005-03-18 10:00:00
9640,2005-03-18 09:00:00
9641,2005-03-18 08:00:00
9642,2005-03-18 07:00:00
9643,2005-03-18 06:00:00
9644,2005-03-18 05:00:00
9645,2005-03-18 04:00:00
9646,2005-03-18 03:00:00
9647,2005-03-18 02:00:00
9648,2005-03-18 01:00:00
9668,2006-02-17 17:00:00
9669,2006-02-17 16:00:00
9670,2006-02-17 15:00:00
9671,2006-02-17 14:00:00
9672,2006-02-17 13:00:00
9673,2006-02-17 12:00:00
9674,2006-02-17 11:00:00
9675,2006-02-17 10:00:00
9676,2006-02-17 09:00:00
9677,2006-02-17 08:00:00
9678,2006-02-17 07:00:00
9679,2006-02-17 06:00:00
9680,2006-02-17 05:00:00
9681,2006-02-17 04:00:00
9682,2006-02-17 03:00:00
9683,2006-02-17 02:00:00
9684,2006-02-17 01:00:00
9685,2006-02-17 00:00:00
9686,2006-02-16 23:00:00
9687,2006-02-16 22:00:00
9688,2006-02-16 21:00:00
9689,2006-02-16 20:00:00
9690,2006-02-16 19:00:00
9691,2006-02-16 18:00:00
9692,2006-02-16 17:00:00
9693,2006-02-16 16:00:00
9694,2006-02-16 15:00:00
9695,2006-02-16 14:00:00
9696,2006-02-16 13:00:00
9697,2006-02-16 12:00:00
9698,2006-02-16 11:00:00
9699,2006-02-16 10:00:00
9700,2006-02-16 09:00:00
9701,2006-02-16 08:00:00
9702,2006-03-11 14:00:00
9703,2006-03-11 13:00:00
9704,2006-03-11 12:00:00
9705,2006-03-11 11:00:00
9706,2006-03-11 10:00:00
9707,2006-03-11 09:00:00
9708,2006-03-11 08:00:00
9709,2006-03-11 07:00:00
9710,2006-03-11 06:00:00
9711,2006-03-11 05:00:00
9712,2006-03-11 04:00:00
9713,2006-03-11 03:00:00
9714,2006-03-11 02:00:00
9715,2006-03-11 01:00:00
9716,2006-03-11 00:00:00
9717,2006-03-10 23:00:00
9718,2006-03-10 22:00:00
9719,2006-03-10 21:00:00
9720,2006-03-10 20:00:00
9721,2006-03-10 19:00:00
9722,2006-03-10 18:00:00
9723,2006-03-10 17:00:00
9724,2006-03-10 16:00:00
9725,2006-03-10 15:00:00
9726,2006-03-10 14:00:00
9727,2006-03-10 13:00:00
9728,2006-03-10 12:00:00
9729,2006-03-10 11:00:00
9730,2006-03-10 10:00:00
9731,2006-03-10 09:00:00
9732,2006-03-10 08:00:00
9733,2006-03-12 09:00:00
9734,2006-03-12 08:00:00
9735,2006-03-12 07:00:00
9736,2006-03-12 06:00:00
9737,2006-03-12 05:00:00
9738,2006-03-12 04:00:00
9739,2006-03-12 03:00:00
9740,2006-03-12 02:00:00
9741,2006-03-12 01:00:00
9742,2006-03-12 00:00:00
9743,2006-03-11 23:00:00
9744,2006-03-11 22:00:00
9745,2006-03-11 21:00:00
9746,2006-03-11 20:00:00
9747,2006-03-11 19:00:00
9748,2006-03-11 18:00:00
9749,2007-01-12 19:00:00
9750,2007-01-12 18:00:00
9751,2007-01-12 17:00:00
9752,2007-01-12 16:00:00
9753,2007-01-12 15:00:00
9754,2007-01-12 14:00:00
9755,2007-01-12 13:00:00
9756,2007-01-12 12:00:00
9757,2007-01-12 11:00:00
9758,2007-01-12 10:00:00
9759,2007-01-12 09:00:00
9760,2007-01-12 08:00:00
9761,2007-01-12 07:00:00
9762,2007-01-12 06:00:00
9763,2007-01-12 05:00:00
9764,2007-01-12 04:00:00
9765,2007-01-12 03:00:00
9785,2007-09-17 16:00:00
9786,2007-09-17 15:00:00
9787,2007-09-17 14:00:00
9788,2007-09-17 13:00:00
9789,2007-09-17 12:00:00
9790,2007-09-17 11:00:00
9791,2007-09-17 10:00:00
9893,2007-12-01 20:00:00
9956,2007-12-08 12:00:00
9957,2007-12-08 11:00:00
9958,2007-12-08 10:00:00
9959,2007-12-08 09:00:00
9960,2007-12-08 08:00:00
9961,2007-12-08 07:00:00
9962,2007-12-08 06:00:00
9963,2007-12-08 05:00:00
9964,2007-12-08 04:00:00
9965,2007-12-08 03:00:00
9966,2007-12-08 02:00:00
9967,2007-12-08 01:00:00
9968,2007-12-08 00:00:00
9969,2007-12-07 23:00:00
9970,2007-12-07 22:00:00
9971,2007-12-07 21:00:00
9972,2007-12-07 20:00:00
9999,2007-12-10 17:00:00
10000,2007-12-10 16:00:00
10001,2007-12-10 15:00:00
10002,2007-12-10 14:00:00
10003,2007-12-10 13:00:00
10004,2007-12-10 12:00:00
10005,2007-12-10 11:00:00
10006,2007-12-10 10:00:00
10007,2007-12-10 09:00:00
10008,2007-12-10 08:00:00
10009,2007-12-10 07:00:00
10063,2008-01-06 14:00:00
10064,2008-01-06 13:00:00
10065,2008-01-06 12:00:00
10066,2008-01-06 11:00:00
10075,2008-01-07 15:00:00
10076,2008-01-07 14:00:00
10077,2008-01-07 13:00:00
10078,2008-01-07 12:00:00
10079,2008-01-07 11:00:00
10080,2008-01-07 10:00:00
10081,2008-01-07 09:00:00
10082,2008-01-07 08:00:00
10083,2008-01-07 07:00:00
10084,2008-01-07 06:00:00
10085,2008-01-07 05:00:00
10086,2008-01-07 04:00:00
10087,2008-01-07 03:00:00
10088,2008-01-07 02:00:00
10089,2008-01-07 01:00:00
10090,2008-01-07 00:00:00
10091,2008-01-06 23:00:00
10092,2008-01-06 22:00:00
10093,2008-01-06 21:00:00
10094,2008-01-06 20:00:00
10095,2008-01-06 19:00:00
10096,2008-01-06 18:00:00
10097,2008-01-06 17:00:00
10098,2008-01-06 16:00:00
10099,2008-01-06 15:00:00
10116,2008-01-05 22:00:00
10117,2008-01-05 21:00:00
10118,2008-01-05 20:00:00
10119,2008-01-05 19:00:00
10121,2008-01-28 17:00:00
10122,2008-01-28 16:00:00
10131,2008-02-04 13:00:00
10132,2008-02-04 12:00:00
10133,2008-02-04 11:00:00
10134,2008-02-04 10:00:00
10135,2008-02-04 09:00:00
10136,2008-02-04 08:00:00
10137,2008-02-04 07:00:00
10138,2008-02-04 06:00:00
10139,2008-02-04 05:00:00
10140,2008-02-04 04:00:00
10141,2008-02-04 03:00:00
10142,2008-02-04 02:00:00
10143,2008-02-04 01:00:00
10144,2008-02-04 00:00:00
10145,2008-10-11 18:00:00
10146,2008-10-11 17:00:00
10147,2008-10-11 16:00:00
10148,2008-10-11 15:00:00
10149,2008-10-11 14:00:00
10150,2008-10-11 13:00:00
10151,2008-10-11 12:00:00
10152,2008-10-11 11:00:00
10153,2008-10-11 10:00:00
10154,2008-10-11 09:00:00
10155,2008-10-11 08:00:00
10156,2008-10-11 07:00:00
10157,2008-10-11 06:00:00
10158,2008-10-11 05:00:00
10159,2008-10-11 04:00:00
10160,2008-10-11 03:00:00
10161,2008-10-11 02:00:00
10162,2008-10-11 01:00:00
10163,2008-10-11 00:00:00
10164,2008-10-10 23:00:00
10165,2008-10-10 22:00:00
10166,2008-10-10 21:00:00
10167,2008-10-10 20:00:00
10168,2008-10-10 19:00:00
10169,2008-10-10 18:00:00
10170,2008-10-10 17:00:00
10171,2008-10-10 16:00:00
10172,2008-10-10 15:00:00
10173,2008-10-10 14:00:00
10174,2008-10-10 13:00:00
10175,2008-10-10 12:00:00
10176,2008-10-10 11:00:00
10177,2008-10-10 10:00:00
10178,2008-10-10 09:00:00
10179,2008-10-10 08:00:00
10180,2008-10-10 07:00:00
10181,2008-10-10 06:00:00
10182,2008-10-10 05:00:00
10183,2008-10-10 04:00:00
10184,2008-10-10 03:00:00
10185,2008-10-10 02:00:00
10186,2008-10-10 01:00:00
10187,2008-10-10 00:00:00
10188,2008-10-09 23:00:00
10189,2008-10-09 22:00:00
10190,2008-10-09 21:00:00
10191,2008-10-09 20:00:00
10192,2008-10-09 19:00:00
10193,2008-12-15 18:00:00
10219,2008-12-16 14:00:00
10220,2008-12-16 13:00:00
10221,2008-12-16 12:00:00
10222,2008-12-16 11:00:00
10223,2008-12-16 10:00:00
10224,2008-12-16 09:00:00
10225,2008-12-16 08:00:00
10226,2008-12-16 07:00:00
10227,2008-12-16 06:00:00
10228,2008-12-16 05:00:00
10229,2008-12-16 04:00:00
10230,2008-12-16 03:00:00
10231,2008-12-16 02:00:00
10232,2008-12-16 01:00:00
10233,2008-12-16 00:00:00
10234,2008-12-15 23:00:00
10235,2008-12-15 22:00:00
10236,2008-12-22 16:00:00
10237,2008-12-22 15:00:00
10238,2008-12-22 14:00:00
10239,2008-12-22 13:00:00
10240,2008-12-22 12:00:00
10241,2008-12-22 11:00:00
10242,2008-12-22 10:00:00
10243,2008-12-22 09:00:00
10244,2008-12-22 08:00:00
10245,2008-12-22 07:00:00
10246,2008-12-22 06:00:00
10265,2009-11-14 15:00:00
10266,2009-11-14 14:00:00
10267,2009-11-14 13:00:00
10268,2009-11-14 12:00:00
10269,2009-11-14 11:00:00
10270,2009-11-14 10:00:00
10271,2009-11-14 09:00:00
10272,2009-11-14 08:00:00
10273,2009-11-14 07:00:00
10274,2009-11-14 06:00:00
10275,2009-11-14 05:00:00
10276,2009-11-14 04:00:00
10277,2009-11-14 03:00:00
10278,2009-11-14 02:00:00
10279,2009-11-14 01:00:00
10280,2009-11-14 00:00:00
10281,2009-11-13 23:00:00
10282,2009-11-13 22:00:00
10283,2009-11-13 21:00:00
10284,2009-11-13 20:00:00
10285,2009-11-13 19:00:00
10286,2009-11-13 18:00:00
10287,2009-11-13 17:00:00
10288,2009-11-13 16:00:00
10289,2009-11-13 15:00:00
10290,2009-11-13 14:00:00
10291,2009-11-13 13:00:00
10292,2009-11-13 12:00:00
10293,2009-11-13 11:00:00
10294,2009-11-13 10:00:00
10295,2009-11-13 09:00:00
10296,2009-11-13 08:00:00
10297,2009-11-13 07:00:00
10298,2009-11-13 06:00:00
10299,2009-11-13 05:00:00
10300,2009-11-13 04:00:00
10301,2009-11-13 03:00:00
10302,2009-11-13 02:00:00
10303,2009-11-13 01:00:00
10304,2009-11-13 00:00:00
10305,2009-11-12 23:00:00
10306,2009-11-12 22:00:00
10307,2009-11-12 21:00:00
10308,2009-11-12 20:00:00
10309,2009-11-12 19:00:00
10310,2009-11-12 18:00:00
10311,2009-11-12 17:00:00
10312,2009-11-12 16:00:00
10313,2009-11-12 15:00:00
10314,2009-11-12 14:00:00
10315,2009-11-12 13:00:00
10316,2009-11-12 12:00:00
10317,2009-11-12 11:00:00
10318,2009-11-12 10:00:00
10328,2009-12-07 19:00:00
10415,2009-12-13 17:00:00
10416,2009-12-13 16:00:00
10417,2009-12-13 15:00:00
10418,2009-12-13 14:00:00
10419,2009-12-13 13:00:00
10420,2009-12-13 12:00:00
10421,2009-12-13 11:00:00
10422,2009-12-13 10:00:00
10423,2009-12-13 09:00:00
10424,2009-12-13 08:00:00
10425,2009-12-13 07:00:00
10426,2009-12-13 06:00:00
10427,2009-12-13 05:00:00
10428,2009-12-13 04:00:00
10429,2009-12-13 03:00:00
10430,2009-12-13 02:00:00
10431,2009-12-13 01:00:00
10432,2009-12-13 00:00:00
10433,2009-12-12 23:00:00
10434,2009-12-12 22:00:00
10435,2009-12-12 21:00:00
10436,2009-12-12 20:00:00
10437,2009-12-12 19:00:00
10438,2009-12-12 18:00:00
10439,2009-12-12 17:00:00
10440,2009-12-12 16:00:00
10441,2009-12-12 15:00:00
10442,2009-12-12 14:00:00
10443,2009-12-12 13:00:00
10444,2009-12-12 12:00:00
10445,2009-12-12 11:00:00
10446,2009-12-12 10:00:00
10447,2009-12-12 09:00:00
10448,2009-12-12 08:00:00
10449,2009-12-12 07:00:00
10450,2009-12-12 06:00:00
10451,2009-12-12 05:00:00
10452,2009-12-12 04:00:00
10453,2009-12-12 03:00:00
10454,2009-12-12 02:00:00
10455,2009-12-12 01:00:00
10456,2009-12-12 00:00:00
10457,2009-12-11 23:00:00
10458,2009-12-11 22:00:00
10459,2009-12-11 21:00:00
10460,2009-12-11 20:00:00
10461,2009-12-11 19:00:00
10462,2009-12-11 18:00:00
10463,2009-12-11 17:00:00
10464,2009-12-11 16:00:00
10465,2009-12-11 15:00:00
10466,2009-12-11 14:00:00
10467,2009-12-11 13:00:00
10468,2009-12-11 12:00:00
10469,2009-12-11 11:00:00
10470,2009-12-11 10:00:00
10516,2010-01-22 18:00:00
10517,2010-01-22 17:00:00
10518,2010-01-22 16:00:00
10519,2010-01-22 15:00:00
10520,2010-01-22 14:00:00
10521,2010-01-22 13:00:00
10522,2010-01-22 12:00:00
10523,2010-01-22 11:00:00
10524,2010-01-22 10:00:00
10525,2010-01-22 09:00:00
10526,2010-01-22 08:00:00
10527,2010-01-22 07:00:00
10528,2010-01-22 06:00:00
10529,2010-01-22 05:00:00
10530,2010-01-22 04:00:00
10531,2010-01-22 03:00:00
10532,2010-01-22 02:00:00
10534,2010-12-29 15:00:00
10535,2010-12-29 14:00:00
10536,2010-12-29 13:00:00
10537,2010-12-29 12:00:00
10538,2010-12-29 11:00:00
10539,2010-12-29 10:00:00
10540,2010-12-29 09:00:00
10541,2010-12-29 08:00:00
10542,2010-12-29 07:00:00
10543,2010-12-29 06:00:00
10544,2010-12-29 05:00:00
10545,2010-12-29 04:00:00
10546,2010-12-29 03:00:00
10547,2010-12-29 02:00:00
10548,2010-12-29 01:00:00
10549,2010-12-29 00:00:00
10550,2010-12-28 23:00:00
10551,2010-12-28 22:00:00
10552,2010-12-28 21:00:00
10553,2010-12-28 20:00:00
10554,2010-12-28 19:00:00
10555,2010-12-28 18:00:00
10556,2010-12-30 19:00:00
10557,2010-12-30 18:00:00
10558,2010-12-30 17:00:00
10559,2010-12-30 16:00:00
10560,2010-12-30 15:00:00
10561,2010-12-30 14:00:00
10562,2010-12-30 13:00:00
10563,2010-12-30 12:00:00
10564,2010-12-30 11:00:00
10565,2010-12-30 10:00:00
10566,2010-12-30 09:00:00
10567,2010-12-30 08:00:00
10568,2010-12-30 07:00:00
10569,2010-12-30 06:00:00
10570,2010-12-30 05:00:00
10571,2011-02-19 13:00:00
10572,2011-02-19 12:00:00
10573,2011-02-19 11:00:00
10574,2011-02-19 10:00:00
10575,2011-02-19 09:00:00
10576,2011-02-19 08:00:00
10577,2011-02-19 07:00:00
10606,2011-02-18 02:00:00
10607,2011-02-18 01:00:00
10608,2011-02-18 00:00:00
10609,2011-02-17 23:00:00
10610,2011-02-17 22:00:00
10611,2011-02-17 21:00:00
10612,2011-02-17 20:00:00
10613,2011-02-17 19:00:00
10614,2011-02-17 18:00:00
10615,2011-02-17 17:00:00
10616,2011-02-17 16:00:00
10617,2011-02-17 15:00:00
10618,2011-02-17 14:00:00
10619,2011-02-17 13:00:00
10620,2011-02-17 12:00:00
10621,2011-02-17 11:00:00
10622,2011-02-17 10:00:00
10623,2011-02-17 09:00:00
10624,2011-02-17 08:00:00
10625,2011-02-17 07:00:00
10626,2011-02-17 06:00:00
10627,2011-02-17 05:00:00
10628,2011-03-07 13:00:00
10629,2011-03-07 12:00:00
10630,2011-03-07 11:00:00
10631,2011-03-07 10:00:00
10632,2011-03-07 09:00:00
10633,2011-03-07 08:00:00
10634,2011-03-07 07:00:00
10635,2011-03-07 06:00:00
10636,2011-03-07 05:00:00
10637,2011-03-07 04:00:00
10638,2011-03-07 03:00:00
10639,2011-03-07 02:00:00
10640,2011-03-07 01:00:00
10641,2011-03-07 00:00:00
10642,2011-03-06 23:00:00
10643,2011-03-06 22:00:00
10644,2011-03-06 21:00:00
10645,2011-03-06 20:00:00
10646,2011-03-06 19:00:00
10647,2011-03-06 18:00:00
10648,2011-03-06 17:00:00
10649,2011-03-06 16:00:00
10650,2011-03-06 15:00:00
10651,2011-03-06 14:00:00
10652,2011-03-06 13:00:00
10653,2011-03-06 12:00:00
10654,2011-03-06 11:00:00
10655,2011-03-06 10:00:00
10656,2011-03-06 09:00:00
10657,2011-03-06 08:00:00
10658,2011-03-06 07:00:00
10659,2011-03-06 06:00:00
10660,2011-03-06 05:00:00
10661,2011-03-06 04:00:00
10662,2011-03-06 03:00:00
10663,2011-03-06 02:00:00
10664,2011-03-06 01:00:00
10665,2011-03-06 00:00:00
10666,2011-03-05 23:00:00
10667,2011-03-05 22:00:00
10668,2011-03-05 21:00:00
10669,2011-03-05 20:00:00
10670,2011-03-05 19:00:00
10671,2011-03-05 18:00:00
10672,2011-03-05 17:00:00
10673,2011-03-05 16:00:00
10674,2011-03-05 15:00:00
10675,2011-03-05 14:00:00
10676,2011-04-07 13:00:00
10677,2011-04-07 12:00:00
10678,2011-04-07 11:00:00
10679,2011-04-07 10:00:00
10680,2011-04-07 09:00:00
10681,2011-04-07 08:00:00
10682,2011-04-07 07:00:00
10683,2011-04-07 06:00:00
10684,2011-04-07 05:00:00
10685,2011-04-07 04:00:00
10686,2011-04-07 03:00:00
10687,2011-04-07 02:00:00
10688,2011-04-07 01:00:00
10689,2011-04-07 00:00:00
10690,2011-04-06 23:00:00
10691,2011-04-06 22:00:00
10692,2011-04-06 21:00:00
10693,2011-04-06 20:00:00
10694,2011-04-06 19:00:00
10695,2011-04-06 18:00:00
10696,2011-04-06 17:00:00
10697,2011-04-06 16:00:00
10698,2011-04-06 15:00:00
10699,2011-04-06 14:00:00
10700,2011-04-06 13:00:00
10701,2011-04-06 12:00:00
10702,2011-04-06 11:00:00
10703,2011-04-06 10:00:00
10704,2011-04-06 09:00:00
10705,2011-04-06 08:00:00
10706,2011-04-06 07:00:00
10707,2011-04-06 06:00:00
10708,2011-04-06 05:00:00
10709,2011-04-24 13:00:00
10710,2011-04-24 12:00:00
10711,2011-04-24 11:00:00
10712,2011-04-24 10:00:00
10713,2011-04-24 09:00:00
10736,2011-04-23 10:00:00
10737,2011-04-23 09:00:00
10738,2011-04-23 08:00:00
10739,2011-04-23 07:00:00
10740,2011-04-23 06:00:00
10741,2011-04-23 05:00:00
10742,2011-04-23 04:00:00
10743,2011-04-23 03:00:00
10744,2011-10-06 20:00:00
10745,2011-10-06 19:00:00
10746,2011-10-06 18:00:00
10747,2011-10-06 17:00:00
10748,2011-10-06 16:00:00
10749,2011-10-06 15:00:00
10750,2011-10-06 14:00:00
10751,2011-10-06 13:00:00
10752,2011-10-06 12:00:00
10753,2011-10-06 11:00:00
10771,2011-10-05 17:00:00
10772,2011-10-05 16:00:00
10773,2011-10-05 15:00:00
10774,2011-10-05 14:00:00
10775,2011-10-05 13:00:00
10776,2011-10-05 12:00:00
10777,2011-10-26 11:00:00
10778,2011-10-26 10:00:00
10779,2011-10-26 09:00:00
10780,2011-10-26 08:00:00
10781,2011-10-26 07:00:00
10782,2011-10-26 06:00:00
10783,2011-10-26 05:00:00
10784,2011-10-26 04:00:00
10785,2011-10-26 03:00:00
10786,2011-10-26 02:00:00
10787,2011-10-26 01:00:00
10788,2011-10-26 00:00:00
10789,2011-10-25 23:00:00
10790,2011-10-25 22:00:00
10791,2011-10-25 21:00:00
10792,2011-10-25 20:00:00
10793,2011-10-25 19:00:00
10794,2011-10-25 18:00:00
10795,2011-10-25 17:00:00
10796,2011-10-25 16:00:00
10797,2011-10-25 15:00:00
10798,2011-10-25 14:00:00
10799,2011-10-25 13:00:00
10800,2011-10-25 12:00:00
10801,2011-10-25 11:00:00
10802,2011-10-25 10:00:00
10803,2011-10-25 09:00:00
10804,2011-10-25 08:00:00
10805,2011-10-25 07:00:00
10806,2011-10-25 06:00:00
10807,2011-10-25 05:00:00
10808,2011-10-25 04:00:00
10809,2011-10-25 03:00:00
10810,2011-10-25 02:00:00
10811,2011-10-25 01:00:00
10812,2011-10-25 00:00:00
10813,2011-10-24 23:00:00
10814,2011-10-24 22:00:00
10815,2011-10-24 21:00:00
10816,2011-10-24 20:00:00
10817,2011-10-24 19:00:00
10818,2011-10-24 18:00:00
10819,2011-10-24 17:00:00
10820,2011-10-24 16:00:00
10821,2011-10-24 15:00:00
10822,2011-10-24 14:00:00
10823,2011-10-24 13:00:00
10824,2011-10-24 12:00:00
10825,2011-10-24 11:00:00
10826,2011-10-24 10:00:00
10827,2011-10-24 09:00:00
10828,2011-10-24 08:00:00
10829,2011-10-24 07:00:00
10830,2011-10-24 06:00:00
10831,2011-10-24 05:00:00
10832,2011-10-24 04:00:00
10833,2011-10-24 03:00:00
10834,2011-10-24 02:00:00
10835,2011-10-24 01:00:00
10836,2014-03-01 18:00:00
10837,2014-03-01 17:00:00
10838,2014-03-01 16:00:00
10839,2014-03-01 15:00:00
10840,2014-03-01 14:00:00
10841,2014-03-01 13:00:00
10842,2014-03-01 12:00:00
10843,2014-03-01 11:00:00
10860,2014-02-28 18:00:00
10861,2015-02-23 15:00:00
10862,2015-02-23 14:00:00
10863,2015-02-23 13:00:00
10864,2015-02-23 12:00:00
10865,2015-02-23 11:00:00
10866,2015-02-23 10:00:00
10867,2015-02-23 09:00:00
10868,2015-02-23 08:00:00
10869,2015-02-23 07:00:00
10870,2015-02-23 06:00:00
10871,2015-02-23 05:00:00
10872,2015-02-23 04:00:00
10873,2015-02-23 03:00:00
10874,2015-02-23 02:00:00
10875,2015-02-23 01:00:00
10876,2015-02-23 00:00:00
10877,2015-02-22 23:00:00
10878,2015-02-22 22:00:00
10879,2015-02-22 21:00:00
10880,2015-02-22 20:00:00
10881,2015-02-22 19:00:00
10882,2015-02-22 18:00:00
10883,2015-02-22 17:00:00
10884,2015-02-22 16:00:00
10911,2015-02-28 16:00:00
10912,2015-02-28 15:00:00
10913,2015-02-28 14:00:00
10914,2015-02-28 13:00:00
10915,2015-02-28 12:00:00
10916,2015-02-28 11:00:00
10917,2015-02-28 10:00:00
10918,2015-02-28 09:00:00
10919,2015-02-28 08:00:00
10920,2015-02-28 07:00:00
10921,2015-02-28 06:00:00
10922,2015-02-28 05:00:00
10923,2015-02-28 04:00:00
10924,2015-02-28 03:00:00
10925,2015-02-28 02:00:00
10926,2015-02-28 01:00:00
10927,2015-02-28 00:00:00
10928,2015-02-27 23:00:00
10929,2015-02-27 22:00:00
10930,2015-02-27 21:00:00
10931,2015-02-27 20:00:00
10932,2015-02-27 19:00:00
10933,2015-02-27 18:00:00
10934,2015-02-27 17:00:00
10935,2015-02-27 16:00:00
10936,2015-02-27 15:00:00
10937,2015-02-27 14:00:00
10938,2015-02-27 13:00:00
10939,2015-02-27 12:00:00
10940,2015-02-27 11:00:00
10941,2015-02-27 10:00:00
10942,2015-02-27 09:00:00
10943,2015-02-27 08:00:00
10944,2015-02-27 07:00:00
10945,2015-02-27 06:00:00
10946,2015-02-27 05:00:00
10947,2015-02-27 04:00:00
10948,2015-02-27 03:00:00
10949,2015-02-27 02:00:00
10950,2015-02-27 01:00:00
10951,2015-02-27 00:00:00
10952,2015-02-26 23:00:00
10953,2015-02-26 22:00:00
10954,2015-02-26 21:00:00
10955,2015-02-26 20:00:00
10956,2015-02-26 19:00:00
10957,2015-02-26 18:00:00
10958,2015-02-26 17:00:00
10959,2015-02-26 16:00:00
10960,2015-03-01 18:00:00
10961,2015-03-01 17:00:00
10962,2015-03-01 16:00:00
10963,2015-03-01 15:00:00
10964,2015-03-01 14:00:00
10965,2015-03-01 13:00:00
10966,2015-03-01 12:00:00
10967,2015-03-01 11:00:00
10968,2015-03-01 10:00:00
10969,2015-03-01 09:00:00
10970,2015-03-01 08:00:00
10971,2015-03-01 07:00:00
10972,2015-03-01 06:00:00
10973,2015-03-01 05:00:00
10974,2015-03-01 04:00:00
10975,2015-03-01 03:00:00
10976,2015-03-01 02:00:00
10977,2015-03-01 01:00:00
10978,2015-03-01 00:00:00
10979,2015-02-28 23:00:00
10980,2015-02-28 22:00:00
10981,2015-02-28 21:00:00
10982,2015-02-28 20:00:00
10983,2015-02-28 19:00:00
10984,2015-02-28 18:00:00
10985,2015-02-28 17:00:00
10997,2015-03-02 20:00:00
10998,2015-03-02 19:00:00
10999,2015-03-02 18:00:00
11000,2015-03-02 17:00:00
11001,2015-03-02 16:00:00
11002,2015-03-02 15:00:00
11003,2015-03-02 14:00:00
11004,2015-03-02 13:00:00
11005,2015-03-02 12:00:00
11006,2015-03-02 11:00:00
11007,2015-03-02 10:00:00
11008,2015-03-02 09:00:00
11009,2015-03-02 08:00:00
11010,2015-03-02 07:00:00
11011,2015-03-02 06:00:00
11012,2015-03-02 05:00:00
11013,2015-03-02 04:00:00
11014,2015-03-02 03:00:00
11015,2015-03-02 02:00:00
11016,2015-03-02 01:00:00
11017,2015-03-02 00:00:00
11018,2015-03-01 23:00:00
11019,2015-03-01 22:00:00
11020,2015-03-01 21:00:00
11021,2015-03-01 20:00:00
11022,2015-03-01 19:00:00
11025,2015-05-15 16:00:00
11026,2015-05-15 15:00:00
11027,2015-05-15 14:00:00
11028,2015-05-15 13:00:00
11029,2015-05-15 12:00:00
11030,2015-05-15 11:00:00
11031,2015-05-15 10:00:00
11032,2015-05-15 09:00:00
11033,2015-05-15 08:00:00
11034,2015-05-15 07:00:00
11035,2015-05-15 06:00:00
11036,2015-05-15 05:00:00
11037,2015-05-15 04:00:00
11038,2015-05-15 03:00:00
11039,2015-05-15 02:00:00
11040,2015-05-15 01:00:00
11041,2015-05-15 00:00:00
11042,2015-05-14 23:00:00
11043,2015-05-14 22:00:00
11044,2015-05-14 21:00:00
11045,2015-05-14 20:00:00
11046,2015-05-14 19:00:00
11047,2015-05-14 18:00:00
11048,2015-05-14 17:00:00
11049,2015-05-14 16:00:00
11050,2015-05-14 15:00:00
11051,2015-05-14 14:00:00
11052,2015-05-14 13:00:00
11053,2015-05-14 12:00:00
11054,2015-05-14 11:00:00
11055,2015-05-14 10:00:00
11056,2015-05-14 09:00:00
11057,2015-05-14 08:00:00
11058,2015-05-14 07:00:00
11059,2015-05-14 06:00:00
11060,2015-05-14 05:00:00
11061,2015-05-14 04:00:00
11062,2015-05-14 03:00:00
11063,2015-05-14 02:00:00
11064,2015-05-14 01:00:00
11065,2015-05-14 00:00:00
11066,2015-05-13 23:00:00
11067,2015-05-13 22:00:00
11068,2015-05-13 21:00:00
11069,2015-05-13 20:00:00
11070,2015-05-13 19:00:00
11071,2015-11-16 07:00:00
11072,2015-11-16 06:00:00
11073,2015-11-16 05:00:00
11074,2015-11-16 04:00:00
11075,2015-11-16 03:00:00
11076,2015-11-16 02:00:00
11077,2015-11-16 01:00:00
11078,2015-11-16 00:00:00
11079,2015-11-15 23:00:00
11080,2015-11-15 22:00:00
11081,2015-11-15 21:00:00
11082,2015-11-15 20:00:00
11083,2015-11-15 19:00:00
11084,2015-11-15 18:00:00
11085,2015-11-15 17:00:00
11086,2015-11-15 16:00:00
11087,2015-11-15 15:00:00
11126,2016-02-01 14:00:00
11127,2016-02-01 13:00:00
11138,2016-12-16 17:00:00
11139,2016-12-16 16:00:00
11140,2016-12-16 15:00:00
11171,2017-01-09 19:00:00
11172,2017-01-09 18:00:00
11173,2017-01-09 17:00:00
11174,2017-01-09 16:00:00
11227,2017-01-21 05:00:00
11228,2017-01-21 04:00:00
11229,2017-01-21 03:00:00
11230,2017-01-21 02:00:00
11231,2017-01-21 01:00:00
11232,2017-01-21 00:00:00
11233,2017-01-20 23:00:00
11234,2017-01-20 22:00:00
11235,2017-01-20 21:00:00
11236,2017-01-20 20:00:00
11237,2017-01-20 19:00:00
11238,2017-01-20 18:00:00
11239,2017-01-20 17:00:00
11240,2017-01-20 16:00:00
11241,2017-01-20 15:00:00
11242,2017-01-20 14:00:00
11243,2017-01-20 13:00:00
11244,2017-01-20 12:00:00
11245,2017-01-20 11:00:00
11246,2017-01-20 10:00:00
11247,2017-01-20 09:00:00
11248,2017-01-20 08:00:00
11249,2017-01-20 07:00:00
11250,2017-01-20 06:00:00
11251,2017-01-20 05:00:00
11252,2017-01-20 04:00:00
11253,2017-01-20 03:00:00
11254,2017-01-20 02:00:00
11255,2017-01-20 01:00:00
11256,2017-01-20 00:00:00
11257,2017-01-19 23:00:00
11258,2017-01-19 22:00:00
11259,2017-01-19 21:00:00
11260,2017-01-19 20:00:00
11261,2017-01-19 19:00:00
11262,2017-01-19 18:00:00
11263,2017-01-19 17:00:00
11264,2017-01-19 16:00:00
11265,2017-01-19 15:00:00
11266,2017-01-19 14:00:00
11267,2017-01-19 13:00:00
11268,2017-01-19 12:00:00
11269,2017-01-19 11:00:00
11270,2017-01-19 10:00:00
11271,2017-01-19 09:00:00
11272,2017-01-19 08:00:00
11273,2017-01-19 07:00:00
11274,2017-01-19 06:00:00
11275,2017-01-19 05:00:00
11276,2017-01-19 04:00:00
11277,2017-01-19 03:00:00
11278,2017-01-19 02:00:00
11279,2017-01-19 01:00:00
11280,2017-01-23 18:00:00
11281,2017-01-23 17:00:00
11282,2017-01-23 16:00:00
11283,2017-01-23 15:00:00
11284,2017-01-23 14:00:00
11285,2017-01-23 13:00:00
11286,2017-01-23 12:00:00
11287,2017-01-23 11:00:00
11288,2017-01-23 10:00:00
11289,2017-01-23 09:00:00
11290,2017-01-23 08:00:00
11291,2017-01-23 07:00:00
11292,2017-01-23 06:00:00
11293,2017-01-23 05:00:00
11294,2017-01-23 04:00:00
11295,2017-01-23 03:00:00
11296,2017-01-23 02:00:00
11297,2017-01-23 01:00:00
11298,2017-01-23 00:00:00
11299,2017-01-22 23:00:00
11300,2017-01-22 22:00:00
11301,2017-01-22 21:00:00
11302,2017-01-22 20:00:00
11303,2017-01-22 19:00:00
11304,2017-01-22 18:00:00
11305,2017-01-22 17:00:00
11316,2017-02-28 04:00:00
11317,2017-02-28 03:00:00
11318,2017-02-28 02:00:00
11319,2017-02-28 01:00:00
11320,2017-02-28 00:00:00
11321,2017-02-27 23:00:00
11322,2017-02-27 22:00:00
11323,2019-03-02 18:00:00
11324,2019-03-02 17:00:00
11325,2019-03-02 16:00:00
11326,2019-03-02 15:00:00
11327,2019-03-02 14:00:00
11328,2019-03-02 13:00:00
11329,2019-03-02 12:00:00
11330,2019-03-02 11:00:00
11331,2019-03-02 10:00:00
11428,2019-11-29 21:00:00
11429,2019-11-29 20:00:00
11430,2019-11-29 19:00:00
11431,2019-11-29 18:00:00
11432,2019-11-29 17:00:00
11433,2019-11-29 16:00:00
11434,2019-11-29 15:00:00
11435,2019-11-29 14:00:00
11436,2019-11-29 13:00:00
11437,2019-11-29 12:00:00
11438,2019-11-29 11:00:00
11439,2019-11-29 10:00:00
11440,2019-11-29 09:00:00
11441,2019-11-29 08:00:00
11442,2019-11-29 07:00:00
11443,2019-11-29 06:00:00
11444,2020-11-07 17:00:00
11509,2020-12-28 17:00:00
11510,2020-12-28 16:00:00
11511,2020-12-28 15:00:00
11512,2020-12-28 14:00:00
11513,2020-12-28 13:00:00
11514,2020-12-28 12:00:00
11515,2020-12-28 11:00:00
11516,2020-12-28 10:00:00
11517,2020-12-28 09:00:00
11518,2020-12-28 08:00:00
11519,2020-12-28 07:00:00
11520,2020-12-28 06:00:00
11521,2020-12-28 05:00:00
11522,2020-12-28 04:00:00
11523,2020-12-28 03:00:00
11524,2020-12-28 02:00:00
11525,2020-12-28 01:00:00
11526,2020-12-28 00:00:00
11527,2020-12-27 23:00:00
11528,2020-12-27 22:00:00
11529,2020-12-27 21:00:00
11530,2020-12-27 20:00:00
11531,2020-12-27 19:00:00
11532,2020-12-27 18:00:00
11533,2020-12-27 17:00:00
11534,2020-12-27 16:00:00
11535,2020-12-27 15:00:00
11536,2020-12-27 14:00:00
11537,2020-12-27 13:00:00
11538,2020-12-27 12:00:00
11539,2020-12-27 11:00:00
11540,2020-12-27 10:00:00
11541,2020-12-27 09:00:00
11542,2020-12-27 08:00:00
11543,2020-12-27 07:00:00
11544,2020-12-27 06:00:00
11545,2020-12-27 05:00:00
11546,2020-12-27 04:00:00
11547,2020-12-27 03:00:00
11548,2020-12-27 02:00:00
11549,2020-12-27 01:00:00
11550,2020-12-27 00:00:00
11551,2020-12-26 23:00:00
11552,2020-12-26 22:00:00
11553,2020-12-26 21:00:00
11554,2020-12-26 20:00:00
11555,2020-12-26 19:00:00
11556,2020-12-26 18:00:00
11557,2020-12-26 17:00:00
11558,2020-12-26 16:00:00
11559,2020-12-26 15:00:00
11560,2020-12-26 14:00:00
11561,2020-12-26 13:00:00
11562,2020-12-26 12:00:00
11563,2020-12-26 11:00:00
11564,2020-12-26 10:00:00
11565,2020-12-26 09:00:00
11566,2020-12-26 08:00:00
11567,2020-12-26 07:00:00
11568,2020-12-26 06:00:00
11569,2020-12-26 05:00:00
11570,2020-12-26 04:00:00
11571,2020-12-26 03:00:00
11580,2022-11-03 20:00:00
11581,2022-11-03 19:00:00
11582,2022-11-03 18:00:00
11583,2022-11-03 17:00:00
11584,2022-11-03 16:00:00
11585,2022-11-03 15:00:00
11586,2022-11-03 14:00:00
11587,2022-11-03 13:00:00
11588,2022-11-03 12:00:00
11589,2022-11-03 11:00:00
11638,2006-10-07 00:00:00
11639,2006-10-06 23:00:00
11640,2006-10-06 22:00:00
11641,2006-10-06 21:00:00
11642,2006-10-06 20:00:00
11643,2006-10-06 19:00:00
11644,2006-10-06 18:00:00
11645,2006-10-06 17:00:00
11646,2006-10-06 16:00:00
11647,2006-10-06 15:00:00
11648,2006-10-06 14:00:00
11649,2006-10-06 13:00:00
11650,2006-10-06 12:00:00
11651,2006-10-06 11:00:00
11652,2006-10-06 10:00:00
11653,2006-10-06 09:00:00
11654,2006-10-06 08:00:00
11655,2006-10-06 07:00:00
11656,2006-10-06 06:00:00
11657,2006-10-06 05:00:00
11658,2006-10-06 04:00:00
11659,2006-10-06 03:00:00
11660,2006-10-06 02:00:00
11661,2006-10-06 01:00:00
11662,2011-10-07 09:00:00
11663,2011-10-07 08:00:00
11664,2011-10-07 07:00:00
11665,2011-10-07 06:00:00
11666,2011-10-07 05:00:00
11667,2011-10-07 04:00:00
11668,2011-10-07 03:00:00
11669,2011-10-07 02:00:00
11670,2011-10-07 01:00:00
11671,2011-10-07 00:00:00
11672,2011-10-06 23:00:00
11673,2011-10-06 22:00:00
11674,2011-10-06 21:00:00
11700,2012-04-01 03:00:00
11701,2015-02-08 14:00:00
11702,2015-02-08 13:00:00
11703,2015-02-08 12:00:00
11704,2015-02-08 11:00:00
11705,2015-02-08 10:00:00
11706,2015-02-08 09:00:00
11707,2015-02-08 08:00:00
11708,2015-02-08 07:00:00
11768,2009-04-17 00:00:00
11769,2009-04-16 23:00:00
11770,2009-04-16 22:00:00
11771,2009-04-16 21:00:00
11772,2009-04-16 20:00:00
11773,2009-04-16 19:00:00
11774,2009-04-16 18:00:00
11775,2009-04-15 13:00:00
11776,2009-04-15 12:00:00
11777,2009-04-15 11:00:00
11778,2009-04-15 10:00:00
11779,2009-04-15 09:00:00
11780,2009-04-15 08:00:00
11781,2009-04-15 07:00:00
11782,2009-04-15 06:00:00
11783,2009-04-15 05:00:00
11784,2009-04-15 04:00:00
11785,2009-04-15 03:00:00
11786,2009-04-15 02:00:00
11787,2009-04-15 01:00:00
11788,2010-04-22 11:00:00
11789,2010-04-22 10:00:00
11790,2010-04-22 09:00:00
11791,2010-04-22 08:00:00
11792,2010-04-22 07:00:00
11793,2010-04-22 06:00:00
11794,2010-04-22 05:00:00
11795,2010-04-22 04:00:00
11796,2010-04-22 03:00:00
11797,2010-04-22 02:00:00
11798,2010-04-22 01:00:00
11799,2010-04-22 00:00:00
11800,2010-04-21 23:00:00
11801,2010-04-21 22:00:00
11802,2010-04-21 21:00:00
11803,2010-04-21 20:00:00
11804,2010-04-21 19:00:00
11805,2010-04-21 18:00:00
11806,2010-04-21 17:00:00
11807,2010-04-21 16:00:00
11808,2010-04-21 15:00:00
11809,2010-04-21 14:00:00
11810,2010-04-21 13:00:00
11811,2010-04-21 12:00:00
11812,2017-04-24 12:00:00
11813,2017-04-24 11:00:00
11814,2017-04-24 10:00:00
11815,2017-04-24 09:00:00
11816,2017-04-24 08:00:00
11817,2017-04-24 07:00:00
11818,2017-04-24 06:00:00
11819,2017-04-24 05:00:00
11820,2017-04-24 04:00:00
11821,2017-04-24 03:00:00
11822,2017-04-24 02:00:00
11823,2017-04-24 01:00:00
11824,2017-04-24 00:00:00
11825,2017-04-23 23:00:00
11826,2017-04-23 22:00:00
11827,2017-04-23 21:00:00
11828,2017-04-23 20:00:00
11829,2017-04-23 19:00:00
11830,2017-04-23 18:00:00
11831,2017-04-23 17:00:00
11832,2017-04-23 16:00:00
11833,2017-04-23 15:00:00
11834,2017-04-23 14:00:00
11835,2017-04-23 13:00:00
11836,2002-09-16 14:00:00
11837,2002-09-16 13:00:00
11838,2002-09-16 12:00:00
11839,2002-09-16 11:00:00
11840,2002-09-16 10:00:00
11841,2002-09-16 09:00:00
11842,2002-09-16 08:00:00
11843,2002-09-16 07:00:00
11844,2002-09-16 06:00:00
11845,2002-09-16 05:00:00
11846,2002-09-16 04:00:00
11847,2002-09-16 03:00:00
11848,2002-09-16 02:00:00
11870,2009-06-18 20:00:00
11871,2009-06-18 19:00:00
11872,2009-06-18 18:00:00
11873,2009-06-18 17:00:00
11874,2009-06-18 16:00:00
11875,2009-06-18 15:00:00
11876,2009-06-18 14:00:00
11877,2009-06-18 13:00:00
11878,2009-06-18 12:00:00
11879,2009-06-18 11:00:00
11880,2009-06-18 10:00:00
11881,2009-06-18 09:00:00
11882,2009-06-18 08:00:00
11883,2009-06-18 07:00:00
11884,2009-06-18 06:00:00
11885,2009-06-18 05:00:00
11886,2009-06-18 04:00:00
11887,2009-06-18 03:00:00
11888,2009-06-18 02:00:00
11889,2009-06-18 01:00:00
11890,2009-06-18 00:00:00
11891,2009-06-17 23:00:00
11892,2009-06-17 22:00:00
11893,2009-06-17 21:00:00
11894,2009-06-17 20:00:00
11895,2009-06-17 19:00:00
11896,2009-06-17 18:00:00
11897,2009-06-17 17:00:00
11898,2009-06-17 16:00:00
11899,2009-06-17 15:00:00
11900,2009-06-17 14:00:00
11901,2009-06-17 13:00:00
11902,2009-06-17 12:00:00
11903,2009-06-17 11:00:00
11904,2009-06-17 10:00:00
11905,2009-06-17 09:00:00
11906,2009-06-17 08:00:00
11907,2009-06-17 07:00:00
11908,2009-06-17 06:00:00
11909,2009-06-17 05:00:00
11910,2009-06-17 04:00:00
11911,2009-06-17 03:00:00
11912,2009-06-17 02:00:00
11913,2009-06-17 01:00:00
11914,2009-10-20 10:00:00
11915,2009-10-20 09:00:00
11916,2009-10-20 08:00:00
11917,2009-10-20 07:00:00
11918,2009-10-20 06:00:00
11919,2009-10-20 05:00:00
11920,2009-10-20 04:00:00
11921,2009-10-20 03:00:00
11922,2009-10-20 02:00:00
11923,2009-10-20 01:00:00
11924,2009-10-20 00:00:00
11925,2009-10-19 23:00:00
11926,2009-10-19 22:00:00
11927,2009-10-19 21:00:00
11928,2009-10-19 20:00:00
11929,2009-10-19 19:00:00
11930,2009-10-19 18:00:00
11931,2009-10-19 17:00:00
11932,2009-10-19 16:00:00
11933,2009-10-19 15:00:00
11934,2009-10-19 14:00:00
11935,2009-10-19 13:00:00
11936,2009-10-19 12:00:00
11937,2009-10-19 11:00:00
11938,2009-10-19 10:00:00
11939,2009-10-19 09:00:00
11940,2009-10-19 08:00:00
11941,2009-10-19 07:00:00
11942,2009-10-19 06:00:00
11943,2009-10-19 05:00:00
11944,2009-10-19 04:00:00
11945,2009-10-19 03:00:00
11946,2009-10-19 02:00:00
11947,2009-10-19 01:00:00
11948,2009-10-19 00:00:00
11949,2009-10-18 23:00:00
11950,2009-10-18 22:00:00
11951,2009-10-18 21:00:00
11952,2009-10-18 20:00:00
11953,2009-10-18 19:00:00
11954,2009-10-18 18:00:00
11955,2009-10-18 17:00:00
11956,2009-10-18 16:00:00
11957,2009-10-18 15:00:00
11958,2009-10-18 14:00:00
11959,2009-10-18 13:00:00
11960,2009-10-18 12:00:00
11961,2009-10-18 11:00:00
11962,2009-10-18 10:00:00
11963,2009-10-18 09:00:00
11964,2009-10-18 08:00:00
11965,2009-10-18 07:00:00
11966,2009-10-18 06:00:00
11967,2009-10-18 05:00:00
11968,2009-10-18 04:00:00
11969,2009-10-18 03:00:00
11970,2009-10-18 02:00:00
11971,2009-10-18 01:00:00
11972,2015-11-16 15:00:00
11973,2015-11-16 14:00:00
11974,2015-11-16 13:00:00
11975,2015-11-16 12:00:00
11976,2015-11-16 11:00:00
11977,2015-11-16 10:00:00
11978,2015-11-16 09:00:00
11979,2015-11-16 08:00:00
12045,2017-03-23 10:00:00
12046,2017-03-23 09:00:00
12047,2017-03-23 08:00:00
12048,2017-03-23 07:00:00
12049,2017-03-23 06:00:00
12050,2017-03-23 05:00:00
12051,2017-03-23 04:00:00
12052,2017-03-23 03:00:00
12053,2017-03-23 02:00:00
12054,2017-03-23 01:00:00
12055,2017-03-23 00:00:00
12056,2017-03-22 23:00:00
12057,2017-03-22 22:00:00
12058,2017-03-22 21:00:00
12059,2017-03-22 20:00:00
12060,2017-03-22 19:00:00
12061,2017-03-22 18:00:00
12062,2017-03-22 17:00:00
12063,2017-03-22 16:00:00
12064,2017-03-22 15:00:00
12065,2017-03-22 14:00:00
12066,2017-03-22 13:00:00
12067,2017-03-22 12:00:00
12068,2017-03-22 11:00:00
12069,2017-03-22 10:00:00
12070,2017-03-22 09:00:00
12071,2017-03-22 08:00:00
12072,2017-03-22 07:00:00
12073,2017-03-22 06:00:00
12074,2017-03-22 05:00:00
12075,2017-03-22 04:00:00
12076,2017-03-22 03:00:00
12077,2017-03-22 02:00:00
12078,2017-03-22 01:00:00
12082,2003-03-17 06:00:00
12083,2003-03-17 05:00:00
12084,2003-03-17 04:00:00
12085,2003-03-17 03:00:00
12086,2003-03-17 02:00:00
12087,2003-03-17 01:00:00
12088,2003-03-17 00:00:00
12089,2003-03-16 23:00:00
12090,2003-03-16 22:00:00
12091,2003-03-16 21:00:00
12092,2003-03-16 20:00:00
12093,2003-03-16 19:00:00
12094,2003-03-16 18:00:00
12095,2003-03-16 17:00:00
12096,2003-03-16 16:00:00
12097,2003-03-16 15:00:00
12112,2000-10-27 16:00:00
12113,2000-10-27 15:00:00
12114,2000-10-27 14:00:00
12115,2000-10-27 13:00:00
12116,2000-10-27 12:00:00
12117,2000-10-27 11:00:00
12118,2000-10-27 10:00:00
12119,2000-10-27 09:00:00
12120,2000-10-27 08:00:00
12121,2000-10-27 07:00:00
12122,2000-10-27 06:00:00
12123,2000-10-27 05:00:00
12124,2000-10-27 04:00:00
12125,2000-10-27 03:00:00
12126,2000-10-27 02:00:00
12127,2000-10-27 01:00:00
12128,2000-10-27 00:00:00
12129,2000-10-26 23:00:00
12130,2000-10-26 22:00:00
12131,2003-03-17 11:00:00
12132,2003-03-17 10:00:00
12133,2003-03-17 09:00:00
12134,2003-03-17 08:00:00
12135,2003-03-17 07:00:00
12159,2003-04-14 23:00:00
12160,2003-04-14 22:00:00
12161,2003-04-14 21:00:00
12162,2003-04-14 20:00:00
12163,2003-04-14 19:00:00
12164,2003-04-14 18:00:00
12165,2003-04-14 17:00:00
12166,2003-04-14 16:00:00
12167,2003-04-14 15:00:00
12168,2003-04-14 14:00:00
12169,2003-04-14 13:00:00
12170,2003-04-14 12:00:00
12171,2003-04-14 11:00:00
12172,2003-04-14 10:00:00
12173,2003-04-14 09:00:00
12174,2003-04-14 08:00:00
12175,2003-04-14 07:00:00
12176,2003-04-14 06:00:00
12177,2003-04-14 05:00:00
12178,2003-04-14 04:00:00
12179,2003-04-14 03:00:00
12180,2003-04-14 02:00:00
12181,2003-04-14 01:00:00
12182,2003-04-14 00:00:00
12183,2003-04-13 23:00:00
12184,2003-04-13 22:00:00
12185,2003-04-13 21:00:00
12186,2003-04-13 20:00:00
12187,2003-04-13 19:00:00
12212,2000-10-11 14:00:00
12213,2000-10-11 13:00:00
12214,2000-10-11 12:00:00
12215,2000-10-11 11:00:00
12216,2000-10-11 10:00:00
12217,2000-10-11 09:00:00
12218,2000-10-11 08:00:00
12219,2000-10-11 07:00:00
12220,2000-10-11 06:00:00
12221,2000-10-11 05:00:00
12222,2000-10-11 04:00:00
12223,2000-10-11 03:00:00
12224,2000-10-11 02:00:00
12225,2000-10-11 01:00:00
12226,2000-10-11 00:00:00
12227,2000-10-10 23:00:00
12228,2000-10-10 22:00:00
12229,2000-10-10 21:00:00
12272,2004-09-17 19:00:00
12273,2004-10-20 12:00:00
12274,2004-10-20 11:00:00
12275,2004-10-20 10:00:00
12276,2004-10-20 09:00:00
12277,2004-10-20 08:00:00
12278,2004-10-20 07:00:00
12279,2004-10-20 06:00:00
12280,2004-10-20 05:00:00
12281,2004-10-20 04:00:00
12282,2004-10-20 03:00:00
12283,2004-10-20 02:00:00
12284,2004-10-20 01:00:00
12285,2004-10-20 00:00:00
12286,2004-10-19 23:00:00
12287,2004-10-19 22:00:00
12288,2004-10-19 21:00:00
12289,2004-10-19 20:00:00
12290,2004-10-19 19:00:00
12291,2004-10-19 18:00:00
12292,2004-10-19 17:00:00
12293,2004-10-19 16:00:00
12294,2004-10-19 15:00:00
12295,2004-10-19 14:00:00
12296,2004-10-19 13:00:00
12297,2004-10-19 12:00:00
12298,2004-10-19 11:00:00
12299,2004-10-19 10:00:00
12300,2004-10-19 09:00:00
12301,2004-10-19 08:00:00
12302,2004-10-19 07:00:00
12303,2004-10-19 06:00:00
12304,2004-10-21 13:00:00
12305,2004-10-21 12:00:00
12306,2004-10-21 11:00:00
12307,2004-10-21 10:00:00
12308,2004-10-21 09:00:00
12309,2004-10-21 08:00:00
12310,2004-10-21 07:00:00
12311,2004-10-21 06:00:00
12312,2004-10-21 05:00:00
12313,2004-10-21 04:00:00
12314,2004-10-21 03:00:00
12315,2004-10-21 02:00:00
12316,2004-10-21 01:00:00
12317,2004-10-21 00:00:00
12318,2004-10-20 23:00:00
12319,2004-10-20 22:00:00
12320,2004-10-20 21:00:00
12321,2004-10-20 20:00:00
12322,2004-10-20 19:00:00
12323,2004-10-20 18:00:00
12324,2004-10-20 17:00:00
12325,2004-10-20 16:00:00
12326,2004-10-20 15:00:00
12327,2004-10-20 14:00:00
12328,2004-10-20 13:00:00
12360,2004-10-19 05:00:00
12361,2004-10-19 04:00:00
12362,2004-10-19 03:00:00
12363,2004-10-19 02:00:00
12364,2004-10-19 01:00:00
12410,2005-10-28 06:00:00
12411,2005-10-28 05:00:00
12412,2005-10-28 04:00:00
12413,2005-10-28 03:00:00
12414,2005-10-28 02:00:00
12415,2005-10-28 01:00:00
12416,2005-10-28 00:00:00
12417,2005-10-27 23:00:00
12418,2005-10-27 22:00:00
12419,2005-10-27 21:00:00
12420,2005-10-27 20:00:00
12421,2005-10-27 19:00:00
12422,2005-10-27 18:00:00
12423,2005-10-27 17:00:00
12424,2005-10-27 16:00:00
12425,2005-10-27 15:00:00
12426,2005-10-27 14:00:00
12427,2005-10-27 13:00:00
12428,2005-10-27 12:00:00
12429,2005-10-27 11:00:00
12430,2005-10-27 10:00:00
12431,2005-10-27 09:00:00
12432,2005-10-27 08:00:00
12433,2005-10-27 07:00:00
12434,2005-10-27 06:00:00
12435,2005-10-27 05:00:00
12436,2005-10-27 04:00:00
12437,2005-10-27 03:00:00
12438,2005-10-27 02:00:00
12439,2005-10-27 01:00:00
12440,2005-10-27 00:00:00
12441,2005-10-26 23:00:00
12442,2005-10-26 22:00:00
12443,2005-10-26 21:00:00
12444,2005-10-26 20:00:00
12445,2005-10-26 19:00:00
12446,2005-10-26 18:00:00
12447,2005-10-26 17:00:00
12448,2005-10-26 16:00:00
12571,2006-10-06 00:00:00
12572,2006-10-05 23:00:00
12573,2006-10-05 22:00:00
12574,2006-10-05 21:00:00
12575,2006-10-05 20:00:00
12576,2006-10-05 19:00:00
12577,2006-10-05 18:00:00
12578,2006-10-05 17:00:00
12579,2006-10-05 16:00:00
12580,2006-10-05 15:00:00
12581,2006-10-05 14:00:00
12582,2006-10-05 13:00:00
12583,2006-10-05 12:00:00
12584,2006-10-05 11:00:00
12692,2009-10-04 13:00:00
12693,2009-10-04 12:00:00
12694,2009-10-04 11:00:00
12695,2009-10-04 10:00:00
12696,2009-10-04 09:00:00
12697,2009-10-04 08:00:00
12698,2009-10-04 07:00:00
12699,2009-10-04 06:00:00
12700,2009-10-04 05:00:00
12701,2009-10-04 04:00:00
12702,2009-10-04 03:00:00
12703,2009-10-04 02:00:00
12704,2009-10-04 01:00:00
12705,2009-10-04 00:00:00
12706,2009-10-03 23:00:00
12707,2009-10-03 22:00:00
12708,2009-10-03 21:00:00
12709,2009-10-03 20:00:00
12710,2009-10-03 19:00:00
12711,2009-10-03 18:00:00
12712,2009-10-03 17:00:00
12713,2009-10-03 16:00:00
12714,2009-10-03 15:00:00
12715,2009-10-03 14:00:00
12716,2009-10-03 13:00:00
12717,2009-10-03 12:00:00
12718,2009-10-03 11:00:00
12719,2009-10-03 10:00:00
12720,2009-10-03 09:00:00
12721,2009-10-03 08:00:00
12722,2009-10-03 07:00:00
12723,2009-10-03 06:00:00
12724,2009-10-03 05:00:00
12725,2009-10-03 04:00:00
12726,2009-10-03 03:00:00
12727,2009-10-03 02:00:00
12728,2009-10-03 01:00:00
12729,2009-10-03 00:00:00
12730,2009-10-02 23:00:00
12731,2009-10-02 22:00:00
12732,2009-10-02 21:00:00
12733,2009-10-02 20:00:00
12734,2009-10-02 19:00:00
12735,2009-10-02 18:00:00
12736,2009-10-02 17:00:00
12737,2009-10-02 16:00:00
12738,2009-10-02 15:00:00
12739,2009-10-02 14:00:00
12740,2009-10-02 13:00:00
12741,2009-10-02 12:00:00
12742,2009-10-02 11:00:00
12743,2009-10-02 10:00:00
12744,2009-10-02 09:00:00
12745,2009-10-02 08:00:00
12746,2009-10-02 07:00:00
12747,2009-10-02 06:00:00
12748,2009-10-02 05:00:00
12749,2009-10-02 04:00:00
12750,2009-10-02 03:00:00
12751,2009-10-02 02:00:00
12752,2009-10-02 01:00:00
12780,2010-12-18 03:00:00
12781,2010-12-18 02:00:00
12782,2010-12-18 01:00:00
12783,2010-12-18 00:00:00
12784,2010-12-17 23:00:00
12785,2010-12-17 22:00:00
12786,2010-12-17 21:00:00
12787,2010-12-17 20:00:00
12788,2010-12-17 19:00:00
12789,2010-12-17 18:00:00
12790,2010-12-17 17:00:00
12791,2010-12-17 16:00:00
12792,2010-12-17 15:00:00
12793,2010-12-17 14:00:00
12794,2010-12-17 13:00:00
12795,2010-12-17 12:00:00
12796,2010-12-17 11:00:00
12797,2010-12-17 10:00:00
12798,2010-12-17 09:00:00
12799,2010-12-17 08:00:00
12800,2010-12-17 07:00:00
12801,2010-12-17 06:00:00
12802,2010-12-17 05:00:00
12803,2010-12-17 04:00:00
12804,2010-12-17 03:00:00
12805,2010-12-17 02:00:00
12806,2010-12-17 01:00:00
12807,2011-05-16 23:00:00
12808,2011-05-16 22:00:00
12809,2011-05-16 21:00:00
12810,2011-05-16 20:00:00
12811,2011-05-16 19:00:00
12812,2011-05-16 18:00:00
12813,2011-05-16 17:00:00
12814,2011-05-16 16:00:00
12815,2011-05-16 15:00:00
12816,2011-05-16 14:00:00
12817,2011-05-16 13:00:00
12818,2011-05-16 12:00:00
12819,2011-05-16 11:00:00
12820,2011-05-16 10:00:00
12832,2011-05-17 17:00:00
12833,2011-05-17 16:00:00
12834,2011-05-17 15:00:00
12835,2011-05-17 14:00:00
12836,2011-05-17 13:00:00
12837,2011-05-17 12:00:00
12838,2011-05-17 11:00:00
12839,2011-05-17 10:00:00
12840,2011-05-17 09:00:00
12841,2011-05-17 08:00:00
12842,2011-05-17 07:00:00
12843,2011-05-17 06:00:00
12844,2011-05-17 05:00:00
12845,2011-05-17 04:00:00
12846,2011-05-17 03:00:00
12847,2011-05-17 02:00:00
12848,2011-05-17 01:00:00
12849,2012-11-09 13:00:00
12850,2012-11-09 12:00:00
12851,2012-11-09 11:00:00
12852,2012-11-09 10:00:00
12853,2012-11-09 09:00:00
12854,2012-11-09 08:00:00
12855,2012-11-09 07:00:00
12856,2012-11-09 06:00:00
12857,2012-11-09 05:00:00
12858,2012-11-09 04:00:00
12859,2012-11-09 03:00:00
12860,2012-11-09 02:00:00
12861,2012-11-09 01:00:00
12862,2012-11-09 00:00:00
12863,2012-11-08 23:00:00
12864,2012-11-08 22:00:00
12865,2012-11-08 21:00:00
12866,2012-11-08 20:00:00
12867,2012-11-08 19:00:00
12868,2012-11-08 18:00:00
12869,2012-11-08 17:00:00
12870,2012-11-08 16:00:00
12871,2012-11-08 15:00:00
12872,2012-11-08 14:00:00
12873,2012-11-08 13:00:00
12874,2012-11-08 12:00:00
12875,2012-11-08 11:00:00
12876,2012-11-08 10:00:00
12877,2012-11-08 09:00:00
12878,2012-11-08 08:00:00
12879,2012-11-08 07:00:00
12880,2012-11-08 06:00:00
12881,2012-11-08 05:00:00
12882,2012-11-08 04:00:00
12883,2012-11-08 03:00:00
12884,2012-11-08 02:00:00
12885,2012-11-08 01:00:00
12886,2012-11-08 00:00:00
12887,2012-11-07 23:00:00
12888,2012-11-07 22:00:00
12889,2012-11-07 21:00:00
12890,2012-11-07 20:00:00
12891,2012-11-07 19:00:00
12892,2012-11-07 18:00:00
12893,2012-11-07 17:00:00
12894,2012-11-07 16:00:00
12895,2012-11-07 15:00:00
12896,2012-11-07 14:00:00
12897,2012-11-07 13:00:00
12898,2012-11-07 12:00:00
12899,2012-11-07 11:00:00
12900,2012-11-07 10:00:00
12901,2012-11-07 09:00:00
12902,2012-11-07 08:00:00
12903,2012-11-07 07:00:00
12904,2012-11-07 06:00:00
12905,2012-11-07 05:00:00
12906,2012-11-07 04:00:00
12907,2012-11-07 03:00:00
12908,2012-11-07 02:00:00
12909,2012-11-07 01:00:00
12910,2013-09-26 12:00:00
12911,2013-09-26 11:00:00
12912,2013-09-26 10:00:00
12913,2013-09-26 09:00:00
12914,2013-09-26 08:00:00
12915,2013-09-26 07:00:00
12916,2013-09-26 06:00:00
12917,2013-09-26 05:00:00
12918,2013-09-26 04:00:00
12919,2013-09-26 03:00:00
12920,2013-09-26 02:00:00
12921,2013-09-26 01:00:00
12922,2013-09-26 00:00:00
12923,2013-09-25 23:00:00
12924,2013-09-25 22:00:00
12925,2013-09-25 21:00:00
12926,2013-09-25 20:00:00
12927,2013-09-25 19:00:00
12928,2013-09-25 18:00:00
12929,2013-09-25 17:00:00
12930,2013-09-25 16:00:00
12931,2013-09-25 15:00:00
12932,2013-09-25 14:00:00
12933,2013-09-25 13:00:00
12934,2013-09-25 12:00:00
12935,2013-09-25 11:00:00
12936,2013-09-25 10:00:00
12937,2013-09-25 09:00:00
12938,2013-09-25 08:00:00
12939,2013-09-25 07:00:00
12940,2013-09-25 06:00:00
12941,2013-09-25 05:00:00
12942,2013-09-25 04:00:00
12943,2013-09-25 03:00:00
12944,2013-09-25 02:00:00
12945,2013-09-25 01:00:00
12946,2013-09-25 00:00:00
12947,2013-09-24 23:00:00
12948,2013-09-24 22:00:00
12949,2013-09-24 21:00:00
12950,2013-09-24 20:00:00
12951,2013-09-24 19:00:00
12952,2013-09-24 18:00:00
12953,2013-09-24 17:00:00
12954,2013-09-24 16:00:00
12955,2013-09-24 15:00:00
12956,2013-09-24 14:00:00
12957,2013-09-24 13:00:00
12958,2013-09-24 12:00:00
12959,2013-09-24 11:00:00
12960,2013-09-24 10:00:00
12961,2013-09-24 09:00:00
12962,2013-09-24 08:00:00
12963,2013-09-24 07:00:00
12964,2013-09-24 06:00:00
12965,2013-09-24 05:00:00
12966,2013-09-24 04:00:00
12967,2013-09-24 03:00:00
12968,2013-09-24 02:00:00
12969,2013-09-24 01:00:00
13004,2013-10-08 20:00:00
13005,2013-10-08 19:00:00
13006,2013-10-08 18:00:00
13007,2013-10-08 17:00:00
13062,2015-11-03 14:00:00
13063,2015-11-03 13:00:00
13064,2015-11-03 12:00:00
13065,2015-11-03 11:00:00
13066,2015-11-03 10:00:00
13067,2015-11-03 09:00:00
13068,2015-11-03 08:00:00
13069,2015-11-03 07:00:00
13070,2015-11-03 06:00:00
13071,2015-11-03 05:00:00
13072,2015-11-03 04:00:00
13073,2015-11-03 03:00:00
13074,2015-11-03 02:00:00
13075,2015-11-03 01:00:00
13076,2015-11-03 00:00:00
13077,2015-11-02 23:00:00
13078,2015-11-02 22:00:00
13079,2015-11-02 21:00:00
13080,2015-11-02 20:00:00
13081,2015-11-02 19:00:00
13082,2015-11-02 18:00:00
13083,2015-11-02 17:00:00
13084,2015-11-02 16:00:00
13085,2015-11-02 15:00:00
13086,2015-11-02 14:00:00
13087,2015-11-02 13:00:00
13088,2015-11-02 12:00:00
13089,2015-11-02 11:00:00
13090,2015-11-02 10:00:00
13091,2015-11-02 09:00:00
13092,2015-11-02 08:00:00
13093,2015-11-02 07:00:00
13094,2015-11-02 06:00:00
13095,2015-11-02 05:00:00
13096,2015-11-02 04:00:00
13097,2015-11-02 03:00:00
13098,2015-11-02 02:00:00
13099,2015-11-02 01:00:00
13100,2015-11-02 00:00:00
13101,2015-11-01 23:00:00
13102,2015-11-01 22:00:00
13103,2015-11-01 21:00:00
13104,2015-11-01 20:00:00
13105,2016-05-07 01:00:00
13106,2016-05-07 00:00:00
13107,2016-05-06 23:00:00
13108,2016-05-06 22:00:00
13109,2016-05-06 21:00:00
13110,2016-05-06 20:00:00
13111,2016-05-06 19:00:00
13112,2016-05-06 18:00:00
13113,2016-05-06 17:00:00
13114,2016-05-06 16:00:00
13115,2016-05-06 15:00:00
13116,2016-05-06 14:00:00
13117,2016-05-06 13:00:00
13118,2016-05-06 12:00:00
13119,2016-05-06 11:00:00
13120,2016-05-06 10:00:00
13121,2016-05-06 09:00:00
13122,2016-05-06 08:00:00
13123,2016-05-06 07:00:00
13124,2016-05-06 06:00:00
13125,2016-05-06 05:00:00
13126,2018-08-21 21:00:00
13127,2018-08-21 20:00:00
13128,2018-08-21 19:00:00
13129,2018-08-21 18:00:00
13130,2018-08-21 17:00:00
13131,2018-08-21 16:00:00
13132,2018-08-21 15:00:00
13133,2018-08-21 14:00:00
13134,2018-08-21 13:00:00
13135,2018-08-21 12:00:00
13136,2018-08-21 11:00:00
13137,2018-08-21 10:00:00
13138,2018-08-21 09:00:00
13139,2018-08-21 08:00:00
13140,2018-08-21 07:00:00
13141,2018-08-21 06:00:00
13142,2018-08-21 05:00:00
13143,2018-08-21 04:00:00
13144,2018-08-21 03:00:00
13145,2018-08-21 02:00:00
13146,2018-08-21 01:00:00
13147,2018-08-21 00:00:00
13148,2018-08-20 23:00:00
13149,2018-08-20 22:00:00
13150,2018-08-20 21:00:00
13151,2018-08-20 20:00:00
13152,2018-08-20 19:00:00
13153,2018-08-20 18:00:00
13154,2018-08-20 17:00:00
13155,2018-08-20 16:00:00
13156,2018-08-20 15:00:00
13157,2018-08-20 14:00:00
13158,2018-08-20 13:00:00
13159,2018-08-20 12:00:00
13160,2018-08-20 11:00:00
13161,2018-08-20 10:00:00
13162,2018-08-20 09:00:00
13163,2018-08-20 08:00:00
13164,2018-08-20 07:00:00
13165,2018-08-20 06:00:00
13166,2018-08-20 05:00:00
13167,2018-08-20 04:00:00
13168,2018-08-20 03:00:00
13169,2018-08-20 02:00:00
13170,2018-08-20 01:00:00
13190,2019-01-16 06:00:00
13191,2019-02-05 09:00:00
13192,2019-02-05 08:00:00
13193,2019-02-05 07:00:00
13194,2019-02-05 06:00:00
13195,2019-02-05 05:00:00
13196,2019-02-05 04:00:00
13197,2019-02-05 03:00:00
13198,2019-02-05 02:00:00
13199,2019-02-05 01:00:00
13200,2019-02-05 00:00:00
13201,2019-02-04 23:00:00
13202,2019-02-04 22:00:00
13203,2019-02-04 21:00:00
13204,2019-02-04 20:00:00
13205,2019-02-04 19:00:00
13206,2019-02-04 18:00:00
13207,2019-02-04 17:00:00
13208,2019-02-04 16:00:00
13209,2019-02-04 15:00:00
13210,2019-02-04 14:00:00
13211,2019-02-04 13:00:00
13212,2019-02-04 12:00:00
13213,2019-02-04 11:00:00
13214,2019-02-04 10:00:00
13215,2019-02-04 09:00:00
13216,2019-02-04 08:00:00
13217,2019-02-04 07:00:00
13218,2019-02-04 06:00:00
13219,2019-02-04 05:00:00
13220,2019-02-04 04:00:00
13221,2019-02-04 03:00:00
13222,2019-02-04 02:00:00
13223,2019-02-04 01:00:00
13224,2019-02-04 00:00:00
13225,2019-02-03 23:00:00
13226,2019-02-03 22:00:00
13227,2019-02-03 21:00:00
13228,2019-02-03 20:00:00
13229,2019-02-03 19:00:00
13230,2019-02-03 18:00:00
13231,2019-02-03 17:00:00
13232,2019-02-03 16:00:00
13233,2019-02-03 15:00:00
13234,2019-02-03 14:00:00
13235,2019-02-03 13:00:00
13236,2021-10-25 11:00:00
13237,2021-10-25 10:00:00
13238,2021-10-25 09:00:00
13239,2021-10-25 08:00:00
13240,2021-10-25 07:00:00
13241,2021-10-25 06:00:00
13242,2021-10-25 05:00:00
13243,2021-10-25 04:00:00
13244,2021-10-25 03:00:00
13245,2021-10-25 02:00:00
13246,2021-10-25 01:00:00
13247,2021-10-25 00:00:00
13248,2021-10-24 23:00:00
13249,2021-10-24 22:00:00
13250,2021-10-24 21:00:00
13251,2021-10-24 20:00:00
13252,2021-10-24 19:00:00
13253,2021-10-24 18:00:00
13254,2021-10-24 17:00:00
13255,2021-10-24 16:00:00
13256,2021-10-24 15:00:00
13257,2021-10-24 14:00:00
13258,2021-10-24 13:00:00
13259,2021-10-24 12:00:00
13260,2021-10-24 11:00:00
13261,2021-10-24 10:00:00
13262,2021-10-24 09:00:00
13263,2021-10-24 08:00:00
13264,2021-10-24 07:00:00
13265,2021-10-24 06:00:00
13266,2021-10-24 05:00:00
13267,2021-10-24 04:00:00
13268,2021-10-24 03:00:00
13269,2021-10-24 02:00:00
13270,2021-10-24 01:00:00
13271,2021-10-24 00:00:00
13272,2021-10-23 23:00:00
13273,2021-10-23 22:00:00
13274,2021-10-23 21:00:00
13275,2021-10-23 20:00:00
13276,2021-10-23 19:00:00
13277,2021-10-23 18:00:00
13278,2021-10-23 17:00:00
13279,2021-10-23 16:00:00
13280,2021-10-23 15:00:00
13281,2021-10-23 14:00:00
13282,2021-10-23 13:00:00
13283,2021-10-23 12:00:00
13284,2021-10-23 11:00:00
13355,2003-05-03 15:00:00
13356,2003-05-03 14:00:00
13357,2003-05-03 13:00:00
13358,2003-05-03 12:00:00
13359,2003-05-03 11:00:00
13360,2003-05-03 10:00:00
13361,2003-05-03 09:00:00
13362,2003-05-03 08:00:00
13710,2005-10-28 14:00:00
13711,2005-10-28 13:00:00
13712,2005-10-28 12:00:00
13713,2005-10-28 11:00:00
13714,2005-10-28 10:00:00
13715,2005-10-28 09:00:00
13716,2005-10-28 08:00:00
13717,2005-10-28 07:00:00
13760,2005-12-01 18:00:00
13761,2005-12-01 17:00:00
13762,2005-12-01 16:00:00
13763,2005-12-01 15:00:00
13764,2005-12-01 14:00:00
13765,2005-12-01 13:00:00
13766,2005-12-01 12:00:00
13767,2005-12-01 11:00:00
13768,2005-12-01 10:00:00
13769,2005-12-01 09:00:00
13770,2005-12-01 08:00:00
13771,2005-12-01 07:00:00
13772,2005-12-01 06:00:00
13773,2005-12-01 05:00:00
13774,2005-12-01 04:00:00
13775,2005-12-01 03:00:00
13913,2007-10-01 12:00:00
13914,2007-10-01 11:00:00
13915,2007-10-01 10:00:00
14222,2008-10-02 15:00:00
14223,2008-10-02 14:00:00
14224,2008-10-02 13:00:00
14225,2008-10-02 12:00:00
14226,2008-10-02 11:00:00
14227,2008-10-02 10:00:00
14228,2008-10-02 09:00:00
14229,2008-10-02 08:00:00
14230,2008-10-02 07:00:00
14231,2008-10-02 06:00:00
14232,2008-10-02 05:00:00
14233,2008-10-02 04:00:00
14234,2008-10-02 03:00:00
14235,2008-10-02 02:00:00
14237,2008-11-26 23:00:00
14238,2008-11-26 22:00:00
14239,2008-11-26 21:00:00
14240,2008-11-26 20:00:00
14241,2008-11-26 19:00:00
14242,2008-11-26 18:00:00
14243,2008-11-26 17:00:00
14244,2008-11-26 16:00:00
14245,2008-11-26 15:00:00
14246,2008-11-26 14:00:00
14247,2008-11-26 13:00:00
14248,2008-11-26 12:00:00
14249,2008-11-26 11:00:00
14250,2008-11-26 10:00:00
14251,2008-11-26 09:00:00
14252,2008-11-26 08:00:00
14253,2008-11-26 07:00:00
14254,2008-11-26 06:00:00
14255,2008-11-26 05:00:00
14256,2008-11-26 04:00:00
14257,2008-11-26 03:00:00
14258,2008-11-26 02:00:00
14259,2008-11-26 01:00:00
14260,2008-11-26 00:00:00
14261,2008-11-25 23:00:00
14262,2008-11-25 22:00:00
14263,2008-11-25 21:00:00
14264,2008-11-25 20:00:00
14265,2008-11-25 19:00:00
14266,2008-11-25 18:00:00
14267,2008-11-25 17:00:00
14268,2008-11-25 16:00:00
14269,2008-11-25 15:00:00
14376,2010-12-20 02:00:00
14377,2010-12-20 01:00:00
14378,2010-12-20 00:00:00
14379,2010-12-19 23:00:00
14380,2010-12-19 22:00:00
14381,2010-12-19 21:00:00
14382,2010-12-19 20:00:00
14383,2010-12-19 19:00:00
14384,2010-12-19 18:00:00
14385,2010-12-19 17:00:00
14386,2010-12-19 16:00:00
14387,2010-12-19 15:00:00
14476,2013-10-08 16:00:00
14477,2013-10-08 15:00:00
14478,2013-10-08 14:00:00
14479,2013-10-08 13:00:00
14480,2013-10-08 12:00:00
14502,2013-11-21 14:00:00
14503,2013-11-21 13:00:00
14504,2013-11-21 12:00:00
14505,2013-11-21 11:00:00
14506,2013-11-21 10:00:00
14507,2013-11-21 09:00:00
14639,2017-02-10 12:00:00
14640,2017-02-10 11:00:00
14641,2017-02-10 10:00:00
14642,2017-02-10 09:00:00
14643,2017-02-10 08:00:00
14644,2017-02-10 07:00:00
14645,2017-02-10 06:00:00
14646,2017-02-10 05:00:00
14647,2017-02-10 04:00:00
14648,2017-02-10 03:00:00
14649,2017-02-10 02:00:00
14650,2017-02-10 01:00:00
14651,2017-02-10 00:00:00
14652,2017-02-09 23:00:00
14653,2017-02-09 22:00:00
14654,2017-02-09 21:00:00
14655,2017-02-09 20:00:00
14656,2017-02-09 19:00:00
14657,2017-02-09 18:00:00
14658,2017-02-09 17:00:00
14659,2017-02-09 16:00:00
14660,2017-02-09 15:00:00
14661,2017-02-09 14:00:00
14662,2017-02-09 13:00:00
14663,2017-02-09 12:00:00
14664,2017-02-09 11:00:00
14665,2017-02-09 10:00:00
14666,2017-02-09 09:00:00
14667,2017-02-09 08:00:00
14668,2017-02-09 07:00:00
14669,2017-02-09 06:00:00
14670,2017-02-09 05:00:00
14671,2017-02-09 04:00:00
14672,2017-02-09 03:00:00
14673,2017-02-09 02:00:00
14674,2017-02-09 01:00:00
14675,2018-03-23 01:00:00
14676,2018-03-23 00:00:00
14677,2018-03-22 23:00:00
14678,2018-03-22 22:00:00
14679,2018-03-22 21:00:00
14680,2018-03-22 20:00:00
14681,2018-03-22 19:00:00
14682,2018-03-22 18:00:00
14683,2018-03-22 17:00:00
14684,2018-03-22 16:00:00
14685,2018-03-22 15:00:00
14686,2018-03-22 14:00:00
14687,2018-03-22 13:00:00
14688,2018-03-22 12:00:00
14689,2018-03-22 11:00:00
14690,2018-03-22 10:00:00
14691,2018-03-22 09:00:00
14692,2018-03-22 08:00:00
14693,2018-03-22 07:00:00
14694,2018-03-22 06:00:00
14695,2018-03-22 05:00:00
14696,2018-03-22 04:00:00
14697,2018-03-22 03:00:00
14698,2018-03-22 02:00:00
14699,2018-03-22 01:00:00
14700,2018-03-22 00:00:00
14701,2018-03-21 23:00:00
14702,2018-03-21 22:00:00
14703,2018-03-21 21:00:00
14704,2018-03-21 20:00:00
14706,2018-03-21 18:00:00
14707,2018-03-21 17:00:00
14708,2018-03-21 16:00:00
14709,2018-03-21 15:00:00
14710,2018-03-21 14:00:00
14711,2018-03-21 13:00:00
14712,2018-03-21 12:00:00
14713,2018-03-21 11:00:00
14714,2018-03-21 10:00:00
14715,2018-03-21 09:00:00
14716,2018-03-21 08:00:00
14717,2018-03-21 07:00:00
14718,2018-03-21 06:00:00
14719,2018-03-21 05:00:00
14720,2018-03-21 04:00:00
14721,2018-03-21 03:00:00
14722,2018-03-21 02:00:00
14723,2018-03-21 01:00:00
14762,2019-03-01 11:00:00
14763,2019-03-01 10:00:00
14764,2019-03-01 09:00:00
14765,2019-03-01 08:00:00
14766,2019-03-01 07:00:00
14767,2019-03-01 06:00:00
14768,2019-03-01 05:00:00
14769,2019-03-01 04:00:00
14770,2019-03-01 03:00:00
14771,2019-03-01 02:00:00
14772,2019-03-01 01:00:00
14773,2019-03-01 00:00:00
14774,2019-02-28 23:00:00
14775,2019-02-28 22:00:00
14776,2019-03-08 09:00:00
14777,2019-03-08 08:00:00
14778,2019-03-08 07:00:00
14779,2019-03-08 06:00:00
14780,2019-03-08 05:00:00
14781,2019-03-08 04:00:00
14782,2019-03-08 03:00:00
14783,2019-03-08 02:00:00
14784,2019-03-08 01:00:00
14785,2019-03-08 00:00:00
14786,2019-03-07 23:00:00
14787,2019-03-07 22:00:00
14788,2019-03-07 21:00:00
14789,2019-03-07 20:00:00
14790,2019-03-07 19:00:00
14791,2019-03-07 18:00:00
14792,2019-03-07 17:00:00
14793,2019-03-07 16:00:00
14794,2019-03-07 15:00:00
14795,2019-03-07 14:00:00
14796,2019-03-07 13:00:00
14797,2019-03-07 12:00:00
14798,2019-03-07 11:00:00
14799,2019-03-07 10:00:00
14800,2019-03-07 09:00:00
14801,2019-03-07 08:00:00
14802,2019-03-07 07:00:00
14803,2019-03-07 06:00:00
14804,2019-03-07 05:00:00
14805,2019-03-07 04:00:00
14806,2019-03-07 03:00:00
14807,2019-03-07 02:00:00
14808,2019-03-07 01:00:00
14809,2019-03-07 00:00:00
14810,2019-03-06 23:00:00
14811,2019-03-06 22:00:00
14812,2019-03-06 21:00:00
14813,2019-03-06 20:00:00
14814,2019-03-06 19:00:00
14815,2019-03-06 18:00:00
14816,2019-03-06 17:00:00
14817,2019-03-06 16:00:00
14818,2019-03-06 15:00:00
14852,2019-06-21 06:00:00
14853,2019-06-21 05:00:00
14854,2019-06-21 04:00:00
14855,2019-06-21 03:00:00
14856,2019-06-21 02:00:00
14857,2019-06-21 01:00:00
14858,2019-06-21 00:00:00
14859,2019-06-20 23:00:00
14860,2019-06-20 22:00:00
14861,2019-06-20 21:00:00
14862,2019-06-20 20:00:00
14863,2019-06-20 19:00:00
14864,2019-06-20 18:00:00
14865,2019-06-20 17:00:00
14866,2019-06-20 16:00:00
14867,2019-06-20 15:00:00
14868,2019-06-20 14:00:00
14869,2019-06-20 13:00:00
14870,2019-06-20 12:00:00
14871,2019-06-20 11:00:00
14872,2019-06-20 10:00:00
14873,2019-06-20 09:00:00
14874,2019-06-20 08:00:00
14875,2019-06-20 07:00:00
14876,2019-06-20 06:00:00
14877,2019-06-20 05:00:00
14878,2019-06-20 04:00:00
14879,2019-06-20 03:00:00
14880,2019-06-20 02:00:00
14881,2019-06-20 01:00:00
14882,2019-06-20 00:00:00
14883,2019-06-19 23:00:00
14884,2019-06-19 22:00:00
14885,2019-06-19 21:00:00
14886,2019-06-19 20:00:00
14887,2019-06-19 19:00:00
14888,2019-06-19 18:00:00
14889,2019-06-19 17:00:00
14890,2019-06-19 16:00:00
14891,2019-06-19 15:00:00
14892,2019-06-19 14:00:00
14893,2019-06-19 13:00:00
14894,2019-06-19 12:00:00
14895,2019-06-19 11:00:00
14896,2019-06-19 10:00:00
14897,2019-06-19 09:00:00
14898,2019-06-19 08:00:00
14899,2019-06-19 07:00:00
14900,2019-06-19 06:00:00
14901,2019-06-19 05:00:00
14902,2019-06-19 04:00:00
14903,2019-06-19 03:00:00
14904,2019-06-19 02:00:00
14905,2019-06-19 01:00:00
15151,2021-12-21 20:00:00
15152,2021-12-21 19:00:00
15153,2021-12-21 18:00:00
15154,2021-12-21 17:00:00
15155,2021-12-21 16:00:00
15156,2021-12-21 15:00:00
15157,2021-12-21 14:00:00
15158,2021-12-21 13:00:00
15159,2021-12-21 12:00:00
15160,2021-12-21 11:00:00
15280,2000-01-18 01:00:00
15281,2000-01-18 00:00:00
15282,2000-01-17 23:00:00
15283,2000-01-17 22:00:00
15284,2000-01-17 21:00:00
15285,2000-01-17 20:00:00
15286,2000-01-17 19:00:00
15287,2000-01-17 18:00:00
15288,2000-01-17 17:00:00
15289,2000-01-17 16:00:00
15290,2000-01-17 15:00:00
15291,2000-01-17 14:00:00
15292,2000-01-17 13:00:00
15293,2000-01-17 12:00:00
15294,2000-01-17 11:00:00
15295,2000-01-17 10:00:00
15296,2000-01-17 09:00:00
15297,2000-01-17 08:00:00
15298,2000-01-17 07:00:00
15299,2000-01-17 06:00:00
15300,2000-01-17 05:00:00
15301,2000-01-17 04:00:00
15302,2000-01-17 03:00:00
15303,2000-01-17 02:00:00
15304,2000-01-17 01:00:00
15305,2000-01-17 00:00:00
15306,2000-01-16 23:00:00
15307,2000-01-16 22:00:00
15308,2000-01-16 21:00:00
15309,2000-01-16 20:00:00
15310,2000-01-16 19:00:00
15311,2000-01-16 18:00:00
15312,2000-01-16 17:00:00
15313,2000-01-16 16:00:00
15314,2000-01-16 15:00:00
15315,2000-01-16 14:00:00
15316,2000-01-16 13:00:00
15317,2000-01-16 12:00:00
15318,2000-01-16 11:00:00
15319,2000-01-16 10:00:00
15320,2000-01-16 09:00:00
15321,2000-01-16 08:00:00
15322,2000-01-16 07:00:00
15323,2000-01-16 06:00:00
15324,2000-01-16 05:00:00
15325,2000-01-16 04:00:00
15326,2000-01-16 03:00:00
15327,2000-01-16 02:00:00
15328,2000-01-16 01:00:00
15329,2000-04-21 23:00:00
15330,2000-04-21 22:00:00
15331,2000-04-21 21:00:00
15332,2000-04-21 20:00:00
15333,2000-04-21 19:00:00
15334,2000-04-21 18:00:00
15335,2000-04-21 17:00:00
15336,2000-04-21 16:00:00
15337,2000-04-21 15:00:00
15338,2000-04-21 14:00:00
15339,2000-04-21 13:00:00
15340,2000-04-21 12:00:00
15341,2000-04-21 11:00:00
15342,2000-04-21 10:00:00
15343,2000-04-21 09:00:00
15344,2000-04-21 08:00:00
15345,2000-04-21 07:00:00
15346,2000-04-21 06:00:00
15347,2000-04-21 05:00:00
15348,2000-04-21 04:00:00
15349,2000-04-21 03:00:00
15350,2000-04-21 02:00:00
15351,2000-04-21 01:00:00
15352,2000-04-21 00:00:00
15353,2000-04-20 23:00:00
15354,2000-04-20 22:00:00
15355,2000-04-20 21:00:00
15356,2000-04-20 20:00:00
15411,2003-05-03 07:00:00
15412,2003-05-03 06:00:00
15413,2003-05-03 05:00:00
15414,2003-05-03 04:00:00
15415,2003-05-03 03:00:00
15416,2003-05-03 02:00:00
15417,2003-05-03 01:00:00
15418,2003-05-03 00:00:00
15419,2003-05-02 23:00:00
15420,2003-05-02 22:00:00
15421,2003-05-02 21:00:00
15422,2003-05-02 20:00:00
15423,2003-05-02 19:00:00
15424,2003-05-02 18:00:00
15425,2003-05-02 17:00:00
15426,2003-05-02 16:00:00
15427,2003-05-02 15:00:00
15428,2003-05-02 14:00:00
15429,2003-05-02 13:00:00
15430,2003-05-02 12:00:00
15431,2003-05-02 11:00:00
15432,2003-05-02 10:00:00
15433,2003-05-02 09:00:00
15434,2003-05-02 08:00:00
15435,2003-05-02 07:00:00
15436,2003-05-02 06:00:00
15437,2003-05-02 05:00:00
15465,2003-12-07 02:00:00
15466,2003-12-07 01:00:00
15467,2003-12-07 00:00:00
15468,2003-12-06 23:00:00
15469,2003-12-06 22:00:00
15470,2003-12-06 21:00:00
15471,2003-12-06 20:00:00
15472,2003-12-06 19:00:00
15473,2003-12-06 18:00:00
15474,2003-12-06 17:00:00
15475,2003-12-06 16:00:00
15476,2003-12-06 15:00:00
15477,2003-12-06 14:00:00
15478,2003-12-06 13:00:00
15479,2003-12-06 12:00:00
15480,2003-12-06 11:00:00
15481,2003-12-06 10:00:00
15482,2003-12-06 09:00:00
15483,2003-12-06 08:00:00
15484,2003-12-06 07:00:00
15485,2003-12-06 06:00:00
15486,2003-12-06 05:00:00
15487,2003-12-06 04:00:00
15488,2003-12-06 03:00:00
15489,2003-12-06 02:00:00
15490,2003-12-06 01:00:00
15491,2003-12-06 00:00:00
15492,2003-12-05 23:00:00
15493,2003-12-05 22:00:00
15494,2003-12-05 21:00:00
15495,2003-12-05 20:00:00
15496,2003-12-05 19:00:00
15497,2003-12-05 18:00:00
15498,2003-12-05 17:00:00
15499,2003-12-05 16:00:00
15500,2003-12-05 15:00:00
15501,2003-12-05 14:00:00
15502,2003-12-05 13:00:00
15503,2003-12-05 12:00:00
15504,2003-12-05 11:00:00
15505,2003-12-05 10:00:00
15506,2003-12-05 09:00:00
15507,2003-12-05 08:00:00
15508,2003-12-05 07:00:00
15509,2003-12-05 06:00:00
15510,2003-12-05 05:00:00
15511,2003-12-05 04:00:00
15512,2003-12-05 03:00:00
15513,2003-12-05 02:00:00
15514,2003-12-05 01:00:00
15605,2005-10-03 20:00:00
15606,2005-10-03 19:00:00
15607,2005-10-03 18:00:00
15608,2005-10-03 17:00:00
15609,2005-10-03 16:00:00
15610,2005-10-03 15:00:00
15611,2005-10-03 14:00:00
15612,2005-10-03 13:00:00
15613,2005-10-03 12:00:00
15614,2005-10-03 11:00:00
15615,2005-10-03 10:00:00
15616,2005-10-03 09:00:00
15617,2005-10-03 08:00:00
15618,2005-10-03 07:00:00
15619,2005-10-03 06:00:00
15620,2005-10-03 05:00:00
15621,2005-10-03 04:00:00
15622,2005-10-03 03:00:00
15623,2005-10-03 02:00:00
15624,2005-10-03 01:00:00
15625,2005-10-03 00:00:00
15626,2005-10-02 23:00:00
15627,2005-10-02 22:00:00
15628,2005-10-02 21:00:00
15629,2005-10-02 20:00:00
15630,2005-10-02 19:00:00
15631,2005-10-02 18:00:00
15632,2005-10-02 17:00:00
15633,2005-10-02 16:00:00
15634,2005-10-02 15:00:00
15635,2005-10-02 14:00:00
15636,2005-10-02 13:00:00
15637,2005-10-02 12:00:00
15638,2005-10-02 11:00:00
15639,2005-10-02 10:00:00
15640,2005-10-02 09:00:00
15641,2005-10-02 08:00:00
15642,2005-10-02 07:00:00
15643,2005-10-02 06:00:00
15644,2005-10-02 05:00:00
15645,2005-10-02 04:00:00
15646,2005-10-02 03:00:00
15647,2005-10-02 02:00:00
15648,2005-10-02 01:00:00
15848,2009-01-23 17:00:00
15849,2009-01-23 16:00:00
15850,2009-01-23 15:00:00
15851,2009-01-23 14:00:00
15852,2009-01-23 13:00:00
15853,2009-01-23 12:00:00
15854,2009-01-23 11:00:00
15855,2009-01-23 10:00:00
15856,2009-01-23 09:00:00
15857,2009-01-23 08:00:00
15858,2009-01-23 07:00:00
15859,2009-01-23 06:00:00
15860,2009-01-23 05:00:00
15861,2009-01-23 04:00:00
15862,2009-01-23 03:00:00
15863,2009-01-23 02:00:00
15864,2009-01-23 01:00:00
15865,2009-01-23 00:00:00
15866,2009-01-22 23:00:00
15867,2009-01-22 22:00:00
15868,2009-01-22 21:00:00
15869,2009-01-22 20:00:00
15870,2009-01-22 19:00:00
15871,2009-01-22 18:00:00
15872,2009-01-22 17:00:00
15873,2009-01-22 16:00:00
15874,2009-01-22 15:00:00
15875,2009-01-22 14:00:00
15876,2009-01-22 13:00:00
15877,2009-01-22 12:00:00
15878,2009-01-22 11:00:00
15879,2009-01-22 10:00:00
15880,2009-01-22 09:00:00
15881,2009-01-22 08:00:00
15882,2009-01-22 07:00:00
15883,2009-01-22 06:00:00
15884,2009-01-22 05:00:00
15885,2009-01-22 04:00:00
15886,2009-01-22 03:00:00
15887,2009-01-22 02:00:00
15888,2009-01-22 01:00:00
15889,2009-01-25 00:00:00
15890,2009-01-24 23:00:00
15891,2009-01-24 22:00:00
15892,2009-01-24 21:00:00
15893,2009-01-24 20:00:00
15894,2009-01-24 19:00:00
15895,2009-01-24 18:00:00
15896,2009-01-24 17:00:00
15897,2009-01-24 16:00:00
15898,2009-01-24 15:00:00
15899,2009-01-24 14:00:00
15900,2009-01-24 13:00:00
15901,2009-01-24 12:00:00
15902,2009-01-24 11:00:00
15903,2009-01-24 10:00:00
15904,2009-01-24 09:00:00
15905,2009-01-24 08:00:00
15906,2009-01-24 07:00:00
15907,2009-01-24 06:00:00
15908,2009-01-24 05:00:00
15909,2009-01-24 04:00:00
15910,2009-01-24 03:00:00
15911,2009-01-24 02:00:00
15912,2009-01-24 01:00:00
15913,2009-01-24 00:00:00
15914,2009-01-23 23:00:00
15915,2009-01-23 22:00:00
15916,2009-01-23 21:00:00
15917,2009-01-23 20:00:00
15918,2009-01-23 19:00:00
15919,2009-01-23 18:00:00
16021,2017-01-07 01:00:00
16022,2017-01-10 20:00:00
16023,2017-01-10 19:00:00
16024,2017-01-10 18:00:00
16025,2017-01-10 17:00:00
16026,2017-01-10 16:00:00
16027,2017-01-10 15:00:00
16028,2017-01-10 14:00:00
16029,2017-01-10 13:00:00
16030,2017-01-10 12:00:00
16031,2017-01-10 11:00:00
16032,2017-01-10 10:00:00
16033,2017-01-10 09:00:00
16034,2017-01-10 08:00:00
16035,2017-01-10 07:00:00
16036,2017-01-10 06:00:00
16037,2017-01-10 05:00:00
16038,2017-01-10 04:00:00
16039,2017-01-10 03:00:00
16040,2017-01-10 02:00:00
16041,2017-01-10 01:00:00
16042,2017-01-10 00:00:00
16043,2017-01-09 23:00:00
16044,2017-01-09 22:00:00
16045,2017-01-09 21:00:00
16046,2017-01-09 20:00:00
16073,2019-03-05 16:00:00
16074,2019-03-05 15:00:00
16075,2019-03-05 14:00:00
16076,2019-03-05 13:00:00
16077,2019-03-05 12:00:00
16078,2019-03-05 11:00:00
16079,2019-03-05 10:00:00
16080,2019-03-05 09:00:00
16081,2019-03-05 08:00:00
16082,2019-03-05 07:00:00
16083,2019-03-05 06:00:00
16084,2019-03-05 05:00:00
16085,2019-03-05 04:00:00
16086,2019-03-05 03:00:00
16087,2019-03-05 02:00:00
16088,2019-03-05 01:00:00
16089,2019-03-05 00:00:00
16090,2019-03-04 23:00:00
16091,2019-03-04 22:00:00
16092,2019-03-04 21:00:00
16093,2019-03-04 20:00:00
16094,2019-03-04 19:00:00
16196,2000-01-25 12:00:00
16197,2000-01-25 11:00:00
16198,2000-01-24 12:00:00
16199,2002-09-09 08:00:00
16200,2002-09-09 07:00:00
16201,2002-09-09 06:00:00
16202,2002-09-09 05:00:00
16203,2002-09-09 04:00:00
16204,2002-09-09 03:00:00
16205,2002-09-09 02:00:00
16206,2002-09-09 01:00:00
16207,2002-09-09 00:00:00
16208,2002-09-08 23:00:00
16209,2002-09-08 22:00:00
16210,2002-09-08 21:00:00
16211,2002-09-08 20:00:00
16212,2002-09-08 19:00:00
16213,2002-09-08 18:00:00
16214,2002-09-08 17:00:00
16215,2002-09-08 16:00:00
16216,2002-09-08 15:00:00
16217,2002-09-08 14:00:00
16218,2002-09-08 13:00:00
16219,2002-09-08 12:00:00
16220,2002-09-08 11:00:00
16221,2002-09-08 10:00:00
16222,2002-09-08 09:00:00
16223,2002-09-08 08:00:00
16231,2002-11-08 15:00:00
16232,2002-11-08 14:00:00
16233,2002-11-08 13:00:00
16261,2002-11-07 09:00:00
16262,2002-11-07 08:00:00
16263,2002-11-07 07:00:00
16264,2002-11-07 06:00:00
16265,2002-11-07 05:00:00
16266,2002-11-07 04:00:00
16267,2002-11-07 03:00:00
16268,2002-11-07 02:00:00
16269,2002-11-07 01:00:00
16270,2002-11-07 00:00:00
16271,2002-11-06 23:00:00
16272,2002-11-06 22:00:00
16273,2002-11-06 21:00:00
16274,2002-11-06 20:00:00
16275,2002-11-06 19:00:00
16276,2002-11-06 18:00:00
16277,2002-11-06 17:00:00
16278,2002-11-09 14:00:00
16279,2002-11-09 13:00:00
16280,2002-11-09 12:00:00
16281,2002-11-09 11:00:00
16282,2002-11-09 10:00:00
16283,2002-11-09 09:00:00
16284,2002-11-09 08:00:00
16285,2002-11-09 07:00:00
16286,2002-11-09 06:00:00
16287,2002-11-09 05:00:00
16288,2002-11-09 04:00:00
16289,2002-11-09 03:00:00
16290,2002-11-09 02:00:00
16291,2002-11-09 01:00:00
16292,2002-11-09 00:00:00
16293,2002-11-08 23:00:00
16294,2002-11-08 22:00:00
16295,2002-11-08 21:00:00
16296,2002-11-08 20:00:00
16297,2002-11-08 19:00:00
16298,2002-11-08 18:00:00
16299,2002-11-08 17:00:00
16300,2002-11-08 16:00:00
16350,2003-02-25 23:00:00
16351,2003-02-25 22:00:00
16352,2003-02-25 21:00:00
16353,2003-02-25 20:00:00
16354,2003-02-25 19:00:00
16355,2003-02-25 18:00:00
16356,2003-02-25 17:00:00
16357,2003-11-11 15:00:00
16358,2003-11-11 14:00:00
16359,2003-11-11 13:00:00
16431,2005-04-24 17:00:00
16432,2005-04-24 16:00:00
16433,2005-04-24 15:00:00
16507,2007-01-13 13:00:00
16508,2007-01-13 12:00:00
16509,2007-01-13 11:00:00
16510,2007-01-13 10:00:00
16511,2007-01-13 09:00:00
16512,2007-01-13 08:00:00
16513,2007-01-13 07:00:00
16514,2007-01-13 06:00:00
16515,2007-01-13 05:00:00
16516,2007-01-13 04:00:00
16517,2007-01-13 03:00:00
16518,2007-01-13 02:00:00
16519,2007-01-13 01:00:00
16520,2007-01-13 00:00:00
16521,2007-01-12 23:00:00
16522,2007-01-12 22:00:00
16523,2007-01-12 21:00:00
16524,2007-01-12 20:00:00
16832,2007-12-10 06:00:00
16833,2007-12-10 05:00:00
16834,2007-12-10 04:00:00
16852,2008-11-27 01:00:00
16853,2008-11-27 00:00:00
16887,2008-11-25 14:00:00
16888,2008-11-25 13:00:00
16889,2008-11-25 12:00:00
16890,2008-11-25 11:00:00
16891,2008-11-25 10:00:00
16892,2008-11-25 09:00:00
16924,2008-12-22 19:00:00
16925,2008-12-22 18:00:00
16926,2008-12-22 17:00:00
16938,2008-12-22 05:00:00
16939,2008-12-22 04:00:00
16940,2008-12-22 03:00:00
16941,2008-12-22 02:00:00
16942,2008-12-22 01:00:00
16943,2008-12-22 00:00:00
16944,2008-12-21 23:00:00
16945,2008-12-21 22:00:00
16946,2008-12-21 21:00:00
16947,2008-12-21 20:00:00
16948,2008-12-21 19:00:00
16949,2008-12-21 18:00:00
16950,2008-12-21 17:00:00
16951,2008-12-21 16:00:00
16952,2008-12-21 15:00:00
16953,2008-12-21 14:00:00
16954,2008-12-21 13:00:00
16955,2008-12-21 12:00:00
16956,2008-12-21 11:00:00
16957,2008-12-21 10:00:00
16958,2008-12-21 09:00:00
16959,2008-12-21 08:00:00
16960,2008-12-21 07:00:00
16961,2008-12-21 06:00:00
16962,2008-12-21 05:00:00
16963,2008-12-21 04:00:00
16964,2008-12-21 03:00:00
16965,2008-12-21 02:00:00
16966,2008-12-21 01:00:00
16967,2008-12-21 00:00:00
16968,2008-12-20 23:00:00
16969,2008-12-20 22:00:00
16970,2008-12-20 21:00:00
16971,2008-12-20 20:00:00
16972,2008-12-20 19:00:00
16973,2008-12-20 18:00:00
16974,2008-12-20 17:00:00
16975,2008-12-20 16:00:00
16976,2008-12-20 15:00:00
16977,2008-12-20 14:00:00
16978,2008-12-20 13:00:00
16979,2008-12-20 12:00:00
16980,2008-12-25 18:00:00
17037,2008-12-23 09:00:00
17038,2008-12-23 08:00:00
17039,2008-12-23 07:00:00
17040,2008-12-23 06:00:00
17041,2008-12-23 05:00:00
17042,2008-12-23 04:00:00
17043,2008-12-23 03:00:00
17044,2008-12-23 02:00:00
17045,2008-12-23 01:00:00
17046,2009-06-09 15:00:00
17047,2009-06-09 14:00:00
17048,2009-06-09 13:00:00
17049,2009-06-09 12:00:00
17050,2009-06-09 11:00:00
17051,2009-06-09 10:00:00
17052,2009-06-09 09:00:00
17053,2009-06-09 08:00:00
17054,2009-06-09 07:00:00
17055,2009-06-09 06:00:00
17056,2009-06-09 05:00:00
17057,2009-06-09 04:00:00
17058,2009-06-09 03:00:00
17059,2009-06-09 02:00:00
17060,2009-06-09 01:00:00
17061,2009-06-09 00:00:00
17062,2009-06-08 23:00:00
17063,2009-06-08 22:00:00
17064,2009-06-08 21:00:00
17065,2009-06-08 20:00:00
17066,2009-06-08 19:00:00
17067,2009-06-08 18:00:00
17068,2009-06-08 17:00:00
17069,2009-06-08 16:00:00
17070,2009-06-08 15:00:00
17146,2011-04-23 02:00:00
17147,2011-04-23 01:00:00
17148,2011-04-23 00:00:00
17149,2011-10-26 15:00:00
17150,2011-10-26 14:00:00
17151,2011-10-26 13:00:00
17152,2011-10-26 12:00:00
17212,2012-09-11 22:00:00
17213,2012-09-11 21:00:00
17214,2012-09-11 20:00:00
17215,2012-09-11 19:00:00
17216,2012-09-11 18:00:00
17217,2012-09-11 17:00:00
17218,2012-09-11 16:00:00
17219,2012-09-11 15:00:00
17220,2012-09-11 14:00:00
17221,2012-09-11 13:00:00
17222,2012-09-11 12:00:00
17223,2012-09-11 11:00:00
17224,2012-09-11 10:00:00
17225,2012-09-11 09:00:00
17226,2012-09-11 08:00:00
17227,2012-09-11 07:00:00
17228,2012-09-11 06:00:00
17229,2012-09-11 05:00:00
17230,2012-09-11 04:00:00
17231,2012-09-11 03:00:00
17232,2012-09-11 02:00:00
17233,2012-09-11 01:00:00
17234,2012-09-11 00:00:00
17235,2012-09-10 23:00:00
17236,2012-09-10 22:00:00
17237,2012-09-10 21:00:00
17238,2012-09-10 20:00:00
17239,2012-09-10 19:00:00
17240,2012-09-10 18:00:00
17241,2012-09-10 17:00:00
17242,2012-09-10 16:00:00
17243,2012-09-10 15:00:00
17244,2012-09-10 14:00:00
17245,2012-09-10 13:00:00
17246,2012-09-10 12:00:00
17247,2012-09-10 11:00:00
17248,2012-09-10 10:00:00
17249,2012-09-10 09:00:00
17250,2012-09-10 08:00:00
17251,2012-09-10 07:00:00
17252,2012-09-10 06:00:00
17253,2012-09-10 05:00:00
17254,2012-09-10 04:00:00
17255,2012-09-10 03:00:00
17256,2012-09-10 02:00:00
17257,2012-09-10 01:00:00
17279,2013-11-20 13:00:00
17280,2013-11-20 12:00:00
17281,2013-11-20 11:00:00
17282,2013-11-20 10:00:00
17283,2013-11-20 09:00:00
17284,2013-11-20 08:00:00
17285,2013-11-20 07:00:00
17286,2013-11-20 06:00:00
17287,2013-11-20 05:00:00
17288,2013-11-20 04:00:00
17289,2013-11-20 03:00:00
17290,2013-11-20 02:00:00
17291,2013-11-20 01:00:00
17292,2013-11-20 00:00:00
17293,2013-11-19 23:00:00
17313,2014-02-28 17:00:00
17314,2014-02-28 16:00:00
17315,2014-02-28 15:00:00
17316,2014-02-28 14:00:00
17317,2014-02-28 13:00:00
17318,2014-02-28 12:00:00
17319,2014-02-28 11:00:00
17320,2014-02-28 10:00:00
17321,2014-02-28 09:00:00
17322,2014-02-28 08:00:00
17323,2014-02-28 07:00:00
17324,2014-02-28 06:00:00
17325,2014-02-28 05:00:00
17326,2014-02-28 04:00:00
17327,2014-02-28 03:00:00
17328,2014-02-28 02:00:00
17329,2014-02-28 01:00:00
17330,2014-02-28 00:00:00
17331,2014-02-27 23:00:00
17332,2014-02-27 22:00:00
17333,2014-02-27 21:00:00
17334,2014-02-27 20:00:00
17335,2014-02-27 19:00:00
17336,2014-02-27 18:00:00
17337,2014-02-27 17:00:00
17338,2014-02-27 16:00:00
17339,2014-02-27 15:00:00
17340,2014-02-27 14:00:00
17341,2014-02-27 13:00:00
17342,2014-02-27 12:00:00
17343,2014-02-27 11:00:00
17344,2014-02-27 10:00:00
17345,2014-02-27 09:00:00
17346,2014-02-27 08:00:00
17347,2014-02-27 07:00:00
17403,2015-02-26 15:00:00
17404,2015-02-26 14:00:00
17405,2015-02-26 13:00:00
17406,2015-02-26 12:00:00
17407,2015-02-26 11:00:00
17408,2015-02-26 10:00:00
17409,2015-02-26 09:00:00
17410,2015-02-26 08:00:00
17411,2015-02-26 07:00:00
17412,2015-02-26 06:00:00
17413,2015-02-26 05:00:00
17414,2015-02-26 04:00:00
17415,2015-02-26 03:00:00
17416,2015-02-26 02:00:00
17417,2015-02-26 01:00:00
17461,2015-05-13 18:00:00
17462,2015-05-13 17:00:00
17463,2015-05-13 16:00:00
17464,2015-05-13 15:00:00
17465,2015-05-13 14:00:00
17466,2015-05-13 13:00:00
17467,2015-05-13 12:00:00
17468,2015-05-13 11:00:00
17469,2015-05-13 10:00:00
17470,2015-05-13 09:00:00
17471,2015-05-13 08:00:00
17472,2015-05-13 07:00:00
17473,2015-05-13 06:00:00
17474,2015-05-13 05:00:00
17475,2015-11-16 17:00:00
17476,2015-11-16 16:00:00
17559,2016-11-20 21:00:00
17560,2016-12-16 19:00:00
17561,2016-12-16 18:00:00
17577,2016-12-16 02:00:00
17578,2016-12-16 01:00:00
17579,2016-12-16 00:00:00
17630,2019-12-08 08:00:00
17631,2019-12-08 07:00:00
17632,2019-12-08 06:00:00
17633,2019-12-08 05:00:00
17634,2019-12-08 04:00:00
17635,2019-12-08 03:00:00
17636,2019-12-08 02:00:00
17637,2019-12-08 01:00:00
17638,2019-12-08 00:00:00
17639,2019-12-07 23:00:00
17640,2019-12-07 22:00:00
17641,2019-12-07 21:00:00
17642,2019-12-07 20:00:00
17643,2019-12-07 19:00:00
17644,2019-12-07 18:00:00
17645,2019-12-07 17:00:00
17646,2019-12-07 16:00:00
17647,2019-12-07 15:00:00
17648,2021-12-24 19:00:00
17662,2021-12-31 17:00:00
17663,2021-12-31 16:00:00
17664,2021-12-31 15:00:00
17665,2021-12-31 14:00:00
17666,2021-12-31 13:00:00
17667,2021-12-31 12:00:00
17668,2021-12-31 11:00:00
17669,2021-12-31 10:00:00
17670,2021-12-31 09:00:00
17671,2021-12-31 08:00:00
17672,2021-12-31 07:00:00
17673,2021-12-31 06:00:00
17674,2021-12-31 05:00:00
17675,2021-12-31 04:00:00
17676,2021-12-31 03:00:00
17677,2021-12-31 02:00:00
17678,2021-12-31 01:00:00
17758,2001-04-20 11:00:00
17759,2001-04-20 10:00:00
17760,2001-04-20 09:00:00
17761,2001-04-20 08:00:00
17762,2001-04-20 07:00:00
17763,2001-04-20 06:00:00
17764,2001-04-20 05:00:00
17765,2001-04-20 04:00:00
17766,2001-04-20 03:00:00
17767,2001-04-20 02:00:00
17768,2001-04-20 01:00:00
17769,2001-04-20 00:00:00
17770,2001-04-19 23:00:00
17771,2001-04-19 22:00:00
17772,2001-04-19 21:00:00
17773,2001-04-19 20:00:00
17774,2001-04-19 19:00:00
17775,2001-04-19 18:00:00
17776,2001-04-19 17:00:00
17777,2001-04-19 16:00:00
17778,2001-04-19 15:00:00
17779,2001-04-19 14:00:00
17780,2001-04-19 13:00:00
17781,2001-04-19 12:00:00
17782,2001-04-19 11:00:00
17783,2001-04-19 10:00:00
17784,2001-04-19 09:00:00
17785,2001-04-19 08:00:00
17786,2001-04-19 07:00:00
17787,2001-04-19 06:00:00
17788,2001-04-19 05:00:00
17789,2001-04-19 04:00:00
17790,2001-04-19 03:00:00
17791,2001-04-19 02:00:00
17792,2001-04-19 01:00:00
17856,2010-04-21 11:00:00
17857,2010-04-21 10:00:00
17858,2010-04-21 09:00:00
17859,2010-04-21 08:00:00
17860,2010-04-21 07:00:00
17861,2010-04-21 06:00:00
17862,2010-04-21 05:00:00
17863,2010-04-21 04:00:00
17864,2010-04-21 03:00:00
17865,2010-04-21 02:00:00
17866,2010-04-21 01:00:00
17887,2003-05-15 01:00:00
17888,2003-05-15 00:00:00
17889,2003-05-14 23:00:00
17890,2003-05-14 22:00:00
17891,2003-05-14 21:00:00
17892,2003-05-14 20:00:00
17893,2003-05-14 19:00:00
17894,2003-05-14 18:00:00
17895,2003-05-14 17:00:00
17896,2003-05-14 16:00:00
17897,2003-05-14 15:00:00
17898,2003-05-14 14:00:00
17899,2003-05-14 13:00:00
17900,2003-05-14 12:00:00
17901,2003-05-14 11:00:00
17902,2003-05-14 10:00:00
17903,2003-05-14 09:00:00
17904,2003-05-14 08:00:00
17905,2003-05-14 07:00:00
17906,2003-05-14 06:00:00
17907,2003-05-14 05:00:00
17908,2003-05-14 04:00:00
18000,2006-10-05 10:00:00
18001,2006-10-05 09:00:00
18002,2006-10-05 08:00:00
18003,2006-10-05 07:00:00
18004,2006-10-05 06:00:00
18005,2006-10-05 05:00:00
18006,2006-10-05 04:00:00
18007,2006-10-05 03:00:00
18008,2006-10-05 02:00:00
18009,2006-10-05 01:00:00
18010,2006-10-05 00:00:00
18011,2006-10-04 23:00:00
18012,2006-10-04 22:00:00
18013,2006-10-04 21:00:00
18014,2006-10-04 20:00:00
18015,2006-10-04 19:00:00
18016,2006-10-04 18:00:00
18017,2006-10-04 17:00:00
18018,2006-10-04 16:00:00
18019,2006-10-04 15:00:00
18020,2006-10-04 14:00:00
18021,2006-10-04 13:00:00
18022,2006-10-04 12:00:00
18023,2006-10-04 11:00:00
18024,2006-10-04 10:00:00
18025,2006-10-04 09:00:00
18026,2006-10-04 08:00:00
18027,2006-10-04 07:00:00
18028,2006-10-04 06:00:00
18029,2006-10-04 05:00:00
18030,2006-10-04 04:00:00
18031,2006-10-04 03:00:00
18032,2006-10-04 02:00:00
18033,2006-10-04 01:00:00
18034,2007-04-08 05:00:00
18035,2007-04-08 04:00:00
18036,2007-04-08 03:00:00
18037,2007-04-08 02:00:00
18038,2007-04-08 01:00:00
18039,2007-04-08 00:00:00
18040,2007-04-07 23:00:00
18041,2007-04-07 22:00:00
18042,2007-04-07 21:00:00
18043,2007-04-07 20:00:00
18044,2007-04-07 19:00:00
18045,2007-04-07 18:00:00
18046,2007-04-07 17:00:00
18047,2007-04-07 16:00:00
18048,2007-04-07 15:00:00
18049,2007-04-07 14:00:00
18050,2007-04-07 13:00:00
18051,2007-04-07 12:00:00
18052,2007-04-07 11:00:00
18053,2007-04-07 10:00:00
18054,2007-04-07 09:00:00
18055,2007-04-07 08:00:00
18056,2007-04-07 07:00:00
18057,2007-04-07 06:00:00
18058,2007-04-07 05:00:00
18059,2007-04-07 04:00:00
18060,2007-04-07 03:00:00
18061,2007-04-07 02:00:00
18062,2007-04-07 01:00:00
18063,2007-04-07 00:00:00
18064,2007-04-06 23:00:00
18065,2007-04-06 22:00:00
18066,2007-04-06 21:00:00
18067,2007-04-06 20:00:00
18186,2007-10-01 13:00:00
18368,2008-11-25 08:00:00
18369,2008-11-25 07:00:00
18370,2008-11-25 06:00:00
18460,2010-09-20 17:00:00
18461,2010-09-20 16:00:00
18462,2010-09-20 15:00:00
18463,2010-09-20 14:00:00
18464,2010-09-20 13:00:00
18465,2010-09-20 12:00:00
18466,2010-09-20 11:00:00
18467,2010-09-20 10:00:00
18468,2010-09-20 09:00:00
18469,2010-09-20 08:00:00
18470,2010-09-20 07:00:00
18471,2010-09-20 06:00:00
18472,2010-09-20 05:00:00
18473,2010-09-20 04:00:00
18474,2010-09-20 03:00:00
18475,2010-09-20 02:00:00
18476,2010-09-20 01:00:00
18487,2011-04-22 23:00:00
18488,2011-04-22 22:00:00
18489,2011-04-22 21:00:00
18490,2011-04-22 20:00:00
18491,2011-04-22 19:00:00
18492,2011-04-22 18:00:00
18493,2011-04-22 17:00:00
18494,2011-04-22 16:00:00
18495,2011-04-22 15:00:00
18496,2011-04-22 14:00:00
18497,2013-11-21 22:00:00
18498,2013-11-21 21:00:00
18499,2013-11-21 20:00:00
18500,2013-11-21 19:00:00
18501,2013-11-21 18:00:00
18502,2013-11-21 17:00:00
18503,2013-11-21 16:00:00
18504,2013-11-21 15:00:00
18525,2014-12-13 03:00:00
18526,2014-12-13 02:00:00
18527,2014-12-13 01:00:00
18528,2014-12-13 00:00:00
18529,2014-12-12 23:00:00
18530,2014-12-12 22:00:00
18531,2014-12-12 21:00:00
18532,2014-12-12 20:00:00
18533,2014-12-12 19:00:00
18534,2014-12-12 18:00:00
18535,2014-12-12 17:00:00
18536,2014-12-12 16:00:00
18537,2014-12-12 15:00:00
18538,2014-12-12 14:00:00
18539,2014-12-12 13:00:00
18540,2014-12-12 12:00:00
18541,2014-12-12 11:00:00
18542,2014-12-12 10:00:00
18543,2014-12-12 09:00:00
18544,2014-12-12 08:00:00
18545,2014-12-12 07:00:00
18546,2014-12-12 06:00:00
18547,2014-12-12 05:00:00
18548,2014-12-12 04:00:00
18549,2014-12-12 03:00:00
18550,2014-12-12 02:00:00
18551,2014-12-12 01:00:00
18552,2014-12-12 00:00:00
18553,2014-12-11 23:00:00
18554,2014-12-11 22:00:00
18555,2014-12-11 21:00:00
18556,2014-12-11 20:00:00
18557,2014-12-11 19:00:00
18558,2014-12-11 18:00:00
18559,2014-12-11 17:00:00
18560,2014-12-11 16:00:00
18561,2014-12-11 15:00:00
18562,2014-12-11 14:00:00
18563,2014-12-11 13:00:00
18564,2014-12-11 12:00:00
18565,2014-12-11 11:00:00
18566,2014-12-11 10:00:00
18567,2014-12-11 09:00:00
18568,2014-12-11 08:00:00
18569,2014-12-11 07:00:00
18570,2014-12-11 06:00:00
18571,2014-12-11 05:00:00
18572,2014-12-11 04:00:00
18573,2014-12-11 03:00:00
18574,2014-12-11 02:00:00
18575,2014-12-11 01:00:00
18607,2018-08-20 00:00:00
18608,2018-08-19 23:00:00
18609,2018-08-19 22:00:00
18610,2018-08-19 21:00:00
18611,2018-08-19 20:00:00
18612,2018-08-19 19:00:00
18613,2018-08-19 18:00:00
18614,2018-08-19 17:00:00
18615,2018-08-19 16:00:00
18616,2018-08-19 15:00:00
18617,2018-08-19 14:00:00
18618,2018-08-19 13:00:00
18619,2018-08-19 12:00:00
18620,2018-08-19 11:00:00
18621,2018-08-19 10:00:00
18622,2018-08-19 09:00:00
18623,2018-08-19 08:00:00
18624,2018-08-19 07:00:00
18625,2018-08-19 06:00:00
18626,2018-08-19 05:00:00
18627,2018-08-19 04:00:00
18628,2018-08-19 03:00:00
18629,2018-08-19 02:00:00
18630,2018-08-19 01:00:00
18734,2019-11-29 05:00:00
18735,2019-11-29 04:00:00
18736,2019-11-29 03:00:00
18737,2019-11-29 02:00:00
18738,2019-11-29 01:00:00
18739,2019-11-29 00:00:00
18779,2020-06-06 13:00:00
18800,2020-06-05 16:00:00
18801,2020-06-05 15:00:00
18802,2020-06-05 14:00:00
18803,2020-06-05 13:00:00
18804,2020-06-05 12:00:00
18805,2020-06-05 11:00:00
18806,2021-08-19 13:00:00
18886,2023-01-17 07:00:00
18887,2023-01-17 06:00:00
18888,2023-01-17 05:00:00
18889,2023-01-17 04:00:00
18890,2023-01-17 03:00:00
18891,2023-01-17 02:00:00
18892,2023-01-17 01:00:00
18893,2023-01-17 00:00:00
18894,2023-01-16 23:00:00
18895,2023-01-16 22:00:00
18896,2023-01-16 21:00:00
18897,2023-01-16 20:00:00
18898,2023-01-16 19:00:00
19000,2000-01-25 07:00:00
19001,2000-01-25 06:00:00
19002,2000-01-25 05:00:00
19003,2000-01-25 04:00:00
19004,2000-01-25 03:00:00
19005,2000-01-25 02:00:00
19018,2000-01-24 13:00:00
19020,2000-01-24 11:00:00
19021,2002-10-02 13:00:00
19022,2002-10-02 12:00:00
19207,2004-10-28 16:00:00
19208,2004-10-28 15:00:00
19290,2005-03-24 13:00:00
19291,2005-03-24 12:00:00
19292,2005-03-24 11:00:00
19293,2005-03-24 10:00:00
19294,2005-03-24 09:00:00
19295,2005-03-24 08:00:00
19296,2005-03-24 07:00:00
19297,2005-03-24 06:00:00
19298,2005-03-24 05:00:00
19299,2005-03-24 04:00:00
19300,2005-03-24 03:00:00
19301,2005-03-24 02:00:00
19302,2005-03-24 01:00:00
19303,2005-03-24 00:00:00
19304,2005-03-23 23:00:00
19305,2005-03-23 22:00:00
19306,2005-03-23 21:00:00
19307,2005-03-23 20:00:00
19308,2005-03-23 19:00:00
19309,2005-03-23 18:00:00
19310,2005-03-23 17:00:00
19311,2005-03-23 16:00:00
19312,2005-03-23 15:00:00
19313,2005-03-23 14:00:00
19314,2005-03-23 13:00:00
19315,2005-03-23 12:00:00
19316,2005-03-23 11:00:00
19317,2005-03-23 10:00:00
19318,2005-03-23 09:00:00
19319,2005-03-23 08:00:00
19556,2007-10-01 14:00:00
19663,2008-06-04 04:00:00
19664,2008-06-04 03:00:00
19665,2008-06-04 02:00:00
19666,2008-06-04 01:00:00
19667,2008-06-04 00:00:00
19668,2008-06-03 23:00:00
19669,2008-06-03 22:00:00
19670,2008-06-03 21:00:00
19671,2008-06-03 20:00:00
19672,2008-06-03 19:00:00
19673,2008-06-03 18:00:00
19674,2008-06-03 17:00:00
19675,2008-06-03 16:00:00
19676,2008-06-03 15:00:00
19677,2008-06-03 14:00:00
19678,2008-06-03 13:00:00
19679,2008-06-03 12:00:00
19680,2008-06-03 11:00:00
19681,2008-06-03 10:00:00
19682,2008-06-03 09:00:00
19683,2008-06-03 08:00:00
19684,2008-06-03 07:00:00
19685,2008-06-03 06:00:00
19686,2008-06-03 05:00:00
19687,2008-06-03 04:00:00
19688,2008-06-03 03:00:00
19689,2008-06-03 02:00:00
19690,2008-06-03 01:00:00
19691,2008-06-03 00:00:00
19692,2008-06-02 23:00:00
19693,2008-06-02 22:00:00
19694,2008-06-02 21:00:00
19695,2008-06-02 20:00:00
19696,2008-06-02 19:00:00
19697,2008-06-02 18:00:00
19698,2008-06-02 17:00:00
19699,2008-06-02 16:00:00
19700,2008-06-02 15:00:00
19701,2008-06-02 14:00:00
19702,2008-06-02 13:00:00
19786,2008-11-25 05:00:00
19787,2008-11-25 04:00:00
19788,2008-11-25 03:00:00
19789,2008-11-25 02:00:00
19790,2008-11-25 01:00:00
19862,2011-12-13 09:00:00
19863,2011-12-13 08:00:00
20040,2014-04-25 23:00:00
20041,2014-04-25 22:00:00
20042,2014-04-25 21:00:00
20043,2014-04-25 20:00:00
20044,2014-04-25 19:00:00
20045,2014-04-25 18:00:00
20046,2014-04-25 17:00:00
20047,2014-04-25 16:00:00
20048,2014-04-25 15:00:00
20049,2014-04-25 14:00:00
20050,2014-04-25 13:00:00
20051,2014-04-25 12:00:00
20052,2014-04-25 11:00:00
20053,2014-04-25 10:00:00
20054,2014-04-25 09:00:00
20055,2014-04-25 08:00:00
20056,2014-04-25 07:00:00
20057,2014-04-25 06:00:00
20058,2014-04-25 05:00:00
20059,2014-04-25 04:00:00
20060,2014-04-25 03:00:00
20061,2014-04-25 02:00:00
20062,2014-04-25 01:00:00
20063,2014-04-25 00:00:00
20064,2014-04-24 23:00:00
20065,2014-04-24 22:00:00
20066,2014-04-24 21:00:00
20067,2014-04-24 20:00:00
20068,2014-04-24 19:00:00
20069,2014-04-24 18:00:00
20070,2014-04-24 17:00:00
20071,2014-04-24 16:00:00
20072,2014-04-24 15:00:00
20073,2014-04-24 14:00:00
20074,2014-04-24 13:00:00
20075,2014-04-24 12:00:00
20076,2014-04-24 11:00:00
20077,2014-12-13 14:00:00
20078,2014-12-13 13:00:00
20079,2014-12-13 12:00:00
20080,2014-12-13 11:00:00
20081,2014-12-13 10:00:00
20082,2014-12-13 09:00:00
20083,2014-12-13 08:00:00
20084,2014-12-13 07:00:00
20085,2014-12-13 06:00:00
20086,2014-12-13 05:00:00
20087,2014-12-13 04:00:00
20181,2016-12-15 23:00:00
20182,2016-12-15 22:00:00
20183,2016-12-15 21:00:00
20184,2016-12-15 20:00:00
20185,2016-12-15 19:00:00
20186,2016-12-15 18:00:00
20187,2016-12-15 17:00:00
20188,2016-12-15 16:00:00
20189,2016-12-15 15:00:00
20190,2016-12-15 14:00:00
20191,2016-12-15 13:00:00
20192,2016-12-15 12:00:00
20193,2016-12-15 11:00:00
20194,2016-12-15 10:00:00
20195,2016-12-15 09:00:00
20196,2016-12-15 08:00:00
20197,2016-12-15 07:00:00
20198,2016-12-15 06:00:00
20199,2016-12-15 05:00:00
20200,2016-12-15 04:00:00
20201,2016-12-15 03:00:00
20202,2016-12-15 02:00:00
20203,2016-12-15 01:00:00
20204,2016-12-15 00:00:00
20205,2016-12-14 23:00:00
20206,2016-12-14 22:00:00
20207,2016-12-14 21:00:00
20208,2016-12-14 20:00:00
20209,2016-12-14 19:00:00
20210,2016-12-14 18:00:00
20211,2016-12-14 17:00:00
20212,2016-12-14 16:00:00
20213,2016-12-14 15:00:00
20214,2016-12-14 14:00:00
20215,2016-12-14 13:00:00
20216,2016-12-14 12:00:00
20217,2016-12-14 11:00:00
20218,2016-12-14 10:00:00
20219,2016-12-14 09:00:00
20220,2016-12-14 08:00:00
20221,2016-12-14 07:00:00
20222,2016-12-14 06:00:00
20223,2016-12-14 05:00:00
20224,2016-12-14 04:00:00
20225,2016-12-14 03:00:00
20226,2016-12-14 02:00:00
20227,2016-12-14 01:00:00
20274,2018-10-05 07:00:00
20275,2018-10-05 06:00:00
20276,2018-10-05 05:00:00
20277,2018-10-05 04:00:00
20278,2018-10-05 03:00:00
20279,2018-10-05 02:00:00
20280,2018-10-05 01:00:00
20341,2019-02-28 21:00:00
20342,2019-02-28 20:00:00
20343,2019-02-28 19:00:00
20344,2019-02-28 18:00:00
20345,2019-02-28 17:00:00
20346,2019-02-28 16:00:00
20347,2019-02-28 15:00:00
20348,2019-02-28 14:00:00
20349,2019-02-28 13:00:00
20350,2019-02-28 12:00:00
20351,2019-02-28 11:00:00
20352,2019-02-28 10:00:00
20353,2019-02-28 09:00:00
20354,2019-02-28 08:00:00
20355,2019-02-28 07:00:00
20356,2019-02-28 06:00:00
20357,2019-02-28 05:00:00
20358,2019-02-28 04:00:00
20359,2019-02-28 03:00:00
20360,2019-02-28 02:00:00
20361,2019-02-28 01:00:00
20550,2021-12-29 10:00:00
20551,2021-12-29 09:00:00
20552,2021-12-29 08:00:00
20553,2021-12-29 07:00:00
20554,2021-12-29 06:00:00
20555,2021-12-29 05:00:00
20556,2021-12-29 04:00:00
20557,2021-12-29 03:00:00
20558,2021-12-29 02:00:00
20559,2021-12-29 01:00:00
20604,2023-01-15 09:00:00
20605,2023-01-15 08:00:00
20606,2023-01-15 07:00:00
20607,2023-01-15 06:00:00
20608,2023-01-15 05:00:00
20609,2023-01-15 04:00:00
20610,2023-01-15 03:00:00
20611,2023-01-15 02:00:00
20612,2023-01-15 01:00:00
20613,2000-09-21 16:00:00
20614,2000-09-21 15:00:00
20615,2000-09-21 14:00:00
20616,2000-09-21 13:00:00
20617,2000-09-21 12:00:00
20618,2000-09-21 11:00:00
20619,2000-09-21 10:00:00
20620,2000-09-21 09:00:00
20621,2000-09-21 08:00:00
20622,2000-09-21 07:00:00
20623,2000-09-21 06:00:00
20624,2000-09-21 05:00:00
20625,2000-09-21 04:00:00
20626,2000-09-21 03:00:00
20627,2000-09-21 02:00:00
20628,2000-09-21 01:00:00
20629,2000-09-21 00:00:00
20630,2000-09-20 23:00:00
20631,2000-09-20 22:00:00
20632,2000-09-20 21:00:00
20633,2000-09-20 20:00:00
20634,2000-09-20 19:00:00
20635,2000-09-20 18:00:00
20636,2000-09-20 17:00:00
20637,2000-09-20 16:00:00
20638,2000-09-20 15:00:00
20639,2000-09-20 14:00:00
20640,2000-09-20 13:00:00
20641,2000-09-20 12:00:00
20642,2000-09-20 11:00:00
20643,2000-09-20 10:00:00
20644,2000-09-20 09:00:00
20645,2000-09-20 08:00:00
20646,2000-09-20 07:00:00
20647,2000-09-20 06:00:00
20648,2000-09-20 05:00:00
20649,2000-09-20 04:00:00
20650,2000-09-20 03:00:00
20651,2000-09-20 02:00:00
20652,2000-09-20 01:00:00
20751,2003-11-02 20:00:00
20752,2003-11-02 19:00:00
20753,2003-11-02 18:00:00
20754,2003-11-02 17:00:00
20755,2003-11-02 16:00:00
20756,2003-11-02 15:00:00
20757,2003-11-02 14:00:00
20758,2003-11-02 13:00:00
20759,2003-11-02 12:00:00
20760,2003-11-02 11:00:00
20761,2003-11-02 10:00:00
20762,2003-11-02 09:00:00
20763,2003-11-02 08:00:00
20764,2003-11-02 07:00:00
20945,2007-05-03 19:00:00
20946,2007-05-03 18:00:00
20947,2007-05-03 17:00:00
20948,2007-05-03 16:00:00
20949,2007-05-03 15:00:00
20950,2007-05-03 14:00:00
20951,2007-05-03 13:00:00
20952,2007-05-03 12:00:00
20953,2007-05-03 11:00:00
20954,2007-05-03 10:00:00
20955,2007-05-03 09:00:00
20956,2007-05-03 08:00:00
20957,2007-05-03 07:00:00
21242,2009-01-25 05:00:00
21243,2009-01-25 04:00:00
21244,2009-01-25 03:00:00
21245,2009-01-25 02:00:00
21246,2009-01-25 01:00:00
21295,2010-06-12 16:00:00
21296,2010-06-12 15:00:00
21297,2010-06-12 14:00:00
21298,2010-06-12 13:00:00
21299,2010-06-12 12:00:00
21300,2010-06-12 11:00:00
21301,2010-06-12 10:00:00
21302,2010-06-12 09:00:00
21303,2010-06-12 08:00:00
21304,2010-06-12 07:00:00
21305,2010-06-12 06:00:00
21306,2010-06-12 05:00:00
21307,2010-06-12 04:00:00
21308,2010-06-12 03:00:00
21309,2010-06-12 02:00:00
21310,2010-06-12 01:00:00
21311,2010-06-12 00:00:00
21312,2010-06-11 23:00:00
21313,2010-06-11 22:00:00
21314,2010-06-11 21:00:00
21315,2010-06-11 20:00:00
21316,2010-06-11 19:00:00
21317,2010-06-11 18:00:00
21318,2010-06-11 17:00:00
21319,2010-06-11 16:00:00
21320,2010-06-11 15:00:00
21321,2010-06-11 14:00:00
21322,2010-06-11 13:00:00
21323,2010-06-11 12:00:00
21324,2010-06-11 11:00:00
21325,2010-06-11 10:00:00
21535,2017-01-03 08:00:00
21536,2017-01-03 07:00:00
21537,2017-01-03 06:00:00
21538,2018-02-14 05:00:00
21539,2018-02-14 04:00:00
21540,2018-02-14 03:00:00
21541,2018-02-14 02:00:00
21542,2018-02-14 01:00:00
21543,2018-02-14 00:00:00
21544,2018-02-13 23:00:00
21545,2018-02-13 22:00:00
21546,2018-02-13 21:00:00
21547,2018-02-13 20:00:00
21548,2018-02-13 19:00:00
21549,2018-02-13 18:00:00
21550,2018-02-13 17:00:00
21551,2018-02-13 16:00:00
21552,2018-02-13 15:00:00
21553,2018-02-13 14:00:00
21554,2018-02-13 13:00:00
21555,2018-02-13 12:00:00
21556,2018-02-13 11:00:00
21557,2018-02-13 10:00:00
21558,2018-02-13 09:00:00
21559,2018-02-13 08:00:00
21560,2018-02-13 07:00:00
21561,2018-02-13 06:00:00
21562,2018-02-13 05:00:00
21563,2018-02-13 04:00:00
21564,2018-02-13 03:00:00
21565,2018-02-13 02:00:00
21566,2018-02-13 01:00:00
21567,2018-02-13 00:00:00
21568,2018-02-12 23:00:00
21569,2018-02-12 22:00:00
21636,2019-01-16 05:00:00
21637,2019-01-16 04:00:00
21664,2019-04-28 11:00:00
21665,2019-04-28 10:00:00
21666,2019-04-28 09:00:00
21667,2019-04-28 08:00:00
21668,2019-04-28 07:00:00
21676,2008-05-23 05:00:00
21677,2008-05-23 04:00:00
21678,2008-05-23 03:00:00
21679,2008-05-23 02:00:00
21680,2008-05-23 01:00:00
21681,2008-05-23 00:00:00
21682,2008-05-22 23:00:00
21683,2008-05-22 22:00:00
21684,2008-05-22 21:00:00
21685,2008-05-22 20:00:00
21686,2008-05-22 19:00:00
21687,2008-05-22 18:00:00
21688,2008-05-22 17:00:00
21689,2008-05-22 16:00:00
21690,2008-05-22 15:00:00
21691,2008-05-22 14:00:00
21692,2008-05-22 13:00:00
21693,2008-05-22 12:00:00
21694,2008-05-22 11:00:00
21695,2008-05-22 10:00:00
21696,2008-05-22 09:00:00
21697,2008-05-22 08:00:00
21698,2008-05-22 07:00:00
21699,2008-05-22 06:00:00
21700,2008-05-22 05:00:00
21701,2008-05-22 04:00:00
21702,2000-10-27 23:00:00
21703,2000-10-27 22:00:00
21704,2000-10-27 21:00:00
21705,2000-10-27 20:00:00
21706,2000-10-27 19:00:00
21707,2000-10-27 18:00:00
21708,2000-10-27 17:00:00
21738,2002-09-16 21:00:00
21739,2002-09-16 20:00:00
21740,2002-09-16 19:00:00
21741,2002-09-16 18:00:00
21742,2002-09-16 17:00:00
21743,2002-09-16 16:00:00
21744,2002-09-16 15:00:00
21758,2002-09-16 01:00:00
21824,2021-03-13 07:00:00
21825,2021-03-13 06:00:00
21826,2021-03-13 05:00:00
21827,2021-03-13 04:00:00
21828,2021-03-13 03:00:00
21829,2021-03-13 02:00:00
21830,2021-03-13 01:00:00
21831,2021-03-13 00:00:00
21832,2021-03-12 23:00:00
21833,2021-03-12 22:00:00
21865,2021-03-11 14:00:00
21866,2003-03-17 15:00:00
21867,2003-03-17 14:00:00
21868,2003-03-17 13:00:00
21869,2003-03-17 12:00:00
21895,2002-09-09 11:00:00
21896,2002-09-09 10:00:00
21897,2002-09-09 09:00:00
22062,2005-01-03 03:00:00
22063,2005-01-03 02:00:00
22064,2005-01-03 01:00:00
22065,2005-01-03 00:00:00
22066,2005-01-02 23:00:00
22067,2005-01-02 22:00:00
22068,2005-01-02 21:00:00
22069,2005-01-02 20:00:00
22070,2005-01-02 19:00:00
22071,2005-01-02 18:00:00
22072,2005-01-02 17:00:00
22073,2005-01-02 16:00:00
22074,2005-01-02 15:00:00
22075,2005-01-02 14:00:00
22076,2005-01-02 13:00:00
22077,2005-01-02 12:00:00
22078,2005-01-02 11:00:00
22079,2005-01-02 10:00:00
22080,2005-01-02 09:00:00
22081,2005-01-02 08:00:00
22082,2005-01-02 07:00:00
22083,2005-01-02 06:00:00
22084,2005-01-02 05:00:00
22085,2005-01-02 04:00:00
22086,2005-01-02 03:00:00
22087,2005-01-02 02:00:00
22088,2005-01-02 01:00:00
22596,2010-01-18 12:00:00
22597,2010-01-18 11:00:00
22598,2010-01-18 10:00:00
22599,2010-01-18 09:00:00
22600,2010-01-18 08:00:00
22601,2010-01-18 07:00:00
22602,2010-01-18 06:00:00
22603,2010-01-18 05:00:00
22604,2010-01-18 04:00:00
22605,2010-01-18 03:00:00
22606,2010-01-18 02:00:00
22607,2010-01-18 01:00:00
22608,2010-01-18 00:00:00
22609,2010-01-17 23:00:00
22610,2010-01-17 22:00:00
22611,2010-01-17 21:00:00
22612,2010-01-17 20:00:00
22613,2010-01-17 19:00:00
22614,2010-01-17 18:00:00
22615,2010-01-17 17:00:00
22616,2010-01-17 16:00:00
22617,2010-01-17 15:00:00
22618,2010-01-17 14:00:00
22619,2010-01-17 13:00:00
22620,2010-01-17 12:00:00
22621,2010-01-17 11:00:00
22622,2010-01-17 10:00:00
22623,2010-01-17 09:00:00
22624,2010-01-17 08:00:00
22625,2010-01-17 07:00:00
22626,2010-01-17 06:00:00
22627,2010-01-17 05:00:00
22628,2010-01-17 04:00:00
22629,2010-01-17 03:00:00
22630,2010-01-17 02:00:00
22631,2010-01-17 01:00:00
22632,2010-01-17 00:00:00
22633,2010-01-16 23:00:00
22634,2010-01-16 22:00:00
22635,2010-01-16 21:00:00
22636,2010-01-16 20:00:00
22637,2010-01-16 19:00:00
22638,2010-01-16 18:00:00
22639,2010-01-16 17:00:00
22640,2010-01-16 16:00:00
22641,2010-01-16 15:00:00
22642,2010-01-16 14:00:00
22643,2010-01-16 13:00:00
22693,2010-09-22 16:00:00
23236,2019-11-19 10:00:00
23237,2019-11-19 09:00:00
23238,2019-11-19 08:00:00
23239,2019-11-19 07:00:00
23240,2019-11-19 06:00:00
23241,2019-11-19 05:00:00
23242,2019-11-19 04:00:00
23243,2019-11-19 03:00:00
23244,2019-11-19 02:00:00
23245,2019-11-19 01:00:00
23246,2019-11-19 00:00:00
23247,2019-11-18 23:00:00
23248,2019-11-18 22:00:00
23249,2019-11-18 21:00:00
23250,2019-11-18 20:00:00
23251,2019-11-18 19:00:00
23252,2019-11-18 18:00:00
23253,2019-11-18 17:00:00
23254,2019-11-18 16:00:00
23255,2019-11-18 15:00:00
23256,2019-11-18 14:00:00
23257,2019-11-18 13:00:00
23258,2019-11-18 12:00:00
23259,2019-11-18 11:00:00
23260,2019-11-18 10:00:00
23261,2019-11-18 09:00:00
23262,2019-11-18 08:00:00
23263,2019-11-18 07:00:00
23264,2019-11-18 06:00:00
23265,2019-11-18 05:00:00
23266,2019-11-18 04:00:00
23267,2019-11-18 03:00:00
23268,2019-11-18 02:00:00
23269,2019-11-18 01:00:00
23384,2021-12-28 12:00:00
23385,2021-12-28 11:00:00
23386,2021-12-28 10:00:00
23387,2021-12-28 09:00:00
23388,2021-12-28 08:00:00
23389,2021-12-28 07:00:00
23390,2021-12-28 06:00:00
23391,2021-12-28 05:00:00
23392,2021-12-28 04:00:00
23393,2021-12-28 03:00:00
23394,2021-12-28 02:00:00
23395,2021-12-28 01:00:00
23396,2021-12-28 00:00:00
23397,2021-12-27 23:00:00
23398,2021-12-27 22:00:00
23399,2021-12-27 21:00:00
23400,2021-12-27 20:00:00
23401,2021-12-27 19:00:00
23402,2021-12-27 18:00:00
23403,2021-12-27 17:00:00
23404,2021-12-27 16:00:00
23405,2021-12-27 15:00:00
23406,2021-12-27 14:00:00
23407,2021-12-27 13:00:00
23408,2021-12-27 12:00:00
23409,2021-12-27 11:00:00
23410,2021-12-27 10:00:00
23411,2021-12-27 09:00:00
23412,2021-12-27 08:00:00
23413,2021-12-27 07:00:00
23414,2021-12-27 06:00:00
23415,2021-12-27 05:00:00
23416,2021-12-27 04:00:00
23417,2021-12-27 03:00:00
23418,2021-12-27 02:00:00
23517,2023-01-17 13:00:00
23518,2023-01-17 12:00:00
23519,2023-01-17 11:00:00
23520,2023-01-17 10:00:00
23521,2023-01-17 09:00:00
23522,2023-01-17 08:00:00
23673,2002-09-30 00:00:00
23674,2002-09-29 23:00:00
23675,2002-09-29 22:00:00
23676,2002-09-29 21:00:00
23677,2002-09-29 20:00:00
23678,2002-09-29 19:00:00
23679,2002-09-29 18:00:00
23680,2002-09-29 17:00:00
23681,2002-09-29 16:00:00
23682,2002-09-29 15:00:00
23683,2002-09-29 14:00:00
23684,2002-09-29 13:00:00
23685,2002-09-29 12:00:00
23686,2002-09-29 11:00:00
23687,2002-09-29 10:00:00
23688,2002-09-29 09:00:00
23689,2002-09-29 08:00:00
23690,2002-09-29 07:00:00
23691,2002-09-29 06:00:00
23692,2002-09-29 05:00:00
23693,2002-09-29 04:00:00
23694,2002-09-29 03:00:00
23695,2002-09-29 02:00:00
23696,2002-09-29 01:00:00
23827,2004-10-19 00:00:00
23828,2004-10-18 23:00:00
23829,2004-10-18 22:00:00
23830,2004-10-18 21:00:00
23831,2004-10-18 20:00:00
23908,2004-10-26 00:00:00
23909,2004-10-25 23:00:00
23910,2004-10-25 22:00:00
23911,2004-10-25 21:00:00
23912,2004-10-25 20:00:00
23913,2004-10-25 19:00:00
23914,2004-10-25 18:00:00
23915,2004-10-25 17:00:00
23916,2004-10-25 16:00:00
23917,2004-10-25 15:00:00
23918,2004-10-25 14:00:00
23919,2004-10-25 13:00:00
23920,2004-10-25 12:00:00
23921,2004-10-25 11:00:00
23922,2004-10-25 10:00:00
23923,2004-10-25 09:00:00
23924,2004-10-25 08:00:00
23925,2004-10-25 07:00:00
23926,2004-10-25 06:00:00
23927,2004-10-25 05:00:00
23928,2004-10-25 04:00:00
23929,2004-10-25 03:00:00
23930,2004-10-25 02:00:00
23931,2004-10-25 01:00:00
24056,2005-04-22 21:00:00
24057,2005-04-22 20:00:00
24058,2005-04-22 19:00:00
24059,2005-04-22 18:00:00
24060,2005-04-22 17:00:00
24061,2005-04-22 16:00:00
24062,2005-04-22 15:00:00
24063,2005-04-22 14:00:00
24064,2005-04-22 13:00:00
24065,2005-04-22 12:00:00
24066,2005-04-22 11:00:00
24067,2005-04-22 10:00:00
24068,2005-04-22 09:00:00
24069,2005-04-22 08:00:00
24070,2005-04-22 07:00:00
24071,2005-04-22 06:00:00
24072,2005-04-22 05:00:00
24073,2005-04-22 04:00:00
24074,2005-04-22 03:00:00
24075,2005-04-22 02:00:00
24076,2005-04-22 01:00:00
24153,2006-10-07 22:00:00
24154,2006-10-07 21:00:00
24155,2006-10-07 20:00:00
24156,2006-10-07 19:00:00
24157,2006-10-07 18:00:00
24158,2006-10-07 17:00:00
24159,2006-10-07 16:00:00
24456,2011-05-09 08:00:00
24457,2011-05-09 07:00:00
24458,2011-05-09 06:00:00
24459,2011-05-09 05:00:00
24460,2011-05-09 04:00:00
24461,2011-05-09 03:00:00
24462,2011-05-09 02:00:00
24463,2011-05-09 01:00:00
24464,2011-05-09 00:00:00
24465,2011-05-08 23:00:00
24466,2011-05-08 22:00:00
24467,2011-05-08 21:00:00
24468,2011-05-08 20:00:00
24469,2011-05-08 19:00:00
24470,2011-05-08 18:00:00
24471,2011-05-08 17:00:00
24472,2011-05-08 16:00:00
24473,2011-05-08 15:00:00
24474,2011-05-08 14:00:00
24475,2011-05-08 13:00:00
24476,2011-05-08 12:00:00
24477,2011-05-08 11:00:00
24478,2011-05-08 10:00:00
24479,2011-05-08 09:00:00
24480,2011-05-08 08:00:00
24481,2011-05-08 07:00:00
24482,2011-05-08 06:00:00
24483,2011-05-08 05:00:00
24484,2011-05-08 04:00:00
24485,2011-05-08 03:00:00
24486,2011-05-08 02:00:00
24487,2011-05-08 01:00:00
24488,2011-05-08 00:00:00
24502,2011-05-16 09:00:00
24503,2011-05-16 08:00:00
24504,2011-05-16 07:00:00
24505,2011-05-16 06:00:00
24525,2011-10-05 10:00:00
24526,2011-10-05 09:00:00
24527,2011-10-05 08:00:00
24528,2011-10-05 07:00:00
24529,2011-10-05 06:00:00
24530,2011-10-05 05:00:00
24531,2011-10-05 04:00:00
24532,2011-10-05 03:00:00
24533,2011-10-05 02:00:00
24534,2011-10-05 01:00:00
24535,2011-10-05 00:00:00
24536,2011-10-04 23:00:00
24537,2011-10-04 22:00:00
24538,2011-10-04 21:00:00
24539,2011-10-04 20:00:00
24540,2011-10-04 19:00:00
24541,2011-10-04 18:00:00
24542,2011-10-04 17:00:00
24543,2011-10-04 16:00:00
24548,2012-11-09 14:00:00
24639,2013-10-08 11:00:00
24640,2013-10-08 10:00:00
24641,2013-10-08 09:00:00
24642,2013-10-08 08:00:00
24643,2013-10-08 07:00:00
24644,2013-10-08 06:00:00
24645,2013-10-08 05:00:00
24646,2013-10-08 04:00:00
24647,2013-10-08 03:00:00
24648,2013-10-08 02:00:00
24649,2013-10-08 01:00:00
24706,2015-09-15 09:00:00
24707,2015-09-15 08:00:00
24708,2015-09-15 07:00:00
24709,2015-09-15 06:00:00
24710,2015-09-15 05:00:00
24711,2015-09-15 04:00:00
24712,2015-09-15 03:00:00
24713,2015-09-15 02:00:00
24714,2015-09-15 01:00:00
24715,2015-09-15 00:00:00
24716,2015-09-14 23:00:00
24717,2015-09-14 22:00:00
24718,2015-09-14 21:00:00
24719,2015-09-14 20:00:00
24720,2015-09-14 19:00:00
24721,2015-09-14 18:00:00
24722,2015-09-14 17:00:00
24723,2015-09-14 16:00:00
24724,2015-09-14 15:00:00
24725,2015-09-14 14:00:00
24726,2015-09-14 13:00:00
24727,2015-09-14 12:00:00
24728,2015-09-14 11:00:00
24729,2015-09-14 10:00:00
24730,2015-09-14 09:00:00
24731,2015-09-14 08:00:00
24732,2015-09-14 07:00:00
24733,2015-09-14 06:00:00
24734,2015-09-14 05:00:00
24735,2015-09-14 04:00:00
24736,2015-09-14 03:00:00
24737,2015-09-14 02:00:00
24738,2015-09-14 01:00:00
24739,2015-09-14 00:00:00
24740,2015-09-13 23:00:00
24741,2015-09-13 22:00:00
24742,2015-09-13 21:00:00
24743,2015-09-13 20:00:00
24744,2015-09-13 19:00:00
24745,2015-09-13 18:00:00
24746,2015-09-13 17:00:00
24747,2015-09-13 16:00:00
24748,2015-09-13 15:00:00
24749,2015-09-13 14:00:00
24750,2015-09-13 13:00:00
24751,2015-09-13 12:00:00
24752,2015-09-13 11:00:00
24753,2015-09-13 10:00:00
24754,2015-09-13 09:00:00
24755,2015-09-13 08:00:00
24756,2015-09-13 07:00:00
24757,2015-09-13 06:00:00
24758,2015-09-13 05:00:00
24759,2015-09-13 04:00:00
24760,2015-09-13 03:00:00
24761,2015-09-13 02:00:00
24762,2015-09-13 01:00:00
24763,2016-03-06 10:00:00
24764,2016-03-06 09:00:00
24765,2016-03-06 08:00:00
24766,2016-03-06 07:00:00
24767,2016-03-06 06:00:00
24768,2016-03-06 05:00:00
24769,2016-03-06 04:00:00
24770,2016-03-06 03:00:00
24771,2016-03-06 02:00:00
24772,2016-03-06 01:00:00
24773,2016-03-06 00:00:00
24774,2016-03-05 23:00:00
24775,2016-03-05 22:00:00
24776,2016-03-05 21:00:00
24777,2016-03-05 20:00:00
24778,2016-03-05 19:00:00
24779,2016-03-05 18:00:00
24780,2016-03-05 17:00:00
24781,2016-03-05 16:00:00
24782,2016-03-05 15:00:00
24783,2016-03-05 14:00:00
24784,2016-03-05 13:00:00
24785,2016-03-05 12:00:00
24786,2016-09-22 10:00:00
24787,2016-09-22 09:00:00
24788,2016-09-22 08:00:00
24910,2019-02-03 12:00:00
24911,2019-02-03 11:00:00
24912,2019-02-03 10:00:00
24913,2019-02-03 09:00:00
24914,2019-02-03 08:00:00
24915,2019-02-03 07:00:00
24966,2021-08-17 00:00:00
24967,2021-08-16 23:00:00
24968,2021-08-16 22:00:00
24969,2021-08-16 21:00:00
24970,2021-08-16 20:00:00
24971,2021-08-16 19:00:00
24972,2021-08-16 18:00:00
24973,2021-08-16 17:00:00
24974,2021-08-16 16:00:00
24975,2021-08-16 15:00:00
24976,2021-08-16 14:00:00
24977,2021-08-16 13:00:00
24978,2021-08-16 12:00:00
24979,2021-08-16 11:00:00
24980,2021-08-16 10:00:00
24981,2021-08-16 09:00:00
24982,2021-08-16 08:00:00
24983,2021-08-16 07:00:00
24984,2021-08-16 06:00:00
24985,2021-08-16 05:00:00
24986,2021-08-16 04:00:00
24987,2021-08-16 03:00:00
24988,2021-08-16 02:00:00
24989,2021-08-16 01:00:00
24990,2021-10-08 10:00:00
24991,2021-10-08 09:00:00
24992,2021-10-08 08:00:00
24993,2021-10-08 07:00:00
24994,2021-10-08 06:00:00
24995,2021-10-08 05:00:00
24996,2021-10-08 04:00:00
24997,2021-10-08 03:00:00
24998,2021-10-08 02:00:00
24999,2021-10-08 01:00:00
25000,2021-10-08 00:00:00
25001,2021-10-07 23:00:00
25002,2021-10-07 22:00:00
25003,2021-10-07 21:00:00
25004,2021-10-07 20:00:00
25005,2022-03-27 21:00:00
25006,2022-03-27 20:00:00
25007,2022-03-27 19:00:00
25008,2022-03-27 18:00:00
25009,2022-03-27 17:00:00
25010,2022-03-27 16:00:00
25011,2022-03-27 15:00:00
25012,2022-03-27 14:00:00
25013,2022-03-27 13:00:00
25014,2022-03-27 12:00:00
25015,2022-03-27 11:00:00
25016,2022-03-27 10:00:00
25017,2022-03-27 09:00:00
25018,2022-03-27 08:00:00
25019,2022-03-27 07:00:00
25020,2022-03-27 06:00:00
25021,2022-03-27 05:00:00
25022,2022-03-27 04:00:00
25023,2022-03-27 03:00:00
25024,2022-03-27 02:00:00
25025,2022-03-27 01:00:00
25049,2022-12-30 00:00:00
25050,2022-12-29 23:00:00
25051,2022-12-29 22:00:00
25052,2022-12-29 21:00:00
25053,2022-12-29 20:00:00
25054,2022-12-29 19:00:00
25055,2022-12-29 18:00:00
25056,2022-12-29 17:00:00
25057,2022-12-29 16:00:00
25058,2022-12-29 15:00:00
25059,2022-12-29 14:00:00
25060,2022-12-29 13:00:00
25116,2000-10-10 14:00:00
25117,2000-10-10 13:00:00
25118,2000-10-10 12:00:00
25119,2000-10-10 11:00:00
25120,2000-10-10 10:00:00
25121,2000-10-10 09:00:00
25122,2000-10-10 08:00:00
25123,2000-10-10 07:00:00
25124,2000-10-10 06:00:00
25125,2000-10-10 05:00:00
25126,2000-10-10 04:00:00
25127,2000-10-10 03:00:00
25128,2000-10-10 02:00:00
25129,2000-10-10 01:00:00
25130,2000-10-10 00:00:00
25131,2000-10-09 23:00:00
25132,2000-10-09 22:00:00
25133,2000-10-09 21:00:00
25134,2000-10-09 20:00:00
25135,2000-10-09 19:00:00
25136,2000-10-09 18:00:00
25137,2000-10-09 17:00:00
25138,2000-10-09 16:00:00
25139,2000-10-09 15:00:00
25140,2000-10-09 14:00:00
25141,2000-10-09 13:00:00
25142,2000-10-09 12:00:00
25143,2000-10-09 11:00:00
25144,2000-10-09 10:00:00
25145,2000-10-09 09:00:00
25146,2000-10-09 08:00:00
25147,2000-10-09 07:00:00
25148,2000-10-09 06:00:00
25149,2000-10-09 05:00:00
25150,2000-10-09 04:00:00
25151,2000-10-09 03:00:00
25152,2000-10-09 02:00:00
25153,2000-10-09 01:00:00
25154,2000-10-09 00:00:00
25155,2000-10-08 23:00:00
25156,2000-10-08 22:00:00
25157,2000-10-08 21:00:00
25158,2000-10-08 20:00:00
25159,2000-10-08 19:00:00
25162,2001-04-05 04:00:00
25163,2001-04-05 03:00:00
25164,2001-04-05 02:00:00
25165,2001-04-05 01:00:00
25166,2001-04-05 00:00:00
25167,2001-04-04 23:00:00
25168,2001-04-04 22:00:00
25169,2001-04-04 21:00:00
25170,2001-04-04 20:00:00
25171,2001-04-04 19:00:00
25172,2001-04-04 18:00:00
25173,2001-04-04 17:00:00
25174,2001-04-04 16:00:00
25175,2001-04-04 15:00:00
25176,2001-04-04 14:00:00
25177,2001-04-04 13:00:00
25178,2001-04-04 12:00:00
25179,2001-04-04 11:00:00
25180,2001-04-04 10:00:00
25181,2001-04-04 09:00:00
25182,2001-04-04 08:00:00
25183,2001-04-04 07:00:00
25184,2001-04-04 06:00:00
25185,2001-04-04 05:00:00
25186,2001-04-04 04:00:00
25187,2001-04-04 03:00:00
25188,2001-04-04 02:00:00
25189,2001-04-04 01:00:00
25190,2001-04-04 00:00:00
25191,2001-04-03 23:00:00
25192,2001-04-03 22:00:00
25193,2001-04-03 21:00:00
25194,2001-04-03 20:00:00
25195,2001-04-03 19:00:00
25196,2001-04-03 18:00:00
25197,2001-04-03 17:00:00
25198,2001-04-03 16:00:00
25199,2001-04-03 15:00:00
25200,2001-04-03 14:00:00
25201,2001-04-03 13:00:00
25202,2001-04-03 12:00:00
25203,2001-04-03 11:00:00
25204,2001-04-03 10:00:00
25205,2001-04-03 09:00:00
25206,2001-04-03 08:00:00
25207,2001-04-03 07:00:00
25208,2001-04-03 06:00:00
25209,2001-04-03 05:00:00
25210,2001-04-03 04:00:00
25211,2001-04-03 03:00:00
25212,2001-04-03 02:00:00
25213,2001-04-03 01:00:00
25259,2004-09-17 18:00:00
25260,2004-09-17 17:00:00
25261,2004-09-17 16:00:00
25262,2004-09-17 15:00:00
25263,2004-09-17 14:00:00
25264,2004-09-17 13:00:00
25265,2004-09-17 12:00:00
25266,2004-09-17 11:00:00
25267,2004-09-17 10:00:00
25268,2004-09-17 09:00:00
25269,2004-09-17 08:00:00
25270,2004-09-17 07:00:00
25271,2004-09-17 06:00:00
25272,2004-09-17 05:00:00
25273,2004-09-17 04:00:00
25274,2004-09-17 03:00:00
25275,2004-09-17 02:00:00
25276,2004-09-17 01:00:00
25436,2009-06-25 02:00:00
25437,2009-06-25 01:00:00
25438,2009-06-25 00:00:00
25439,2009-06-24 23:00:00
25440,2009-06-24 22:00:00
25441,2009-06-24 21:00:00
25442,2009-06-24 20:00:00
25443,2009-06-24 19:00:00
25444,2009-06-24 18:00:00
25445,2009-06-24 17:00:00
25446,2009-06-24 16:00:00
25447,2009-06-24 15:00:00
25448,2009-06-24 14:00:00
25449,2009-06-24 13:00:00
25450,2009-06-24 12:00:00
25451,2009-06-24 11:00:00
25452,2009-06-24 10:00:00
25453,2009-06-24 09:00:00
25454,2009-06-24 08:00:00
25455,2009-06-24 07:00:00
25456,2009-06-24 06:00:00
25457,2009-06-24 05:00:00
25458,2009-06-24 04:00:00
25459,2009-06-24 03:00:00
25460,2009-06-24 02:00:00
25461,2009-06-24 01:00:00
25504,2011-05-15 21:00:00
25505,2011-05-15 20:00:00
25506,2011-05-15 19:00:00
25507,2011-05-15 18:00:00
25508,2011-05-15 17:00:00
25509,2011-05-15 16:00:00
25510,2011-05-15 15:00:00
25511,2011-05-15 14:00:00
25512,2011-05-15 13:00:00
25513,2011-05-15 12:00:00
25514,2011-05-15 11:00:00
25515,2011-05-15 10:00:00
25516,2011-05-15 09:00:00
25517,2011-05-15 08:00:00
25518,2011-05-15 07:00:00
25519,2011-05-15 06:00:00
25520,2011-05-15 05:00:00
25521,2011-05-15 04:00:00
25522,2011-05-15 03:00:00
25523,2011-05-15 02:00:00
25524,2011-05-15 01:00:00
25543,2014-08-25 13:00:00
25544,2014-08-25 12:00:00
25545,2014-08-25 11:00:00
25546,2014-08-25 10:00:00
25547,2014-08-25 09:00:00
25548,2014-08-25 08:00:00
25549,2014-08-25 07:00:00
25550,2014-08-25 06:00:00
25551,2014-08-25 05:00:00
25552,2014-08-25 04:00:00
25553,2014-08-25 03:00:00
25554,2014-08-25 02:00:00
25555,2014-08-25 01:00:00
25613,2016-09-22 11:00:00
25667,2019-05-23 09:00:00
25668,2019-05-23 08:00:00
25669,2019-05-23 07:00:00
25670,2019-05-23 06:00:00
25671,2019-05-23 05:00:00
25672,2019-05-23 04:00:00
25673,2019-05-23 03:00:00
25674,2019-05-23 02:00:00
25675,2019-05-23 01:00:00
25676,2019-05-23 00:00:00
25677,2019-05-22 23:00:00
25678,2019-05-22 22:00:00
25679,2019-05-22 21:00:00
25680,2019-05-22 20:00:00
25681,2019-05-22 19:00:00
25682,2019-05-22 18:00:00
25683,2019-05-22 17:00:00
25684,2019-05-22 16:00:00
25685,2019-05-22 15:00:00
25686,2019-05-22 14:00:00
25687,2019-05-22 13:00:00
25688,2019-05-22 12:00:00
25689,2019-05-22 11:00:00
25690,2019-05-22 10:00:00
25691,2019-05-22 09:00:00
25692,2019-05-22 08:00:00
25693,2019-05-22 07:00:00
25694,2019-05-22 06:00:00
25695,2019-05-22 05:00:00
25696,2019-05-22 04:00:00
25697,2019-05-22 03:00:00
25698,2019-05-22 02:00:00
25699,2019-05-22 01:00:00
25700,2019-05-22 00:00:00
25701,2019-05-21 23:00:00
25702,2019-05-21 22:00:00
25703,2019-05-21 21:00:00
25704,2019-05-21 20:00:00
25705,2019-05-21 19:00:00
25706,2019-05-21 18:00:00
25730,2020-06-05 10:00:00
25731,2020-06-06 14:00:00
25760,2020-06-05 09:00:00
25761,2020-06-05 08:00:00
25762,2020-06-05 07:00:00
25763,2020-06-05 06:00:00
25764,2020-06-05 05:00:00
25765,2020-06-05 04:00:00
25766,2020-06-05 03:00:00
25767,2020-06-05 02:00:00
25768,2020-06-05 01:00:00
25829,2021-05-21 15:00:00
25830,2021-05-21 14:00:00
25831,2021-05-21 13:00:00
25832,2021-05-21 12:00:00
25833,2021-05-21 11:00:00
25834,2021-05-21 10:00:00
25835,2021-05-21 09:00:00
25836,2021-05-21 08:00:00
25837,2021-05-21 07:00:00
25838,2021-05-21 06:00:00
25839,2021-05-21 05:00:00
25840,2021-05-21 04:00:00
25841,2021-05-21 03:00:00
25842,2021-05-21 02:00:00
25843,2021-05-21 01:00:00
25844,2021-05-21 00:00:00
25845,2021-05-20 23:00:00
25846,2021-05-20 22:00:00
25847,2021-05-20 21:00:00
25848,2021-05-20 20:00:00
25849,2021-05-20 19:00:00
25850,2021-05-20 18:00:00
25851,2021-05-20 17:00:00
25852,2021-05-20 16:00:00
25853,2021-05-20 15:00:00
25854,2021-05-20 14:00:00
25855,2021-05-20 13:00:00
25856,2021-05-20 12:00:00
25857,2021-05-20 11:00:00
25907,2021-10-25 14:00:00
25908,2021-10-25 13:00:00
25909,2021-10-25 12:00:00
25949,2022-03-28 01:00:00
25950,2022-03-28 00:00:00
25951,2022-03-27 23:00:00
25952,2022-03-27 22:00:00
25961,2022-06-19 11:00:00
25962,2022-06-19 10:00:00
25963,2022-06-19 09:00:00
25964,2022-06-19 08:00:00
25965,2022-06-19 07:00:00
25966,2022-06-19 06:00:00
25967,2022-06-19 05:00:00
25968,2022-06-19 04:00:00
25969,2022-06-19 03:00:00
25970,2022-06-19 02:00:00
25971,2022-06-19 01:00:00
25972,2022-06-19 00:00:00
25973,2022-06-18 23:00:00
25974,2022-06-18 22:00:00
25975,2022-06-18 21:00:00
25976,2022-06-18 20:00:00
25977,2022-06-18 19:00:00
25978,2022-06-18 18:00:00
25979,2022-06-18 17:00:00
25980,2022-06-18 16:00:00
25981,2022-06-18 15:00:00
25982,2022-06-18 14:00:00
25983,2022-06-18 13:00:00
25984,2022-06-18 12:00:00
25985,2022-06-18 11:00:00
25986,2022-06-18 10:00:00
25987,2022-06-18 09:00:00
25988,2022-06-18 08:00:00
25989,2022-06-18 07:00:00
25990,2022-06-18 06:00:00
25991,2022-06-18 05:00:00
25992,2022-06-18 04:00:00
25993,2022-06-18 03:00:00
25994,2022-06-18 02:00:00
25995,2022-06-18 01:00:00
25996,2022-06-18 00:00:00
25997,2022-06-17 23:00:00
25998,2022-06-17 22:00:00
25999,2022-06-17 21:00:00
26000,2022-06-17 20:00:00
26001,2022-06-17 19:00:00
26002,2022-06-17 18:00:00
26003,2022-06-17 17:00:00
26004,2022-06-17 16:00:00
26005,2022-06-17 15:00:00
26006,2022-06-17 14:00:00
26007,2022-06-17 13:00:00
26008,2022-06-17 12:00:00
26009,2022-06-17 11:00:00
26010,2022-06-17 10:00:00
26011,2022-06-17 09:00:00
26012,2022-06-17 08:00:00
26013,2022-06-17 07:00:00
26014,2022-06-17 06:00:00
26015,2022-06-17 05:00:00
26016,2022-06-17 04:00:00
26017,2022-06-17 03:00:00
26018,2022-06-17 02:00:00
26019,2022-06-17 01:00:00
26177,2004-11-08 15:00:00
26178,2004-11-08 14:00:00
26179,2004-11-08 13:00:00
26180,2004-11-08 12:00:00
26181,2004-11-08 11:00:00
26182,2004-11-08 10:00:00
26183,2004-11-08 09:00:00
26184,2004-11-08 08:00:00
26185,2004-11-08 07:00:00
26186,2004-11-08 06:00:00
26187,2004-11-08 05:00:00
26188,2004-11-08 04:00:00
26189,2004-11-08 03:00:00
26190,2004-11-08 02:00:00
26191,2004-11-08 01:00:00
26192,2004-11-08 00:00:00
26193,2004-11-07 23:00:00
26194,2004-11-07 22:00:00
26195,2004-11-07 21:00:00
26196,2004-11-07 20:00:00
26197,2004-11-07 19:00:00
26198,2004-11-07 18:00:00
26199,2004-11-07 17:00:00
26200,2004-11-07 16:00:00
26201,2004-11-07 15:00:00
26202,2004-11-07 14:00:00
26203,2004-11-07 13:00:00
26204,2004-11-07 12:00:00
26205,2004-11-07 11:00:00
26206,2004-11-07 10:00:00
26207,2004-11-07 09:00:00
26208,2004-11-07 08:00:00
26209,2004-11-07 07:00:00
26210,2004-11-07 06:00:00
26211,2004-11-07 05:00:00
26212,2004-11-07 04:00:00
26213,2004-11-07 03:00:00
26214,2004-11-07 02:00:00
26215,2004-11-07 01:00:00
26216,2004-11-07 00:00:00
26217,2004-11-06 23:00:00
26218,2004-11-06 22:00:00
26219,2004-11-06 21:00:00
26220,2004-11-06 20:00:00
26221,2004-11-06 19:00:00
26222,2004-11-06 18:00:00
26223,2004-11-06 17:00:00
26224,2004-11-06 16:00:00
26225,2004-11-06 15:00:00
26226,2004-11-06 14:00:00
26227,2004-11-06 13:00:00
26228,2004-11-06 12:00:00
26229,2004-11-06 11:00:00
26230,2004-11-06 10:00:00
26231,2004-11-06 09:00:00
26232,2004-11-06 08:00:00
26513,2011-10-05 11:00:00
26713,2014-09-26 00:00:00
26714,2014-09-25 23:00:00
26715,2014-09-25 22:00:00
26716,2014-09-25 21:00:00
26717,2014-09-25 20:00:00
26718,2014-09-25 19:00:00
26719,2014-09-25 18:00:00
26720,2014-09-25 17:00:00
26721,2014-09-25 16:00:00
26722,2014-09-25 15:00:00
26723,2014-09-25 14:00:00
26724,2014-09-25 13:00:00
26725,2014-09-25 12:00:00
26726,2014-09-25 11:00:00
26727,2014-09-25 10:00:00
26728,2014-09-25 09:00:00
26729,2014-09-25 08:00:00
26730,2014-09-25 07:00:00
26731,2014-09-25 06:00:00
26732,2014-09-25 05:00:00
26733,2014-09-25 04:00:00
26734,2014-09-25 03:00:00
26735,2014-09-25 02:00:00
26736,2014-09-25 01:00:00
26840,2019-01-16 03:00:00
26841,2019-01-16 02:00:00
26842,2019-01-16 01:00:00
26843,2019-01-16 00:00:00
26844,2019-02-05 10:00:00
26931,2019-04-28 06:00:00
26932,2019-04-28 05:00:00
26933,2019-04-28 04:00:00
26934,2019-04-28 03:00:00
26935,2019-04-28 02:00:00
26936,2019-04-28 01:00:00
27033,2003-02-12 19:00:00
27034,2003-02-12 18:00:00
27035,2003-02-12 17:00:00
27036,2003-02-12 16:00:00
27037,2003-02-12 15:00:00
27038,2003-02-12 14:00:00
27039,2003-02-12 13:00:00
27040,2003-02-12 12:00:00
27041,2003-02-12 11:00:00
27042,2003-02-12 10:00:00
27043,2003-02-12 09:00:00
27044,2003-02-12 08:00:00
27045,2003-02-12 07:00:00
27046,2003-02-12 06:00:00
27047,2003-02-12 05:00:00
27048,2003-02-12 04:00:00
27049,2003-02-12 03:00:00
27050,2003-02-12 02:00:00
27051,2003-02-12 01:00:00
27052,2003-02-12 00:00:00
27053,2003-02-11 23:00:00
27054,2003-02-11 22:00:00
27055,2003-02-11 21:00:00
27056,2003-02-11 20:00:00
27057,2003-02-11 19:00:00
27058,2003-02-11 18:00:00
27059,2003-02-11 17:00:00
27060,2003-02-11 16:00:00
27061,2003-02-11 15:00:00
27062,2003-02-11 14:00:00
27063,2003-02-11 13:00:00
27064,2003-02-11 12:00:00
27065,2003-02-11 11:00:00
27066,2003-02-11 10:00:00
27067,2003-02-11 09:00:00
27068,2003-02-11 08:00:00
27069,2003-02-11 07:00:00
27314,2005-01-07 20:00:00
27315,2005-01-07 19:00:00
27316,2005-01-07 18:00:00
27317,2005-01-07 17:00:00
27318,2005-01-07 16:00:00
27319,2005-01-07 15:00:00
27320,2005-01-07 14:00:00
27321,2005-01-07 13:00:00
27322,2005-01-07 12:00:00
27323,2005-01-07 11:00:00
27324,2005-01-07 10:00:00
27325,2005-01-07 09:00:00
27326,2005-01-07 08:00:00
27327,2005-01-07 07:00:00
27328,2005-01-07 06:00:00
27329,2005-01-07 05:00:00
27330,2005-01-07 04:00:00
27331,2005-01-07 03:00:00
27332,2005-01-07 02:00:00
27333,2005-01-07 01:00:00
27334,2005-01-07 00:00:00
27335,2005-01-06 23:00:00
27336,2005-01-06 22:00:00
27337,2005-01-06 21:00:00
27338,2005-01-06 20:00:00
27339,2005-01-06 19:00:00
27340,2005-01-06 18:00:00
27341,2005-01-06 17:00:00
27342,2005-01-06 16:00:00
27343,2005-01-06 15:00:00
27344,2005-01-06 14:00:00
27345,2005-01-06 13:00:00
27346,2005-01-06 12:00:00
27347,2005-01-06 11:00:00
27348,2005-01-06 10:00:00
27367,2005-01-08 19:00:00
27368,2005-01-08 18:00:00
27465,2005-10-18 10:00:00
27466,2005-10-18 09:00:00
27467,2005-10-18 08:00:00
27468,2005-10-18 07:00:00
27469,2005-10-18 06:00:00
27470,2005-10-18 05:00:00
27471,2005-10-18 04:00:00
27472,2005-10-18 03:00:00
27473,2005-10-18 02:00:00
27474,2005-10-18 01:00:00
27475,2005-10-18 00:00:00
27476,2005-10-17 23:00:00
27477,2005-10-17 22:00:00
27478,2005-10-17 21:00:00
27479,2005-10-17 20:00:00
27480,2005-10-17 19:00:00
27481,2005-10-17 18:00:00
27482,2005-10-17 17:00:00
27483,2005-10-17 16:00:00
27484,2005-10-17 15:00:00
27485,2005-10-17 14:00:00
27486,2005-10-17 13:00:00
27487,2005-10-17 12:00:00
27488,2005-10-17 11:00:00
27489,2005-10-17 10:00:00
27490,2005-10-17 09:00:00
27491,2005-10-17 08:00:00
27492,2005-10-17 07:00:00
27493,2005-10-17 06:00:00
27502,2006-03-11 16:00:00
27503,2006-03-11 15:00:00
27535,2006-03-10 07:00:00
27536,2006-03-10 06:00:00
27537,2006-03-10 05:00:00
27538,2006-03-10 04:00:00
27872,2008-01-26 00:00:00
27873,2008-01-25 23:00:00
27874,2008-01-25 22:00:00
27875,2008-01-25 21:00:00
27876,2008-01-25 20:00:00
27877,2008-01-25 19:00:00
27878,2008-01-25 18:00:00
27879,2008-01-25 17:00:00
27880,2008-01-25 16:00:00
27881,2008-01-25 15:00:00
27882,2008-01-25 14:00:00
27883,2008-01-25 13:00:00
27884,2008-01-25 12:00:00
27885,2008-01-25 11:00:00
27886,2008-01-25 10:00:00
27887,2008-01-25 09:00:00
27888,2008-01-25 08:00:00
27889,2008-01-25 07:00:00
27890,2008-01-25 06:00:00
27891,2008-01-25 05:00:00
27892,2008-01-25 04:00:00
27893,2008-01-25 03:00:00
27894,2008-01-25 02:00:00
27895,2008-01-25 01:00:00
27896,2008-08-31 10:00:00
27897,2008-08-31 09:00:00
27898,2008-08-31 08:00:00
28078,2010-03-07 06:00:00
28079,2010-03-07 05:00:00
28080,2010-03-07 04:00:00
28081,2010-03-07 03:00:00
28082,2010-03-07 02:00:00
28083,2010-03-07 01:00:00
28084,2010-03-07 00:00:00
28085,2010-03-06 23:00:00
28086,2010-03-06 22:00:00
28087,2010-03-06 21:00:00
28088,2010-03-06 20:00:00
28089,2010-03-06 19:00:00
28090,2010-03-06 18:00:00
28091,2010-03-06 17:00:00
28092,2010-03-06 16:00:00
28093,2010-03-06 15:00:00
28094,2010-03-06 14:00:00
28095,2010-03-06 13:00:00
28096,2010-03-06 12:00:00
28097,2010-03-06 11:00:00
28098,2010-03-06 10:00:00
28099,2010-03-06 09:00:00
28100,2010-03-06 08:00:00
28101,2010-03-06 07:00:00
28102,2010-03-06 06:00:00
28103,2010-03-06 05:00:00
28104,2010-03-06 04:00:00
28105,2010-03-06 03:00:00
28106,2010-03-06 02:00:00
28107,2010-03-06 01:00:00
28108,2010-03-06 00:00:00
28109,2010-03-05 23:00:00
28110,2010-03-05 22:00:00
28111,2010-03-05 21:00:00
28112,2010-03-05 20:00:00
28113,2010-03-05 19:00:00
28114,2010-03-05 18:00:00
28115,2010-03-05 17:00:00
28116,2010-03-05 16:00:00
28117,2010-03-05 15:00:00
28118,2010-03-05 14:00:00
28119,2010-03-05 13:00:00
28120,2010-03-05 12:00:00
28121,2010-03-05 11:00:00
28122,2010-03-05 10:00:00
28123,2010-03-05 09:00:00
28124,2010-03-05 08:00:00
28125,2010-03-05 07:00:00
28126,2010-03-05 06:00:00
28127,2010-03-05 05:00:00
28128,2010-03-05 04:00:00
28129,2010-03-05 03:00:00
28130,2010-03-05 02:00:00
28131,2010-03-05 01:00:00
28263,2010-12-22 09:00:00
28264,2010-12-22 08:00:00
28265,2010-12-22 07:00:00
28266,2010-12-22 06:00:00
28267,2010-12-22 05:00:00
28268,2010-12-22 04:00:00
28269,2010-12-22 03:00:00
28270,2010-12-22 02:00:00
28271,2010-12-22 01:00:00
28272,2010-12-22 00:00:00
28273,2010-12-21 23:00:00
28274,2010-12-21 22:00:00
28275,2010-12-21 21:00:00
28276,2010-12-21 20:00:00
28277,2010-12-21 19:00:00
28278,2010-12-21 18:00:00
28279,2010-12-21 17:00:00
28280,2010-12-21 16:00:00
28281,2010-12-21 15:00:00
28367,2011-03-05 13:00:00
28368,2011-03-05 12:00:00
28369,2011-03-05 11:00:00
28370,2011-03-05 10:00:00
28371,2011-03-05 09:00:00
28372,2011-03-05 08:00:00
28373,2011-03-05 07:00:00
28374,2011-03-05 06:00:00
28375,2011-03-05 05:00:00
28376,2011-03-05 04:00:00
28377,2011-03-05 03:00:00
28378,2011-03-05 02:00:00
28379,2011-03-05 01:00:00
28470,2011-11-04 20:00:00
28471,2011-11-04 19:00:00
28472,2011-11-04 18:00:00
28473,2011-11-04 17:00:00
28474,2011-11-04 16:00:00
28475,2011-11-04 15:00:00
28476,2011-11-04 14:00:00
28477,2011-11-04 13:00:00
28478,2011-11-04 12:00:00
28479,2011-11-04 11:00:00
28480,2011-11-04 10:00:00
28481,2011-11-04 09:00:00
28482,2011-11-04 08:00:00
28483,2011-11-04 07:00:00
28484,2011-11-04 06:00:00
28485,2011-11-04 05:00:00
28486,2011-11-04 04:00:00
28487,2011-11-04 03:00:00
28488,2011-11-04 02:00:00
28489,2011-11-04 01:00:00
28490,2011-11-04 00:00:00
28491,2011-11-03 23:00:00
28492,2011-11-03 22:00:00
28493,2011-11-03 21:00:00
28494,2011-11-03 20:00:00
28495,2011-11-03 19:00:00
28496,2011-11-03 18:00:00
28497,2011-11-03 17:00:00
28498,2011-11-03 16:00:00
28499,2011-11-03 15:00:00
28500,2011-11-03 14:00:00
28501,2011-11-03 13:00:00
28502,2011-11-03 12:00:00
28503,2011-11-03 11:00:00
28504,2011-11-03 10:00:00
28505,2011-11-03 09:00:00
28506,2011-11-03 08:00:00
28507,2011-11-03 07:00:00
28508,2011-11-03 06:00:00
28509,2011-11-03 05:00:00
28510,2011-11-03 04:00:00
28511,2011-11-03 03:00:00
28512,2011-11-03 02:00:00
28513,2011-11-03 01:00:00
28549,2012-12-13 03:00:00
28550,2012-12-13 02:00:00
28551,2012-12-13 01:00:00
28552,2012-12-13 00:00:00
28553,2012-12-12 23:00:00
28554,2012-12-12 22:00:00
28555,2012-12-12 21:00:00
28556,2012-12-12 20:00:00
28557,2012-12-12 19:00:00
28558,2012-12-12 18:00:00
28559,2012-12-12 17:00:00
28560,2012-12-12 16:00:00
28561,2012-12-12 15:00:00
28562,2012-12-12 14:00:00
28563,2012-12-12 13:00:00
28564,2012-12-12 12:00:00
28565,2012-12-12 11:00:00
28566,2012-12-12 10:00:00
28567,2012-12-12 09:00:00
28568,2012-12-12 08:00:00
28569,2012-12-12 07:00:00
28570,2012-12-12 06:00:00
28571,2012-12-12 05:00:00
28572,2012-12-12 04:00:00
28573,2012-12-12 03:00:00
28574,2012-12-12 02:00:00
28575,2012-12-12 01:00:00
28605,2013-01-28 11:00:00
28606,2013-01-28 10:00:00
28607,2013-01-28 09:00:00
28608,2013-01-28 08:00:00
28609,2013-01-28 07:00:00
28610,2013-01-28 06:00:00
28611,2013-01-28 05:00:00
28612,2013-01-28 04:00:00
28613,2013-01-28 03:00:00
28614,2013-01-28 02:00:00
28615,2013-01-28 01:00:00
28616,2013-01-28 00:00:00
28617,2013-01-27 23:00:00
28618,2013-01-27 22:00:00
28619,2013-01-27 21:00:00
28620,2013-01-27 20:00:00
28621,2013-01-27 19:00:00
28622,2013-01-27 18:00:00
28623,2013-01-27 17:00:00
28624,2013-01-27 16:00:00
28625,2013-01-27 15:00:00
28626,2013-01-27 14:00:00
28627,2013-01-27 13:00:00
28628,2013-01-27 12:00:00
28629,2013-01-27 11:00:00
28630,2013-01-27 10:00:00
28631,2013-01-27 09:00:00
28632,2013-01-27 08:00:00
28633,2013-01-27 07:00:00
28634,2013-01-27 06:00:00
28635,2013-01-27 05:00:00
28636,2013-01-27 04:00:00
28637,2013-01-27 03:00:00
28638,2013-01-27 02:00:00
28639,2013-01-27 01:00:00
28640,2013-01-27 00:00:00
28641,2013-01-26 23:00:00
28642,2013-01-26 22:00:00
28643,2013-01-26 21:00:00
28644,2013-01-26 20:00:00
28645,2013-01-26 19:00:00
28664,2013-03-08 12:00:00
28665,2013-03-08 11:00:00
28666,2013-03-08 10:00:00
28667,2013-03-08 09:00:00
28668,2013-03-08 08:00:00
28669,2013-03-08 07:00:00
28670,2013-03-08 06:00:00
28671,2013-03-08 05:00:00
28672,2013-03-08 04:00:00
28673,2013-03-08 03:00:00
28674,2013-03-08 02:00:00
28675,2013-03-08 01:00:00
28676,2013-03-08 00:00:00
28677,2013-03-07 23:00:00
28678,2013-03-07 22:00:00
28679,2013-03-07 21:00:00
28680,2013-03-07 20:00:00
28681,2013-03-07 19:00:00
28682,2013-03-07 18:00:00
28683,2013-03-07 17:00:00
28684,2013-03-07 16:00:00
28685,2013-03-07 15:00:00
28686,2013-03-07 14:00:00
28687,2013-03-07 13:00:00
28688,2013-03-07 12:00:00
28689,2013-03-07 11:00:00
28690,2013-03-07 10:00:00
28691,2013-03-07 09:00:00
28692,2013-03-07 08:00:00
28693,2013-03-07 07:00:00
28694,2013-03-07 06:00:00
28695,2013-03-07 05:00:00
28696,2013-03-07 04:00:00
28697,2013-03-07 03:00:00
28698,2013-03-07 02:00:00
28699,2013-03-07 01:00:00
28700,2013-03-07 00:00:00
28701,2013-03-06 23:00:00
28702,2013-03-06 22:00:00
28703,2013-03-06 21:00:00
28704,2013-03-06 20:00:00
28705,2013-03-06 19:00:00
28706,2013-03-06 18:00:00
28707,2013-03-06 17:00:00
28708,2013-03-06 16:00:00
28709,2013-03-06 15:00:00
28710,2013-03-06 14:00:00
28711,2013-03-06 13:00:00
28712,2013-04-08 21:00:00
28713,2013-04-08 20:00:00
28714,2013-04-08 19:00:00
28715,2013-04-08 18:00:00
28716,2013-04-08 17:00:00
28717,2013-04-08 16:00:00
28718,2013-04-08 15:00:00
28719,2013-04-08 14:00:00
28720,2013-04-08 13:00:00
28721,2013-04-08 12:00:00
28722,2013-04-08 11:00:00
28723,2013-04-08 10:00:00
28724,2013-04-08 09:00:00
28725,2013-04-08 08:00:00
28726,2013-04-08 07:00:00
28727,2013-04-08 06:00:00
28728,2013-04-08 05:00:00
28729,2013-04-08 04:00:00
28730,2013-04-08 03:00:00
28731,2013-04-08 02:00:00
28732,2013-04-08 01:00:00
28733,2013-04-08 00:00:00
28734,2013-04-07 23:00:00
28735,2013-04-07 22:00:00
28736,2013-04-07 21:00:00
28737,2013-04-07 20:00:00
28738,2013-04-07 19:00:00
28739,2013-04-07 18:00:00
28740,2013-04-07 17:00:00
28741,2013-04-07 16:00:00
28742,2013-04-07 15:00:00
28743,2013-04-07 14:00:00
28744,2013-04-07 13:00:00
28745,2013-04-07 12:00:00
28746,2013-04-07 11:00:00
28747,2013-04-07 10:00:00
28748,2013-04-07 09:00:00
28749,2013-04-07 08:00:00
28750,2013-04-07 07:00:00
28751,2013-04-07 06:00:00
28869,2014-09-29 07:00:00
28870,2014-09-29 06:00:00
28871,2014-09-29 05:00:00
28872,2014-09-29 04:00:00
28873,2014-09-29 03:00:00
28874,2014-09-29 02:00:00
28875,2014-09-29 01:00:00
28876,2014-09-29 00:00:00
28877,2014-09-28 23:00:00
28878,2014-09-28 22:00:00
28879,2014-09-28 21:00:00
28880,2014-09-28 20:00:00
28881,2014-09-28 19:00:00
28964,2015-09-05 03:00:00
28965,2015-09-05 02:00:00
28966,2015-09-05 01:00:00
28967,2015-09-05 00:00:00
28968,2015-09-04 23:00:00
28969,2015-09-04 22:00:00
28970,2015-09-04 21:00:00
28971,2015-09-04 20:00:00
28972,2015-09-04 19:00:00
28973,2015-09-04 18:00:00
28974,2015-09-04 17:00:00
28975,2015-09-04 16:00:00
28976,2015-09-04 15:00:00
28977,2015-09-04 14:00:00
28978,2015-09-04 13:00:00
28979,2015-09-04 12:00:00
28980,2015-09-04 11:00:00
28981,2015-09-04 10:00:00
28982,2015-09-04 09:00:00
28983,2015-09-04 08:00:00
28984,2015-09-04 07:00:00
28985,2015-09-04 06:00:00
28986,2015-09-04 05:00:00
28987,2015-09-04 04:00:00
28988,2015-09-04 03:00:00
28989,2015-09-04 02:00:00
28990,2015-09-04 01:00:00
28991,2015-09-04 00:00:00
28992,2015-09-03 23:00:00
28993,2015-09-03 22:00:00
28994,2015-09-03 21:00:00
28995,2015-09-03 20:00:00
28996,2015-09-03 19:00:00
28997,2015-09-03 18:00:00
28998,2015-09-03 17:00:00
28999,2015-09-03 16:00:00
29000,2015-09-03 15:00:00
29001,2015-09-03 14:00:00
29002,2015-09-03 13:00:00
29003,2015-09-03 12:00:00
29004,2015-09-03 11:00:00
29005,2015-09-03 10:00:00
29006,2015-09-03 09:00:00
29007,2015-09-03 08:00:00
29008,2015-09-03 07:00:00
29009,2015-09-03 06:00:00
29010,2015-09-03 05:00:00
29011,2015-09-03 04:00:00
29012,2015-09-03 03:00:00
29013,2015-09-03 02:00:00
29014,2015-09-03 01:00:00
29092,2017-02-26 00:00:00
29093,2017-02-25 23:00:00
29094,2017-02-25 22:00:00
29095,2017-02-25 21:00:00
29096,2017-02-25 20:00:00
29097,2017-02-25 19:00:00
29098,2017-02-25 18:00:00
29099,2017-02-25 17:00:00
29100,2017-02-25 16:00:00
29101,2017-02-25 15:00:00
29102,2017-02-25 14:00:00
29103,2017-02-25 13:00:00
29104,2017-02-25 12:00:00
29105,2017-02-25 11:00:00
29106,2017-02-25 10:00:00
29107,2017-02-25 09:00:00
29108,2017-02-25 08:00:00
29109,2017-02-25 07:00:00
29110,2017-02-25 06:00:00
29111,2017-02-25 05:00:00
29112,2017-02-25 04:00:00
29113,2017-02-25 03:00:00
29114,2017-02-25 02:00:00
29115,2017-02-25 01:00:00
29135,2019-02-13 12:00:00
29136,2019-02-13 11:00:00
29137,2019-02-13 10:00:00
29138,2019-02-13 09:00:00
29139,2019-02-13 08:00:00
29140,2019-02-13 07:00:00
29141,2019-02-13 06:00:00
29142,2019-02-13 05:00:00
29143,2019-02-13 04:00:00
29144,2019-02-13 03:00:00
29145,2019-02-13 02:00:00
29146,2019-02-13 01:00:00
29147,2019-02-13 00:00:00
29148,2019-02-12 23:00:00
29149,2019-02-12 22:00:00
29150,2019-02-12 21:00:00
29151,2019-02-12 20:00:00
29152,2019-02-12 19:00:00
29153,2019-02-12 18:00:00
29154,2019-02-12 17:00:00
29155,2019-02-12 16:00:00
29156,2019-02-12 15:00:00
29157,2019-02-12 14:00:00
29158,2019-02-12 13:00:00
29159,2019-02-12 12:00:00
29160,2019-02-12 11:00:00
29161,2019-02-12 10:00:00
29162,2019-02-12 09:00:00
29163,2019-02-12 08:00:00
29164,2019-02-12 07:00:00
29165,2019-02-12 06:00:00
29166,2019-02-12 05:00:00
29167,2019-02-12 04:00:00
29168,2019-02-12 03:00:00
29169,2019-02-12 02:00:00
29170,2019-02-12 01:00:00
29171,2019-02-22 01:00:00
29172,2019-02-22 00:00:00
29173,2019-02-21 23:00:00
29174,2019-02-21 22:00:00
29175,2019-02-21 21:00:00
29176,2019-02-21 20:00:00
29177,2019-02-21 19:00:00
29178,2019-02-21 18:00:00
29179,2019-02-21 17:00:00
29180,2019-02-21 16:00:00
29181,2019-02-21 15:00:00
29182,2019-02-21 14:00:00
29183,2019-02-21 13:00:00
29184,2019-02-21 12:00:00
29185,2019-02-21 11:00:00
29186,2019-02-21 10:00:00
29187,2019-02-21 09:00:00
29188,2019-02-21 08:00:00
29189,2019-02-21 07:00:00
29190,2019-02-21 06:00:00
29191,2019-02-21 05:00:00
29192,2019-02-21 04:00:00
29193,2019-02-21 03:00:00
29194,2019-02-21 02:00:00
29195,2019-02-21 01:00:00
29196,2019-02-21 00:00:00
29197,2019-02-20 23:00:00
29198,2019-02-20 22:00:00
29199,2019-02-20 21:00:00
29200,2019-02-20 20:00:00
29201,2019-02-20 19:00:00
29202,2019-02-20 18:00:00
29203,2019-02-20 17:00:00
29204,2019-02-20 16:00:00
29205,2019-02-20 15:00:00
29206,2019-02-20 14:00:00
29207,2019-02-20 13:00:00
29208,2019-02-20 12:00:00
29209,2019-02-20 11:00:00
29210,2019-02-20 10:00:00
29211,2019-02-20 09:00:00
29212,2019-02-20 08:00:00
29213,2019-02-20 07:00:00
29214,2019-02-20 06:00:00
29215,2019-02-20 05:00:00
29216,2019-02-20 04:00:00
29217,2019-02-20 03:00:00
29218,2019-02-20 02:00:00
29219,2019-02-20 01:00:00
29330,2021-05-20 10:00:00
29331,2021-05-20 09:00:00
29332,2021-05-20 08:00:00
29333,2021-05-20 07:00:00
29334,2021-05-20 06:00:00
29335,2021-05-20 05:00:00
29336,2021-05-20 04:00:00
29337,2021-05-20 03:00:00
29338,2021-05-20 02:00:00
29339,2021-05-20 01:00:00
29340,2021-05-20 00:00:00
29341,2021-05-19 23:00:00
29342,2021-05-19 22:00:00
29343,2021-05-19 21:00:00
29344,2021-05-19 20:00:00
29345,2021-05-19 19:00:00
29346,2021-05-19 18:00:00
29347,2021-05-19 17:00:00
29348,2021-05-19 16:00:00
29349,2021-05-19 15:00:00
29350,2021-05-19 14:00:00
29351,2021-05-19 13:00:00
29352,2021-05-19 12:00:00
29353,2021-05-19 11:00:00
29354,2021-05-19 10:00:00
29355,2021-05-19 09:00:00
29356,2021-05-19 08:00:00
29357,2021-05-19 07:00:00
29358,2021-05-19 06:00:00
29359,2021-05-19 05:00:00
29585,2022-09-22 09:00:00
29586,2022-09-22 08:00:00
29587,2022-09-22 07:00:00
29588,2022-09-22 06:00:00
29589,2022-09-22 05:00:00
29590,2022-09-22 04:00:00
29591,2022-09-22 03:00:00
29592,2022-09-22 02:00:00
29593,2022-09-22 01:00:00
29594,2022-09-22 00:00:00
29595,2022-09-21 23:00:00
29596,2022-09-21 22:00:00
29597,2022-09-21 21:00:00
29598,2022-09-21 20:00:00
29599,2022-09-21 19:00:00
29600,2022-09-21 18:00:00
29601,2022-09-21 17:00:00
29602,2022-09-21 16:00:00
29603,2022-09-21 15:00:00
29604,2022-09-21 14:00:00
29605,2022-09-21 13:00:00
29606,2022-09-21 12:00:00
29607,2022-09-21 11:00:00
29608,2022-09-21 10:00:00
29609,2022-09-21 09:00:00
29610,2022-09-21 08:00:00
29611,2022-09-21 07:00:00
29612,2022-09-21 06:00:00
29613,2022-09-21 05:00:00
29614,2022-09-21 04:00:00
29615,2022-09-21 03:00:00
29616,2022-09-21 02:00:00
29617,2022-09-21 01:00:00
29618,2022-09-21 00:00:00
29619,2022-09-20 23:00:00
29620,2022-09-20 22:00:00
29621,2022-09-20 21:00:00
29622,2022-09-20 20:00:00
29623,2022-09-20 19:00:00
29624,2022-09-20 18:00:00
29625,2022-09-20 17:00:00
29626,2022-09-20 16:00:00
29627,2022-09-20 15:00:00
29628,2022-09-20 14:00:00
29629,2022-09-20 13:00:00
29630,2022-09-20 12:00:00
29631,2022-09-20 11:00:00
29632,2022-09-20 10:00:00
29633,2022-09-20 09:00:00
29634,2022-09-20 08:00:00
29635,2022-09-20 07:00:00
29636,2022-09-20 06:00:00
29637,2022-09-20 05:00:00
29638,2022-09-20 04:00:00
29639,2022-09-20 03:00:00
29640,2022-09-20 02:00:00
29641,2022-09-20 01:00:00
29699,2023-01-17 14:00:00
29770,2000-10-28 05:00:00
29771,2000-10-28 04:00:00
29772,2000-10-28 03:00:00
29773,2000-10-28 02:00:00
29774,2000-10-28 01:00:00
29775,2000-10-28 00:00:00
29802,2000-10-26 21:00:00
30252,2008-02-03 23:00:00
30253,2008-02-03 22:00:00
30254,2008-02-03 21:00:00
30255,2008-02-03 20:00:00
30322,2016-04-15 10:00:00
30323,2016-04-15 09:00:00
30324,2016-04-15 08:00:00
30325,2016-04-15 07:00:00
30326,2016-04-15 06:00:00
30327,2016-04-15 05:00:00
30328,2016-04-15 04:00:00
30329,2016-04-15 03:00:00
30330,2016-04-15 02:00:00
30331,2016-04-15 01:00:00
30332,2016-04-15 00:00:00
30333,2016-04-14 23:00:00
30334,2016-04-14 22:00:00
30335,2016-04-14 21:00:00
30336,2016-04-14 20:00:00
30337,2016-04-14 19:00:00
30338,2016-04-14 18:00:00
30339,2016-04-14 17:00:00
30340,2016-04-14 16:00:00
30341,2016-04-14 15:00:00
30342,2016-04-14 14:00:00
30343,2016-04-14 13:00:00
30344,2016-04-14 12:00:00
30345,2016-04-14 11:00:00
30346,2016-04-14 10:00:00
30347,2016-04-14 09:00:00
30348,2016-04-14 08:00:00
30349,2016-04-14 07:00:00
30350,2016-04-14 06:00:00
30351,2016-04-14 05:00:00
30352,2016-04-14 04:00:00
30353,2016-04-14 03:00:00
30354,2016-04-14 02:00:00
30355,2016-04-14 01:00:00
30356,2016-04-14 00:00:00
30357,2016-04-13 23:00:00
30358,2016-04-13 22:00:00
30359,2016-04-13 21:00:00
30360,2016-04-13 20:00:00
30361,2016-04-13 19:00:00
30362,2016-04-13 18:00:00
30363,2016-04-13 17:00:00
30364,2016-04-13 16:00:00
30365,2016-04-13 15:00:00
30366,2016-04-13 14:00:00
30367,2016-04-13 13:00:00
30368,2016-04-13 12:00:00
30369,2016-04-13 11:00:00
30370,2016-04-13 10:00:00
30371,2016-04-13 09:00:00
30372,2016-04-13 08:00:00
30373,2016-04-13 07:00:00
30374,2016-04-13 06:00:00
30375,2016-04-13 05:00:00
30376,2016-04-13 04:00:00
30377,2016-04-13 03:00:00
30378,2016-04-13 02:00:00
30379,2016-04-13 01:00:00
30429,2017-01-04 02:00:00
30430,2017-01-04 01:00:00
30431,2017-01-04 00:00:00
30432,2017-01-03 23:00:00
30433,2017-01-03 22:00:00
30434,2017-01-03 21:00:00
30435,2017-01-03 20:00:00
30436,2017-01-03 19:00:00
30437,2017-01-03 18:00:00
30438,2017-01-03 17:00:00
30439,2017-01-03 16:00:00
30440,2017-01-03 15:00:00
30441,2017-01-03 14:00:00
30442,2017-01-03 13:00:00
30443,2017-01-03 12:00:00
30444,2017-01-03 11:00:00
30445,2017-01-03 10:00:00
30446,2017-01-03 09:00:00
30450,2017-01-03 05:00:00
30451,2017-01-03 04:00:00
30452,2017-01-03 03:00:00
30453,2017-01-03 02:00:00
30454,2017-01-03 01:00:00
30562,2001-04-20 22:00:00
30563,2001-04-20 21:00:00
30564,2001-04-20 20:00:00
30565,2001-04-20 19:00:00
30566,2001-04-20 18:00:00
30567,2001-04-20 17:00:00
30568,2001-04-20 16:00:00
30569,2001-04-20 15:00:00
30570,2001-04-20 14:00:00
30571,2001-04-20 13:00:00
30572,2001-04-20 12:00:00
30604,2003-04-15 11:00:00
30605,2003-04-15 10:00:00
30606,2003-04-15 09:00:00
30607,2003-04-15 08:00:00
30608,2003-04-15 07:00:00
30609,2003-04-15 06:00:00
30610,2003-04-15 05:00:00
30611,2003-04-15 04:00:00
30612,2003-04-15 03:00:00
30613,2003-04-15 02:00:00
30614,2003-04-15 01:00:00
30615,2003-04-15 00:00:00
30645,2003-04-13 18:00:00
30646,2003-04-13 17:00:00
30647,2003-04-13 16:00:00
30648,2003-04-13 15:00:00
30649,2003-04-13 14:00:00
30650,2003-04-13 13:00:00
30651,2003-04-13 12:00:00
30652,2003-04-13 11:00:00
30653,2003-04-13 10:00:00
30654,2003-04-13 09:00:00
30655,2003-04-13 08:00:00
30656,2003-04-13 07:00:00
30657,2003-04-13 06:00:00
30658,2003-04-13 05:00:00
30659,2003-04-13 04:00:00
30660,2003-04-13 03:00:00
30661,2003-04-13 02:00:00
30662,2003-04-13 01:00:00
30718,2004-09-20 18:00:00
30719,2004-09-20 17:00:00
30720,2004-09-20 16:00:00
30721,2004-09-20 15:00:00
30722,2004-09-20 14:00:00
30723,2004-09-20 13:00:00
30724,2004-09-20 12:00:00
30938,2007-05-02 20:00:00
30939,2007-05-02 19:00:00
30940,2007-05-02 18:00:00
30941,2007-05-02 17:00:00
30942,2007-05-02 16:00:00
30943,2007-05-02 15:00:00
30944,2007-05-02 14:00:00
30945,2007-05-02 13:00:00
30946,2007-05-02 12:00:00
30947,2007-05-02 11:00:00
30948,2007-05-02 10:00:00
30949,2007-05-02 09:00:00
30950,2007-05-02 08:00:00
30951,2007-05-02 07:00:00
30952,2007-05-02 06:00:00
30953,2007-05-02 05:00:00
30954,2007-05-02 04:00:00
30955,2007-05-02 03:00:00
30956,2007-05-02 02:00:00
30957,2007-05-02 01:00:00
31168,2010-11-21 12:00:00
31169,2010-11-21 11:00:00
31170,2010-11-21 10:00:00
31171,2010-11-21 09:00:00
31172,2010-11-21 08:00:00
31173,2010-11-21 07:00:00
31174,2010-11-21 06:00:00
31175,2010-11-21 05:00:00
31176,2010-11-21 04:00:00
31177,2010-11-21 03:00:00
31178,2010-11-21 02:00:00
31179,2010-11-21 01:00:00
31180,2010-11-21 00:00:00
31181,2010-11-20 23:00:00
31182,2010-11-20 22:00:00
31183,2010-11-20 21:00:00
31184,2010-11-20 20:00:00
31185,2010-11-20 19:00:00
31186,2010-11-20 18:00:00
31187,2010-11-20 17:00:00
31188,2010-11-20 16:00:00
31189,2010-11-20 15:00:00
31190,2010-11-20 14:00:00
31191,2010-11-20 13:00:00
31192,2010-11-20 12:00:00
31193,2010-11-20 11:00:00
31194,2010-11-20 10:00:00
31195,2010-11-20 09:00:00
31196,2010-11-20 08:00:00
31197,2010-11-20 07:00:00
31198,2010-11-20 06:00:00
31199,2010-11-20 05:00:00
31200,2010-11-20 04:00:00
31201,2010-11-20 03:00:00
31202,2010-11-20 02:00:00
31203,2010-11-20 01:00:00
31204,2010-11-20 00:00:00
31205,2010-11-19 23:00:00
31206,2010-11-19 22:00:00
31225,2013-12-03 04:00:00
31226,2013-12-03 03:00:00
31227,2013-12-03 02:00:00
31228,2013-12-03 01:00:00
31229,2013-12-03 00:00:00
31230,2013-12-02 23:00:00
31231,2013-12-02 22:00:00
31232,2013-12-02 21:00:00
31233,2013-12-02 20:00:00
31234,2013-12-02 19:00:00
31235,2013-12-02 18:00:00
31236,2013-12-02 17:00:00
31237,2013-12-02 16:00:00
31238,2014-02-08 13:00:00
31239,2014-02-08 12:00:00
31240,2014-02-08 11:00:00
31241,2014-02-08 10:00:00
31242,2014-02-08 09:00:00
31243,2014-02-08 08:00:00
31244,2014-02-08 07:00:00
31245,2014-02-08 06:00:00
31246,2014-02-08 05:00:00
31247,2014-02-08 04:00:00
31248,2014-02-08 03:00:00
31249,2014-02-08 02:00:00
31250,2014-02-08 01:00:00
31251,2014-02-08 00:00:00
31252,2014-02-07 23:00:00
31253,2014-02-07 22:00:00
31254,2014-02-07 21:00:00
31255,2014-02-07 20:00:00
31256,2014-02-07 19:00:00
31257,2014-02-07 18:00:00
31258,2014-02-07 17:00:00
31259,2014-02-07 16:00:00
31260,2014-02-07 15:00:00
31261,2014-02-07 14:00:00
31262,2014-02-07 13:00:00
31263,2014-02-07 12:00:00
31264,2014-02-07 11:00:00
31265,2014-02-07 10:00:00
31266,2014-02-07 09:00:00
31267,2014-02-07 08:00:00
31268,2014-02-07 07:00:00
31269,2014-02-07 06:00:00
31270,2014-02-07 05:00:00
31271,2014-02-07 04:00:00
31272,2014-02-07 03:00:00
31273,2014-02-07 02:00:00
31274,2014-02-07 01:00:00
31297,2017-01-03 00:00:00
31298,2017-01-02 23:00:00
31299,2017-01-02 22:00:00
31300,2017-01-02 21:00:00
31301,2017-01-02 20:00:00
31302,2017-01-02 19:00:00
31303,2017-01-02 18:00:00
31304,2017-01-02 17:00:00
31305,2017-01-02 16:00:00
31306,2017-01-02 15:00:00
31307,2017-01-02 14:00:00
31308,2017-01-02 13:00:00
31309,2017-01-02 12:00:00
31310,2017-01-02 11:00:00
31311,2017-01-02 10:00:00
31312,2017-01-02 09:00:00
31313,2017-01-02 08:00:00
31314,2017-01-02 07:00:00
31357,2017-01-11 00:00:00
31358,2017-01-10 23:00:00
31359,2017-01-10 22:00:00
31360,2017-01-10 21:00:00
31485,2019-06-21 07:00:00
31650,2022-12-29 12:00:00
31651,2022-12-29 11:00:00
31652,2022-12-29 10:00:00
31653,2022-12-29 09:00:00
31654,2022-12-29 08:00:00
31655,2022-12-29 07:00:00
31656,2022-12-29 06:00:00
31657,2022-12-29 05:00:00
31658,2022-12-29 04:00:00
31659,2022-12-29 03:00:00
31660,2022-12-29 02:00:00
31661,2022-12-29 01:00:00
31675,2023-03-21 21:00:00
31676,2023-03-21 20:00:00
31718,2020-06-07 07:00:00
31719,2020-06-07 06:00:00
31720,2020-06-07 05:00:00
31721,2020-06-07 04:00:00
31722,2020-06-07 03:00:00
31723,2020-06-07 02:00:00
31724,2020-06-07 01:00:00
31725,2020-06-07 00:00:00
31726,2020-06-06 23:00:00
31727,2020-06-06 22:00:00
31728,2020-06-06 21:00:00
31729,2020-06-06 20:00:00
31730,2020-06-06 19:00:00
31731,2020-06-06 18:00:00
31732,2020-06-06 17:00:00
31733,2020-06-06 16:00:00
31734,2020-06-06 15:00:00
32186,2009-10-20 12:00:00
32187,2009-10-20 11:00:00
32258,2010-01-19 16:00:00
32259,2010-01-19 15:00:00
32260,2010-01-19 14:00:00
32261,2010-01-19 13:00:00
32262,2010-01-19 12:00:00
32263,2010-01-19 11:00:00
32301,2016-04-15 12:00:00
32302,2016-04-15 11:00:00
32586,2007-05-05 03:00:00
32587,2007-05-05 02:00:00
32588,2007-05-05 01:00:00
32589,2007-05-05 00:00:00
32590,2007-05-04 23:00:00
32591,2007-05-04 22:00:00
32592,2007-05-04 21:00:00
32593,2007-05-04 20:00:00
32594,2007-05-04 19:00:00
32595,2007-05-04 18:00:00
32596,2007-05-04 17:00:00
32750,2000-01-25 15:00:00
32751,2000-01-25 14:00:00
32752,2000-01-25 13:00:00
32755,2000-01-25 10:00:00
32756,2000-01-25 09:00:00
32757,2000-01-25 08:00:00
32779,2000-01-24 10:00:00
32780,2000-01-24 09:00:00
32781,2000-01-24 08:00:00
32782,2000-01-24 07:00:00
32783,2000-01-24 06:00:00
32784,2000-01-24 05:00:00
32785,2000-01-24 04:00:00
32786,2000-04-22 01:00:00
32787,2000-04-22 00:00:00
32816,2000-04-20 19:00:00
32817,2000-04-20 18:00:00
32818,2000-04-20 17:00:00
32819,2000-04-20 16:00:00
32820,2000-04-20 15:00:00
32821,2000-04-20 14:00:00
32822,2000-04-20 13:00:00
32823,2000-04-20 12:00:00
32824,2000-04-20 11:00:00
32825,2000-04-20 10:00:00
32826,2000-04-20 09:00:00
32827,2000-04-20 08:00:00
32828,2000-04-20 07:00:00
32829,2000-04-20 06:00:00
32830,2000-04-20 05:00:00
32831,2000-04-20 04:00:00
32832,2000-04-20 03:00:00
32833,2000-04-20 02:00:00
32834,2000-04-20 01:00:00
33699,2008-01-28 00:00:00
33722,2008-02-23 16:00:00
33723,2008-02-23 15:00:00
33724,2008-02-23 14:00:00
33725,2008-02-23 13:00:00
33726,2008-12-18 09:00:00
33727,2008-12-18 08:00:00
33728,2008-12-18 07:00:00
33729,2008-12-18 06:00:00
33730,2008-12-18 05:00:00
33731,2008-12-18 04:00:00
33732,2008-12-18 03:00:00
33733,2008-12-18 02:00:00
33734,2008-12-18 01:00:00
33735,2008-12-18 00:00:00
33736,2008-12-17 23:00:00
33737,2008-12-17 22:00:00
33738,2008-12-17 21:00:00
33739,2008-12-17 20:00:00
33740,2008-12-17 19:00:00
33741,2008-12-17 18:00:00
33742,2008-12-17 17:00:00
33743,2008-12-17 16:00:00
33744,2008-12-17 15:00:00
33745,2008-12-17 14:00:00
33746,2008-12-17 13:00:00
33747,2008-12-17 12:00:00
33748,2008-12-17 11:00:00
33749,2008-12-17 10:00:00
33750,2008-12-17 09:00:00
33751,2008-12-17 08:00:00
33752,2008-12-17 07:00:00
33753,2008-12-17 06:00:00
33754,2008-12-17 05:00:00
33755,2008-12-17 04:00:00
33756,2008-12-17 03:00:00
33757,2008-12-17 02:00:00
33758,2008-12-17 01:00:00
33759,2008-12-17 00:00:00
33760,2008-12-16 23:00:00
33761,2008-12-16 22:00:00
33762,2008-12-16 21:00:00
33763,2008-12-16 20:00:00
33764,2008-12-16 19:00:00
33765,2008-12-16 18:00:00
33766,2008-12-16 17:00:00
33767,2008-12-16 16:00:00
33768,2008-12-16 15:00:00
33821,2009-10-14 00:00:00
33822,2009-10-13 23:00:00
33823,2009-10-13 22:00:00
33824,2009-10-13 21:00:00
33825,2009-10-13 20:00:00
33826,2009-10-13 19:00:00
33827,2009-10-13 18:00:00
33828,2009-10-13 17:00:00
33829,2009-10-13 16:00:00
33861,2010-11-21 13:00:00
33901,2010-11-19 21:00:00
33902,2010-11-19 20:00:00
33903,2010-11-19 19:00:00
34011,2012-11-09 22:00:00
34012,2012-11-09 21:00:00
34013,2012-11-09 20:00:00
34014,2012-11-09 19:00:00
34015,2012-11-09 18:00:00
34016,2012-11-09 17:00:00
34017,2012-11-09 16:00:00
34018,2012-11-09 15:00:00
34049,2013-11-16 02:00:00
34050,2013-11-16 01:00:00
34051,2013-11-16 00:00:00
34052,2013-11-15 23:00:00
34053,2013-11-15 22:00:00
34054,2013-11-15 21:00:00
34055,2013-11-15 20:00:00
34056,2013-11-15 19:00:00
34057,2013-11-15 18:00:00
34058,2013-11-15 17:00:00
34059,2013-11-15 16:00:00
34060,2013-11-15 15:00:00
34061,2013-11-15 14:00:00
34062,2013-11-15 13:00:00
34063,2013-11-15 12:00:00
34064,2013-11-15 11:00:00
34065,2013-11-15 10:00:00
34066,2013-11-15 09:00:00
34067,2013-11-15 08:00:00
34068,2013-11-15 07:00:00
34069,2013-11-15 06:00:00
34070,2013-11-15 05:00:00
34071,2013-11-15 04:00:00
34072,2013-11-15 03:00:00
34073,2013-11-15 02:00:00
34074,2013-11-15 01:00:00
34075,2013-11-15 00:00:00
34076,2013-11-14 23:00:00
34077,2013-11-14 22:00:00
34078,2013-11-14 21:00:00
34079,2013-11-14 20:00:00
34080,2013-11-14 19:00:00
34081,2013-11-14 18:00:00
34082,2013-11-14 17:00:00
34083,2013-11-14 16:00:00
34084,2013-11-14 15:00:00
34085,2013-11-14 14:00:00
34086,2013-11-14 13:00:00
34087,2013-11-14 12:00:00
34088,2013-11-14 11:00:00
34089,2013-11-14 10:00:00
34090,2013-11-14 09:00:00
34091,2013-11-14 08:00:00
34092,2013-11-14 07:00:00
34093,2013-11-14 06:00:00
34094,2013-11-14 05:00:00
34095,2013-11-14 04:00:00
34096,2013-11-14 03:00:00
34097,2013-11-14 02:00:00
34098,2013-11-14 01:00:00
34245,2015-11-04 12:00:00
34246,2015-11-04 11:00:00
34247,2015-11-04 10:00:00
34248,2015-11-04 09:00:00
34249,2015-11-04 08:00:00
34250,2015-11-04 07:00:00
34251,2015-11-04 06:00:00
34252,2015-11-04 05:00:00
34253,2015-11-04 04:00:00
34254,2015-11-04 03:00:00
34255,2015-11-04 02:00:00
34256,2015-11-04 01:00:00
34257,2015-11-04 00:00:00
34258,2015-11-03 23:00:00
34259,2015-11-03 22:00:00
34260,2015-11-03 21:00:00
34261,2015-11-03 20:00:00
34262,2015-11-03 19:00:00
34263,2015-11-03 18:00:00
34264,2015-11-03 17:00:00
34265,2015-11-03 16:00:00
34266,2015-11-03 15:00:00
34315,2016-01-31 23:00:00
34316,2016-01-31 22:00:00
34317,2016-11-27 05:00:00
34318,2016-11-27 04:00:00
34319,2016-11-27 03:00:00
34320,2016-11-27 02:00:00
34321,2016-11-27 01:00:00
34322,2016-11-27 00:00:00
34323,2016-11-26 23:00:00
34324,2016-11-26 22:00:00
34325,2016-11-26 21:00:00
34326,2016-11-26 20:00:00
34327,2016-11-26 19:00:00
34328,2016-11-26 18:00:00
34329,2016-11-26 17:00:00
34330,2016-11-26 16:00:00
34331,2016-11-26 15:00:00
34332,2016-11-26 14:00:00
34333,2016-11-26 13:00:00
34334,2016-11-25 10:00:00
34335,2016-11-25 09:00:00
34336,2016-11-25 08:00:00
34337,2016-11-25 07:00:00
34338,2016-11-25 06:00:00
34339,2016-11-25 05:00:00
34340,2016-11-25 04:00:00
34341,2016-11-25 03:00:00
34342,2016-11-25 02:00:00
34343,2016-11-25 01:00:00
34452,2017-01-22 16:00:00
34453,2017-01-22 15:00:00
34454,2017-01-22 14:00:00
34455,2017-01-22 13:00:00
34456,2017-01-22 12:00:00
34457,2017-01-22 11:00:00
34458,2017-02-10 23:00:00
34459,2017-02-10 22:00:00
34460,2017-02-10 21:00:00
34461,2017-02-10 20:00:00
34462,2017-02-10 19:00:00
34463,2017-02-10 18:00:00
34464,2017-02-10 17:00:00
34465,2017-02-10 16:00:00
34466,2017-02-10 15:00:00
34467,2017-02-10 14:00:00
34468,2017-02-10 13:00:00
34505,2018-03-23 05:00:00
34506,2018-03-23 04:00:00
34507,2018-03-23 03:00:00
34508,2018-03-23 02:00:00
34558,2018-04-20 03:00:00
34559,2018-04-20 02:00:00
34560,2018-04-20 01:00:00
34561,2018-04-20 00:00:00
34562,2018-04-19 23:00:00
34563,2018-04-19 22:00:00
34564,2018-04-19 21:00:00
34565,2018-04-19 20:00:00
34566,2018-04-19 19:00:00
34567,2018-04-19 18:00:00
34568,2018-04-19 17:00:00
34569,2018-04-19 16:00:00
34570,2018-04-19 15:00:00
34571,2018-04-19 14:00:00
34572,2018-04-19 13:00:00
34573,2018-04-19 12:00:00
34574,2018-04-19 11:00:00
34575,2018-04-19 10:00:00
34576,2018-04-19 09:00:00
34577,2018-04-19 08:00:00
34578,2018-04-19 07:00:00
34579,2018-04-19 06:00:00
34580,2018-04-19 05:00:00
34581,2018-04-19 04:00:00
34582,2018-04-19 03:00:00
34583,2018-04-19 02:00:00
34584,2018-04-19 01:00:00
34585,2018-04-19 00:00:00
34586,2018-04-18 23:00:00
34587,2018-04-18 22:00:00
34588,2018-04-18 21:00:00
34589,2018-04-18 20:00:00
34590,2018-04-18 19:00:00
34591,2018-04-18 18:00:00
34870,2021-02-02 15:00:00
34871,2021-02-02 14:00:00
34872,2021-02-02 13:00:00
34873,2021-02-02 12:00:00
34874,2021-02-02 11:00:00
34875,2021-02-02 10:00:00
34876,2021-02-02 09:00:00
34877,2021-02-02 08:00:00
34878,2021-02-02 07:00:00
34879,2021-02-02 06:00:00
34880,2021-02-02 05:00:00
34881,2021-02-02 04:00:00
34882,2021-02-02 03:00:00
34883,2021-02-02 02:00:00
34884,2021-02-02 01:00:00
34885,2021-02-02 00:00:00
34886,2021-02-01 23:00:00
34887,2021-02-01 22:00:00
34888,2021-02-01 21:00:00
34889,2021-02-01 20:00:00
34890,2021-02-01 19:00:00
34891,2021-02-01 18:00:00
34892,2021-02-01 17:00:00
34893,2021-02-01 16:00:00
34894,2021-02-01 15:00:00
34895,2021-02-01 14:00:00
34896,2021-02-01 13:00:00
34897,2021-02-01 12:00:00
34898,2021-02-01 11:00:00
34899,2021-02-01 10:00:00
34900,2021-02-01 09:00:00
34901,2021-02-01 08:00:00
34902,2021-02-01 07:00:00
34903,2021-02-01 06:00:00
34904,2021-02-01 05:00:00
34905,2021-02-01 04:00:00
34906,2021-02-01 03:00:00
34907,2021-02-01 02:00:00
34908,2021-02-01 01:00:00
35053,2023-02-22 06:00:00
35054,2023-02-22 05:00:00
35133,2001-04-21 08:00:00
35134,2001-04-21 07:00:00
35135,2001-04-21 06:00:00
35136,2001-04-21 05:00:00
35137,2001-04-21 04:00:00
35138,2001-04-21 03:00:00
35139,2001-04-21 02:00:00
35140,2001-04-21 01:00:00
35141,2001-04-21 00:00:00
35142,2001-04-20 23:00:00
35217,2004-11-26 22:00:00
35338,2005-11-11 00:00:00
35339,2005-11-10 23:00:00
35340,2005-11-10 22:00:00
35341,2005-11-10 21:00:00
35342,2005-11-10 20:00:00
35343,2005-11-10 19:00:00
35344,2005-11-10 18:00:00
35345,2005-11-10 17:00:00
35346,2005-11-10 16:00:00
35347,2005-11-10 15:00:00
35348,2005-11-10 14:00:00
35349,2005-11-10 13:00:00
35350,2005-11-10 12:00:00
35351,2005-11-10 11:00:00
35352,2005-11-10 10:00:00
35353,2005-11-10 09:00:00
35354,2005-11-10 08:00:00
35355,2005-11-10 07:00:00
35356,2005-11-10 06:00:00
35357,2005-11-10 05:00:00
35358,2005-11-10 04:00:00
35359,2005-11-10 03:00:00
35360,2005-11-10 02:00:00
35361,2005-11-10 01:00:00
35382,2007-03-22 13:00:00
35383,2007-03-22 12:00:00
35384,2007-03-22 11:00:00
35385,2007-03-22 10:00:00
35386,2007-03-22 09:00:00
35387,2007-03-22 08:00:00
35388,2007-03-22 07:00:00
35389,2007-03-22 06:00:00
35390,2007-03-22 05:00:00
35391,2007-03-22 04:00:00
35392,2007-03-22 03:00:00
35393,2007-03-22 02:00:00
35394,2007-03-22 01:00:00
35635,2010-11-21 15:00:00
35636,2010-11-21 14:00:00
35689,2011-03-17 05:00:00
35690,2011-03-17 04:00:00
35691,2011-03-17 03:00:00
35692,2011-03-17 02:00:00
35693,2011-03-17 01:00:00
35694,2011-03-17 00:00:00
35695,2011-03-16 23:00:00
35696,2011-03-16 22:00:00
35697,2011-03-16 21:00:00
35698,2011-03-16 20:00:00
35699,2011-03-16 19:00:00
35700,2011-03-16 18:00:00
35701,2011-03-16 17:00:00
35702,2011-03-16 16:00:00
35703,2011-03-16 15:00:00
35704,2011-03-16 14:00:00
35705,2011-03-16 13:00:00
35706,2011-03-16 12:00:00
35707,2011-03-16 11:00:00
35708,2011-03-16 10:00:00
35709,2011-03-16 09:00:00
35710,2011-03-16 08:00:00
35711,2011-03-16 07:00:00
35712,2011-03-16 06:00:00
35713,2011-03-16 05:00:00
35714,2011-03-16 04:00:00
35715,2011-03-16 03:00:00
35716,2011-03-16 02:00:00
35717,2011-03-16 01:00:00
35718,2011-03-16 00:00:00
35719,2011-03-15 23:00:00
35720,2011-03-15 22:00:00
35721,2011-03-15 21:00:00
35722,2011-03-15 20:00:00
35723,2011-03-15 19:00:00
35724,2011-03-15 18:00:00
35725,2011-03-15 17:00:00
35726,2011-03-15 16:00:00
35727,2011-03-15 15:00:00
35728,2011-03-15 14:00:00
35729,2011-03-15 13:00:00
35730,2011-03-15 12:00:00
35731,2011-03-15 11:00:00
35811,2015-11-04 15:00:00
35812,2015-11-04 14:00:00
35813,2015-11-04 13:00:00
35884,2016-03-14 02:00:00
35885,2016-03-14 01:00:00
35886,2016-03-14 00:00:00
35887,2016-03-13 23:00:00
35888,2016-03-13 22:00:00
35889,2016-03-13 21:00:00
35890,2016-03-13 20:00:00
35891,2016-03-13 19:00:00
35892,2016-03-13 18:00:00
35893,2016-03-13 17:00:00
35894,2016-03-13 16:00:00
35895,2016-03-13 15:00:00
35896,2016-03-13 14:00:00
35897,2016-03-13 13:00:00
35898,2016-03-13 12:00:00
35899,2016-03-13 11:00:00
35900,2016-03-13 10:00:00
35901,2016-03-13 09:00:00
35902,2016-03-13 08:00:00
35903,2016-03-13 07:00:00
35904,2016-03-13 06:00:00
35905,2016-03-13 05:00:00
35906,2016-03-13 04:00:00
35907,2016-03-13 03:00:00
35908,2016-03-13 02:00:00
35909,2016-03-13 01:00:00
35910,2016-03-13 00:00:00
35911,2016-03-12 23:00:00
35912,2016-03-12 22:00:00
35913,2016-03-12 21:00:00
35914,2016-03-12 20:00:00
35915,2016-03-12 19:00:00
35916,2016-03-12 18:00:00
35917,2016-03-12 17:00:00
35918,2016-03-12 16:00:00
35919,2016-03-12 15:00:00
35920,2016-03-12 14:00:00
35921,2016-03-12 13:00:00
35922,2016-03-12 12:00:00
35923,2016-03-12 11:00:00
35924,2016-03-12 10:00:00
35925,2016-03-12 09:00:00
35926,2016-03-12 08:00:00
35927,2016-03-12 07:00:00
35928,2016-03-12 06:00:00
35929,2016-03-12 05:00:00
35930,2016-03-12 04:00:00
36032,2017-01-02 06:00:00
36033,2017-01-02 05:00:00
36034,2017-01-02 04:00:00
36035,2017-01-02 03:00:00
36036,2017-01-02 02:00:00
36037,2017-01-02 01:00:00
36111,2017-11-16 15:00:00
36112,2017-11-16 14:00:00
36113,2017-11-16 13:00:00
36114,2017-11-16 12:00:00
36115,2017-11-16 11:00:00
36116,2017-11-16 10:00:00
36117,2017-11-16 09:00:00
36118,2017-11-16 08:00:00
36119,2017-11-16 07:00:00
36120,2017-11-16 06:00:00
36121,2017-11-16 05:00:00
36122,2017-11-16 04:00:00
36123,2017-11-16 03:00:00
36124,2017-11-16 02:00:00
36125,2017-11-16 01:00:00
36126,2017-11-16 00:00:00
36127,2017-11-15 23:00:00
36128,2017-11-15 22:00:00
36129,2017-11-15 21:00:00
36130,2017-11-15 20:00:00
36131,2017-11-15 19:00:00
36132,2017-11-15 18:00:00
36133,2017-11-15 17:00:00
36134,2017-11-15 16:00:00
36135,2017-11-15 15:00:00
36136,2017-11-15 14:00:00
36137,2017-11-15 13:00:00
36138,2017-11-15 12:00:00
36139,2017-11-15 11:00:00
36140,2017-11-15 10:00:00
36141,2017-11-15 09:00:00
36142,2017-11-15 08:00:00
36143,2017-11-15 07:00:00
36144,2017-11-15 06:00:00
36145,2017-11-15 05:00:00
36146,2017-11-15 04:00:00
36147,2017-11-15 03:00:00
36148,2017-11-15 02:00:00
36149,2017-11-15 01:00:00
36424,2000-06-18 22:00:00
36425,2000-06-18 21:00:00
36426,2000-06-18 20:00:00
36427,2000-06-18 19:00:00
36428,2000-06-18 18:00:00
36429,2000-06-18 17:00:00
36430,2000-06-18 16:00:00
36431,2000-06-18 15:00:00
36432,2000-06-18 14:00:00
36433,2000-06-18 13:00:00
36434,2000-06-18 12:00:00
36435,2000-06-18 11:00:00
36436,2000-06-18 10:00:00
36437,2000-06-18 09:00:00
36438,2000-06-18 08:00:00
36439,2000-06-18 07:00:00
36440,2000-06-18 06:00:00
36441,2000-06-18 05:00:00
36442,2000-06-18 04:00:00
36443,2000-06-18 03:00:00
36444,2000-06-18 02:00:00
36445,2000-06-18 01:00:00
36446,2000-06-18 00:00:00
36447,2000-06-17 23:00:00
36448,2000-06-17 22:00:00
36449,2000-06-17 21:00:00
36450,2000-06-17 20:00:00
36451,2000-06-17 19:00:00
36452,2000-06-17 18:00:00
36453,2000-06-17 17:00:00
36454,2000-06-17 16:00:00
36455,2000-06-17 15:00:00
36456,2000-06-17 14:00:00
36457,2000-06-17 13:00:00
36458,2000-06-17 12:00:00
36459,2000-06-17 11:00:00
36460,2000-06-17 10:00:00
36461,2000-06-17 09:00:00
36462,2000-06-17 08:00:00
36463,2000-06-17 07:00:00
36464,2000-06-17 06:00:00
36465,2000-06-17 05:00:00
36466,2000-06-17 04:00:00
36467,2000-06-17 03:00:00
36468,2000-06-17 02:00:00
36469,2000-06-17 01:00:00
36470,2000-09-23 00:00:00
36471,2000-09-22 23:00:00
36472,2000-09-22 22:00:00
36473,2000-09-22 21:00:00
36474,2000-09-22 20:00:00
36475,2000-09-22 19:00:00
36476,2000-09-22 18:00:00
36477,2000-09-22 17:00:00
36478,2000-09-22 16:00:00
36479,2000-09-22 15:00:00
36480,2000-09-22 14:00:00
36481,2000-09-22 13:00:00
36482,2000-09-22 12:00:00
36483,2000-09-22 11:00:00
36484,2000-09-22 10:00:00
36485,2000-09-22 09:00:00
36486,2000-09-22 08:00:00
36487,2000-09-22 07:00:00
36488,2000-09-22 06:00:00
36489,2000-09-22 05:00:00
36490,2000-09-22 04:00:00
36491,2000-09-22 03:00:00
36492,2000-09-22 02:00:00
36493,2000-09-22 01:00:00
36494,2000-09-22 00:00:00
36495,2000-09-21 23:00:00
36496,2000-09-21 22:00:00
36497,2000-09-21 21:00:00
36498,2000-09-21 20:00:00
36499,2000-09-21 19:00:00
36500,2000-09-21 18:00:00
36501,2000-09-21 17:00:00
36565,2006-10-25 00:00:00
36566,2006-10-24 23:00:00
36567,2006-10-24 22:00:00
36568,2006-10-24 21:00:00
36569,2006-10-24 20:00:00
36570,2006-10-24 19:00:00
36571,2006-10-24 18:00:00
36572,2006-10-24 17:00:00
36573,2006-10-24 16:00:00
36574,2006-10-24 15:00:00
36575,2006-10-24 14:00:00
36576,2006-10-24 13:00:00
36577,2006-10-24 12:00:00
36578,2006-10-24 11:00:00
36579,2006-10-24 10:00:00
36580,2006-10-24 09:00:00
36581,2006-10-24 08:00:00
36582,2006-10-24 07:00:00
36583,2006-10-24 06:00:00
36584,2006-10-24 05:00:00
36585,2006-10-24 04:00:00
36586,2006-10-24 03:00:00
36587,2006-10-24 02:00:00
36588,2006-10-24 01:00:00
36589,2006-10-24 00:00:00
36590,2006-10-23 23:00:00
36591,2006-10-23 22:00:00
36592,2006-10-23 21:00:00
36593,2006-10-23 20:00:00
36594,2006-10-23 19:00:00
36595,2006-10-23 18:00:00
36596,2006-10-23 17:00:00
36597,2006-10-23 16:00:00
36598,2006-10-23 15:00:00
36599,2006-10-23 14:00:00
36600,2006-10-23 13:00:00
36601,2006-10-23 12:00:00
36602,2006-10-23 11:00:00
36603,2006-10-23 10:00:00
36604,2006-10-23 09:00:00
36605,2006-10-23 08:00:00
36606,2006-10-23 07:00:00
36607,2006-10-23 06:00:00
36608,2006-10-23 05:00:00
36609,2006-10-23 04:00:00
36610,2006-10-23 03:00:00
36611,2006-10-23 02:00:00
36612,2006-10-23 01:00:00
36700,2009-04-16 02:00:00
36701,2009-04-16 01:00:00
36702,2009-04-16 00:00:00
36703,2009-04-15 23:00:00
36704,2009-04-15 22:00:00
36705,2009-04-15 21:00:00
36706,2009-04-15 20:00:00
36707,2009-04-15 19:00:00
36708,2009-04-15 18:00:00
36709,2009-04-15 17:00:00
36710,2009-04-15 16:00:00
36711,2009-04-15 15:00:00
36712,2009-04-15 14:00:00
36745,2011-03-26 10:00:00
36746,2013-12-03 07:00:00
36747,2013-12-03 06:00:00
36748,2013-12-03 05:00:00
36931,2017-01-07 00:00:00
36932,2017-01-06 23:00:00
36933,2017-01-06 22:00:00
36988,2018-03-23 06:00:00
37126,2021-02-02 19:00:00
37127,2021-02-02 18:00:00
37128,2021-02-02 17:00:00
37129,2021-02-02 16:00:00
37220,2005-10-04 00:00:00
37221,2005-10-03 23:00:00
37222,2005-10-03 22:00:00
37223,2005-10-03 21:00:00
37310,2010-04-21 00:00:00
37311,2010-04-20 23:00:00
37312,2010-04-20 22:00:00
37313,2010-04-20 21:00:00
37314,2010-04-20 20:00:00
37315,2010-04-20 19:00:00
37316,2010-04-20 18:00:00
37317,2010-04-20 17:00:00
37318,2010-04-20 16:00:00
37319,2010-04-20 15:00:00
37320,2010-04-20 14:00:00
37321,2010-04-20 13:00:00
37322,2010-04-20 12:00:00
37323,2010-04-20 11:00:00
37324,2010-04-20 10:00:00
37325,2010-04-20 09:00:00
37326,2010-04-20 08:00:00
37327,2010-04-20 07:00:00
37328,2010-04-20 06:00:00
37329,2010-04-20 05:00:00
37330,2010-04-20 04:00:00
37331,2010-04-20 03:00:00
37332,2010-04-20 02:00:00
37333,2010-04-20 01:00:00
37374,2017-11-04 04:00:00
37375,2017-11-04 03:00:00
37376,2017-11-04 02:00:00
37377,2017-11-04 01:00:00
37378,2017-11-04 00:00:00
37379,2017-11-03 23:00:00
37380,2017-11-03 22:00:00
37381,2017-11-03 21:00:00
37382,2017-11-03 20:00:00
37383,2017-11-03 19:00:00
37384,2017-11-03 18:00:00
37385,2017-11-03 17:00:00
37386,2017-11-03 16:00:00
37387,2017-11-03 15:00:00
37388,2017-11-03 14:00:00
37389,2017-11-03 13:00:00
37390,2017-11-03 12:00:00
37391,2017-11-03 11:00:00
37392,2017-11-03 10:00:00
37393,2017-11-03 09:00:00
37394,2017-11-03 08:00:00
37395,2017-11-03 07:00:00
37396,2017-11-03 06:00:00
37397,2017-11-03 05:00:00
37398,2017-11-03 04:00:00
37399,2017-11-03 03:00:00
37400,2017-11-03 02:00:00
37401,2017-11-03 01:00:00
37402,2017-11-03 00:00:00
37403,2017-11-02 23:00:00
37404,2017-11-02 22:00:00
37405,2017-11-02 21:00:00
37406,2017-11-02 20:00:00
37481,2006-10-25 01:00:00
37551,2010-04-20 00:00:00
37552,2010-04-19 23:00:00
37553,2010-04-19 22:00:00
37554,2010-04-19 21:00:00
37555,2010-04-19 20:00:00
37556,2010-04-19 19:00:00
37557,2010-04-19 18:00:00
37558,2010-04-19 17:00:00
37559,2010-04-19 16:00:00
37560,2010-04-19 15:00:00
37561,2010-04-19 14:00:00
37562,2010-04-19 13:00:00
37563,2010-04-19 12:00:00
37564,2010-04-19 11:00:00
37565,2010-04-19 10:00:00
37566,2010-04-19 09:00:00
37567,2010-04-19 08:00:00
37568,2010-04-19 07:00:00
37569,2010-04-19 06:00:00
37570,2010-04-19 05:00:00
37571,2010-04-19 04:00:00
37572,2010-04-19 03:00:00
37573,2010-04-19 02:00:00
37574,2010-04-19 01:00:00
37575,2013-05-07 17:00:00
37576,2013-05-07 16:00:00
37577,2013-05-07 15:00:00
37578,2013-05-07 14:00:00
37579,2013-05-07 13:00:00
37580,2013-05-07 12:00:00
37581,2013-05-07 11:00:00
37582,2013-05-07 10:00:00
37583,2013-05-07 09:00:00
37584,2013-05-07 08:00:00
37585,2013-05-07 07:00:00
37586,2013-05-07 06:00:00
37587,2013-05-07 05:00:00
37588,2013-05-07 04:00:00
37589,2013-05-07 03:00:00
37590,2013-05-07 02:00:00
37591,2013-05-07 01:00:00
37592,2013-05-07 00:00:00
37593,2013-05-06 23:00:00
37594,2013-05-06 22:00:00
37595,2013-05-06 21:00:00
37596,2013-05-06 20:00:00
37597,2013-05-06 19:00:00
37598,2013-05-06 18:00:00
37599,2013-05-06 17:00:00
37600,2013-05-06 16:00:00
37601,2013-05-06 15:00:00
37602,2013-05-06 14:00:00
37603,2013-05-06 13:00:00
37604,2013-05-06 12:00:00
37605,2013-05-06 11:00:00
37606,2013-05-06 10:00:00
37607,2013-05-06 09:00:00
37608,2013-05-06 08:00:00
37609,2013-05-06 07:00:00
37610,2013-05-06 06:00:00
37611,2013-05-06 05:00:00
37612,2013-05-06 04:00:00
37722,2021-05-21 20:00:00
37723,2021-05-21 19:00:00
37724,2021-05-21 18:00:00
37725,2021-05-21 17:00:00
37726,2021-05-21 16:00:00
37766,2007-03-21 18:00:00
37767,2007-03-21 17:00:00
37768,2007-03-21 16:00:00
37769,2007-03-21 15:00:00
37770,2007-03-21 14:00:00
37771,2007-03-21 13:00:00
37772,2007-03-21 12:00:00
37773,2007-03-21 11:00:00
37774,2007-03-21 10:00:00
37775,2007-03-21 09:00:00
37776,2007-03-21 08:00:00
37777,2007-03-21 07:00:00
37778,2007-03-21 06:00:00
37780,2008-05-22 03:00:00
37781,2008-05-22 02:00:00
37782,2008-05-22 01:00:00
37783,2008-05-22 00:00:00
37784,2008-05-21 23:00:00
37785,2008-05-21 22:00:00
37786,2008-05-21 21:00:00
37787,2008-05-21 20:00:00
37788,2008-05-21 19:00:00
37789,2008-05-21 18:00:00
37790,2008-05-21 17:00:00
37791,2008-05-21 16:00:00
37792,2008-05-21 15:00:00
37793,2008-05-21 14:00:00
37794,2008-05-21 13:00:00
37795,2008-05-21 12:00:00
37796,2008-05-21 11:00:00
37797,2008-05-21 10:00:00
37798,2008-05-21 09:00:00
37799,2008-05-21 08:00:00
37800,2008-05-21 07:00:00
37801,2008-05-21 06:00:00
37802,2008-05-21 05:00:00
37803,2008-05-21 04:00:00
37804,2008-05-21 03:00:00
37805,2008-05-21 02:00:00
37806,2008-05-21 01:00:00
37807,2008-05-21 00:00:00
37808,2008-05-20 23:00:00
37809,2008-05-20 22:00:00
37810,2008-05-20 21:00:00
37840,2011-06-06 15:00:00
37841,2011-06-06 14:00:00
37842,2011-06-06 13:00:00
37843,2011-06-06 12:00:00
37844,2011-06-06 11:00:00
37845,2011-06-06 10:00:00
37846,2011-06-06 09:00:00
37847,2011-05-10 07:00:00
37848,2011-05-10 06:00:00
37849,2011-05-10 05:00:00
37850,2011-05-10 04:00:00
37851,2011-05-10 03:00:00
37852,2011-05-10 02:00:00
37853,2011-05-10 01:00:00
37854,2011-05-10 00:00:00
37855,2011-05-09 23:00:00
37856,2011-05-09 22:00:00
37857,2011-05-09 21:00:00
37858,2011-05-09 20:00:00
37900,2018-06-17 17:00:00
37901,2018-06-17 16:00:00
37902,2018-06-17 15:00:00
37903,2018-06-17 14:00:00
37904,2018-06-17 13:00:00
37905,2018-06-17 12:00:00
37906,2018-06-17 11:00:00
37907,2018-06-17 10:00:00
37908,2018-06-17 09:00:00
37909,2018-06-17 08:00:00
37910,2018-06-17 07:00:00
37911,2018-06-17 06:00:00
37912,2018-06-17 05:00:00
37913,2018-06-17 04:00:00
37914,2018-06-17 03:00:00
37915,2018-06-17 02:00:00
37916,2018-06-17 01:00:00
37969,2000-10-26 20:00:00
37970,2000-10-26 19:00:00
37971,2000-10-26 18:00:00
37972,2000-10-26 17:00:00
37973,2000-10-26 16:00:00
37974,2000-10-26 15:00:00
37975,2000-10-26 14:00:00
37976,2000-10-26 13:00:00
37977,2000-10-26 12:00:00
37978,2000-10-26 11:00:00
37979,2000-10-26 10:00:00
37980,2000-10-26 09:00:00
37981,2000-10-26 08:00:00
37982,2000-10-26 07:00:00
37983,2000-10-26 06:00:00
37984,2000-10-26 05:00:00
37985,2000-10-26 04:00:00
37986,2000-10-26 03:00:00
37987,2000-10-26 02:00:00
38168,2004-02-27 17:00:00
38169,2004-02-27 16:00:00
38508,2006-03-29 15:00:00
38571,2006-10-03 09:00:00
38572,2006-10-03 08:00:00
38573,2006-10-03 07:00:00
38574,2006-10-03 06:00:00
38575,2006-10-03 05:00:00
38576,2006-10-03 04:00:00
38577,2006-10-03 03:00:00
38578,2006-10-03 02:00:00
38579,2006-10-03 01:00:00
38580,2006-10-03 00:00:00
38581,2006-10-02 23:00:00
38582,2006-10-02 22:00:00
38583,2006-10-02 21:00:00
38584,2006-10-02 20:00:00
38585,2006-10-02 19:00:00
38586,2006-10-02 18:00:00
38587,2006-10-02 17:00:00
38588,2006-10-02 16:00:00
38589,2006-10-02 15:00:00
38590,2006-10-02 14:00:00
38591,2006-10-02 13:00:00
38592,2006-10-02 12:00:00
38593,2006-10-02 11:00:00
38594,2006-10-02 10:00:00
38595,2006-10-02 09:00:00
38596,2006-10-02 08:00:00
38597,2006-10-02 07:00:00
38598,2006-10-02 06:00:00
38599,2006-10-02 05:00:00
38600,2006-10-02 04:00:00
38601,2006-10-02 03:00:00
38602,2006-10-02 02:00:00
38603,2006-10-02 01:00:00
38604,2006-10-02 00:00:00
38605,2006-10-01 23:00:00
38606,2006-10-01 22:00:00
38607,2006-10-01 21:00:00
38608,2006-10-01 20:00:00
38609,2006-10-01 19:00:00
38610,2006-10-01 18:00:00
38611,2006-10-01 17:00:00
38612,2006-10-01 16:00:00
38613,2006-10-01 15:00:00
38614,2006-10-01 14:00:00
38615,2006-10-01 13:00:00
38616,2006-10-01 12:00:00
38617,2006-10-01 11:00:00
38618,2006-10-01 10:00:00
38619,2006-10-01 09:00:00
38620,2006-10-01 08:00:00
38621,2006-10-01 07:00:00
38622,2006-10-01 06:00:00
38623,2006-10-01 05:00:00
38624,2006-10-01 04:00:00
38625,2006-10-01 03:00:00
38626,2006-10-01 02:00:00
38627,2006-10-01 01:00:00
39094,2012-01-21 18:00:00
39283,2014-01-30 22:00:00
39284,2014-01-30 21:00:00
39285,2014-01-30 20:00:00
39286,2014-01-30 19:00:00
39287,2014-01-30 18:00:00
39288,2014-01-30 17:00:00
39289,2014-01-30 16:00:00
39290,2014-01-30 15:00:00
39291,2014-01-30 14:00:00
39292,2014-01-30 13:00:00
39293,2014-01-30 12:00:00
39294,2014-01-30 11:00:00
39295,2014-01-30 10:00:00
39296,2014-01-30 09:00:00
39297,2014-01-30 08:00:00
39298,2014-01-30 07:00:00
39299,2014-01-30 06:00:00
39300,2014-01-30 05:00:00
39301,2014-01-30 04:00:00
39302,2014-01-30 03:00:00
39303,2014-01-30 02:00:00
39304,2014-01-30 01:00:00
39305,2014-01-30 00:00:00
39306,2014-01-29 23:00:00
39307,2014-01-29 22:00:00
39308,2014-01-29 21:00:00
39309,2014-01-29 20:00:00
39310,2014-01-29 19:00:00
39311,2014-01-29 18:00:00
39312,2014-01-29 17:00:00
39313,2014-01-29 16:00:00
39314,2014-01-29 15:00:00
39315,2014-01-29 14:00:00
39316,2014-01-29 13:00:00
39317,2014-01-29 12:00:00
39318,2014-01-29 11:00:00
39319,2014-01-29 10:00:00
39320,2014-01-29 09:00:00
39604,2017-09-23 15:00:00
39605,2017-09-23 14:00:00
39648,2019-02-22 12:00:00
39649,2019-02-22 11:00:00
39650,2019-02-22 10:00:00
39651,2019-02-22 09:00:00
39652,2019-02-22 08:00:00
39653,2019-02-22 07:00:00
39654,2019-02-22 06:00:00
39655,2019-02-22 05:00:00
39656,2019-02-22 04:00:00
39657,2019-02-22 03:00:00
39658,2019-02-22 02:00:00
39789,2020-11-07 18:00:00
39949,2022-12-28 06:00:00
39950,2022-12-28 05:00:00
39951,2022-12-28 04:00:00
39952,2022-12-28 03:00:00
39953,2022-12-28 02:00:00
39954,2022-12-28 01:00:00
39955,2022-12-28 00:00:00
39956,2022-12-27 23:00:00
39957,2022-12-27 22:00:00
39958,2022-12-27 21:00:00
39959,2022-12-27 20:00:00
39960,2022-12-27 19:00:00
39961,2022-12-27 18:00:00
39962,2022-12-27 17:00:00
39996,2022-12-26 07:00:00
39997,2022-12-26 06:00:00
39998,2022-12-26 05:00:00
39999,2022-12-26 04:00:00
40000,2022-12-26 03:00:00
40001,2022-12-26 02:00:00
40002,2022-12-26 01:00:00
40006,2023-03-10 22:00:00
40007,2023-03-10 21:00:00
40008,2023-03-10 20:00:00
40009,2023-03-10 19:00:00
40010,2023-03-10 18:00:00
40011,2023-03-10 17:00:00
40012,2023-03-10 16:00:00
40013,2023-03-10 15:00:00
40014,2023-03-10 14:00:00
40015,2023-03-10 13:00:00
40016,2023-03-10 12:00:00
40053,2000-06-19 04:00:00
40054,2000-06-19 03:00:00
40055,2000-06-19 02:00:00
40056,2000-06-19 01:00:00
40057,2000-06-19 00:00:00
40058,2000-06-18 23:00:00
40105,2001-08-20 10:00:00
40106,2001-08-20 09:00:00
40107,2001-08-20 08:00:00
40108,2001-08-20 07:00:00
40109,2001-08-20 06:00:00
40110,2001-08-20 05:00:00
40111,2001-08-20 04:00:00
40112,2001-08-20 03:00:00
40113,2001-08-20 02:00:00
40114,2001-08-20 01:00:00
40115,2001-08-20 00:00:00
40116,2001-08-19 23:00:00
40117,2001-08-19 22:00:00
40118,2001-08-19 21:00:00
40119,2001-08-19 20:00:00
40120,2001-08-19 19:00:00
40121,2001-08-19 18:00:00
40122,2001-08-19 17:00:00
40123,2001-08-19 16:00:00
40124,2001-08-19 15:00:00
40125,2001-08-19 14:00:00
40126,2001-08-19 13:00:00
40127,2001-08-19 12:00:00
40128,2001-08-19 11:00:00
40129,2001-08-19 10:00:00
40130,2001-08-19 09:00:00
40131,2001-08-19 08:00:00
40132,2001-08-19 07:00:00
40133,2001-08-19 06:00:00
40134,2001-08-19 05:00:00
40135,2001-08-19 04:00:00
40136,2001-08-19 03:00:00
40137,2001-08-19 02:00:00
40138,2001-08-19 01:00:00
40350,2005-11-11 13:00:00
40351,2005-11-11 12:00:00
40352,2005-11-11 11:00:00
40353,2005-11-11 10:00:00
40354,2005-11-11 09:00:00
40355,2005-11-11 08:00:00
40356,2005-11-11 07:00:00
40357,2005-11-11 06:00:00
40358,2005-11-11 05:00:00
40359,2005-11-11 04:00:00
40360,2005-11-11 03:00:00
40361,2005-11-11 02:00:00
40362,2005-11-11 01:00:00
40380,2006-03-06 23:00:00
40381,2006-03-06 22:00:00
40382,2006-03-06 21:00:00
40383,2006-03-06 20:00:00
40384,2006-03-06 19:00:00
40385,2006-03-06 18:00:00
40386,2006-03-06 17:00:00
40387,2006-03-06 16:00:00
40388,2006-03-06 15:00:00
40389,2006-03-06 14:00:00
40390,2006-03-06 13:00:00
40391,2006-03-06 12:00:00
40392,2006-03-06 11:00:00
40393,2006-03-06 10:00:00
40394,2006-03-06 09:00:00
40395,2006-03-06 08:00:00
40396,2006-03-06 07:00:00
40397,2006-03-06 06:00:00
40398,2006-03-06 05:00:00
40399,2006-03-06 04:00:00
40400,2006-03-06 03:00:00
40401,2006-03-06 02:00:00
40402,2006-03-06 01:00:00
40403,2006-03-06 00:00:00
40404,2006-03-05 23:00:00
40405,2006-03-05 22:00:00
40406,2006-03-05 21:00:00
40407,2006-03-05 20:00:00
40408,2006-03-05 19:00:00
40409,2006-03-05 18:00:00
40410,2006-03-05 17:00:00
40411,2006-03-05 16:00:00
40412,2006-03-05 15:00:00
40413,2006-03-05 14:00:00
40414,2006-03-05 13:00:00
40415,2006-03-05 12:00:00
40416,2006-03-05 11:00:00
40417,2006-03-05 10:00:00
40418,2006-03-05 09:00:00
40419,2006-03-05 08:00:00
40420,2006-03-05 07:00:00
40421,2006-03-05 06:00:00
40422,2006-03-05 05:00:00
40423,2006-03-05 04:00:00
40424,2006-03-05 03:00:00
40425,2006-03-05 02:00:00
40426,2006-03-05 01:00:00
40505,2006-10-08 02:00:00
40506,2006-10-08 01:00:00
40507,2006-10-08 00:00:00
40508,2006-10-07 23:00:00
41008,2012-01-19 22:00:00
41009,2012-01-19 21:00:00
41109,2014-11-02 10:00:00
41110,2014-11-02 09:00:00
41510,2022-03-28 09:00:00
41511,2022-03-28 08:00:00
41512,2022-03-28 07:00:00
41513,2022-03-28 06:00:00
41514,2022-03-28 05:00:00
41515,2022-03-28 04:00:00
41516,2022-03-28 03:00:00
41517,2022-03-28 02:00:00
41653,2003-05-02 04:00:00
41913,2005-03-23 07:00:00
41914,2005-03-23 06:00:00
41915,2005-03-23 05:00:00
41989,2005-11-11 15:00:00
41990,2005-11-11 14:00:00
42017,2006-09-15 14:00:00
42302,2010-03-31 15:00:00
42303,2010-03-31 14:00:00
42513,2015-10-20 23:00:00
42514,2015-10-20 22:00:00
42515,2015-10-20 21:00:00
42516,2015-10-20 20:00:00
42517,2015-10-20 19:00:00
42518,2015-10-20 18:00:00
42519,2015-10-20 17:00:00
42520,2015-10-20 16:00:00
42521,2015-10-20 15:00:00
42522,2015-10-20 14:00:00
42523,2015-10-20 13:00:00
42524,2015-10-20 12:00:00
42525,2015-10-20 11:00:00
42526,2015-10-20 10:00:00
42527,2015-10-20 09:00:00
42528,2015-10-20 08:00:00
42529,2015-10-20 07:00:00
42530,2015-10-20 06:00:00
42531,2015-10-20 05:00:00
42532,2015-10-20 04:00:00
42533,2015-10-20 03:00:00
42534,2015-10-20 02:00:00
42535,2015-10-20 01:00:00
42609,2018-10-05 08:00:00
42670,2019-03-08 11:00:00
42671,2019-03-08 10:00:00
42783,2020-12-26 02:00:00
42784,2020-12-26 01:00:00
42908,2022-12-05 00:00:00
42909,2022-12-04 23:00:00
42910,2022-12-04 22:00:00
42911,2022-12-04 21:00:00
42912,2022-12-04 20:00:00
42913,2022-12-04 19:00:00
42914,2022-12-04 18:00:00
42915,2022-12-04 17:00:00
42916,2022-12-04 16:00:00
42917,2022-12-04 15:00:00
42918,2022-12-04 14:00:00
42919,2022-12-04 13:00:00
42920,2022-12-04 12:00:00
42921,2022-12-04 11:00:00
42922,2022-12-04 10:00:00
42923,2022-12-04 09:00:00
42924,2022-12-04 08:00:00
42925,2022-12-04 07:00:00
42926,2022-12-04 06:00:00
42927,2022-12-04 05:00:00
42928,2022-12-04 04:00:00
42929,2022-12-04 03:00:00
42930,2022-12-04 02:00:00
42931,2022-12-04 01:00:00
42932,2022-12-04 00:00:00
42957,2002-01-30 11:00:00
42958,2002-01-30 10:00:00
42959,2002-01-30 09:00:00
42960,2002-01-30 08:00:00
42961,2002-01-30 07:00:00
42962,2002-01-30 06:00:00
42963,2002-01-30 05:00:00
42964,2002-01-30 04:00:00
42965,2002-01-30 03:00:00
42966,2002-01-30 02:00:00
42967,2002-01-30 01:00:00
42968,2002-01-30 00:00:00
42969,2002-01-29 23:00:00
42970,2002-01-29 22:00:00
42971,2002-01-29 21:00:00
42972,2002-01-29 20:00:00
42973,2002-01-29 19:00:00
42974,2002-01-29 18:00:00
42975,2002-01-29 17:00:00
42976,2002-01-29 16:00:00
42977,2002-01-29 15:00:00
42978,2002-01-29 14:00:00
42979,2002-01-29 13:00:00
42980,2002-01-29 12:00:00
42981,2002-01-29 11:00:00
42982,2002-01-29 10:00:00
42983,2002-01-29 09:00:00
42984,2002-01-29 08:00:00
42985,2002-01-29 07:00:00
42986,2002-01-29 06:00:00
42987,2002-01-29 05:00:00
42988,2002-01-29 04:00:00
42989,2002-01-29 03:00:00
42990,2002-01-29 02:00:00
42991,2002-09-18 06:00:00
42992,2002-09-18 05:00:00
42993,2002-09-18 04:00:00
42994,2002-09-18 03:00:00
42995,2002-09-18 02:00:00
42996,2002-09-18 01:00:00
43148,2005-09-28 07:00:00
43182,2007-03-23 13:00:00
43183,2007-03-23 12:00:00
43184,2007-03-23 11:00:00
43185,2007-03-23 10:00:00
43186,2007-03-23 09:00:00
43187,2007-03-23 08:00:00
43188,2007-03-23 07:00:00
43189,2007-03-23 06:00:00
43190,2007-03-23 05:00:00
43191,2007-03-22 18:00:00
43192,2007-03-22 17:00:00
43193,2007-03-22 16:00:00
43194,2007-03-22 15:00:00
43195,2007-03-22 14:00:00
43316,2007-12-08 14:00:00
43317,2007-12-08 13:00:00
43343,2007-12-08 20:00:00
43344,2007-12-08 19:00:00
43345,2007-12-08 18:00:00
43346,2007-12-08 17:00:00
43347,2007-12-08 16:00:00
43348,2007-12-08 15:00:00
43455,2008-12-14 06:00:00
43456,2008-12-14 05:00:00
43457,2008-12-14 04:00:00
43458,2008-12-14 03:00:00
43459,2008-12-14 02:00:00
43460,2008-12-14 01:00:00
43461,2008-12-14 00:00:00
43462,2008-12-13 23:00:00
43463,2008-12-13 22:00:00
43464,2008-12-13 21:00:00
43465,2008-12-13 20:00:00
43466,2009-04-11 12:00:00
43467,2009-04-11 11:00:00
43468,2009-04-11 10:00:00
43469,2009-04-11 09:00:00
43470,2009-04-11 08:00:00
43471,2009-04-11 07:00:00
43472,2009-04-11 06:00:00
43473,2009-04-11 05:00:00
43474,2009-04-11 04:00:00
43475,2009-04-11 03:00:00
43476,2009-04-11 02:00:00
43477,2009-04-11 01:00:00
43478,2009-04-11 00:00:00
43479,2009-04-10 23:00:00
43480,2009-04-10 22:00:00
43481,2009-04-10 21:00:00
43482,2009-04-10 20:00:00
43483,2009-04-10 19:00:00
43484,2009-04-10 18:00:00
43485,2009-04-10 17:00:00
43486,2009-04-10 16:00:00
43487,2009-04-10 15:00:00
43488,2009-04-10 14:00:00
43489,2009-04-10 13:00:00
43490,2009-04-10 12:00:00
43491,2009-04-10 11:00:00
43492,2009-04-10 10:00:00
43493,2009-04-10 09:00:00
43494,2009-04-10 08:00:00
43495,2009-04-10 07:00:00
43496,2009-04-10 06:00:00
43497,2009-04-10 05:00:00
43498,2009-04-10 04:00:00
43499,2009-04-10 03:00:00
43500,2009-04-10 02:00:00
43501,2009-04-10 01:00:00
43502,2009-04-10 00:00:00
43503,2009-04-09 23:00:00
43504,2009-04-09 22:00:00
43505,2009-04-09 21:00:00
43506,2009-04-09 20:00:00
43507,2009-04-09 19:00:00
43508,2009-04-09 18:00:00
43509,2009-04-09 17:00:00
43510,2009-04-09 16:00:00
43511,2009-04-09 15:00:00
43512,2009-04-09 14:00:00
43513,2009-04-09 13:00:00
43514,2009-04-09 12:00:00
43515,2009-04-09 11:00:00
43516,2009-04-09 10:00:00
43517,2009-04-09 09:00:00
43518,2009-04-09 08:00:00
43519,2009-04-09 07:00:00
43520,2009-04-09 06:00:00
43521,2009-04-09 05:00:00
43522,2009-04-09 04:00:00
43523,2009-04-09 03:00:00
43524,2009-04-09 02:00:00
43525,2009-04-09 01:00:00
43655,2013-11-04 12:00:00
43656,2013-11-04 11:00:00
43657,2013-11-04 10:00:00
43658,2013-11-04 09:00:00
43659,2013-11-04 08:00:00
43660,2013-11-04 07:00:00
43661,2013-11-04 06:00:00
43662,2013-11-04 05:00:00
43663,2013-11-04 04:00:00
43664,2013-11-04 03:00:00
43665,2013-11-04 02:00:00
43666,2013-11-04 01:00:00
43667,2013-11-04 00:00:00
43668,2013-11-03 23:00:00
43669,2013-11-03 22:00:00
43670,2013-11-03 21:00:00
43671,2013-11-03 20:00:00
43672,2013-11-03 19:00:00
43673,2013-11-03 18:00:00
43674,2013-11-03 17:00:00
43675,2013-11-03 16:00:00
43676,2013-11-03 15:00:00
43677,2013-11-03 14:00:00
43678,2013-11-03 13:00:00
43679,2013-11-03 12:00:00
43680,2013-11-03 11:00:00
43681,2013-11-03 10:00:00
43682,2013-11-03 09:00:00
43683,2013-11-03 08:00:00
43684,2013-11-03 07:00:00
43685,2013-11-03 06:00:00
43686,2013-11-03 05:00:00
43687,2013-11-03 04:00:00
43688,2013-11-03 03:00:00
43689,2013-11-03 02:00:00
43690,2013-11-03 01:00:00
43691,2013-11-03 00:00:00
43692,2013-11-02 23:00:00
43693,2013-11-02 22:00:00
43694,2013-11-02 21:00:00
43695,2013-11-02 20:00:00
43696,2013-11-02 19:00:00
43697,2013-11-02 18:00:00
43698,2013-11-02 17:00:00
43699,2013-11-02 16:00:00
43700,2013-11-02 15:00:00
43738,2013-11-19 22:00:00
43739,2013-11-19 21:00:00
43740,2013-11-19 20:00:00
43758,2015-04-26 02:00:00
43759,2015-04-26 01:00:00
43760,2015-04-26 00:00:00
43761,2015-04-25 23:00:00
43762,2015-04-25 22:00:00
43763,2015-04-25 21:00:00
43764,2015-04-25 20:00:00
43765,2015-04-25 19:00:00
43766,2015-04-25 18:00:00
43767,2015-04-25 17:00:00
43768,2015-04-25 16:00:00
43769,2015-04-25 15:00:00
43770,2015-04-25 14:00:00
43771,2015-04-25 13:00:00
43772,2015-04-25 12:00:00
43773,2015-04-25 11:00:00
43774,2015-04-25 10:00:00
43775,2015-04-25 09:00:00
43776,2015-04-25 08:00:00
43777,2015-04-25 07:00:00
43778,2015-04-25 06:00:00
43779,2015-04-25 05:00:00
43780,2015-04-25 04:00:00
43781,2015-04-25 03:00:00
43782,2015-04-25 02:00:00
43783,2015-04-25 01:00:00
43784,2015-04-25 00:00:00
43785,2015-04-24 23:00:00
43786,2015-04-24 22:00:00
43787,2015-04-24 21:00:00
43788,2015-04-24 20:00:00
43789,2015-04-24 19:00:00
43790,2015-04-24 18:00:00
43791,2015-04-24 17:00:00
43792,2015-04-24 16:00:00
43793,2015-04-24 15:00:00
43794,2015-04-24 14:00:00
43795,2015-04-24 13:00:00
43796,2015-04-24 12:00:00
43797,2015-04-24 11:00:00
43798,2015-04-24 10:00:00
43799,2015-04-24 09:00:00
43800,2015-04-24 08:00:00
43801,2015-04-24 07:00:00
43802,2015-04-24 06:00:00
43803,2015-04-24 05:00:00
43804,2015-04-24 04:00:00
43805,2015-04-24 03:00:00
43806,2015-04-24 02:00:00
43807,2015-04-24 01:00:00
43859,2015-05-13 04:00:00
43860,2015-05-13 03:00:00
43861,2015-05-13 02:00:00
43862,2015-05-13 01:00:00
43922,2019-11-21 04:00:00
43923,2019-11-21 03:00:00
43924,2019-11-21 02:00:00
43925,2019-11-21 01:00:00
43926,2019-11-21 00:00:00
43927,2019-11-20 23:00:00
43928,2019-11-20 22:00:00
43968,2020-03-13 03:00:00
43969,2020-03-13 02:00:00
43970,2020-03-13 01:00:00
43971,2020-03-13 00:00:00
43972,2020-03-12 23:00:00
43973,2020-03-12 22:00:00
43974,2020-03-12 21:00:00
43975,2020-03-12 20:00:00
43976,2020-03-12 19:00:00
43977,2020-03-12 18:00:00
43978,2020-03-12 17:00:00
43979,2020-03-12 16:00:00
43980,2020-03-12 15:00:00
43981,2020-03-12 14:00:00
43982,2020-03-12 13:00:00
43983,2020-03-12 12:00:00
43984,2020-03-12 11:00:00
43985,2020-03-12 10:00:00
44060,2023-03-16 06:00:00
44061,2023-03-16 05:00:00
44062,2023-03-16 04:00:00
44063,2023-03-16 03:00:00
44064,2023-03-16 02:00:00
44065,2023-03-16 01:00:00
44066,2023-03-16 00:00:00
44067,2023-03-15 23:00:00
44068,2023-03-15 22:00:00
44069,2023-03-15 21:00:00
44070,2023-03-15 20:00:00
44071,2023-03-15 19:00:00
44132,2017-03-23 11:00:00
44167,2017-03-22 00:00:00
44168,2017-03-21 23:00:00
44169,2017-03-21 22:00:00
44170,2017-03-21 21:00:00
44171,2017-03-21 20:00:00
44172,2017-03-21 19:00:00
44173,2017-03-21 18:00:00
44174,2017-03-21 17:00:00
44471,2005-02-19 08:00:00
44472,2005-02-19 07:00:00
44473,2005-02-19 06:00:00
44474,2005-02-19 05:00:00
44475,2005-02-19 04:00:00
44476,2005-02-19 03:00:00
44477,2005-02-19 02:00:00
44478,2005-02-19 01:00:00
44479,2005-02-19 00:00:00
44480,2005-02-18 23:00:00
44481,2005-02-18 22:00:00
44482,2005-02-18 21:00:00
44483,2005-02-18 20:00:00
44484,2005-02-18 19:00:00
44485,2005-02-18 18:00:00
44486,2005-02-18 17:00:00
44487,2005-02-18 16:00:00
44759,2008-01-27 23:00:00
44821,2008-10-09 18:00:00
44822,2008-10-09 17:00:00
44823,2008-10-09 16:00:00
44824,2008-10-09 15:00:00
44825,2008-10-09 14:00:00
44826,2008-10-09 13:00:00
44827,2008-10-09 12:00:00
44828,2008-10-09 11:00:00
44829,2008-10-09 10:00:00
44830,2008-10-09 09:00:00
44831,2008-10-09 08:00:00
44832,2008-10-09 07:00:00
44833,2008-10-09 06:00:00
44834,2008-10-09 05:00:00
44835,2008-10-09 04:00:00
44836,2008-10-09 03:00:00
44837,2008-10-09 02:00:00
44838,2008-10-09 01:00:00
45127,2011-05-09 19:00:00
45128,2011-05-09 18:00:00
45129,2011-05-09 17:00:00
45130,2011-05-09 16:00:00
45131,2011-05-09 15:00:00
45132,2011-05-09 14:00:00
45133,2011-05-09 13:00:00
45134,2011-05-09 12:00:00
45135,2011-05-09 11:00:00
45136,2011-05-09 10:00:00
45137,2011-05-09 09:00:00
45187,2012-02-28 03:00:00
45188,2012-02-28 02:00:00
45189,2012-02-28 01:00:00
45190,2012-02-28 00:00:00
45191,2012-02-27 23:00:00
45192,2012-02-27 22:00:00
45193,2012-02-27 21:00:00
45194,2012-02-27 20:00:00
45195,2012-02-27 19:00:00
45196,2012-02-27 18:00:00
45197,2012-02-27 17:00:00
45198,2012-02-27 16:00:00
45199,2012-02-27 15:00:00
45200,2012-02-27 14:00:00
45201,2012-02-27 13:00:00
45202,2012-02-27 12:00:00
45203,2012-02-27 11:00:00
45204,2012-02-27 10:00:00
45205,2012-02-27 09:00:00
45206,2012-02-27 08:00:00
45207,2012-02-27 07:00:00
45208,2012-02-27 06:00:00
45209,2012-02-27 05:00:00
45210,2012-02-27 04:00:00
45211,2012-02-27 03:00:00
45212,2012-02-27 02:00:00
45213,2012-02-27 01:00:00
45214,2012-02-27 00:00:00
45215,2012-02-26 23:00:00
45216,2012-02-26 22:00:00
45217,2012-02-26 21:00:00
45218,2012-02-26 20:00:00
45219,2012-02-26 19:00:00
45220,2012-02-26 18:00:00
45221,2012-02-26 17:00:00
45222,2012-02-26 16:00:00
45223,2012-02-26 15:00:00
45224,2012-02-26 14:00:00
45225,2012-02-26 13:00:00
45226,2012-02-26 12:00:00
45227,2012-02-26 11:00:00
45228,2012-02-26 10:00:00
45229,2012-02-26 09:00:00
45230,2012-02-26 08:00:00
45231,2012-02-26 07:00:00
45232,2012-02-26 06:00:00
45233,2012-02-26 05:00:00
45234,2012-02-26 04:00:00
45235,2012-02-26 03:00:00
45236,2012-02-26 02:00:00
45237,2012-02-26 01:00:00
45261,2012-09-10 00:00:00
45262,2012-09-09 23:00:00
45263,2012-09-09 22:00:00
45264,2012-09-09 21:00:00
45265,2012-09-09 20:00:00
45266,2012-09-09 19:00:00
45267,2012-09-09 18:00:00
45268,2012-09-09 17:00:00
45269,2012-09-09 16:00:00
45270,2012-09-09 15:00:00
45271,2012-09-09 14:00:00
45272,2012-09-09 13:00:00
45273,2012-09-09 12:00:00
45274,2012-09-09 11:00:00
45275,2012-09-09 10:00:00
45276,2012-09-09 09:00:00
45277,2012-09-09 08:00:00
45278,2012-09-09 07:00:00
45279,2012-09-09 06:00:00
45280,2012-09-09 05:00:00
45281,2012-09-09 04:00:00
45282,2012-09-09 03:00:00
45283,2012-09-09 02:00:00
45284,2012-09-09 01:00:00
45336,2013-05-08 03:00:00
45337,2013-05-08 02:00:00
45338,2013-05-08 01:00:00
45339,2013-05-08 00:00:00
45340,2013-05-07 23:00:00
45341,2013-05-07 22:00:00
45342,2013-05-07 21:00:00
45343,2013-05-07 20:00:00
45344,2013-05-07 19:00:00
45345,2013-05-07 18:00:00
45381,2013-10-10 16:00:00
45470,2016-01-30 05:00:00
45471,2016-01-30 04:00:00
45472,2016-01-30 03:00:00
45473,2016-01-30 02:00:00
45474,2016-01-30 01:00:00
45475,2016-01-30 00:00:00
45476,2016-01-29 23:00:00
45477,2016-01-29 22:00:00
45478,2016-01-29 21:00:00
45479,2016-01-29 20:00:00
45492,2016-01-31 21:00:00
45527,2016-11-27 06:00:00
45545,2016-11-26 12:00:00
45546,2016-11-26 11:00:00
45547,2016-11-26 10:00:00
45548,2016-11-26 09:00:00
45549,2016-11-26 08:00:00
45550,2016-11-26 07:00:00
45551,2016-11-26 06:00:00
45552,2016-11-26 05:00:00
45553,2016-11-26 04:00:00
45554,2016-11-26 03:00:00
45555,2016-11-26 02:00:00
45556,2016-11-26 01:00:00
45557,2016-11-26 00:00:00
45558,2016-11-25 23:00:00
45559,2016-11-25 22:00:00
45560,2016-11-25 21:00:00
45561,2016-11-25 20:00:00
45562,2016-11-25 19:00:00
45563,2016-11-25 18:00:00
45564,2016-11-25 17:00:00
45565,2016-11-25 16:00:00
45566,2016-11-25 15:00:00
45567,2016-11-25 14:00:00
45568,2016-11-25 13:00:00
45569,2016-11-25 12:00:00
45570,2016-11-25 11:00:00
45714,2017-01-22 10:00:00
45715,2017-01-22 09:00:00
45716,2017-01-22 08:00:00
45717,2017-01-22 07:00:00
45718,2017-01-22 06:00:00
45719,2017-01-22 05:00:00
45720,2017-01-22 04:00:00
45721,2017-01-22 03:00:00
45722,2017-01-22 02:00:00
45723,2017-01-22 01:00:00
45724,2017-01-22 00:00:00
45725,2017-01-21 23:00:00
45726,2017-01-21 22:00:00
45727,2017-01-21 21:00:00
45728,2017-01-21 20:00:00
46019,2021-02-03 07:00:00
46020,2021-02-03 06:00:00
46021,2021-02-03 05:00:00
46022,2021-02-03 04:00:00
46023,2021-02-03 03:00:00
46024,2021-02-03 02:00:00
46025,2021-02-03 01:00:00
46026,2021-02-03 00:00:00
46027,2021-02-02 23:00:00
46028,2021-02-02 22:00:00
46029,2021-02-02 21:00:00
46030,2021-02-02 20:00:00
46190,2023-03-09 15:00:00
46191,2023-03-09 14:00:00
46388,2005-10-04 06:00:00
46389,2005-10-04 05:00:00
46390,2005-10-04 04:00:00
46391,2005-10-04 03:00:00
46392,2005-10-04 02:00:00
46393,2005-10-04 01:00:00
46878,2000-01-18 06:00:00
46879,2000-01-18 05:00:00
46880,2000-01-18 04:00:00
46881,2000-01-18 03:00:00
46882,2000-01-18 02:00:00
47096,2004-02-27 18:00:00
47513,2009-01-22 00:00:00
47514,2009-01-21 23:00:00
47515,2009-01-21 22:00:00
47516,2009-01-21 21:00:00
47517,2009-01-21 20:00:00
47518,2009-01-21 19:00:00
47519,2009-01-21 18:00:00
47520,2009-01-21 17:00:00
47521,2009-01-21 16:00:00
47522,2009-01-21 15:00:00
47523,2009-01-21 14:00:00
47524,2009-01-21 13:00:00
47525,2009-01-21 12:00:00
47526,2009-01-21 11:00:00
47527,2009-01-21 10:00:00
47528,2009-01-21 09:00:00
47529,2009-01-21 08:00:00
47530,2009-01-21 07:00:00
47531,2009-01-21 06:00:00
47532,2009-01-21 05:00:00
47533,2009-01-21 04:00:00
47534,2009-01-21 03:00:00
47649,2010-03-31 23:00:00
47650,2010-03-31 22:00:00
47651,2010-03-31 21:00:00
47652,2010-03-31 20:00:00
47653,2010-03-31 19:00:00
47654,2010-03-31 18:00:00
47655,2010-03-31 17:00:00
47656,2010-03-31 16:00:00
47735,2010-11-19 18:00:00
47736,2010-11-19 17:00:00
47737,2010-11-19 16:00:00
47738,2010-11-19 15:00:00
47739,2010-11-19 14:00:00
47740,2010-11-19 13:00:00
47741,2010-11-19 12:00:00
47742,2010-11-19 11:00:00
47743,2010-11-19 10:00:00
47744,2010-11-19 09:00:00
47745,2010-11-19 08:00:00
47746,2010-11-19 07:00:00
47747,2010-11-19 06:00:00
47748,2010-11-19 05:00:00
47749,2010-11-19 04:00:00
47750,2010-11-19 03:00:00
47751,2010-11-19 02:00:00
47752,2010-11-19 01:00:00
47767,2011-04-20 23:00:00
47768,2011-04-20 22:00:00
47769,2011-04-20 21:00:00
47770,2011-04-20 20:00:00
47771,2011-04-20 19:00:00
47772,2011-04-20 18:00:00
47773,2011-04-20 17:00:00
47774,2011-04-20 16:00:00
47775,2011-04-20 15:00:00
47776,2011-04-20 14:00:00
47777,2011-04-20 13:00:00
47778,2011-04-20 12:00:00
47779,2011-04-20 11:00:00
47780,2011-04-20 10:00:00
47781,2011-04-20 09:00:00
47782,2011-04-20 08:00:00
47783,2011-04-20 07:00:00
47784,2011-04-20 06:00:00
47785,2011-04-20 05:00:00
47786,2011-04-20 04:00:00
47787,2011-04-20 03:00:00
47788,2011-04-20 02:00:00
47789,2011-04-20 01:00:00
47790,2011-04-20 00:00:00
47791,2011-04-19 23:00:00
47792,2011-04-19 22:00:00
47793,2011-04-19 21:00:00
47794,2011-04-19 20:00:00
47795,2011-04-19 19:00:00
47796,2011-04-19 18:00:00
47797,2011-04-19 17:00:00
47798,2011-04-19 16:00:00
47799,2011-04-19 15:00:00
47800,2011-04-19 14:00:00
47801,2011-04-19 13:00:00
47985,2017-11-04 07:00:00
47986,2017-11-04 06:00:00
47987,2017-11-04 05:00:00
48019,2017-11-04 13:00:00
48020,2017-11-04 12:00:00
48021,2017-11-04 11:00:00
48127,2021-10-12 10:00:00
48128,2021-10-12 09:00:00
48129,2021-10-12 08:00:00
48130,2021-10-12 07:00:00
48131,2021-10-12 06:00:00
48132,2021-10-12 05:00:00
48133,2021-10-12 04:00:00
48134,2021-10-12 03:00:00
48135,2021-10-12 02:00:00
48136,2021-10-12 01:00:00
48137,2021-10-12 00:00:00
48138,2021-10-11 23:00:00
48139,2021-10-11 22:00:00
48140,2021-10-11 21:00:00
48141,2021-10-11 20:00:00
48142,2021-10-11 19:00:00
48143,2021-10-11 18:00:00
48144,2021-10-11 17:00:00
48263,2003-02-13 17:00:00
48264,2003-02-13 16:00:00
48265,2003-02-13 15:00:00
48266,2003-02-13 14:00:00
48267,2003-02-13 13:00:00
48268,2003-02-13 12:00:00
48269,2003-02-13 11:00:00
48270,2003-02-13 10:00:00
48271,2003-02-13 09:00:00
48272,2003-02-13 08:00:00
48273,2003-02-13 07:00:00
48274,2003-02-13 06:00:00
48275,2003-02-13 05:00:00
48276,2003-02-13 04:00:00
48277,2003-02-13 03:00:00
48278,2003-02-13 02:00:00
48279,2003-02-13 01:00:00
48280,2003-02-13 00:00:00
48281,2003-02-12 23:00:00
48282,2003-02-12 22:00:00
48283,2003-02-12 21:00:00
48284,2003-02-12 20:00:00
48371,2003-02-23 12:00:00
48372,2003-02-23 11:00:00
48528,2004-10-28 18:00:00
48529,2004-10-28 17:00:00
48688,2005-04-22 00:00:00
48689,2005-04-21 23:00:00
48690,2005-04-21 22:00:00
48691,2005-04-21 21:00:00
48692,2005-04-21 20:00:00
48693,2005-04-21 19:00:00
48694,2005-04-21 18:00:00
48695,2005-04-21 17:00:00
48696,2005-04-21 16:00:00
48697,2005-04-21 15:00:00
48698,2005-04-21 14:00:00
48699,2005-04-21 13:00:00
48700,2005-04-21 12:00:00
48701,2005-04-21 11:00:00
48702,2005-04-21 10:00:00
48703,2005-04-21 09:00:00
48704,2005-04-21 08:00:00
48705,2005-04-21 07:00:00
48706,2005-04-21 06:00:00
48707,2005-04-21 05:00:00
48708,2005-04-21 04:00:00
48709,2005-04-21 03:00:00
48710,2005-04-21 02:00:00
48711,2005-04-21 01:00:00
48712,2005-10-18 14:00:00
48713,2005-10-18 13:00:00
48714,2005-10-18 12:00:00
48715,2005-10-18 11:00:00
48913,2007-10-01 16:00:00
48914,2007-10-01 15:00:00
49418,2010-12-29 17:00:00
49419,2010-12-29 16:00:00
49442,2010-12-28 17:00:00
49443,2010-12-28 16:00:00
49444,2010-12-28 15:00:00
49445,2010-12-28 14:00:00
49446,2010-12-28 13:00:00
49447,2010-12-28 12:00:00
49448,2010-12-28 11:00:00
49449,2010-12-28 10:00:00
49450,2010-12-28 09:00:00
49451,2010-12-28 08:00:00
49452,2010-12-28 07:00:00
49453,2010-12-28 06:00:00
49454,2010-12-28 05:00:00
49455,2010-12-28 04:00:00
49456,2010-12-28 03:00:00
49457,2010-12-28 02:00:00
49458,2010-12-28 01:00:00
49459,2010-12-28 00:00:00
49460,2010-12-27 23:00:00
49461,2010-12-27 22:00:00
49462,2010-12-27 21:00:00
49463,2010-12-27 20:00:00
49464,2010-12-27 19:00:00
49465,2010-12-27 18:00:00
49466,2010-12-27 17:00:00
49467,2010-12-27 16:00:00
49468,2010-12-27 15:00:00
49469,2010-12-27 14:00:00
49470,2010-12-27 13:00:00
49471,2010-12-27 12:00:00
49472,2010-12-27 11:00:00
49473,2010-12-27 10:00:00
49474,2010-12-27 09:00:00
49475,2010-12-27 08:00:00
49476,2010-12-27 07:00:00
49477,2010-12-27 06:00:00
49715,2015-06-03 22:00:00
49716,2015-06-03 21:00:00
49717,2015-06-03 20:00:00
49718,2015-06-03 19:00:00
49719,2015-06-03 18:00:00
49720,2015-06-06 17:00:00
49721,2015-06-06 16:00:00
49751,2015-06-10 11:00:00
49752,2015-06-10 10:00:00
49753,2015-06-10 09:00:00
49754,2015-06-10 08:00:00
49755,2015-06-10 07:00:00
49756,2015-06-10 06:00:00
49757,2015-06-10 05:00:00
49758,2015-06-10 04:00:00
49759,2015-06-10 03:00:00
49760,2015-06-10 02:00:00
49761,2015-06-10 01:00:00
49762,2015-06-10 00:00:00
49763,2015-06-09 23:00:00
49764,2015-06-09 22:00:00
49765,2015-06-09 21:00:00
49766,2015-06-09 20:00:00
49767,2015-06-09 19:00:00
49768,2015-06-09 18:00:00
49769,2015-06-09 17:00:00
49770,2015-06-09 16:00:00
49771,2015-06-09 15:00:00
49772,2015-06-09 14:00:00
49773,2015-06-09 13:00:00
49774,2015-06-09 12:00:00
49775,2015-06-09 11:00:00
49776,2015-06-09 10:00:00
49777,2015-06-09 09:00:00
49778,2015-06-09 08:00:00
49779,2015-06-09 07:00:00
49780,2015-06-09 06:00:00
49781,2015-06-09 05:00:00
49782,2015-06-09 04:00:00
49783,2015-06-09 03:00:00
49784,2015-06-09 02:00:00
49785,2015-06-09 01:00:00
49786,2015-06-09 00:00:00
49787,2015-06-08 23:00:00
49788,2015-06-08 22:00:00
49789,2015-06-08 21:00:00
49790,2015-06-08 20:00:00
49791,2015-06-08 19:00:00
49792,2015-06-08 18:00:00
49793,2015-06-08 17:00:00
49794,2015-06-08 16:00:00
49795,2015-06-08 15:00:00
49796,2015-06-08 14:00:00
49797,2015-06-08 13:00:00
49798,2015-06-08 07:00:00
49799,2015-06-08 06:00:00
49800,2015-06-08 05:00:00
49801,2015-06-08 04:00:00
49802,2015-06-08 03:00:00
49803,2015-06-08 02:00:00
49804,2015-06-08 01:00:00
49805,2015-10-04 12:00:00
49806,2015-10-04 11:00:00
49807,2015-10-04 10:00:00
49808,2015-10-04 09:00:00
49809,2015-10-04 08:00:00
49810,2015-10-04 07:00:00
49811,2015-10-04 06:00:00
49812,2015-10-04 05:00:00
49813,2015-10-04 04:00:00
49814,2015-10-04 03:00:00
49815,2015-10-04 02:00:00
49816,2015-10-04 01:00:00
49817,2015-10-04 00:00:00
49818,2015-10-03 23:00:00
49819,2015-10-03 22:00:00
49820,2015-10-03 21:00:00
49821,2015-10-03 20:00:00
49822,2015-10-03 19:00:00
49823,2015-10-03 18:00:00
49824,2015-10-03 17:00:00
49825,2015-10-03 16:00:00
49826,2015-10-03 15:00:00
49827,2015-10-03 14:00:00
49828,2015-10-03 13:00:00
49829,2015-10-03 12:00:00
49830,2015-10-03 11:00:00
49831,2015-10-03 10:00:00
49832,2015-10-03 09:00:00
49833,2015-10-03 08:00:00
49834,2015-10-03 07:00:00
49835,2015-10-03 06:00:00
49836,2015-10-03 05:00:00
49837,2015-10-03 04:00:00
49838,2015-10-03 03:00:00
49839,2015-10-03 02:00:00
49840,2015-10-03 01:00:00
49841,2015-10-03 00:00:00
49842,2015-10-02 23:00:00
49843,2015-10-02 22:00:00
49844,2015-10-02 21:00:00
49845,2015-10-02 20:00:00
49846,2015-10-02 19:00:00
49847,2015-10-02 18:00:00
49896,2015-11-01 19:00:00
49897,2015-11-01 18:00:00
49898,2015-11-01 17:00:00
49899,2015-11-01 16:00:00
49900,2015-11-01 15:00:00
49901,2015-11-01 14:00:00
49902,2015-11-01 13:00:00
49903,2015-11-01 12:00:00
49904,2015-11-01 11:00:00
49905,2015-11-01 10:00:00
49906,2015-11-01 09:00:00
49907,2015-11-01 08:00:00
49908,2015-11-01 07:00:00
49909,2015-11-01 06:00:00
49910,2015-11-01 05:00:00
49911,2015-11-01 04:00:00
49912,2015-11-01 03:00:00
49913,2015-11-01 02:00:00
49914,2015-11-01 01:00:00
49926,2018-10-06 15:00:00
49927,2018-10-06 14:00:00
49928,2018-10-06 13:00:00
49929,2018-10-06 12:00:00
49930,2018-10-06 11:00:00
49931,2018-10-06 10:00:00
49932,2018-10-06 09:00:00
49933,2018-10-06 08:00:00
49934,2018-10-06 07:00:00
49935,2018-10-06 06:00:00
49936,2018-10-06 05:00:00
49937,2018-10-06 04:00:00
49938,2018-10-06 03:00:00
49939,2018-10-06 02:00:00
49940,2018-10-06 01:00:00
49941,2018-10-06 00:00:00
49942,2018-10-05 23:00:00
49943,2018-10-05 22:00:00
49944,2018-10-05 21:00:00
49945,2018-10-05 20:00:00
49946,2018-10-05 19:00:00
49947,2018-10-05 18:00:00
49948,2018-10-05 17:00:00
49949,2018-10-05 16:00:00
49950,2018-10-05 15:00:00
49951,2018-10-05 14:00:00
49952,2018-10-05 13:00:00
49953,2018-10-05 12:00:00
49954,2018-10-05 11:00:00
49955,2018-10-05 10:00:00
49956,2018-10-05 09:00:00
50064,2019-03-21 15:00:00
50065,2019-03-21 14:00:00
50066,2019-03-21 13:00:00
50067,2019-03-21 12:00:00
50068,2019-03-21 11:00:00
50069,2019-03-21 10:00:00
50070,2019-03-21 09:00:00
50071,2019-03-21 08:00:00
50072,2019-03-21 07:00:00
50073,2019-03-21 06:00:00
50074,2019-03-21 05:00:00
50075,2019-03-21 04:00:00
50076,2019-03-21 03:00:00
50077,2019-03-21 02:00:00
50078,2019-03-21 01:00:00
50079,2019-03-21 00:00:00
50080,2019-03-20 23:00:00
50081,2019-03-20 22:00:00
50082,2019-03-20 21:00:00
50083,2019-03-20 20:00:00
50084,2019-03-20 19:00:00
50085,2019-03-20 18:00:00
50086,2019-03-20 17:00:00
50087,2019-03-20 16:00:00
50088,2019-03-20 15:00:00
50089,2019-03-20 14:00:00
50090,2019-03-20 13:00:00
50091,2019-03-20 12:00:00
50092,2019-03-20 11:00:00
50093,2019-03-20 10:00:00
50094,2019-03-20 09:00:00
50095,2019-03-20 08:00:00
50096,2019-03-20 07:00:00
50097,2019-03-20 06:00:00
50098,2019-03-20 05:00:00
50099,2019-03-20 04:00:00
50100,2019-03-20 03:00:00
50101,2019-03-20 02:00:00
50102,2019-03-20 01:00:00
50103,2019-03-20 00:00:00
50104,2019-03-19 23:00:00
50105,2019-03-19 22:00:00
50106,2019-03-19 21:00:00
50107,2019-03-19 20:00:00
50108,2019-03-19 19:00:00
50109,2019-03-19 18:00:00
50110,2019-03-19 17:00:00
50111,2019-03-19 16:00:00
50112,2019-03-19 15:00:00
50113,2019-03-19 14:00:00
50114,2019-03-19 13:00:00
50115,2019-03-19 12:00:00
50116,2019-03-19 11:00:00
50117,2019-03-19 10:00:00
50118,2019-03-19 09:00:00
50119,2019-03-19 08:00:00
50120,2019-03-19 07:00:00
50121,2019-03-19 06:00:00
50122,2019-03-19 05:00:00
50123,2019-03-19 04:00:00
50124,2019-03-19 03:00:00
50125,2019-03-19 02:00:00
50126,2019-03-19 01:00:00
50444,2000-01-23 02:00:00
50445,2000-01-23 01:00:00
50446,2000-03-05 15:00:00
50447,2000-03-05 14:00:00
50448,2000-03-05 13:00:00
50449,2000-03-05 12:00:00
50450,2000-03-05 11:00:00
50451,2000-03-05 10:00:00
50452,2000-03-05 09:00:00
50453,2000-03-05 08:00:00
50454,2000-03-05 07:00:00
50455,2000-03-05 06:00:00
50456,2000-10-22 16:00:00
50457,2000-10-22 15:00:00
50458,2000-10-22 14:00:00
50459,2001-01-27 19:00:00
50460,2001-01-27 18:00:00
50461,2001-01-27 17:00:00
50462,2001-01-27 16:00:00
50463,2001-01-27 15:00:00
50464,2001-01-27 14:00:00
50465,2001-01-27 13:00:00
50466,2001-01-27 12:00:00
50467,2001-01-27 11:00:00
50468,2001-01-27 10:00:00
50469,2001-01-27 09:00:00
50470,2001-01-27 08:00:00
50471,2001-01-27 07:00:00
50472,2001-01-27 06:00:00
50473,2001-01-27 05:00:00
50474,2001-01-27 04:00:00
50475,2001-01-27 03:00:00
50476,2001-01-27 02:00:00
50477,2001-01-27 01:00:00
50478,2001-01-27 00:00:00
50479,2001-01-26 23:00:00
50480,2001-01-26 22:00:00
50481,2001-01-26 21:00:00
50482,2001-01-26 20:00:00
50483,2001-01-26 19:00:00
50484,2001-01-26 18:00:00
50485,2001-01-26 17:00:00
50486,2001-01-26 16:00:00
50487,2001-01-26 15:00:00
50488,2001-01-26 14:00:00
50489,2001-01-26 13:00:00
50490,2001-01-26 12:00:00
50491,2001-01-26 11:00:00
50492,2001-01-26 10:00:00
50493,2001-01-26 09:00:00
50494,2001-01-26 08:00:00
50495,2001-01-26 07:00:00
50496,2001-01-26 06:00:00
50497,2001-01-26 05:00:00
50498,2001-01-26 04:00:00
50499,2001-01-26 03:00:00
50500,2001-01-26 02:00:00
50501,2001-01-26 01:00:00
50502,2001-01-26 00:00:00
50503,2001-01-25 23:00:00
50504,2001-01-25 22:00:00
50505,2001-01-25 21:00:00
50506,2001-01-25 20:00:00
50507,2001-01-25 19:00:00
50508,2001-01-25 18:00:00
50509,2001-01-25 17:00:00
50510,2001-01-25 16:00:00
50511,2001-01-25 15:00:00
50512,2001-01-25 14:00:00
50513,2001-01-25 13:00:00
50514,2001-01-25 12:00:00
50515,2001-01-25 11:00:00
50516,2001-01-25 10:00:00
50517,2001-01-25 09:00:00
50518,2001-01-25 08:00:00
50519,2001-01-25 07:00:00
50520,2001-01-25 06:00:00
50521,2001-01-25 05:00:00
50522,2001-01-25 04:00:00
50523,2001-01-25 03:00:00
50524,2001-01-25 02:00:00
50525,2001-01-25 01:00:00
50733,2003-11-11 23:00:00
50734,2003-11-11 22:00:00
50735,2003-11-11 21:00:00
50736,2003-11-11 20:00:00
50737,2003-11-11 19:00:00
50738,2003-11-11 18:00:00
50739,2003-11-11 17:00:00
50740,2003-11-11 16:00:00
51077,2005-10-18 17:00:00
51078,2005-10-18 16:00:00
51079,2005-10-18 15:00:00
51184,2007-02-11 12:00:00
51185,2007-02-11 11:00:00
51186,2007-02-11 10:00:00
51187,2007-02-11 09:00:00
51188,2007-02-11 08:00:00
51189,2007-02-11 07:00:00
51190,2007-02-11 06:00:00
51191,2007-02-11 05:00:00
51192,2007-02-11 04:00:00
51193,2007-02-11 03:00:00
51194,2007-02-11 02:00:00
51195,2007-02-11 01:00:00
51196,2007-02-11 00:00:00
51197,2007-02-10 23:00:00
51198,2007-02-10 22:00:00
51199,2007-02-10 21:00:00
51200,2007-02-10 20:00:00
51201,2007-02-10 19:00:00
51202,2007-02-10 18:00:00
51203,2007-02-10 17:00:00
51204,2007-02-10 16:00:00
51205,2007-02-10 15:00:00
51206,2007-02-10 14:00:00
51207,2007-02-10 13:00:00
51208,2007-02-10 12:00:00
51209,2007-02-10 11:00:00
51210,2007-02-10 10:00:00
51211,2007-02-10 09:00:00
51212,2007-02-10 08:00:00
51213,2007-02-10 07:00:00
51214,2007-02-10 06:00:00
51215,2007-02-10 05:00:00
51216,2007-02-10 04:00:00
51217,2007-02-10 03:00:00
51218,2007-02-10 02:00:00
51219,2007-02-10 01:00:00
51220,2007-02-10 00:00:00
51221,2007-02-09 23:00:00
51222,2007-02-09 22:00:00
51223,2007-02-09 21:00:00
51224,2007-02-09 20:00:00
51225,2007-02-09 19:00:00
51226,2007-02-09 15:00:00
51227,2007-02-09 14:00:00
51228,2007-02-09 13:00:00
51229,2007-02-09 12:00:00
51230,2007-02-09 11:00:00
51231,2007-02-09 10:00:00
51232,2007-02-09 09:00:00
51233,2007-02-09 08:00:00
51234,2007-02-09 07:00:00
51235,2007-02-09 06:00:00
51236,2007-02-09 05:00:00
51237,2007-02-09 04:00:00
51238,2007-02-09 03:00:00
51239,2007-02-09 02:00:00
51240,2007-02-09 01:00:00
51241,2007-04-08 07:00:00
51242,2007-04-08 06:00:00
51274,2007-04-06 06:00:00
51275,2007-04-06 05:00:00
51276,2007-04-06 04:00:00
51277,2007-04-06 03:00:00
51278,2007-04-06 02:00:00
51279,2007-04-06 01:00:00
51280,2007-09-23 18:00:00
51485,2007-12-10 03:00:00
51546,2008-01-28 18:00:00
51566,2008-01-27 22:00:00
51567,2008-01-27 21:00:00
51568,2008-01-27 20:00:00
51635,2008-11-27 08:00:00
51636,2008-11-27 07:00:00
51637,2008-11-27 06:00:00
51638,2008-11-27 05:00:00
51639,2008-11-27 04:00:00
51640,2008-11-27 03:00:00
51641,2008-11-27 02:00:00
51699,2008-12-18 14:00:00
51700,2008-12-18 13:00:00
51701,2008-12-18 12:00:00
51702,2008-12-18 11:00:00
51703,2008-12-18 10:00:00
51983,2010-01-22 01:00:00
51984,2010-01-22 00:00:00
51985,2010-01-21 23:00:00
51986,2010-01-21 22:00:00
51987,2010-01-21 21:00:00
52051,2010-11-21 19:00:00
52052,2010-11-21 18:00:00
52053,2010-11-21 17:00:00
52054,2010-11-21 16:00:00
52203,2011-11-05 04:00:00
52204,2011-11-05 03:00:00
52205,2011-11-05 02:00:00
52206,2011-11-05 01:00:00
52207,2011-11-05 00:00:00
52208,2011-11-04 23:00:00
52209,2011-11-04 22:00:00
52210,2011-11-04 21:00:00
52325,2013-01-28 19:00:00
52326,2013-01-28 18:00:00
52327,2013-01-28 17:00:00
52328,2013-01-28 16:00:00
52329,2013-01-28 15:00:00
52330,2013-01-28 14:00:00
52331,2013-01-28 13:00:00
52332,2013-01-28 12:00:00
52410,2014-02-25 23:00:00
52411,2014-02-25 22:00:00
52412,2014-02-25 21:00:00
52413,2014-02-25 20:00:00
52414,2014-02-25 19:00:00
52415,2014-02-25 18:00:00
52416,2014-02-25 17:00:00
52417,2014-02-25 16:00:00
52418,2014-02-25 15:00:00
52419,2014-02-25 14:00:00
52420,2014-02-25 13:00:00
52421,2014-02-25 12:00:00
52422,2014-02-25 11:00:00
52423,2014-02-25 10:00:00
52424,2014-02-25 09:00:00
52425,2014-02-25 08:00:00
52426,2014-02-25 07:00:00
52427,2014-02-25 06:00:00
52428,2014-02-25 05:00:00
52429,2014-02-25 04:00:00
52430,2014-02-25 03:00:00
52431,2014-02-25 02:00:00
52432,2014-02-25 01:00:00
52653,2015-10-05 16:00:00
52654,2015-10-05 15:00:00
52655,2015-10-05 14:00:00
52656,2015-10-05 13:00:00
52657,2015-10-05 12:00:00
52658,2015-10-05 11:00:00
52659,2015-10-05 10:00:00
52660,2015-10-05 09:00:00
52661,2015-10-05 08:00:00
52662,2015-10-05 07:00:00
52663,2015-10-05 06:00:00
52664,2015-10-05 05:00:00
52665,2015-10-05 04:00:00
52666,2015-10-05 03:00:00
52667,2015-10-05 02:00:00
52668,2015-10-05 01:00:00
52669,2015-10-05 00:00:00
52670,2015-10-04 23:00:00
52671,2015-10-04 22:00:00
52672,2015-10-04 21:00:00
52673,2015-10-04 20:00:00
52674,2015-10-04 19:00:00
52675,2015-10-04 18:00:00
52676,2015-10-04 17:00:00
52677,2015-10-04 16:00:00
52678,2015-10-04 15:00:00
52679,2015-10-04 14:00:00
52680,2015-10-04 13:00:00
52717,2015-11-04 17:00:00
52718,2015-11-04 16:00:00
52948,2019-02-22 16:00:00
52949,2019-02-22 15:00:00
52950,2019-02-22 14:00:00
52951,2019-02-22 13:00:00
53046,2019-03-12 19:00:00
53047,2019-03-12 15:00:00
53102,2019-04-28 00:00:00
53103,2019-04-27 23:00:00
53104,2019-04-27 22:00:00
53105,2019-04-27 21:00:00
53106,2019-04-27 20:00:00
53107,2019-04-27 19:00:00
53108,2019-04-27 18:00:00
53109,2019-04-27 17:00:00
53110,2019-04-27 16:00:00
53111,2019-05-20 17:00:00
53112,2019-05-20 16:00:00
53113,2019-05-20 15:00:00
53114,2019-05-20 14:00:00
53115,2019-05-20 13:00:00
53116,2019-05-20 12:00:00
53117,2019-05-20 11:00:00
53118,2019-05-20 10:00:00
53119,2019-05-20 09:00:00
53204,2019-11-28 23:00:00
53223,2019-12-07 14:00:00
53224,2019-12-07 13:00:00
53225,2019-12-07 12:00:00
53226,2019-12-07 11:00:00
53227,2019-12-07 10:00:00
53228,2019-12-07 09:00:00
53229,2019-12-07 08:00:00
53230,2019-12-07 07:00:00
53231,2019-12-07 06:00:00
53232,2019-12-07 05:00:00
53233,2019-12-07 04:00:00
53234,2019-12-07 03:00:00
53235,2019-12-07 02:00:00
53236,2019-12-07 01:00:00
53237,2019-12-07 00:00:00
53238,2019-12-06 23:00:00
53239,2019-12-06 22:00:00
53240,2019-12-06 21:00:00
53241,2019-12-06 20:00:00
53242,2019-12-06 19:00:00
53243,2019-12-06 18:00:00
53244,2019-12-06 17:00:00
53245,2019-12-06 16:00:00
53246,2019-12-06 15:00:00
53247,2019-12-06 14:00:00
53248,2019-12-06 13:00:00
53249,2019-12-06 12:00:00
53250,2019-12-06 11:00:00
53251,2019-12-06 10:00:00
53252,2019-12-06 09:00:00
53253,2019-12-06 08:00:00
53254,2019-12-27 18:00:00
53255,2019-12-27 17:00:00
53256,2019-12-27 16:00:00
53257,2019-12-27 15:00:00
53258,2019-12-27 14:00:00
53259,2019-12-27 13:00:00
53260,2019-12-27 12:00:00
53261,2019-12-27 11:00:00
53262,2019-12-27 10:00:00
53263,2019-12-27 09:00:00
53264,2019-12-27 08:00:00
53265,2019-12-27 07:00:00
53266,2019-12-27 06:00:00
53267,2019-12-27 05:00:00
53268,2019-12-27 04:00:00
53269,2019-12-27 03:00:00
53270,2019-12-27 02:00:00
53271,2019-12-27 01:00:00
53272,2019-12-27 00:00:00
53273,2019-12-26 23:00:00
53274,2019-12-26 22:00:00
53275,2019-12-26 21:00:00
53276,2019-12-26 20:00:00
53277,2019-12-26 19:00:00
53278,2019-12-26 18:00:00
53279,2019-12-26 17:00:00
53280,2019-12-26 16:00:00
53281,2019-12-26 15:00:00
53282,2019-12-26 14:00:00
53283,2019-12-26 13:00:00
53284,2019-12-26 12:00:00
53285,2019-12-26 11:00:00
53286,2019-12-26 10:00:00
53287,2019-12-26 09:00:00
53288,2019-12-26 08:00:00
53289,2019-12-26 07:00:00
53290,2019-12-26 06:00:00
53291,2019-12-26 05:00:00
53292,2019-12-26 04:00:00
53293,2019-12-26 03:00:00
53294,2019-12-26 02:00:00
53295,2019-12-26 01:00:00
53296,2019-12-26 00:00:00
53297,2019-12-25 23:00:00
53298,2019-12-25 22:00:00
53299,2019-12-25 21:00:00
53300,2019-12-25 20:00:00
53301,2019-12-25 19:00:00
53302,2019-12-25 18:00:00
53303,2019-12-25 17:00:00
53304,2019-12-25 16:00:00
53305,2019-12-25 15:00:00
53306,2019-12-25 14:00:00
53307,2019-12-25 13:00:00
53308,2019-12-25 12:00:00
53309,2019-12-25 11:00:00
53310,2019-12-25 10:00:00
53311,2019-12-25 09:00:00
53312,2019-12-25 08:00:00
53313,2019-12-25 07:00:00
53314,2019-12-25 06:00:00
53360,2020-11-07 20:00:00
53361,2020-11-07 19:00:00
53490,2021-05-19 04:00:00
53491,2021-05-19 03:00:00
53492,2021-05-19 02:00:00
53493,2021-05-19 01:00:00
53554,2022-09-22 10:00:00
53746,2023-01-15 00:00:00
53747,2023-01-14 23:00:00
53748,2023-01-14 22:00:00
53800,2023-03-01 16:00:00
53801,2023-03-01 15:00:00
53802,2023-03-01 14:00:00
53803,2023-03-01 13:00:00
53804,2023-03-01 12:00:00
53805,2023-03-01 11:00:00
53806,2023-03-01 10:00:00
53807,2023-03-01 09:00:00
53808,2023-03-01 08:00:00
53809,2023-03-01 07:00:00
53810,2023-03-01 06:00:00
53811,2023-03-01 05:00:00
53812,2023-03-01 04:00:00
53813,2023-03-01 03:00:00
53814,2023-03-01 02:00:00
53878,2023-03-19 00:00:00
53879,2023-03-18 23:00:00
53880,2023-03-18 22:00:00
53881,2023-03-18 21:00:00
53882,2023-03-18 20:00:00
53883,2023-03-18 19:00:00
53884,2023-03-18 18:00:00
53885,2023-03-18 17:00:00
53886,2023-03-18 16:00:00
53887,2023-03-18 15:00:00
53888,2023-03-18 14:00:00
53889,2023-03-18 13:00:00
53890,2023-03-18 12:00:00
53891,2023-03-18 11:00:00
53892,2023-03-18 10:00:00
53893,2023-03-18 09:00:00
53894,2023-03-18 08:00:00
53895,2023-03-18 07:00:00
53896,2023-03-18 06:00:00
53897,2023-03-18 05:00:00
53898,2023-03-18 04:00:00
53899,2023-03-18 03:00:00
53900,2023-03-18 02:00:00
53901,2023-03-18 01:00:00
53988,2002-11-06 16:00:00
53989,2002-11-06 15:00:00
53990,2002-11-06 14:00:00
53991,2002-11-06 13:00:00
53992,2002-11-06 12:00:00
53993,2002-11-06 11:00:00
53994,2002-11-06 10:00:00
53995,2002-11-06 09:00:00
53996,2002-11-06 08:00:00
53997,2002-11-06 07:00:00
53998,2002-11-06 06:00:00
53999,2002-11-06 05:00:00
54000,2002-11-06 04:00:00
54001,2002-11-06 03:00:00
54002,2002-11-06 02:00:00
54003,2002-11-06 01:00:00
54474,2006-10-08 06:00:00
54475,2006-10-08 05:00:00
54476,2006-10-08 04:00:00
54477,2006-10-08 03:00:00
54983,2008-12-13 19:00:00
54984,2008-12-13 18:00:00
54985,2008-12-13 17:00:00
54986,2008-12-13 16:00:00
54987,2008-12-25 19:00:00
55026,2009-06-10 07:00:00
55027,2009-06-10 06:00:00
55028,2009-06-10 05:00:00
55029,2009-06-10 04:00:00
55030,2009-06-10 03:00:00
55031,2009-06-10 02:00:00
55032,2009-06-10 01:00:00
55033,2009-06-10 00:00:00
55034,2009-06-09 23:00:00
55035,2009-06-09 22:00:00
55036,2009-06-09 21:00:00
55037,2009-06-09 20:00:00
55038,2009-06-09 19:00:00
55039,2009-06-09 18:00:00
55040,2009-06-09 17:00:00
55041,2009-06-09 16:00:00
55067,2009-06-08 14:00:00
55068,2009-06-08 13:00:00
55069,2009-06-08 12:00:00
55070,2009-06-08 11:00:00
55071,2009-06-08 10:00:00
55072,2009-06-08 09:00:00
55073,2009-06-08 08:00:00
55074,2009-06-08 07:00:00
55075,2009-06-08 06:00:00
55076,2009-06-08 05:00:00
55077,2009-06-08 04:00:00
55078,2009-06-08 03:00:00
55079,2009-06-08 02:00:00
55489,2015-05-17 10:00:00
55490,2015-05-17 09:00:00
55491,2015-05-17 08:00:00
55492,2015-05-17 07:00:00
55493,2015-05-17 06:00:00
55494,2015-05-17 05:00:00
55495,2015-05-17 04:00:00
55496,2015-05-17 03:00:00
55497,2015-05-17 02:00:00
55498,2015-05-17 01:00:00
55499,2015-05-17 00:00:00
55500,2015-05-16 23:00:00
55501,2015-05-16 22:00:00
55502,2015-05-16 21:00:00
55503,2015-05-16 20:00:00
55504,2015-05-16 19:00:00
55505,2015-05-16 18:00:00
55506,2015-05-16 17:00:00
55507,2015-05-16 16:00:00
55508,2015-05-16 15:00:00
55509,2015-05-16 14:00:00
55510,2015-05-16 13:00:00
55511,2015-05-16 12:00:00
55512,2015-05-16 11:00:00
55513,2015-05-16 10:00:00
55514,2015-05-16 09:00:00
55515,2015-05-16 08:00:00
55516,2015-05-16 07:00:00
55517,2015-05-16 06:00:00
55518,2015-05-16 05:00:00
55519,2015-05-16 04:00:00
55520,2015-05-16 03:00:00
55521,2015-05-16 02:00:00
55522,2015-05-16 01:00:00
55878,2021-12-21 10:00:00
55879,2021-12-21 09:00:00
55880,2021-12-21 08:00:00
55881,2021-12-21 07:00:00
55882,2021-12-21 06:00:00
55883,2021-12-21 05:00:00
55884,2021-12-21 04:00:00
55885,2021-12-21 03:00:00
55886,2021-12-21 02:00:00
55887,2021-12-21 01:00:00
55904,2022-09-22 12:00:00
55905,2022-09-22 11:00:00
56411,2004-11-27 11:00:00
56425,2004-11-26 21:00:00
57085,2008-12-13 15:00:00
57086,2008-12-13 14:00:00
57087,2008-12-13 13:00:00
57088,2008-12-13 12:00:00
57089,2008-12-13 11:00:00
57090,2008-12-13 10:00:00
57091,2008-12-13 09:00:00
57092,2008-12-13 08:00:00
57093,2008-12-13 07:00:00
57094,2008-12-13 06:00:00
57095,2008-12-13 05:00:00
57096,2008-12-13 04:00:00
57097,2008-12-13 03:00:00
57098,2008-12-13 02:00:00
57099,2008-12-13 01:00:00
57100,2008-12-13 00:00:00
57101,2008-12-12 23:00:00
57102,2008-12-12 22:00:00
57103,2008-12-12 21:00:00
57104,2008-12-12 20:00:00
57105,2008-12-12 19:00:00
57106,2008-12-12 18:00:00
57107,2008-12-12 17:00:00
57108,2008-12-12 16:00:00
57109,2008-12-12 15:00:00
57110,2008-12-12 14:00:00
57111,2008-12-12 13:00:00
57112,2008-12-12 12:00:00
57113,2008-12-12 11:00:00
57114,2008-12-12 10:00:00
57115,2008-12-12 09:00:00
57116,2008-12-12 08:00:00
57117,2008-12-12 07:00:00
57118,2008-12-12 06:00:00
57119,2008-12-12 05:00:00
57120,2008-12-12 04:00:00
57121,2008-12-12 03:00:00
57122,2008-12-12 02:00:00
57123,2008-12-12 01:00:00
57124,2008-12-12 00:00:00
57125,2008-12-11 23:00:00
57126,2008-12-11 22:00:00
57127,2008-12-11 21:00:00
57128,2008-12-11 20:00:00
57129,2008-12-11 19:00:00
57130,2008-12-11 18:00:00
57131,2008-12-11 17:00:00
57132,2008-12-11 16:00:00
57133,2008-12-11 15:00:00
57134,2008-12-11 14:00:00
57135,2008-12-11 13:00:00
57136,2008-12-11 12:00:00
57137,2008-12-11 11:00:00
57138,2008-12-11 10:00:00
57139,2008-12-11 09:00:00
57140,2008-12-11 08:00:00
57141,2008-12-11 07:00:00
57142,2008-12-11 06:00:00
57143,2008-12-11 05:00:00
57144,2008-12-11 04:00:00
57145,2008-12-11 03:00:00
57146,2008-12-11 02:00:00
57147,2008-12-11 01:00:00
57230,2009-09-15 01:00:00
57231,2009-09-15 00:00:00
57232,2009-09-14 23:00:00
57233,2009-09-14 22:00:00
57234,2009-09-14 21:00:00
57235,2009-09-14 20:00:00
57236,2009-09-14 19:00:00
57237,2009-09-14 18:00:00
57238,2009-09-14 17:00:00
57239,2009-09-14 16:00:00
57240,2009-09-14 15:00:00
57241,2009-09-14 14:00:00
57242,2009-09-14 13:00:00
57243,2009-09-14 12:00:00
57244,2009-09-14 11:00:00
57245,2009-09-14 10:00:00
57246,2009-09-14 09:00:00
57247,2009-09-14 08:00:00
57248,2009-09-14 07:00:00
57249,2009-09-14 06:00:00
57250,2009-09-14 05:00:00
57251,2009-09-14 04:00:00
57252,2009-09-14 03:00:00
57253,2009-09-14 02:00:00
57254,2009-09-14 01:00:00
57255,2009-09-14 00:00:00
57256,2009-09-13 23:00:00
57257,2009-09-13 22:00:00
57258,2009-09-13 21:00:00
57259,2009-09-13 20:00:00
57260,2009-09-13 19:00:00
57261,2009-09-13 18:00:00
57262,2009-09-13 17:00:00
57263,2009-09-13 16:00:00
57264,2009-09-13 15:00:00
57265,2009-09-13 14:00:00
57266,2009-09-13 13:00:00
57267,2009-09-13 12:00:00
57268,2009-09-13 11:00:00
57269,2009-09-13 10:00:00
57270,2009-09-13 09:00:00
57271,2009-09-13 08:00:00
57430,2012-10-12 16:00:00
57475,2012-11-10 03:00:00
57476,2012-11-10 02:00:00
57477,2012-11-10 01:00:00
57478,2012-11-10 00:00:00
57479,2012-11-09 23:00:00
57828,2017-02-11 07:00:00
57829,2017-02-11 06:00:00
57830,2017-02-11 05:00:00
57831,2017-02-11 04:00:00
57832,2017-02-11 03:00:00
57833,2017-02-11 02:00:00
57834,2017-02-11 01:00:00
57835,2017-02-11 00:00:00
57883,2018-04-20 05:00:00
57884,2018-04-20 04:00:00
58111,2021-02-03 08:00:00
58167,2021-06-23 17:00:00
58168,2021-06-23 16:00:00
58169,2021-06-23 15:00:00
58170,2021-06-23 14:00:00
58171,2021-06-23 13:00:00
58172,2021-06-23 12:00:00
58173,2021-06-23 11:00:00
58174,2021-06-23 10:00:00
58175,2021-06-23 09:00:00
58176,2021-06-23 08:00:00
58177,2021-06-23 07:00:00
58178,2021-06-23 06:00:00
58179,2021-06-23 05:00:00
58180,2021-06-23 04:00:00
58181,2021-06-23 03:00:00
58182,2021-06-23 02:00:00
58183,2021-06-23 01:00:00
58184,2021-06-23 00:00:00
58185,2021-06-22 23:00:00
58186,2021-06-22 22:00:00
58187,2021-06-22 21:00:00
58188,2021-06-22 20:00:00
58189,2021-06-22 19:00:00
58190,2021-06-22 18:00:00
58191,2021-06-22 17:00:00
58192,2021-06-22 16:00:00
58193,2021-06-22 15:00:00
58194,2021-06-22 14:00:00
58195,2021-06-22 13:00:00
58196,2021-06-22 12:00:00
58197,2021-06-22 11:00:00
58570,2003-09-09 19:00:00
58571,2003-09-09 18:00:00
58597,2004-11-26 20:00:00
58598,2004-11-26 19:00:00
58599,2004-11-26 18:00:00
58600,2004-11-26 17:00:00
58601,2004-11-26 16:00:00
58679,2005-01-06 09:00:00
58680,2005-01-06 08:00:00
58720,2007-08-27 02:00:00
58721,2007-08-27 01:00:00
58722,2007-08-27 00:00:00
58723,2007-08-26 23:00:00
58724,2007-08-26 22:00:00
58725,2007-08-26 21:00:00
58726,2007-08-26 20:00:00
58727,2007-08-26 19:00:00
58728,2007-08-26 18:00:00
58729,2007-08-26 17:00:00
58730,2007-08-26 16:00:00
58731,2007-08-26 15:00:00
58732,2007-08-26 14:00:00
58733,2007-08-26 13:00:00
58734,2007-08-26 12:00:00
58735,2007-08-26 11:00:00
58736,2007-08-26 10:00:00
58737,2007-08-26 09:00:00
58738,2007-08-26 08:00:00
58739,2007-08-26 07:00:00
58740,2007-08-26 06:00:00
58741,2007-08-26 05:00:00
58742,2007-08-26 04:00:00
58743,2007-08-26 03:00:00
58744,2007-08-26 02:00:00
58745,2007-08-26 01:00:00
58746,2007-08-26 00:00:00
58747,2007-08-25 23:00:00
58748,2007-08-25 22:00:00
58749,2007-08-25 21:00:00
58750,2007-08-25 20:00:00
58751,2007-08-25 19:00:00
58752,2007-08-25 18:00:00
58753,2007-08-25 17:00:00
58754,2007-08-25 16:00:00
58755,2007-08-25 15:00:00
58756,2007-08-25 14:00:00
58757,2007-08-25 13:00:00
58758,2007-08-25 12:00:00
58759,2007-08-25 11:00:00
58760,2007-08-25 10:00:00
58761,2007-08-25 09:00:00
58762,2007-08-25 08:00:00
58763,2007-08-25 07:00:00
58764,2007-08-25 06:00:00
58765,2007-08-25 05:00:00
58766,2007-08-25 04:00:00
58767,2007-08-25 03:00:00
58768,2007-08-25 02:00:00
58769,2007-08-25 01:00:00
59053,2014-01-31 08:00:00
59054,2014-01-31 07:00:00
59055,2014-01-31 06:00:00
59056,2014-01-31 05:00:00
59057,2014-01-31 04:00:00
59058,2014-01-31 03:00:00
59059,2014-01-31 02:00:00
59060,2014-01-31 01:00:00
59061,2014-01-31 00:00:00
59062,2014-01-30 23:00:00
59101,2014-01-29 08:00:00
59102,2014-01-29 07:00:00
59103,2014-01-29 06:00:00
59104,2014-01-29 05:00:00
59105,2014-01-29 04:00:00
59106,2014-01-29 03:00:00
59107,2014-01-29 02:00:00
59108,2014-01-29 01:00:00
59448,2021-03-11 13:00:00
59449,2021-03-11 12:00:00
59450,2021-03-11 11:00:00
59451,2021-03-11 10:00:00
59452,2021-03-11 09:00:00
59453,2021-03-11 08:00:00
59454,2021-03-11 07:00:00
59455,2021-03-11 06:00:00
59456,2021-03-11 05:00:00
59457,2021-03-11 04:00:00
59458,2021-03-11 03:00:00
59459,2021-03-11 02:00:00
59460,2021-03-11 01:00:00
59547,2023-03-09 13:00:00
59588,2023-10-01 00:00:00
59589,2023-09-30 23:00:00
59590,2023-09-30 22:00:00
59591,2023-09-30 21:00:00
59592,2023-09-30 20:00:00
59593,2023-09-30 19:00:00
59605,2023-09-30 07:00:00
59606,2023-09-30 06:00:00
59607,2023-09-30 05:00:00
59608,2023-09-30 04:00:00
59609,2023-09-30 03:00:00
59610,2023-09-30 02:00:00
59611,2023-09-30 01:00:00
59892,2009-04-11 14:00:00
59893,2009-04-11 13:00:00
59955,2013-09-11 03:00:00
59956,2013-09-11 02:00:00
59957,2013-09-11 01:00:00
59958,2013-09-11 00:00:00
59959,2013-09-10 23:00:00
59960,2013-09-10 22:00:00
59961,2013-09-10 21:00:00
59962,2013-09-10 20:00:00
59963,2013-09-10 19:00:00
59964,2013-09-10 18:00:00
59965,2013-09-10 17:00:00
59966,2013-09-10 16:00:00
59967,2013-09-10 15:00:00
59968,2013-09-10 14:00:00
59969,2013-09-10 13:00:00
59970,2013-09-10 12:00:00
59971,2013-09-10 11:00:00
59972,2013-09-10 10:00:00
59973,2013-09-10 09:00:00
59974,2013-09-10 08:00:00
59975,2013-09-10 07:00:00
59976,2013-09-10 06:00:00
59977,2013-09-10 05:00:00
59978,2013-09-10 04:00:00
59979,2013-09-10 03:00:00
59980,2013-09-10 02:00:00
59981,2013-09-10 01:00:00
59982,2014-10-09 09:00:00
59983,2014-10-09 08:00:00
59984,2014-10-09 07:00:00
59985,2014-10-09 06:00:00
59986,2014-10-09 05:00:00
59987,2014-10-09 04:00:00
59988,2014-10-09 03:00:00
59989,2014-10-09 02:00:00
59990,2014-10-09 01:00:00
59991,2014-10-09 00:00:00
59992,2014-10-08 23:00:00
59993,2014-10-08 22:00:00
59994,2014-10-08 21:00:00
59995,2014-10-08 20:00:00
59996,2014-10-08 19:00:00
59997,2014-10-08 18:00:00
59998,2014-10-08 17:00:00
59999,2014-10-08 16:00:00
60000,2014-10-08 15:00:00
60001,2014-10-08 14:00:00
60002,2014-10-08 13:00:00
60003,2014-10-08 12:00:00
60004,2014-10-08 11:00:00
60005,2014-10-08 10:00:00
60006,2014-10-08 09:00:00
60007,2014-10-08 08:00:00
60008,2014-10-08 07:00:00
60009,2014-10-08 06:00:00
60010,2014-10-08 05:00:00
60011,2014-10-08 04:00:00
60012,2014-10-08 03:00:00
60013,2014-10-08 02:00:00
60014,2014-10-08 01:00:00
60015,2014-10-08 00:00:00
60016,2014-10-07 23:00:00
60017,2014-10-07 22:00:00
60018,2014-10-07 21:00:00
60102,2023-06-20 04:00:00
60103,2023-06-20 03:00:00
60104,2023-06-20 02:00:00
60105,2023-06-20 01:00:00
60106,2023-06-20 00:00:00
60107,2023-06-19 23:00:00
60108,2023-06-19 22:00:00
60109,2023-06-19 21:00:00
60110,2023-06-19 20:00:00
60111,2023-06-19 19:00:00
60112,2023-06-19 18:00:00
60113,2023-06-19 17:00:00
60114,2023-06-19 16:00:00
60115,2023-06-19 15:00:00
60116,2023-06-19 14:00:00
60117,2023-06-19 13:00:00
60118,2023-06-19 12:00:00
60119,2023-06-19 11:00:00
60120,2023-06-19 10:00:00
60121,2023-06-19 09:00:00
60122,2023-06-19 08:00:00
60123,2023-06-19 07:00:00
60124,2023-06-19 06:00:00
60125,2023-06-19 05:00:00
60126,2023-06-19 04:00:00
60127,2023-06-19 03:00:00
60128,2023-06-19 02:00:00
60129,2023-06-19 01:00:00
60168,2007-04-22 19:00:00
60169,2007-04-22 18:00:00
60170,2007-04-22 17:00:00
60171,2007-04-22 16:00:00
60172,2007-04-22 15:00:00
60173,2007-04-22 14:00:00
60174,2007-04-22 13:00:00
60175,2007-04-22 12:00:00
60176,2007-04-22 11:00:00
60177,2007-04-22 10:00:00
60178,2007-04-22 09:00:00
60179,2007-04-22 08:00:00
60180,2007-04-22 07:00:00
60181,2007-04-22 06:00:00
60182,2007-04-22 05:00:00
60183,2007-04-22 04:00:00
60184,2007-04-22 03:00:00
60185,2007-04-22 02:00:00
60186,2007-04-22 01:00:00
60187,2007-04-22 00:00:00
60188,2007-04-21 23:00:00
60189,2007-04-21 22:00:00
60190,2007-04-21 21:00:00
60191,2007-04-21 20:00:00
60192,2007-04-21 19:00:00
60193,2007-04-21 18:00:00
60194,2007-04-21 17:00:00
60195,2007-04-21 16:00:00
60196,2007-04-21 15:00:00
60197,2007-04-21 14:00:00
60198,2007-04-21 13:00:00
60199,2007-04-21 12:00:00
60200,2007-04-21 11:00:00
60201,2007-04-21 10:00:00
60202,2007-04-21 09:00:00
60203,2007-04-21 08:00:00
60204,2007-04-21 07:00:00
60205,2007-04-21 06:00:00
60206,2007-04-21 05:00:00
60207,2007-04-21 04:00:00
60208,2007-04-21 03:00:00
60209,2007-04-21 02:00:00
60210,2007-04-21 01:00:00
60211,2007-05-04 15:00:00
60212,2007-05-04 14:00:00
60213,2007-05-04 13:00:00
60214,2007-05-04 12:00:00
60215,2007-05-04 11:00:00
60216,2007-05-04 10:00:00
60217,2007-05-04 09:00:00
60218,2007-05-04 08:00:00
60219,2007-05-04 07:00:00
60220,2007-05-04 06:00:00
60221,2007-05-04 05:00:00
60222,2007-05-04 04:00:00
60223,2007-05-04 03:00:00
60224,2007-05-04 02:00:00
60225,2007-05-04 01:00:00
60226,2007-05-04 00:00:00
60227,2007-05-03 23:00:00
60228,2007-05-03 22:00:00
60229,2007-05-03 21:00:00
60230,2007-05-03 20:00:00
60316,2017-09-21 15:00:00
60317,2017-09-21 14:00:00
60318,2017-09-21 13:00:00
60319,2017-09-21 12:00:00
60320,2017-09-21 11:00:00
60321,2017-09-21 10:00:00
60322,2017-09-21 09:00:00
60323,2017-09-21 08:00:00
60324,2017-09-21 07:00:00
60325,2017-09-21 06:00:00
60326,2017-09-21 05:00:00
60327,2017-09-21 04:00:00
60328,2017-09-21 03:00:00
60329,2017-09-21 02:00:00
60330,2017-09-21 01:00:00
60372,2011-06-06 08:00:00
60373,2011-06-06 07:00:00
60374,2011-06-06 06:00:00
60375,2011-06-06 05:00:00
60464,2003-11-10 18:00:00
60465,2003-11-10 17:00:00
60466,2004-04-01 19:00:00
60467,2004-04-01 18:00:00
60468,2004-04-01 17:00:00
60469,2004-04-01 16:00:00
60470,2004-04-01 15:00:00
60471,2004-04-01 14:00:00
60472,2004-04-01 13:00:00
60473,2004-04-01 12:00:00
60474,2004-04-01 11:00:00
60475,2004-04-01 10:00:00
60476,2004-04-01 09:00:00
60477,2004-04-01 08:00:00
60478,2004-04-01 07:00:00
60479,2004-04-01 06:00:00
60480,2004-04-01 05:00:00
60481,2004-04-01 04:00:00
60482,2004-04-01 03:00:00
60483,2004-04-01 02:00:00
60484,2004-04-01 01:00:00
60485,2004-04-01 00:00:00
61229,2015-10-02 17:00:00
61230,2015-10-02 16:00:00
61231,2015-10-02 15:00:00
61232,2015-10-02 14:00:00
61233,2015-10-02 13:00:00
61234,2015-10-02 12:00:00
61235,2015-10-02 11:00:00
61236,2015-10-02 10:00:00
61237,2015-10-02 09:00:00
61238,2015-10-02 08:00:00
61239,2015-10-02 07:00:00
61240,2015-10-02 06:00:00
61241,2015-10-02 05:00:00
61242,2015-10-02 04:00:00
61243,2015-10-02 03:00:00
61244,2015-10-02 02:00:00
61245,2015-10-02 01:00:00
61292,2016-01-07 14:00:00
61293,2016-01-07 13:00:00
61294,2016-01-07 12:00:00
61295,2016-01-07 11:00:00
61296,2016-01-07 10:00:00
61297,2016-01-07 09:00:00
61298,2016-01-07 08:00:00
61299,2016-01-07 07:00:00
61300,2016-01-07 06:00:00
61301,2016-01-07 05:00:00
61302,2016-01-07 04:00:00
61303,2016-01-07 03:00:00
61304,2016-01-07 02:00:00
61305,2016-01-07 01:00:00
61306,2016-01-07 00:00:00
61307,2016-01-06 23:00:00
61308,2016-01-06 22:00:00
61309,2016-01-06 21:00:00
61310,2016-01-06 20:00:00
61311,2016-01-06 19:00:00
61312,2016-01-06 18:00:00
61313,2016-01-06 17:00:00
61314,2016-01-06 16:00:00
61315,2016-01-06 15:00:00
61316,2016-01-06 14:00:00
61317,2016-01-06 13:00:00
61318,2016-01-06 12:00:00
61319,2016-01-06 11:00:00
61320,2016-01-06 10:00:00
61321,2016-01-06 09:00:00
61322,2016-01-06 08:00:00
61323,2016-01-06 07:00:00
61324,2016-01-06 06:00:00
61325,2016-01-06 05:00:00
61577,2000-10-23 06:00:00
61578,2000-10-23 05:00:00
61579,2000-10-23 04:00:00
61580,2000-10-23 03:00:00
61581,2000-10-23 02:00:00
61582,2000-10-23 01:00:00
61583,2000-10-23 00:00:00
61584,2000-10-22 23:00:00
61654,2002-09-07 00:00:00
61655,2002-09-06 23:00:00
61656,2002-09-06 22:00:00
61657,2002-09-06 21:00:00
61658,2002-09-06 20:00:00
61659,2002-09-06 19:00:00
61660,2002-09-06 18:00:00
61661,2002-09-06 17:00:00
61662,2002-09-06 16:00:00
61663,2002-09-06 15:00:00
61664,2002-09-06 14:00:00
61665,2002-09-06 13:00:00
61666,2002-09-06 12:00:00
61667,2002-09-06 11:00:00
61668,2002-09-06 10:00:00
61669,2002-09-06 09:00:00
61670,2002-09-06 08:00:00
61671,2002-09-06 07:00:00
61672,2002-09-06 06:00:00
61673,2002-09-06 05:00:00
61674,2002-09-06 04:00:00
61675,2002-09-06 03:00:00
61676,2002-09-06 02:00:00
61677,2002-09-06 01:00:00
61678,2002-09-06 00:00:00
61679,2002-09-05 23:00:00
61680,2002-09-05 22:00:00
61681,2002-09-05 21:00:00
61682,2002-09-05 20:00:00
61683,2002-09-05 19:00:00
61684,2002-09-05 18:00:00
61685,2002-09-05 17:00:00
61686,2002-09-05 16:00:00
61687,2002-09-05 15:00:00
61688,2002-09-05 14:00:00
61689,2002-09-05 13:00:00
61690,2002-09-05 12:00:00
61691,2002-09-05 11:00:00
61692,2002-09-05 10:00:00
61693,2002-09-05 09:00:00
61694,2002-09-05 08:00:00
61695,2002-09-05 07:00:00
61696,2002-09-05 06:00:00
61697,2002-09-05 05:00:00
61698,2002-09-05 04:00:00
61699,2002-09-05 03:00:00
61700,2002-09-05 02:00:00
61701,2002-09-05 01:00:00
61702,2002-10-02 15:00:00
61703,2002-10-02 14:00:00
61842,2003-02-23 10:00:00
61843,2003-02-23 09:00:00
61844,2003-02-23 08:00:00
61845,2003-02-23 07:00:00
61846,2003-02-23 06:00:00
61847,2003-02-23 05:00:00
61848,2003-02-23 04:00:00
61849,2003-02-23 03:00:00
61850,2003-02-23 02:00:00
61851,2003-02-23 01:00:00
62852,2010-01-19 10:00:00
62853,2010-01-19 09:00:00
62854,2010-01-19 08:00:00
63059,2012-01-21 19:00:00
63441,2015-06-03 17:00:00
63442,2015-06-03 16:00:00
63443,2015-06-03 15:00:00
63444,2015-06-03 14:00:00
63445,2015-06-03 13:00:00
63446,2015-06-03 12:00:00
63537,2015-06-08 12:00:00
63538,2015-06-08 11:00:00
63539,2015-06-08 10:00:00
63540,2015-06-08 09:00:00
63541,2015-06-08 08:00:00
63661,2019-03-21 17:00:00
63662,2019-03-21 16:00:00
63769,2019-11-28 22:00:00
63770,2019-11-28 21:00:00
63771,2019-11-28 20:00:00
63772,2019-11-28 19:00:00
63773,2019-11-28 18:00:00
63774,2019-11-28 17:00:00
63775,2019-11-28 16:00:00
63776,2019-11-28 15:00:00
63777,2019-11-28 14:00:00
63778,2019-11-28 13:00:00
63779,2019-11-28 12:00:00
63780,2019-11-28 11:00:00
63781,2019-11-28 10:00:00
63782,2019-11-28 09:00:00
63783,2019-11-28 08:00:00
63784,2019-11-28 07:00:00
63785,2019-11-28 06:00:00
63786,2019-11-28 05:00:00
63787,2019-11-28 04:00:00
63788,2019-11-28 03:00:00
63789,2019-11-28 02:00:00
63790,2019-11-28 01:00:00
63791,2019-11-28 00:00:00
63792,2019-11-27 23:00:00
63793,2019-11-27 22:00:00
63794,2019-11-27 21:00:00
63795,2019-11-27 20:00:00
63796,2019-11-27 19:00:00
63797,2019-11-27 18:00:00
63798,2019-11-27 17:00:00
63799,2019-11-27 16:00:00
63800,2019-11-27 15:00:00
63801,2019-11-27 14:00:00
63802,2019-11-27 13:00:00
63803,2019-11-27 12:00:00
63804,2019-11-27 11:00:00
63805,2019-11-27 10:00:00
63806,2019-11-27 09:00:00
63807,2019-11-27 08:00:00
63808,2019-11-27 07:00:00
63809,2019-11-27 06:00:00
63810,2019-11-27 05:00:00
63811,2019-11-27 04:00:00
63812,2019-11-27 03:00:00
63813,2019-11-27 02:00:00
63814,2019-11-27 01:00:00
64130,2022-12-28 07:00:00
64533,2003-05-14 03:00:00
64534,2003-05-14 02:00:00
64535,2003-05-14 01:00:00
64536,2003-05-14 00:00:00
64537,2003-05-13 23:00:00
64538,2003-05-13 22:00:00
64539,2003-05-13 21:00:00
64540,2003-05-13 20:00:00
64541,2003-05-13 19:00:00
64542,2003-05-13 18:00:00
64543,2003-05-13 17:00:00
64544,2003-05-13 16:00:00
64545,2003-05-13 15:00:00
64546,2003-05-13 14:00:00
64547,2003-05-13 13:00:00
64548,2003-05-13 12:00:00
66108,2019-04-30 05:00:00
66109,2019-04-30 04:00:00
67330,2000-02-24 18:00:00
67331,2000-02-24 17:00:00
67332,2000-02-24 16:00:00
67333,2000-02-24 15:00:00
67334,2000-02-24 14:00:00
67335,2000-02-24 13:00:00
67336,2000-02-24 12:00:00
67337,2000-02-24 11:00:00
67338,2000-02-24 10:00:00
67339,2000-02-24 09:00:00
67340,2000-02-24 08:00:00
67341,2000-02-24 07:00:00
67342,2000-02-24 06:00:00
67343,2000-02-24 05:00:00
67344,2000-02-24 04:00:00
67345,2000-02-24 03:00:00
67346,2000-02-24 02:00:00
67347,2000-02-24 01:00:00
67348,2000-02-24 00:00:00
67349,2000-02-23 23:00:00
67350,2000-02-23 22:00:00
67351,2000-02-23 21:00:00
67352,2000-02-23 20:00:00
67353,2000-02-23 19:00:00
67354,2000-02-23 18:00:00
67355,2000-02-23 17:00:00
67356,2000-02-23 16:00:00
67357,2000-02-23 15:00:00
67358,2000-02-23 14:00:00
67359,2000-02-23 13:00:00
67360,2000-02-23 12:00:00
67361,2000-02-23 11:00:00
67362,2000-02-23 10:00:00
67363,2000-02-23 09:00:00
67364,2000-02-23 08:00:00
67365,2000-02-23 07:00:00
67366,2000-02-23 06:00:00
67367,2000-02-23 05:00:00
67368,2000-02-23 04:00:00
67369,2000-02-23 03:00:00
67370,2000-02-23 02:00:00
67371,2000-02-23 01:00:00
67372,2000-02-23 00:00:00
67373,2000-02-22 23:00:00
67374,2000-02-22 22:00:00
67375,2000-02-22 21:00:00
67376,2000-02-22 20:00:00
67377,2000-02-22 19:00:00
67378,2000-02-22 18:00:00
67379,2000-02-22 17:00:00
67380,2000-02-22 16:00:00
67381,2000-02-22 15:00:00
67382,2000-02-22 14:00:00
67383,2000-02-22 13:00:00
67384,2000-02-22 12:00:00
67385,2000-02-22 11:00:00
67386,2000-02-22 10:00:00
67387,2000-02-22 09:00:00
67388,2000-02-22 08:00:00
67389,2000-02-22 07:00:00
67390,2000-03-05 19:00:00
67391,2000-03-05 18:00:00
67392,2000-03-05 17:00:00
67393,2000-03-05 16:00:00
67460,2001-02-07 22:00:00
67461,2001-02-07 21:00:00
67462,2001-02-07 20:00:00
67463,2001-02-07 19:00:00
67464,2001-02-07 18:00:00
67465,2001-02-07 17:00:00
67466,2001-02-07 16:00:00
67467,2001-02-07 15:00:00
67468,2001-02-07 14:00:00
67469,2001-02-07 13:00:00
67470,2001-02-07 12:00:00
67471,2001-02-07 11:00:00
67472,2001-02-07 10:00:00
67473,2001-02-07 09:00:00
67474,2001-02-07 08:00:00
67475,2001-02-07 07:00:00
67476,2001-02-07 06:00:00
67477,2001-02-07 05:00:00
67478,2001-02-07 04:00:00
67479,2001-02-07 03:00:00
67547,2002-10-02 16:00:00
67756,2004-09-04 18:00:00
67902,2004-10-28 19:00:00
68162,2005-10-04 17:00:00
68163,2005-10-04 16:00:00
68164,2005-10-04 15:00:00
68165,2005-10-04 14:00:00
68166,2005-10-04 13:00:00
68167,2005-10-04 12:00:00
68168,2005-10-04 11:00:00
68169,2005-10-04 10:00:00
68170,2005-10-04 09:00:00
68171,2005-10-04 08:00:00
68172,2005-10-04 07:00:00
68260,2006-12-19 11:00:00
68261,2006-12-19 10:00:00
68262,2006-12-19 09:00:00
68263,2006-12-19 08:00:00
68264,2006-12-19 07:00:00
68265,2006-12-19 06:00:00
68266,2006-12-19 05:00:00
68267,2006-12-19 04:00:00
68268,2006-12-19 03:00:00
68269,2006-12-19 02:00:00
68270,2006-12-19 01:00:00
68271,2006-12-19 00:00:00
68272,2006-12-18 23:00:00
68273,2006-12-18 22:00:00
68274,2006-12-18 21:00:00
68275,2006-12-18 20:00:00
68276,2006-12-18 19:00:00
68277,2006-12-18 18:00:00
68278,2006-12-18 17:00:00
68279,2006-12-18 16:00:00
68280,2006-12-18 15:00:00
68281,2006-12-18 14:00:00
68282,2006-12-18 13:00:00
68349,2007-09-23 19:00:00
68381,2007-10-05 18:00:00
68382,2007-10-05 17:00:00
68383,2007-10-05 16:00:00
68384,2007-10-05 15:00:00
68385,2007-10-05 14:00:00
68386,2007-10-05 13:00:00
68387,2007-10-05 12:00:00
68388,2007-10-05 11:00:00
68389,2007-10-05 10:00:00
68390,2007-10-05 09:00:00
68391,2007-10-05 08:00:00
68392,2007-10-05 07:00:00
68393,2007-10-05 06:00:00
68394,2007-10-05 05:00:00
68395,2007-10-05 04:00:00
68396,2007-10-05 03:00:00
68397,2007-10-05 02:00:00
68398,2007-10-05 01:00:00
68399,2007-10-05 00:00:00
68400,2007-10-04 23:00:00
68401,2007-10-04 22:00:00
68402,2007-10-04 21:00:00
68403,2007-10-04 20:00:00
68404,2007-10-04 19:00:00
68405,2007-10-04 18:00:00
68406,2007-10-04 17:00:00
68407,2007-10-04 16:00:00
68408,2007-10-04 15:00:00
68409,2007-10-04 14:00:00
68410,2007-10-04 13:00:00
68411,2007-10-04 12:00:00
68412,2007-10-04 11:00:00
68413,2007-10-04 10:00:00
68414,2007-10-04 09:00:00
68415,2007-10-04 08:00:00
68416,2007-10-04 07:00:00
68417,2007-10-04 06:00:00
68418,2007-10-04 05:00:00
68419,2007-10-04 04:00:00
68420,2007-10-04 03:00:00
68421,2007-10-04 02:00:00
68422,2007-10-04 01:00:00
68423,2007-10-04 00:00:00
68424,2007-10-03 23:00:00
68425,2007-10-03 22:00:00
68581,2008-10-11 20:00:00
68582,2008-10-11 19:00:00
68702,2009-04-11 16:00:00
68703,2009-04-11 15:00:00
68861,2010-01-19 07:00:00
68862,2010-01-19 06:00:00
68863,2010-01-19 05:00:00
68864,2010-01-19 04:00:00
68865,2010-01-19 03:00:00
68866,2010-01-19 02:00:00
68867,2010-01-19 01:00:00
68887,2010-03-07 18:00:00
68888,2010-03-07 17:00:00
68889,2010-03-07 16:00:00
68890,2010-03-07 15:00:00
68891,2010-03-07 14:00:00
68892,2010-03-07 13:00:00
68893,2010-03-07 12:00:00
68894,2010-03-07 11:00:00
68895,2010-03-07 10:00:00
68896,2010-03-07 09:00:00
68897,2010-03-07 08:00:00
68898,2010-03-07 07:00:00
68910,2010-10-07 16:00:00
68911,2010-10-07 15:00:00
68912,2010-10-07 14:00:00
68913,2010-10-07 13:00:00
68914,2010-10-07 12:00:00
68915,2010-10-07 11:00:00
68916,2010-10-07 10:00:00
68917,2010-10-07 09:00:00
68918,2010-10-07 08:00:00
68919,2010-10-07 07:00:00
68920,2010-10-07 06:00:00
68921,2010-10-07 05:00:00
68922,2010-10-07 04:00:00
68923,2010-10-07 03:00:00
68924,2010-10-07 02:00:00
68925,2010-10-07 01:00:00
68926,2010-10-07 00:00:00
68927,2010-10-06 23:00:00
68928,2010-10-06 22:00:00
68929,2010-10-06 21:00:00
68930,2010-10-06 20:00:00
68931,2010-10-06 19:00:00
68932,2010-10-06 18:00:00
68933,2010-10-06 17:00:00
68934,2010-10-06 16:00:00
68935,2010-10-06 15:00:00
68936,2010-10-06 14:00:00
68937,2010-10-06 13:00:00
68938,2010-10-06 12:00:00
68939,2010-10-06 11:00:00
68940,2010-10-06 10:00:00
68941,2010-10-06 09:00:00
68942,2010-10-06 08:00:00
68943,2010-10-06 07:00:00
68944,2010-10-06 06:00:00
68945,2010-10-06 05:00:00
68946,2010-10-06 04:00:00
68947,2010-10-06 03:00:00
68948,2010-10-06 02:00:00
68949,2010-10-06 01:00:00
68950,2010-10-06 00:00:00
68951,2010-10-05 23:00:00
68952,2010-10-05 22:00:00
68953,2010-10-05 21:00:00
68954,2010-10-05 20:00:00
68955,2010-10-05 19:00:00
68956,2010-10-05 18:00:00
68957,2010-10-05 17:00:00
68958,2010-10-05 16:00:00
68959,2010-10-05 15:00:00
68960,2010-10-05 14:00:00
68961,2010-10-05 13:00:00
68962,2010-10-05 12:00:00
68963,2010-10-05 11:00:00
68964,2010-10-05 10:00:00
68965,2010-10-05 09:00:00
68966,2010-10-05 08:00:00
68967,2010-10-05 07:00:00
68968,2010-10-05 06:00:00
68969,2010-10-05 05:00:00
68970,2010-10-05 04:00:00
68971,2010-10-05 03:00:00
68972,2010-10-05 02:00:00
68973,2010-10-05 01:00:00
69026,2010-12-22 17:00:00
69027,2010-12-22 16:00:00
69028,2010-12-22 15:00:00
69029,2010-12-22 14:00:00
69030,2010-12-22 13:00:00
69031,2010-12-22 12:00:00
69032,2010-12-22 11:00:00
69033,2010-12-22 10:00:00
69059,2011-02-19 18:00:00
69060,2011-02-19 17:00:00
69061,2011-02-19 16:00:00
69062,2011-02-19 15:00:00
69063,2011-02-19 14:00:00
69271,2012-02-26 00:00:00
69272,2012-02-25 23:00:00
69273,2012-02-25 22:00:00
69274,2012-02-25 21:00:00
69275,2012-02-25 20:00:00
69276,2012-02-25 19:00:00
69277,2012-02-25 18:00:00
69278,2012-02-25 17:00:00
69279,2012-02-25 16:00:00
69280,2012-02-25 15:00:00
69281,2012-02-25 14:00:00
69282,2012-02-25 13:00:00
69283,2012-02-25 12:00:00
69284,2012-02-25 11:00:00
69285,2012-02-25 10:00:00
69286,2012-02-25 09:00:00
69287,2012-02-25 08:00:00
69288,2012-02-25 07:00:00
69289,2012-02-25 06:00:00
69290,2012-02-25 05:00:00
69291,2012-02-25 04:00:00
69292,2012-02-25 03:00:00
69293,2012-02-25 02:00:00
69294,2012-02-25 01:00:00
69295,2012-10-12 20:00:00
69296,2012-10-12 19:00:00
69297,2012-10-12 18:00:00
69298,2012-10-12 17:00:00
69512,2013-11-23 07:00:00
69513,2013-11-23 06:00:00
69514,2013-11-23 05:00:00
69515,2013-11-23 04:00:00
69516,2013-11-23 03:00:00
69517,2013-11-23 02:00:00
69518,2013-11-23 01:00:00
69519,2013-11-23 00:00:00
69520,2013-11-22 23:00:00
69521,2013-11-22 22:00:00
69522,2013-11-22 21:00:00
69523,2013-12-04 17:00:00
69524,2013-12-04 16:00:00
69525,2013-12-04 15:00:00
69526,2013-12-04 14:00:00
69527,2013-12-04 13:00:00
69528,2013-12-04 12:00:00
69529,2013-12-04 11:00:00
69530,2013-12-04 10:00:00
69531,2013-12-04 09:00:00
69532,2013-12-04 08:00:00
69533,2013-12-04 07:00:00
69534,2013-12-04 06:00:00
69535,2013-12-04 05:00:00
69536,2013-12-04 04:00:00
69537,2013-12-04 03:00:00
69538,2013-12-04 02:00:00
69539,2013-12-04 01:00:00
69540,2013-12-04 00:00:00
69541,2013-12-03 23:00:00
69542,2013-12-03 22:00:00
69543,2013-12-03 21:00:00
69544,2013-12-03 20:00:00
69545,2013-12-03 19:00:00
69546,2014-01-31 11:00:00
69547,2014-01-31 10:00:00
69548,2014-01-31 09:00:00
69596,2014-11-02 18:00:00
69597,2014-11-02 17:00:00
69598,2014-11-02 16:00:00
69599,2014-11-02 15:00:00
69600,2014-11-02 14:00:00
69601,2014-11-02 13:00:00
69602,2014-11-02 12:00:00
69603,2014-11-02 11:00:00
69759,2015-11-04 19:00:00
69760,2015-11-04 18:00:00
69940,2016-12-20 15:00:00
69941,2016-12-20 14:00:00
69942,2016-12-20 13:00:00
69943,2016-12-20 12:00:00
69944,2016-12-20 11:00:00
69945,2016-12-20 10:00:00
69946,2016-12-20 09:00:00
69947,2016-12-20 08:00:00
69948,2016-12-20 07:00:00
69949,2016-12-20 06:00:00
69950,2016-12-20 05:00:00
69951,2016-12-20 04:00:00
69952,2016-12-20 03:00:00
69953,2016-12-20 02:00:00
69954,2016-12-20 01:00:00
70028,2018-02-19 19:00:00
70029,2018-02-19 18:00:00
70030,2018-02-19 17:00:00
70031,2018-02-19 16:00:00
70032,2018-02-19 15:00:00
70033,2018-02-19 14:00:00
70034,2018-02-19 13:00:00
70035,2018-02-19 12:00:00
70036,2018-02-19 11:00:00
70037,2018-02-19 10:00:00
70038,2018-02-19 09:00:00
70039,2018-02-19 08:00:00
70040,2018-02-19 07:00:00
70041,2018-02-19 06:00:00
70042,2018-02-19 05:00:00
70043,2018-02-19 04:00:00
70044,2018-02-19 03:00:00
70045,2018-02-19 02:00:00
70046,2018-02-19 01:00:00
70047,2018-02-19 00:00:00
70048,2018-02-18 23:00:00
70049,2018-02-18 22:00:00
70050,2018-02-18 21:00:00
70051,2018-02-18 20:00:00
70052,2018-02-18 19:00:00
70053,2018-02-18 18:00:00
70054,2018-02-18 17:00:00
70055,2018-02-18 16:00:00
70056,2018-02-18 15:00:00
70057,2018-02-18 14:00:00
70058,2018-02-18 13:00:00
70059,2018-02-18 12:00:00
70060,2018-02-18 11:00:00
70061,2018-02-18 10:00:00
70062,2018-02-18 09:00:00
70063,2018-02-18 08:00:00
70064,2018-02-18 07:00:00
70108,2019-03-12 16:00:00
70163,2020-03-13 18:00:00
70164,2020-03-13 17:00:00
70165,2020-03-13 16:00:00
70166,2020-03-13 15:00:00
70167,2020-03-13 14:00:00
70168,2020-03-13 13:00:00
70169,2020-03-13 12:00:00
70170,2020-03-13 11:00:00
70171,2020-03-13 10:00:00
70172,2020-03-13 09:00:00
70173,2020-03-13 08:00:00
70174,2020-03-13 07:00:00
70175,2020-03-13 06:00:00
70176,2020-03-13 05:00:00
70177,2020-03-13 04:00:00
70185,2020-10-25 15:00:00
70186,2020-10-25 14:00:00
70187,2020-10-25 13:00:00
70188,2020-10-25 12:00:00
70189,2020-10-25 11:00:00
70190,2020-10-25 10:00:00
70191,2020-10-25 09:00:00
70192,2020-10-25 08:00:00
70193,2020-10-25 07:00:00
70194,2020-10-25 06:00:00
70195,2020-10-25 05:00:00
70196,2020-10-25 04:00:00
70197,2020-10-25 03:00:00
70198,2020-10-25 02:00:00
70199,2020-10-25 01:00:00
70200,2020-10-25 00:00:00
70201,2020-10-24 23:00:00
70202,2020-10-24 22:00:00
70203,2020-10-24 21:00:00
70204,2020-10-24 20:00:00
70205,2020-10-24 19:00:00
70206,2020-10-24 18:00:00
70207,2020-10-24 17:00:00
70208,2020-10-24 16:00:00
70209,2020-10-24 15:00:00
70210,2020-10-24 14:00:00
70211,2020-10-24 13:00:00
70212,2020-10-24 12:00:00
70213,2020-10-24 11:00:00
70214,2020-10-24 10:00:00
70215,2020-10-24 09:00:00
70216,2020-10-24 08:00:00
70217,2020-10-24 07:00:00
70218,2020-10-24 06:00:00
70219,2020-10-24 05:00:00
70220,2020-10-24 04:00:00
70221,2020-10-24 03:00:00
70222,2020-10-24 02:00:00
70223,2020-10-24 01:00:00
70224,2020-10-24 00:00:00
70225,2020-10-23 23:00:00
70226,2020-10-23 22:00:00
70227,2020-10-23 21:00:00
70228,2020-10-23 20:00:00
70229,2020-10-23 19:00:00
70230,2020-10-23 18:00:00
70231,2020-10-23 17:00:00
70232,2020-10-23 16:00:00
70233,2020-10-23 15:00:00
70537,2023-02-22 15:00:00
70548,2023-02-22 04:00:00
70549,2023-02-22 03:00:00
70550,2023-02-22 02:00:00
70606,2023-03-22 19:00:00
70607,2023-03-22 18:00:00
70608,2023-03-22 17:00:00
70623,2023-10-02 19:00:00
70624,2023-10-02 18:00:00
70690,2017-03-23 14:00:00
70691,2017-03-23 13:00:00
70692,2017-03-23 12:00:00
70809,2000-10-26 01:00:00
70849,2003-03-17 16:00:00
70863,2003-03-17 18:00:00
70864,2003-03-17 17:00:00
