,datetime
0,2003-02-26 00:00:00
1,2003-02-25 23:00:00
2,2003-02-25 22:00:00
3,2003-02-25 21:00:00
4,2003-02-25 20:00:00
5,2003-02-25 19:00:00
6,2003-02-25 18:00:00
7,2003-02-25 17:00:00
8,2003-02-25 16:00:00
9,2003-02-28 00:00:00
10,2003-02-27 23:00:00
11,2003-02-27 22:00:00
12,2003-02-27 21:00:00
13,2003-02-27 20:00:00
14,2003-02-27 19:00:00
15,2003-02-27 18:00:00
16,2003-02-27 17:00:00
17,2003-02-27 16:00:00
18,2003-02-27 15:00:00
19,2003-02-27 14:00:00
20,2003-03-17 00:00:00
21,2003-03-16 23:00:00
22,2003-03-16 22:00:00
23,2003-03-16 21:00:00
24,2003-03-16 20:00:00
25,2003-03-16 19:00:00
26,2003-03-16 18:00:00
27,2003-03-16 17:00:00
28,2003-03-16 16:00:00
29,2003-03-16 15:00:00
30,2003-03-16 14:00:00
31,2003-09-10 00:00:00
32,2003-09-09 23:00:00
33,2003-09-09 22:00:00
34,2003-09-09 21:00:00
35,2003-09-09 20:00:00
36,2003-09-09 19:00:00
37,2003-09-09 18:00:00
38,2003-09-09 17:00:00
39,2003-11-13 00:00:00
40,2003-11-12 23:00:00
41,2003-11-12 22:00:00
42,2003-11-12 21:00:00
43,2003-11-12 20:00:00
44,2003-11-12 19:00:00
45,2003-11-12 18:00:00
46,2003-11-12 17:00:00
47,2003-11-12 16:00:00
48,2003-11-12 15:00:00
49,2003-11-12 14:00:00
50,2003-11-12 13:00:00
51,2003-11-12 12:00:00
52,2003-11-12 11:00:00
53,2003-11-12 10:00:00
54,2003-11-12 09:00:00
55,2003-11-12 08:00:00
56,2003-11-12 07:00:00
57,2003-11-12 06:00:00
58,2003-11-12 05:00:00
59,2003-11-12 04:00:00
60,2003-11-12 03:00:00
61,2003-11-12 02:00:00
62,2003-11-12 01:00:00
63,2003-11-12 00:00:00
64,2003-11-11 23:00:00
65,2003-11-11 22:00:00
66,2003-11-11 21:00:00
67,2003-11-11 20:00:00
68,2004-01-03 00:00:00
69,2004-01-02 23:00:00
70,2004-01-02 22:00:00
71,2004-01-02 21:00:00
72,2004-01-02 20:00:00
73,2004-01-02 19:00:00
74,2004-01-02 18:00:00
75,2004-01-02 17:00:00
76,2004-01-02 16:00:00
77,2004-04-04 00:00:00
78,2004-04-03 23:00:00
79,2004-04-03 22:00:00
80,2004-04-03 21:00:00
81,2004-04-03 20:00:00
82,2004-04-03 19:00:00
83,2004-04-03 18:00:00
84,2004-09-05 00:00:00
85,2004-09-04 23:00:00
86,2004-09-04 22:00:00
87,2004-09-04 21:00:00
88,2004-09-04 20:00:00
89,2004-09-04 19:00:00
90,2004-09-04 18:00:00
91,2004-09-04 17:00:00
92,2004-09-04 16:00:00
93,2004-09-04 15:00:00
94,2004-09-04 14:00:00
95,2004-12-30 00:00:00
96,2004-12-29 23:00:00
97,2004-12-29 22:00:00
98,2004-12-29 21:00:00
99,2004-12-29 20:00:00
100,2005-01-05 00:00:00
101,2005-01-04 23:00:00
102,2005-01-04 22:00:00
103,2005-01-04 21:00:00
104,2005-01-04 20:00:00
105,2005-01-04 19:00:00
106,2005-01-04 18:00:00
107,2005-01-04 17:00:00
108,2005-01-04 16:00:00
109,2005-01-10 00:00:00
110,2005-01-09 23:00:00
111,2005-01-09 22:00:00
112,2005-01-09 21:00:00
113,2005-01-09 20:00:00
114,2005-01-09 19:00:00
115,2005-01-09 18:00:00
116,2005-01-09 17:00:00
117,2005-01-09 16:00:00
118,2005-01-09 15:00:00
119,2005-01-12 00:00:00
120,2005-01-11 23:00:00
121,2005-01-11 22:00:00
122,2005-01-11 21:00:00
123,2005-01-11 20:00:00
124,2005-02-12 00:00:00
125,2005-02-11 23:00:00
126,2005-02-11 22:00:00
127,2005-02-11 21:00:00
128,2005-02-11 20:00:00
129,2005-02-11 19:00:00
130,2005-02-11 18:00:00
131,2005-04-25 00:00:00
132,2005-04-24 23:00:00
133,2005-04-24 22:00:00
134,2005-04-24 21:00:00
135,2005-04-24 20:00:00
136,2005-04-24 19:00:00
137,2005-04-24 18:00:00
138,2005-04-24 17:00:00
139,2005-04-24 16:00:00
140,2005-04-24 15:00:00
141,2005-04-24 14:00:00
142,2005-09-29 00:00:00
143,2005-09-28 23:00:00
144,2005-09-28 22:00:00
145,2005-09-28 21:00:00
146,2005-09-28 20:00:00
147,2005-09-28 19:00:00
148,2005-09-28 18:00:00
149,2005-09-28 17:00:00
150,2005-09-28 16:00:00
151,2005-09-28 15:00:00
152,2005-09-28 14:00:00
153,2005-09-28 13:00:00
154,2005-09-28 12:00:00
155,2005-09-28 11:00:00
156,2005-09-28 10:00:00
157,2005-09-28 09:00:00
158,2005-09-28 08:00:00
159,2005-09-28 07:00:00
160,2005-09-30 00:00:00
161,2005-09-29 23:00:00
162,2005-09-29 22:00:00
163,2005-09-29 21:00:00
164,2005-09-29 20:00:00
165,2005-09-29 19:00:00
166,2005-09-29 18:00:00
167,2005-09-29 17:00:00
168,2005-09-29 16:00:00
169,2005-09-29 15:00:00
170,2005-09-29 14:00:00
171,2005-09-29 13:00:00
172,2005-09-29 12:00:00
173,2005-09-29 11:00:00
174,2005-09-29 10:00:00
175,2005-09-29 09:00:00
176,2005-09-29 08:00:00
177,2005-09-29 07:00:00
178,2005-09-29 06:00:00
179,2005-09-29 05:00:00
180,2005-09-29 04:00:00
181,2005-09-29 03:00:00
182,2005-09-29 02:00:00
183,2005-09-29 01:00:00
202,2005-09-28 06:00:00
203,2005-09-28 05:00:00
204,2005-09-28 04:00:00
205,2005-09-28 03:00:00
206,2007-09-23 00:00:00
207,2007-09-22 23:00:00
208,2007-09-22 22:00:00
209,2007-09-22 21:00:00
210,2007-09-22 20:00:00
211,2007-09-22 19:00:00
212,2007-09-22 18:00:00
213,2007-09-22 17:00:00
214,2007-09-22 16:00:00
215,2007-09-24 00:00:00
216,2007-09-23 23:00:00
217,2007-09-23 22:00:00
218,2007-09-23 21:00:00
219,2007-09-23 20:00:00
220,2007-09-23 19:00:00
221,2007-09-23 18:00:00
222,2007-12-01 00:00:00
223,2007-11-30 23:00:00
224,2007-11-30 22:00:00
225,2007-11-30 21:00:00
226,2007-11-30 20:00:00
227,2007-11-30 19:00:00
228,2007-12-02 00:00:00
229,2007-12-01 23:00:00
230,2007-12-01 22:00:00
231,2007-12-01 21:00:00
232,2007-12-01 20:00:00
233,2007-12-01 19:00:00
234,2007-12-08 00:00:00
235,2007-12-07 23:00:00
236,2007-12-07 22:00:00
237,2007-12-07 21:00:00
238,2007-12-07 20:00:00
239,2007-12-07 19:00:00
240,2008-01-06 00:00:00
241,2008-01-05 23:00:00
242,2008-01-05 22:00:00
243,2008-01-05 21:00:00
244,2008-01-05 20:00:00
245,2008-01-05 19:00:00
246,2008-01-05 18:00:00
247,2008-01-05 17:00:00
248,2008-01-28 00:00:00
249,2008-01-27 23:00:00
250,2008-01-27 22:00:00
251,2008-01-27 21:00:00
252,2008-01-27 20:00:00
253,2008-01-27 19:00:00
254,2008-02-04 00:00:00
255,2008-02-03 23:00:00
256,2008-02-03 22:00:00
257,2008-02-03 21:00:00
258,2008-02-03 20:00:00
259,2008-10-05 00:00:00
260,2008-10-04 23:00:00
261,2008-10-04 22:00:00
262,2008-10-04 21:00:00
263,2008-10-04 20:00:00
264,2008-10-04 19:00:00
265,2008-12-16 00:00:00
266,2008-12-15 23:00:00
267,2008-12-15 22:00:00
268,2008-12-15 21:00:00
269,2008-12-15 20:00:00
270,2008-12-15 19:00:00
271,2008-12-15 18:00:00
272,2009-12-08 00:00:00
273,2009-12-07 23:00:00
274,2009-12-07 22:00:00
275,2009-12-07 21:00:00
276,2009-12-07 20:00:00
277,2009-12-07 19:00:00
278,2010-01-22 00:00:00
279,2010-01-21 23:00:00
280,2010-01-21 22:00:00
281,2010-01-21 21:00:00
282,2010-01-21 20:00:00
283,2010-09-23 00:00:00
284,2010-09-22 23:00:00
285,2010-09-22 22:00:00
286,2010-09-22 21:00:00
287,2010-09-22 20:00:00
288,2010-09-22 19:00:00
289,2010-09-22 18:00:00
290,2010-09-22 17:00:00
291,2010-09-22 16:00:00
292,2011-04-25 00:00:00
293,2011-04-24 23:00:00
294,2011-04-24 22:00:00
295,2011-04-24 21:00:00
296,2011-04-24 20:00:00
297,2011-04-24 19:00:00
298,2011-04-24 18:00:00
299,2011-04-24 17:00:00
300,2011-04-24 16:00:00
301,2011-04-24 15:00:00
302,2011-04-24 14:00:00
303,2011-04-24 13:00:00
304,2011-04-24 12:00:00
305,2011-04-24 11:00:00
306,2011-05-19 00:00:00
307,2011-05-18 23:00:00
308,2011-05-18 22:00:00
309,2011-05-18 21:00:00
310,2011-05-18 20:00:00
311,2011-05-18 19:00:00
312,2011-05-18 18:00:00
313,2011-05-18 17:00:00
314,2011-10-05 00:00:00
315,2011-10-04 23:00:00
316,2011-10-04 22:00:00
317,2011-10-04 21:00:00
318,2011-10-04 20:00:00
319,2011-10-04 19:00:00
320,2011-10-04 18:00:00
321,2011-10-04 17:00:00
322,2011-10-04 16:00:00
323,2011-10-04 15:00:00
324,2011-10-07 00:00:00
325,2011-10-06 23:00:00
326,2011-10-06 22:00:00
327,2011-10-06 21:00:00
328,2011-10-06 20:00:00
329,2011-10-06 19:00:00
330,2011-10-06 18:00:00
331,2011-10-06 17:00:00
332,2011-10-06 16:00:00
333,2011-10-06 15:00:00
334,2012-12-15 00:00:00
335,2012-12-14 23:00:00
336,2012-12-14 22:00:00
337,2012-12-14 21:00:00
338,2012-12-14 20:00:00
339,2012-12-14 19:00:00
340,2012-12-14 18:00:00
341,2012-12-14 17:00:00
342,2012-12-14 16:00:00
343,2013-01-27 00:00:00
344,2013-01-26 23:00:00
345,2013-01-26 22:00:00
346,2013-01-26 21:00:00
347,2013-01-26 20:00:00
348,2013-01-26 19:00:00
349,2013-01-26 18:00:00
350,2013-09-23 00:00:00
351,2013-09-22 23:00:00
352,2013-09-22 22:00:00
353,2013-09-22 21:00:00
354,2013-09-22 20:00:00
355,2013-09-22 19:00:00
356,2013-10-11 00:00:00
357,2013-10-10 23:00:00
358,2013-10-10 22:00:00
359,2013-10-10 21:00:00
360,2013-10-10 20:00:00
361,2013-10-10 19:00:00
362,2013-10-10 18:00:00
363,2013-10-10 17:00:00
364,2013-10-10 16:00:00
365,2013-10-10 15:00:00
366,2013-10-10 14:00:00
367,2014-04-27 00:00:00
368,2014-04-26 23:00:00
369,2014-04-26 22:00:00
370,2014-04-26 21:00:00
371,2014-04-26 20:00:00
372,2014-04-26 19:00:00
373,2014-04-26 18:00:00
374,2014-09-29 00:00:00
375,2014-09-28 23:00:00
376,2014-09-28 22:00:00
377,2014-09-28 21:00:00
378,2014-09-28 20:00:00
379,2014-09-28 19:00:00
380,2015-02-23 00:00:00
381,2015-02-22 23:00:00
382,2015-02-22 22:00:00
383,2015-02-22 21:00:00
384,2015-02-22 20:00:00
385,2015-02-22 19:00:00
386,2015-02-22 18:00:00
387,2015-02-22 17:00:00
388,2015-02-22 16:00:00
389,2015-02-22 15:00:00
390,2015-02-22 14:00:00
391,2015-06-06 00:00:00
392,2015-06-05 23:00:00
393,2015-06-05 22:00:00
394,2015-06-05 21:00:00
395,2015-06-05 20:00:00
396,2015-06-05 19:00:00
397,2015-06-05 18:00:00
398,2015-11-16 00:00:00
399,2015-11-15 23:00:00
400,2015-11-15 22:00:00
401,2015-11-15 21:00:00
402,2015-11-15 20:00:00
403,2015-11-15 19:00:00
404,2015-11-15 18:00:00
405,2015-11-15 17:00:00
406,2015-11-15 16:00:00
407,2015-11-15 15:00:00
408,2015-11-15 14:00:00
409,2015-12-23 00:00:00
410,2015-12-22 23:00:00
411,2015-12-22 22:00:00
412,2015-12-22 21:00:00
413,2015-12-22 20:00:00
414,2015-12-22 19:00:00
415,2015-12-22 18:00:00
416,2015-12-22 17:00:00
417,2016-11-22 00:00:00
418,2016-11-21 23:00:00
419,2016-11-21 22:00:00
420,2016-11-21 21:00:00
421,2016-11-21 20:00:00
422,2016-11-21 19:00:00
423,2016-11-21 18:00:00
424,2016-12-23 00:00:00
425,2016-12-22 23:00:00
426,2016-12-22 22:00:00
427,2016-12-22 21:00:00
428,2016-12-22 20:00:00
429,2016-12-22 19:00:00
430,2016-12-22 18:00:00
431,2017-01-06 00:00:00
432,2017-01-05 23:00:00
433,2017-01-05 22:00:00
434,2017-01-05 21:00:00
435,2017-01-05 20:00:00
436,2017-01-05 19:00:00
437,2017-01-05 18:00:00
438,2017-01-05 17:00:00
439,2017-02-28 00:00:00
440,2017-02-27 23:00:00
441,2017-02-27 22:00:00
442,2017-02-27 21:00:00
443,2017-02-27 20:00:00
444,2017-02-27 19:00:00
445,2017-02-27 18:00:00
446,2017-02-27 17:00:00
447,2017-02-27 16:00:00
448,2017-05-10 00:00:00
449,2017-05-09 23:00:00
450,2017-05-09 22:00:00
451,2017-05-09 21:00:00
452,2017-05-09 20:00:00
453,2017-05-09 19:00:00
454,2017-05-09 18:00:00
455,2017-05-09 17:00:00
456,2017-05-09 16:00:00
457,2017-05-09 15:00:00
458,2017-05-09 14:00:00
459,2017-05-09 13:00:00
460,2017-05-09 12:00:00
461,2017-05-09 11:00:00
462,2017-05-09 10:00:00
463,2019-02-15 00:00:00
464,2019-02-14 23:00:00
465,2019-02-14 22:00:00
466,2019-02-14 21:00:00
467,2019-02-14 20:00:00
468,2019-02-14 19:00:00
469,2019-02-14 18:00:00
470,2019-02-14 17:00:00
471,2019-02-14 16:00:00
472,2019-03-12 00:00:00
473,2019-03-11 23:00:00
474,2019-03-11 22:00:00
475,2019-03-11 21:00:00
476,2019-03-11 20:00:00
477,2019-03-11 19:00:00
478,2019-03-11 18:00:00
479,2019-03-11 17:00:00
480,2019-03-13 00:00:00
481,2019-03-12 23:00:00
482,2019-03-12 22:00:00
483,2019-03-12 21:00:00
484,2019-03-12 20:00:00
485,2019-03-12 19:00:00
486,2019-03-12 18:00:00
487,2019-03-12 17:00:00
488,2019-03-12 16:00:00
489,2019-03-12 15:00:00
490,2019-03-12 14:00:00
491,2019-03-12 13:00:00
492,2019-03-12 12:00:00
493,2019-03-12 11:00:00
494,2019-05-21 00:00:00
495,2019-05-20 23:00:00
496,2019-05-20 22:00:00
497,2019-05-20 21:00:00
498,2019-05-20 20:00:00
499,2019-05-20 19:00:00
500,2019-05-20 18:00:00
501,2019-05-20 17:00:00
502,2019-05-20 16:00:00
503,2019-05-20 15:00:00
504,2019-05-20 14:00:00
505,2019-05-20 13:00:00
506,2019-05-20 12:00:00
507,2019-05-20 11:00:00
508,2019-05-20 10:00:00
509,2019-05-20 09:00:00
510,2019-05-20 08:00:00
511,2019-05-20 07:00:00
512,2020-03-19 00:00:00
513,2020-03-18 23:00:00
514,2020-03-18 22:00:00
515,2020-03-18 21:00:00
516,2020-03-18 20:00:00
517,2020-03-18 19:00:00
518,2020-03-18 18:00:00
519,2020-03-18 17:00:00
520,2021-12-10 00:00:00
521,2021-12-09 23:00:00
522,2021-12-09 22:00:00
523,2021-12-09 21:00:00
524,2021-12-09 20:00:00
525,2021-12-09 19:00:00
526,2021-12-25 00:00:00
527,2021-12-24 23:00:00
528,2021-12-24 22:00:00
529,2021-12-24 21:00:00
530,2021-12-24 20:00:00
531,2021-12-24 19:00:00
532,2023-01-02 00:00:00
533,2023-01-01 23:00:00
534,2023-01-01 22:00:00
535,2023-01-01 21:00:00
536,2023-01-01 20:00:00
537,2023-01-17 00:00:00
538,2023-01-16 23:00:00
539,2023-01-16 22:00:00
540,2023-01-16 21:00:00
541,2023-01-16 20:00:00
542,2023-01-16 19:00:00
543,2023-01-16 18:00:00
544,2023-03-16 00:00:00
545,2023-03-15 23:00:00
546,2023-03-15 22:00:00
547,2023-03-15 21:00:00
548,2023-03-15 20:00:00
549,2023-03-15 19:00:00
550,2023-03-15 18:00:00
551,2023-03-15 17:00:00
552,2023-03-22 00:00:00
553,2023-03-21 23:00:00
554,2023-03-21 22:00:00
555,2023-03-21 21:00:00
556,2023-03-21 20:00:00
557,2023-03-21 19:00:00
558,2002-09-11 00:00:00
559,2002-09-10 23:00:00
560,2002-09-10 22:00:00
561,2002-09-10 21:00:00
562,2002-09-10 20:00:00
563,2002-09-10 19:00:00
564,2002-09-10 18:00:00
565,2002-09-10 17:00:00
566,2002-09-10 16:00:00
567,2002-09-10 15:00:00
568,2002-09-10 14:00:00
569,2002-09-10 13:00:00
570,2002-09-10 12:00:00
571,2002-09-10 11:00:00
572,2002-09-10 10:00:00
573,2002-09-10 09:00:00
582,2003-09-09 16:00:00
612,2003-11-11 19:00:00
613,2003-11-11 18:00:00
614,2003-11-11 17:00:00
626,2007-11-30 18:00:00
644,2008-01-27 18:00:00
651,2008-10-04 18:00:00
671,2011-04-24 10:00:00
672,2011-04-24 09:00:00
673,2011-04-24 08:00:00
681,2014-03-02 00:00:00
682,2014-03-01 23:00:00
683,2014-03-01 22:00:00
684,2014-03-01 21:00:00
685,2014-03-01 20:00:00
686,2014-03-01 19:00:00
687,2014-03-01 18:00:00
688,2014-03-01 17:00:00
689,2014-03-01 16:00:00
690,2014-03-01 15:00:00
691,2014-03-01 14:00:00
692,2014-03-01 13:00:00
693,2014-03-01 12:00:00
700,2014-09-28 18:00:00
721,2017-01-05 16:00:00
730,2017-09-28 00:00:00
731,2017-09-27 23:00:00
732,2017-09-27 22:00:00
733,2017-09-27 21:00:00
734,2017-09-27 20:00:00
735,2017-09-27 19:00:00
736,2017-09-27 18:00:00
737,2017-09-27 17:00:00
738,2017-09-27 16:00:00
739,2017-09-27 15:00:00
740,2017-09-27 14:00:00
750,2019-02-14 15:00:00
751,2019-02-14 14:00:00
752,2019-02-14 13:00:00
753,2019-02-14 12:00:00
754,2019-02-14 11:00:00
763,2019-03-11 16:00:00
764,2019-03-11 15:00:00
765,2019-03-11 14:00:00
807,2021-12-09 18:00:00
814,2022-12-28 00:00:00
815,2022-12-27 23:00:00
816,2022-12-27 22:00:00
817,2022-12-27 21:00:00
818,2022-12-27 20:00:00
819,2022-12-27 19:00:00
820,2022-12-27 18:00:00
821,2022-12-27 17:00:00
822,2022-12-27 16:00:00
823,2022-12-26 09:00:00
824,2022-12-26 08:00:00
825,2022-12-26 07:00:00
826,2022-12-26 06:00:00
827,2022-12-26 05:00:00
828,2022-12-26 04:00:00
829,2022-12-26 03:00:00
830,2022-12-26 02:00:00
831,2022-12-26 01:00:00
850,2000-01-26 00:00:00
851,2000-01-25 23:00:00
852,2000-01-25 22:00:00
853,2000-01-25 21:00:00
854,2000-01-25 20:00:00
855,2000-01-25 19:00:00
856,2000-01-25 18:00:00
857,2000-01-25 17:00:00
858,2000-01-25 16:00:00
859,2000-01-25 15:00:00
860,2000-01-25 14:00:00
861,2000-01-25 13:00:00
862,2000-01-25 12:00:00
863,2000-01-25 11:00:00
864,2000-01-25 10:00:00
865,2000-01-25 09:00:00
866,2000-01-25 08:00:00
867,2000-05-09 00:00:00
868,2000-05-08 23:00:00
869,2000-05-08 22:00:00
870,2000-05-08 21:00:00
871,2002-10-03 00:00:00
872,2002-10-02 23:00:00
873,2002-10-02 22:00:00
874,2002-10-02 21:00:00
875,2002-10-02 20:00:00
876,2002-10-02 19:00:00
877,2002-10-02 18:00:00
878,2002-10-02 17:00:00
879,2002-10-02 16:00:00
880,2002-10-02 15:00:00
881,2002-10-02 14:00:00
882,2002-10-02 13:00:00
883,2002-10-02 12:00:00
884,2002-10-02 11:00:00
885,2002-10-02 10:00:00
886,2002-10-02 09:00:00
887,2002-10-02 08:00:00
888,2002-11-09 00:00:00
889,2002-11-08 23:00:00
890,2002-11-08 22:00:00
891,2002-11-08 21:00:00
892,2002-11-08 20:00:00
893,2002-11-08 19:00:00
894,2002-11-08 18:00:00
895,2002-11-08 17:00:00
896,2002-11-08 16:00:00
897,2002-11-08 15:00:00
907,2003-09-09 15:00:00
908,2003-09-09 14:00:00
909,2003-09-09 13:00:00
910,2003-09-09 12:00:00
911,2003-09-09 11:00:00
921,2004-01-02 15:00:00
922,2004-01-02 14:00:00
923,2004-01-02 13:00:00
924,2004-01-02 12:00:00
925,2004-01-02 11:00:00
926,2004-01-02 10:00:00
927,2004-01-02 09:00:00
928,2004-01-02 08:00:00
929,2004-01-02 07:00:00
930,2004-01-02 06:00:00
931,2004-01-02 05:00:00
932,2004-02-28 00:00:00
933,2004-02-27 23:00:00
934,2004-02-27 22:00:00
935,2004-02-27 21:00:00
936,2004-02-27 20:00:00
937,2004-02-27 19:00:00
938,2004-02-27 18:00:00
939,2004-02-27 17:00:00
940,2004-02-27 16:00:00
941,2004-09-20 00:00:00
942,2004-09-19 23:00:00
943,2004-09-19 22:00:00
944,2004-09-19 21:00:00
945,2004-09-19 20:00:00
946,2004-09-19 19:00:00
947,2004-09-19 18:00:00
948,2004-09-19 17:00:00
949,2004-09-21 00:00:00
950,2004-09-20 23:00:00
951,2004-09-20 22:00:00
952,2004-09-20 21:00:00
953,2004-09-20 20:00:00
954,2004-09-20 19:00:00
955,2004-09-20 18:00:00
956,2004-09-20 17:00:00
957,2004-09-20 16:00:00
958,2004-09-20 15:00:00
959,2004-09-20 14:00:00
960,2004-09-20 13:00:00
961,2004-09-20 12:00:00
962,2004-09-20 11:00:00
963,2004-10-29 00:00:00
964,2004-10-28 23:00:00
965,2004-10-28 22:00:00
966,2004-10-28 21:00:00
967,2004-10-28 20:00:00
968,2004-10-28 19:00:00
969,2004-10-28 18:00:00
970,2004-10-28 17:00:00
971,2004-10-28 16:00:00
972,2004-10-28 15:00:00
973,2004-10-28 14:00:00
979,2004-12-29 19:00:00
980,2004-12-29 18:00:00
981,2005-01-11 00:00:00
982,2005-01-10 23:00:00
983,2005-01-10 22:00:00
984,2005-01-10 21:00:00
985,2005-01-10 20:00:00
986,2005-01-10 19:00:00
987,2005-01-10 18:00:00
988,2005-01-10 17:00:00
989,2005-01-10 16:00:00
990,2005-01-10 15:00:00
991,2005-01-10 14:00:00
997,2005-01-11 19:00:00
998,2005-01-11 18:00:00
999,2005-01-11 17:00:00
1000,2005-12-03 00:00:00
1001,2005-12-02 23:00:00
1002,2005-12-02 22:00:00
1003,2005-12-02 21:00:00
1004,2005-12-02 20:00:00
1005,2005-12-02 19:00:00
1006,2005-12-02 18:00:00
1007,2005-12-02 17:00:00
1008,2005-12-02 16:00:00
1009,2005-12-02 15:00:00
1010,2006-03-30 00:00:00
1011,2006-03-29 23:00:00
1012,2006-03-29 22:00:00
1013,2006-03-29 21:00:00
1014,2006-03-29 20:00:00
1015,2006-03-29 19:00:00
1016,2006-03-29 18:00:00
1017,2006-03-29 17:00:00
1018,2006-03-29 16:00:00
1019,2006-03-29 15:00:00
1020,2006-09-23 00:00:00
1021,2006-09-22 23:00:00
1022,2006-09-22 22:00:00
1023,2006-09-22 21:00:00
1031,2007-09-23 17:00:00
1032,2007-09-23 16:00:00
1033,2007-09-23 15:00:00
1034,2007-09-23 14:00:00
1035,2007-09-23 13:00:00
1036,2007-09-23 12:00:00
1037,2007-09-23 11:00:00
1038,2007-10-02 00:00:00
1039,2007-10-01 23:00:00
1040,2007-10-01 22:00:00
1041,2007-10-01 21:00:00
1042,2007-10-01 20:00:00
1043,2007-10-01 19:00:00
1044,2007-10-01 18:00:00
1045,2007-10-01 17:00:00
1046,2007-10-01 16:00:00
1047,2007-10-01 15:00:00
1048,2007-10-01 14:00:00
1049,2007-10-01 13:00:00
1050,2007-10-01 12:00:00
1051,2007-10-01 11:00:00
1052,2007-10-01 10:00:00
1053,2007-10-01 09:00:00
1054,2007-10-01 08:00:00
1062,2007-11-30 17:00:00
1063,2007-11-30 16:00:00
1064,2007-11-30 15:00:00
1071,2007-12-01 18:00:00
1072,2007-12-01 17:00:00
1073,2007-12-01 16:00:00
1074,2007-12-01 15:00:00
1081,2007-12-07 18:00:00
1082,2007-12-07 17:00:00
1083,2007-12-07 16:00:00
1084,2007-12-07 15:00:00
1085,2007-12-07 14:00:00
1086,2008-04-10 00:00:00
1087,2008-04-09 23:00:00
1088,2008-04-09 22:00:00
1089,2008-04-09 21:00:00
1090,2008-04-09 20:00:00
1091,2008-04-09 19:00:00
1092,2008-04-09 18:00:00
1093,2008-04-09 17:00:00
1094,2008-04-09 16:00:00
1095,2008-04-09 15:00:00
1096,2008-04-09 14:00:00
1097,2008-04-09 13:00:00
1098,2008-04-09 12:00:00
1099,2008-04-09 11:00:00
1107,2008-10-04 17:00:00
1108,2008-10-04 16:00:00
1109,2008-12-26 00:00:00
1110,2008-12-25 23:00:00
1111,2008-12-25 22:00:00
1112,2008-12-25 21:00:00
1113,2008-12-25 20:00:00
1114,2008-12-25 19:00:00
1115,2008-12-25 18:00:00
1116,2008-12-25 17:00:00
1123,2009-12-07 18:00:00
1124,2009-12-07 17:00:00
1125,2009-12-07 16:00:00
1126,2009-12-07 15:00:00
1132,2010-01-21 19:00:00
1133,2010-01-21 18:00:00
1134,2010-01-21 17:00:00
1135,2010-01-21 16:00:00
1136,2010-01-21 15:00:00
1137,2010-01-21 14:00:00
1138,2010-01-21 13:00:00
1139,2010-01-21 12:00:00
1140,2010-01-21 11:00:00
1141,2010-01-21 10:00:00
1142,2010-01-21 09:00:00
1143,2010-01-21 08:00:00
1144,2010-01-21 07:00:00
1145,2010-12-20 00:00:00
1146,2010-12-19 23:00:00
1147,2010-12-19 22:00:00
1148,2010-12-19 21:00:00
1149,2010-12-19 20:00:00
1150,2010-12-19 19:00:00
1151,2010-12-19 18:00:00
1152,2010-12-19 17:00:00
1153,2010-12-19 16:00:00
1154,2010-12-19 15:00:00
1155,2010-12-19 14:00:00
1156,2010-12-21 00:00:00
1157,2010-12-20 23:00:00
1158,2010-12-20 22:00:00
1159,2010-12-20 21:00:00
1160,2010-12-20 20:00:00
1161,2010-12-20 19:00:00
1162,2010-12-20 18:00:00
1163,2010-12-20 17:00:00
1164,2010-12-22 00:00:00
1165,2010-12-21 23:00:00
1166,2010-12-21 22:00:00
1167,2010-12-21 21:00:00
1168,2010-12-21 20:00:00
1169,2010-12-21 19:00:00
1170,2010-12-21 18:00:00
1171,2010-12-21 17:00:00
1172,2010-12-21 16:00:00
1173,2010-12-21 15:00:00
1174,2010-12-21 14:00:00
1185,2011-12-14 00:00:00
1186,2011-12-13 23:00:00
1187,2011-12-13 22:00:00
1188,2011-12-13 21:00:00
1189,2011-12-13 20:00:00
1190,2011-12-13 19:00:00
1191,2011-12-13 18:00:00
1192,2011-12-13 17:00:00
1193,2011-12-13 16:00:00
1194,2011-12-13 15:00:00
1195,2011-12-13 14:00:00
1196,2011-12-13 13:00:00
1197,2011-12-13 12:00:00
1198,2011-12-13 11:00:00
1199,2011-12-13 10:00:00
1200,2011-12-13 09:00:00
1201,2011-12-13 08:00:00
1202,2011-12-13 07:00:00
1203,2012-01-22 00:00:00
1204,2012-01-21 23:00:00
1205,2012-01-21 22:00:00
1206,2012-01-21 21:00:00
1207,2012-01-21 20:00:00
1208,2012-01-21 19:00:00
1209,2012-01-21 18:00:00
1210,2012-10-13 00:00:00
1211,2012-10-12 23:00:00
1212,2012-10-12 22:00:00
1213,2012-10-12 21:00:00
1214,2012-10-12 20:00:00
1215,2012-10-12 19:00:00
1216,2012-10-12 18:00:00
1217,2012-10-12 17:00:00
1218,2012-10-12 16:00:00
1219,2012-10-12 15:00:00
1227,2013-01-26 17:00:00
1228,2013-01-26 16:00:00
1229,2013-01-26 15:00:00
1230,2013-01-26 14:00:00
1231,2013-01-26 13:00:00
1232,2013-01-26 12:00:00
1233,2013-01-26 11:00:00
1234,2013-01-26 10:00:00
1235,2013-01-26 09:00:00
1236,2013-01-26 08:00:00
1237,2013-01-26 07:00:00
1238,2013-01-26 06:00:00
1239,2013-01-26 05:00:00
1251,2013-10-10 13:00:00
1252,2013-10-30 00:00:00
1253,2013-10-29 23:00:00
1254,2013-10-29 22:00:00
1255,2013-10-29 21:00:00
1256,2013-10-29 20:00:00
1257,2013-10-29 19:00:00
1258,2013-10-29 18:00:00
1259,2013-10-29 17:00:00
1260,2013-10-29 16:00:00
1261,2013-10-29 15:00:00
1262,2013-10-29 14:00:00
1263,2013-10-29 13:00:00
1264,2013-11-23 00:00:00
1265,2013-11-22 23:00:00
1266,2013-11-22 22:00:00
1267,2013-11-22 21:00:00
1268,2013-11-22 20:00:00
1269,2013-11-22 19:00:00
1270,2013-11-22 18:00:00
1271,2013-11-22 17:00:00
1272,2013-11-22 16:00:00
1273,2013-11-22 15:00:00
1274,2013-11-22 14:00:00
1275,2013-11-22 13:00:00
1276,2013-11-22 12:00:00
1277,2013-11-22 11:00:00
1278,2013-11-22 10:00:00
1279,2013-11-22 09:00:00
1280,2013-11-22 08:00:00
1281,2013-11-22 07:00:00
1282,2013-11-22 06:00:00
1283,2013-11-22 05:00:00
1284,2013-11-22 04:00:00
1285,2013-11-22 03:00:00
1286,2013-11-22 02:00:00
1287,2013-11-22 01:00:00
1288,2013-11-22 00:00:00
1289,2013-11-21 23:00:00
1290,2013-11-21 22:00:00
1291,2013-11-21 21:00:00
1292,2013-11-21 20:00:00
1293,2013-11-21 19:00:00
1294,2013-11-21 18:00:00
1295,2013-11-21 17:00:00
1296,2013-11-21 16:00:00
1297,2013-11-21 15:00:00
1298,2013-11-21 14:00:00
1299,2013-11-21 13:00:00
1300,2013-11-21 12:00:00
1301,2013-11-21 11:00:00
1302,2013-11-21 10:00:00
1303,2013-11-21 09:00:00
1304,2013-11-21 08:00:00
1312,2014-09-28 17:00:00
1313,2014-09-28 16:00:00
1314,2014-09-28 15:00:00
1315,2014-09-28 14:00:00
1324,2015-12-22 16:00:00
1325,2016-02-01 00:00:00
1326,2016-01-31 23:00:00
1327,2016-01-31 22:00:00
1328,2016-01-31 21:00:00
1329,2016-01-31 20:00:00
1330,2016-01-31 19:00:00
1331,2016-01-31 18:00:00
1332,2016-01-31 17:00:00
1333,2016-01-31 16:00:00
1334,2016-01-31 15:00:00
1335,2016-01-31 14:00:00
1336,2016-01-31 13:00:00
1337,2016-01-31 12:00:00
1338,2016-01-31 11:00:00
1339,2016-01-31 10:00:00
1340,2016-01-31 09:00:00
1341,2016-01-31 08:00:00
1342,2016-01-31 07:00:00
1343,2016-01-31 06:00:00
1344,2016-01-31 05:00:00
1345,2016-01-31 04:00:00
1353,2016-11-21 17:00:00
1354,2016-11-21 16:00:00
1355,2016-11-21 15:00:00
1356,2016-12-17 00:00:00
1357,2016-12-16 23:00:00
1358,2016-12-16 22:00:00
1359,2016-12-16 21:00:00
1360,2016-12-16 20:00:00
1361,2016-12-16 19:00:00
1362,2016-12-16 18:00:00
1363,2017-01-10 00:00:00
1364,2017-01-09 23:00:00
1365,2017-01-09 22:00:00
1366,2017-01-09 21:00:00
1367,2017-01-09 20:00:00
1368,2017-01-09 19:00:00
1369,2017-01-09 18:00:00
1370,2017-01-09 17:00:00
1371,2017-09-24 00:00:00
1372,2017-09-23 23:00:00
1373,2017-09-23 22:00:00
1374,2017-09-23 21:00:00
1375,2017-09-23 20:00:00
1376,2017-09-23 19:00:00
1377,2017-09-23 18:00:00
1378,2017-09-23 17:00:00
1379,2017-09-23 16:00:00
1380,2017-09-23 15:00:00
1381,2017-09-23 14:00:00
1382,2017-09-23 13:00:00
1383,2018-04-08 00:00:00
1384,2018-04-07 23:00:00
1385,2018-04-07 22:00:00
1386,2018-04-07 21:00:00
1387,2018-04-07 20:00:00
1388,2018-04-07 19:00:00
1389,2018-04-07 18:00:00
1390,2018-04-07 17:00:00
1391,2018-04-07 16:00:00
1392,2018-04-07 15:00:00
1393,2018-04-07 14:00:00
1394,2018-04-07 13:00:00
1395,2018-04-07 12:00:00
1396,2018-04-07 11:00:00
1397,2018-04-07 10:00:00
1398,2018-04-07 09:00:00
1399,2018-04-07 08:00:00
1400,2018-04-07 07:00:00
1401,2018-04-07 06:00:00
1402,2018-04-07 05:00:00
1403,2018-04-07 04:00:00
1404,2018-04-07 03:00:00
1405,2018-10-07 00:00:00
1406,2018-10-06 23:00:00
1407,2018-10-06 22:00:00
1408,2018-10-06 21:00:00
1409,2018-10-06 20:00:00
1410,2018-10-06 19:00:00
1411,2018-10-06 18:00:00
1412,2018-10-06 17:00:00
1413,2018-10-06 16:00:00
1414,2018-10-06 15:00:00
1415,2018-10-06 14:00:00
1416,2018-10-06 13:00:00
1417,2018-10-06 12:00:00
1418,2018-10-06 11:00:00
1419,2018-10-06 10:00:00
1420,2018-10-06 09:00:00
1421,2018-10-06 08:00:00
1422,2018-10-06 07:00:00
1423,2018-10-06 06:00:00
1424,2018-10-06 05:00:00
1425,2018-10-06 04:00:00
1426,2018-10-06 03:00:00
1427,2018-10-06 02:00:00
1428,2018-10-06 01:00:00
1429,2018-10-06 00:00:00
1430,2018-10-05 23:00:00
1431,2018-10-05 22:00:00
1432,2018-10-05 21:00:00
1433,2018-10-05 20:00:00
1434,2018-10-05 19:00:00
1435,2018-10-05 18:00:00
1436,2018-10-05 17:00:00
1437,2018-10-05 16:00:00
1438,2018-10-05 15:00:00
1439,2018-10-05 14:00:00
1440,2018-10-05 13:00:00
1441,2018-10-05 12:00:00
1442,2018-10-05 11:00:00
1443,2018-10-05 10:00:00
1444,2018-10-05 09:00:00
1445,2018-10-05 08:00:00
1446,2018-10-05 07:00:00
1447,2018-10-05 06:00:00
1459,2019-03-03 00:00:00
1460,2019-03-02 23:00:00
1461,2019-03-02 22:00:00
1462,2019-03-02 21:00:00
1463,2019-03-02 20:00:00
1464,2019-03-02 19:00:00
1465,2019-03-02 18:00:00
1466,2019-03-02 17:00:00
1467,2019-03-02 16:00:00
1468,2019-03-02 15:00:00
1469,2019-03-02 14:00:00
1470,2019-03-02 13:00:00
1471,2019-03-02 12:00:00
1472,2019-03-02 11:00:00
1473,2019-03-02 10:00:00
1474,2019-03-02 09:00:00
1486,2019-05-01 00:00:00
1487,2019-04-30 23:00:00
1488,2019-04-30 22:00:00
1489,2019-04-30 21:00:00
1490,2019-04-30 20:00:00
1491,2019-04-30 19:00:00
1492,2019-04-30 18:00:00
1493,2019-04-30 17:00:00
1494,2019-04-30 16:00:00
1495,2019-04-30 15:00:00
1496,2019-04-30 14:00:00
1497,2019-04-30 13:00:00
1498,2019-04-30 12:00:00
1499,2019-04-30 11:00:00
1500,2019-04-30 10:00:00
1501,2019-04-30 09:00:00
1502,2019-04-30 08:00:00
1511,2020-03-18 16:00:00
1512,2020-03-18 15:00:00
1513,2020-03-18 14:00:00
1514,2020-03-18 13:00:00
1515,2020-03-18 12:00:00
1516,2020-03-18 11:00:00
1517,2020-03-18 10:00:00
1518,2020-03-18 09:00:00
1519,2020-03-18 08:00:00
1520,2020-03-20 00:00:00
1521,2020-03-19 23:00:00
1522,2020-03-19 22:00:00
1523,2020-03-19 21:00:00
1524,2020-03-19 20:00:00
1525,2020-03-19 19:00:00
1526,2020-03-19 18:00:00
1527,2020-03-19 17:00:00
1528,2020-03-19 16:00:00
1529,2020-03-19 15:00:00
1530,2020-03-19 14:00:00
1531,2020-03-19 13:00:00
1532,2020-03-19 12:00:00
1533,2020-03-19 11:00:00
1534,2020-03-19 10:00:00
1535,2020-03-19 09:00:00
1536,2020-03-19 08:00:00
1537,2021-03-14 00:00:00
1538,2021-03-13 23:00:00
1539,2021-03-13 22:00:00
1540,2021-03-13 21:00:00
1541,2021-03-13 20:00:00
1542,2021-03-13 19:00:00
1543,2021-03-13 18:00:00
1544,2021-03-13 17:00:00
1545,2021-03-13 16:00:00
1546,2021-03-13 15:00:00
1547,2021-03-13 14:00:00
1548,2021-03-13 13:00:00
1549,2021-03-13 12:00:00
1550,2021-03-13 11:00:00
1551,2021-03-13 10:00:00
1552,2021-03-13 09:00:00
1553,2021-03-13 08:00:00
1554,2021-03-13 07:00:00
1555,2021-03-13 06:00:00
1556,2021-03-13 05:00:00
1557,2021-03-13 04:00:00
1558,2021-03-13 03:00:00
1559,2021-03-13 02:00:00
1560,2021-03-13 01:00:00
1561,2021-03-13 00:00:00
1562,2021-03-12 23:00:00
1563,2021-03-12 22:00:00
1564,2021-03-12 21:00:00
1565,2021-08-20 00:00:00
1566,2021-08-19 23:00:00
1567,2021-08-19 22:00:00
1568,2021-08-19 21:00:00
1569,2021-08-19 20:00:00
1570,2021-08-19 19:00:00
1571,2021-08-19 18:00:00
1572,2021-08-19 17:00:00
1573,2021-08-19 16:00:00
1574,2021-08-19 15:00:00
1575,2021-08-19 14:00:00
1576,2021-08-19 13:00:00
1577,2021-08-19 12:00:00
1578,2021-08-19 11:00:00
1579,2021-08-19 10:00:00
1580,2021-08-19 09:00:00
1581,2021-08-19 08:00:00
1582,2021-08-19 07:00:00
1583,2021-08-19 06:00:00
1584,2021-08-19 05:00:00
1585,2021-08-19 04:00:00
1586,2021-08-19 03:00:00
1587,2021-08-19 02:00:00
1588,2021-08-19 01:00:00
1589,2021-08-19 00:00:00
1590,2021-08-18 23:00:00
1591,2021-08-18 22:00:00
1592,2021-08-18 21:00:00
1593,2021-08-18 20:00:00
1594,2021-08-18 19:00:00
1595,2021-08-18 18:00:00
1596,2021-08-18 17:00:00
1597,2021-08-18 16:00:00
1598,2021-08-18 15:00:00
1599,2021-08-18 14:00:00
1600,2021-08-18 13:00:00
1601,2021-08-18 12:00:00
1602,2021-08-18 11:00:00
1603,2021-08-18 10:00:00
1604,2021-08-18 09:00:00
1605,2021-08-18 08:00:00
1606,2021-08-18 07:00:00
1607,2021-08-18 06:00:00
1608,2021-08-18 05:00:00
1609,2021-08-18 04:00:00
1610,2021-08-18 03:00:00
1611,2021-08-18 02:00:00
1612,2021-08-18 01:00:00
1620,2021-12-09 17:00:00
1621,2021-12-09 16:00:00
1622,2021-12-09 15:00:00
1623,2021-12-09 14:00:00
1624,2021-12-24 00:00:00
1625,2021-12-23 23:00:00
1626,2021-12-23 22:00:00
1627,2021-12-23 21:00:00
1628,2021-12-23 20:00:00
1629,2021-12-23 19:00:00
1630,2021-12-23 18:00:00
1631,2021-12-23 17:00:00
1632,2021-12-23 16:00:00
1633,2021-12-23 15:00:00
1634,2021-12-23 14:00:00
1635,2021-12-23 13:00:00
1642,2021-12-24 18:00:00
1643,2021-12-24 17:00:00
1644,2021-12-24 16:00:00
1645,2021-12-24 15:00:00
1646,2021-12-24 14:00:00
1647,2022-01-01 00:00:00
1648,2021-12-31 23:00:00
1649,2021-12-31 22:00:00
1650,2021-12-31 21:00:00
1651,2021-12-31 20:00:00
1652,2021-12-31 19:00:00
1653,2021-12-31 18:00:00
1654,2021-12-31 17:00:00
1655,2021-12-31 16:00:00
1656,2021-12-31 15:00:00
1657,2021-12-31 14:00:00
1658,2021-12-31 13:00:00
1659,2021-12-31 12:00:00
1660,2021-12-31 11:00:00
1661,2021-12-31 10:00:00
1662,2021-12-31 09:00:00
1663,2021-12-31 08:00:00
1664,2021-12-31 07:00:00
1665,2021-12-31 06:00:00
1666,2021-12-31 05:00:00
1667,2021-12-31 04:00:00
1668,2021-12-31 03:00:00
1669,2021-12-31 02:00:00
1670,2021-12-31 01:00:00
1671,2021-12-31 00:00:00
1672,2021-12-30 23:00:00
1673,2022-11-04 00:00:00
1674,2022-11-03 23:00:00
1675,2022-11-03 22:00:00
1676,2022-11-03 21:00:00
1677,2022-11-03 20:00:00
1678,2022-11-03 19:00:00
1679,2022-11-03 18:00:00
1680,2022-11-03 17:00:00
1681,2022-11-03 16:00:00
1682,2022-11-03 15:00:00
1683,2022-11-03 14:00:00
1684,2022-11-03 13:00:00
1685,2022-11-03 12:00:00
1686,2022-11-03 11:00:00
1696,2022-12-27 15:00:00
1697,2022-12-27 14:00:00
1698,2023-03-11 00:00:00
1699,2023-03-10 23:00:00
1700,2023-03-10 22:00:00
1701,2023-03-10 21:00:00
1702,2023-03-10 20:00:00
1703,2023-03-10 19:00:00
1704,2023-03-10 18:00:00
1705,2023-03-10 17:00:00
1706,2023-03-10 16:00:00
1707,2023-03-10 15:00:00
1716,2023-03-15 16:00:00
1717,2023-03-15 15:00:00
1718,2023-03-15 14:00:00
1719,2023-03-15 13:00:00
1739,2000-05-08 20:00:00
1740,2000-05-08 19:00:00
1741,2000-05-08 18:00:00
1742,2000-05-08 17:00:00
1743,2000-05-08 10:00:00
1744,2000-05-08 09:00:00
1745,2000-05-08 08:00:00
1746,2000-05-08 07:00:00
1747,2000-05-08 06:00:00
1748,2000-05-08 05:00:00
1749,2000-05-08 04:00:00
1750,2000-05-08 03:00:00
1751,2000-05-08 02:00:00
1752,2000-05-08 01:00:00
1753,2001-11-23 00:00:00
1754,2001-11-22 23:00:00
1755,2001-11-22 22:00:00
1756,2001-11-22 21:00:00
1757,2001-11-22 20:00:00
1758,2001-11-22 19:00:00
1759,2001-11-22 18:00:00
1760,2001-11-22 17:00:00
1761,2001-11-22 16:00:00
1762,2001-11-22 15:00:00
1763,2001-11-22 14:00:00
1784,2002-11-10 00:00:00
1785,2002-11-09 23:00:00
1786,2002-11-09 22:00:00
1800,2003-09-11 00:00:00
1801,2003-09-10 23:00:00
1802,2003-09-10 22:00:00
1803,2003-09-10 21:00:00
1804,2003-09-10 20:00:00
1805,2003-09-10 19:00:00
1806,2003-09-10 18:00:00
1807,2003-09-10 17:00:00
1808,2003-09-10 16:00:00
1809,2003-09-10 15:00:00
1810,2003-09-10 14:00:00
1811,2003-09-10 13:00:00
1812,2003-09-10 12:00:00
1813,2003-09-10 11:00:00
1814,2003-09-10 10:00:00
1815,2003-09-10 09:00:00
1816,2003-09-10 08:00:00
1817,2003-11-03 00:00:00
1818,2003-11-02 23:00:00
1819,2003-11-02 22:00:00
1820,2003-11-02 21:00:00
1821,2003-11-02 20:00:00
1822,2003-11-02 19:00:00
1823,2003-11-02 18:00:00
1824,2003-11-02 17:00:00
1825,2003-11-02 16:00:00
1826,2003-11-02 15:00:00
1827,2003-11-02 14:00:00
1828,2003-11-02 13:00:00
1829,2003-11-02 12:00:00
1830,2003-11-02 11:00:00
1831,2003-11-02 10:00:00
1832,2003-11-02 09:00:00
1833,2003-11-02 08:00:00
1834,2003-11-02 07:00:00
1835,2003-11-02 06:00:00
1836,2003-11-02 05:00:00
1845,2004-09-19 16:00:00
1870,2004-10-28 13:00:00
1871,2004-10-28 12:00:00
1872,2004-10-28 11:00:00
1873,2004-11-28 00:00:00
1874,2004-11-27 23:00:00
1875,2004-11-27 22:00:00
1876,2004-11-27 21:00:00
1877,2004-11-27 20:00:00
1878,2004-11-27 19:00:00
1879,2004-11-27 18:00:00
1880,2004-11-27 17:00:00
1881,2004-11-27 16:00:00
1882,2004-11-27 15:00:00
1883,2004-11-27 14:00:00
1884,2004-11-27 13:00:00
1885,2004-11-27 12:00:00
1886,2004-11-27 11:00:00
1894,2004-12-29 17:00:00
1895,2004-12-29 16:00:00
1896,2004-12-29 15:00:00
1897,2004-12-29 14:00:00
1898,2004-12-29 13:00:00
1899,2005-01-09 00:00:00
1900,2005-01-08 23:00:00
1901,2005-01-08 22:00:00
1902,2005-01-08 21:00:00
1903,2005-01-08 20:00:00
1904,2005-01-08 19:00:00
1905,2005-01-08 18:00:00
1906,2005-01-08 17:00:00
1907,2005-01-08 16:00:00
1918,2005-01-09 14:00:00
1919,2005-01-09 13:00:00
1928,2005-01-11 16:00:00
1929,2005-01-11 15:00:00
1930,2005-01-11 14:00:00
1931,2005-10-19 00:00:00
1932,2005-10-18 23:00:00
1933,2005-10-18 22:00:00
1934,2005-10-18 21:00:00
1935,2005-10-18 20:00:00
1936,2005-10-18 19:00:00
1937,2005-10-18 18:00:00
1938,2005-10-18 17:00:00
1939,2005-10-18 16:00:00
1940,2005-10-18 15:00:00
1941,2005-10-18 14:00:00
1942,2005-10-18 13:00:00
1943,2005-10-18 12:00:00
1944,2005-10-18 11:00:00
1945,2005-10-18 10:00:00
1946,2005-10-18 09:00:00
1947,2005-10-18 08:00:00
1948,2005-10-18 07:00:00
1949,2005-10-18 06:00:00
1950,2005-10-18 05:00:00
1951,2005-10-18 04:00:00
1952,2005-10-18 03:00:00
1953,2005-10-18 02:00:00
1954,2005-10-18 01:00:00
1955,2005-10-18 00:00:00
1956,2005-10-17 23:00:00
1957,2005-10-17 22:00:00
1958,2005-10-17 21:00:00
1959,2005-10-17 20:00:00
1960,2005-10-17 19:00:00
1961,2005-10-17 18:00:00
1962,2005-10-17 17:00:00
1963,2005-10-17 16:00:00
1964,2005-10-17 15:00:00
1965,2005-10-17 14:00:00
1966,2005-10-17 13:00:00
1967,2005-10-17 12:00:00
1968,2005-10-17 11:00:00
1969,2005-10-17 10:00:00
1970,2005-10-17 09:00:00
1971,2005-10-17 08:00:00
1972,2005-10-17 07:00:00
1973,2005-10-17 06:00:00
1974,2005-10-17 05:00:00
1994,2006-03-29 14:00:00
1995,2006-03-29 13:00:00
1996,2006-03-29 12:00:00
1997,2007-01-13 00:00:00
1998,2007-01-12 23:00:00
1999,2007-01-12 22:00:00
2000,2007-01-12 21:00:00
2001,2007-01-12 20:00:00
2002,2007-01-12 19:00:00
2003,2007-01-12 18:00:00
2004,2007-01-12 17:00:00
2005,2007-01-12 16:00:00
2006,2007-01-12 15:00:00
2007,2007-01-12 14:00:00
2008,2007-01-12 13:00:00
2009,2007-01-12 12:00:00
2010,2007-09-17 00:00:00
2011,2007-09-16 23:00:00
2012,2007-09-16 22:00:00
2013,2007-09-16 21:00:00
2014,2007-09-16 20:00:00
2015,2007-09-16 19:00:00
2016,2007-09-16 18:00:00
2017,2007-09-16 17:00:00
2018,2007-09-16 16:00:00
2019,2007-09-16 15:00:00
2020,2007-09-16 14:00:00
2021,2007-09-16 13:00:00
2022,2007-09-16 12:00:00
2023,2007-09-16 11:00:00
2024,2007-09-16 10:00:00
2025,2007-09-16 09:00:00
2026,2007-09-16 08:00:00
2027,2007-09-16 07:00:00
2028,2007-09-16 06:00:00
2029,2007-09-16 05:00:00
2030,2007-09-16 04:00:00
2031,2007-09-16 03:00:00
2032,2007-09-16 02:00:00
2033,2007-09-16 01:00:00
2034,2007-09-16 00:00:00
2035,2007-09-18 00:00:00
2036,2007-09-17 23:00:00
2037,2007-09-17 22:00:00
2038,2007-09-17 21:00:00
2039,2007-09-17 20:00:00
2040,2007-09-17 19:00:00
2041,2007-09-17 18:00:00
2042,2007-09-17 17:00:00
2043,2007-09-17 16:00:00
2044,2007-09-17 15:00:00
2045,2007-09-17 14:00:00
2046,2007-09-17 13:00:00
2047,2007-09-17 12:00:00
2048,2007-09-17 11:00:00
2049,2007-09-17 10:00:00
2050,2007-09-17 09:00:00
2061,2007-11-30 14:00:00
2062,2007-11-30 13:00:00
2063,2007-11-30 12:00:00
2064,2007-11-30 11:00:00
2065,2007-12-07 00:00:00
2066,2007-12-06 23:00:00
2067,2007-12-06 22:00:00
2068,2007-12-06 21:00:00
2069,2007-12-06 20:00:00
2070,2007-12-06 19:00:00
2071,2007-12-06 18:00:00
2072,2007-12-06 17:00:00
2073,2007-12-06 16:00:00
2074,2007-12-06 15:00:00
2075,2007-12-06 14:00:00
2076,2007-12-06 13:00:00
2077,2007-12-06 12:00:00
2078,2007-12-06 11:00:00
2079,2007-12-06 10:00:00
2080,2007-12-06 09:00:00
2098,2008-01-05 16:00:00
2099,2008-01-05 15:00:00
2100,2008-01-07 00:00:00
2101,2008-01-06 23:00:00
2102,2008-01-06 22:00:00
2103,2008-01-06 21:00:00
2104,2008-01-06 20:00:00
2105,2008-01-06 19:00:00
2106,2008-01-06 18:00:00
2107,2008-01-06 17:00:00
2108,2008-01-06 16:00:00
2109,2008-01-06 15:00:00
2110,2008-01-06 14:00:00
2118,2008-01-27 17:00:00
2119,2008-01-27 16:00:00
2120,2008-01-29 00:00:00
2121,2008-01-28 23:00:00
2122,2008-01-28 22:00:00
2123,2008-01-28 21:00:00
2124,2008-01-28 20:00:00
2125,2008-01-28 19:00:00
2126,2008-01-28 18:00:00
2127,2008-01-28 17:00:00
2128,2008-01-28 16:00:00
2129,2008-01-28 15:00:00
2135,2008-02-03 19:00:00
2136,2008-02-03 18:00:00
2137,2008-02-03 17:00:00
2138,2008-02-03 16:00:00
2139,2008-02-25 00:00:00
2140,2008-02-24 23:00:00
2141,2008-02-24 22:00:00
2142,2008-02-24 21:00:00
2143,2008-02-24 20:00:00
2144,2008-02-24 19:00:00
2145,2008-02-24 18:00:00
2146,2008-02-24 17:00:00
2147,2008-02-24 16:00:00
2148,2008-09-01 00:00:00
2149,2008-08-31 23:00:00
2150,2008-08-31 22:00:00
2151,2008-08-31 21:00:00
2152,2008-08-31 20:00:00
2153,2008-08-31 19:00:00
2154,2008-08-31 18:00:00
2155,2008-08-31 17:00:00
2156,2008-08-31 16:00:00
2157,2008-08-31 15:00:00
2158,2008-08-31 14:00:00
2159,2008-08-31 13:00:00
2160,2008-08-31 12:00:00
2161,2008-08-31 11:00:00
2162,2008-08-31 10:00:00
2163,2008-08-31 09:00:00
2164,2008-08-31 08:00:00
2165,2008-08-31 07:00:00
2174,2008-12-25 16:00:00
2175,2008-12-25 15:00:00
2176,2009-02-24 00:00:00
2177,2009-02-23 23:00:00
2178,2009-02-23 22:00:00
2179,2009-02-23 21:00:00
2180,2009-02-23 20:00:00
2181,2009-02-23 19:00:00
2182,2009-02-23 18:00:00
2183,2009-02-23 17:00:00
2184,2009-02-23 16:00:00
2185,2009-02-23 15:00:00
2204,2010-01-21 06:00:00
2205,2010-01-21 05:00:00
2206,2010-01-21 04:00:00
2207,2010-01-20 21:00:00
2208,2010-01-20 20:00:00
2209,2010-01-20 19:00:00
2210,2010-01-20 18:00:00
2211,2010-10-26 00:00:00
2212,2010-10-25 23:00:00
2213,2010-10-25 22:00:00
2214,2010-10-25 21:00:00
2215,2010-10-25 20:00:00
2216,2011-02-20 00:00:00
2217,2011-02-19 23:00:00
2218,2011-02-19 22:00:00
2219,2011-02-19 21:00:00
2220,2011-02-19 20:00:00
2221,2011-02-19 19:00:00
2222,2011-02-19 18:00:00
2223,2011-02-19 17:00:00
2224,2011-02-19 16:00:00
2225,2011-02-19 15:00:00
2226,2011-02-19 14:00:00
2227,2011-02-19 13:00:00
2228,2011-02-19 12:00:00
2254,2011-10-06 14:00:00
2255,2011-10-06 13:00:00
2263,2012-01-21 17:00:00
2264,2012-01-21 16:00:00
2285,2014-02-28 00:00:00
2286,2014-02-27 23:00:00
2287,2014-02-27 22:00:00
2288,2014-02-27 21:00:00
2289,2014-02-27 20:00:00
2290,2014-02-27 19:00:00
2291,2014-02-27 18:00:00
2292,2014-02-27 17:00:00
2293,2014-02-27 16:00:00
2294,2014-02-27 15:00:00
2295,2014-02-27 14:00:00
2306,2015-06-07 00:00:00
2307,2015-06-06 23:00:00
2308,2015-06-06 22:00:00
2309,2015-06-06 21:00:00
2310,2015-06-06 20:00:00
2311,2015-06-06 19:00:00
2312,2015-06-06 18:00:00
2313,2015-06-06 17:00:00
2314,2015-06-06 16:00:00
2315,2016-02-02 00:00:00
2316,2016-02-01 23:00:00
2317,2016-02-01 22:00:00
2318,2016-02-01 21:00:00
2319,2016-02-01 20:00:00
2320,2016-02-01 19:00:00
2321,2016-02-01 18:00:00
2322,2016-02-01 17:00:00
2323,2016-02-01 16:00:00
2324,2016-02-01 15:00:00
2325,2016-02-01 14:00:00
2326,2016-02-01 13:00:00
2327,2016-02-01 12:00:00
2328,2017-01-05 00:00:00
2329,2017-01-04 23:00:00
2330,2017-01-04 22:00:00
2331,2017-01-04 21:00:00
2332,2017-01-04 20:00:00
2333,2017-01-04 19:00:00
2334,2017-01-04 18:00:00
2335,2017-01-04 17:00:00
2336,2017-01-04 16:00:00
2337,2017-01-09 00:00:00
2338,2017-01-08 23:00:00
2339,2017-01-08 22:00:00
2340,2017-01-08 21:00:00
2341,2017-01-08 20:00:00
2342,2017-01-08 19:00:00
2343,2017-01-08 18:00:00
2344,2017-01-08 17:00:00
2353,2017-01-09 16:00:00
2354,2017-01-09 15:00:00
2355,2017-01-09 14:00:00
2356,2017-11-18 00:00:00
2357,2017-11-17 23:00:00
2358,2017-11-17 22:00:00
2359,2017-11-17 21:00:00
2360,2017-11-17 20:00:00
2361,2017-11-17 19:00:00
2362,2017-11-17 18:00:00
2363,2017-11-17 17:00:00
2364,2017-11-17 16:00:00
2365,2017-11-17 15:00:00
2410,2019-03-04 00:00:00
2411,2019-03-03 23:00:00
2412,2019-03-03 22:00:00
2413,2019-03-03 21:00:00
2414,2019-03-03 20:00:00
2415,2019-03-03 19:00:00
2416,2019-03-03 18:00:00
2417,2019-03-03 17:00:00
2418,2019-03-03 16:00:00
2419,2019-03-03 15:00:00
2420,2019-03-03 14:00:00
2421,2019-03-07 00:00:00
2422,2019-03-06 23:00:00
2423,2019-03-06 22:00:00
2424,2019-03-06 21:00:00
2425,2019-03-06 20:00:00
2426,2019-03-06 19:00:00
2427,2019-03-06 18:00:00
2428,2019-03-06 17:00:00
2429,2019-03-06 16:00:00
2430,2019-03-06 15:00:00
2431,2019-03-06 14:00:00
2459,2019-04-30 07:00:00
2477,2019-11-22 00:00:00
2478,2019-11-21 23:00:00
2479,2019-11-21 22:00:00
2480,2019-11-21 21:00:00
2481,2019-11-21 20:00:00
2482,2019-11-21 19:00:00
2483,2019-11-21 18:00:00
2484,2019-11-21 17:00:00
2485,2019-11-21 16:00:00
2486,2019-11-21 15:00:00
2487,2019-11-21 14:00:00
2488,2019-11-21 13:00:00
2489,2019-11-21 12:00:00
2490,2019-11-21 11:00:00
2491,2019-11-21 10:00:00
2492,2019-11-21 09:00:00
2493,2019-11-21 08:00:00
2494,2019-11-21 07:00:00
2495,2019-11-21 06:00:00
2496,2019-11-21 05:00:00
2497,2019-11-21 04:00:00
2498,2019-11-21 03:00:00
2499,2019-11-21 02:00:00
2500,2019-11-21 01:00:00
2501,2019-11-21 00:00:00
2502,2019-11-20 23:00:00
2503,2019-11-20 22:00:00
2504,2019-11-20 21:00:00
2505,2020-11-08 00:00:00
2506,2020-11-07 23:00:00
2507,2020-11-07 22:00:00
2508,2020-11-07 21:00:00
2509,2020-11-07 20:00:00
2510,2020-11-07 19:00:00
2511,2020-11-07 18:00:00
2512,2020-11-07 17:00:00
2525,2021-10-27 00:00:00
2526,2021-10-26 23:00:00
2539,2021-12-23 12:00:00
2540,2021-12-23 11:00:00
2552,2021-12-24 13:00:00
2553,2023-02-23 00:00:00
2554,2023-02-22 23:00:00
2555,2023-02-22 22:00:00
2556,2023-02-22 21:00:00
2557,2023-02-22 20:00:00
2558,2023-02-22 19:00:00
2559,2023-02-22 18:00:00
2560,2023-02-22 17:00:00
2561,2023-02-22 16:00:00
2584,2023-03-15 12:00:00
2585,2023-03-15 11:00:00
2586,2023-03-23 00:00:00
2587,2023-03-22 23:00:00
2588,2023-03-22 22:00:00
2589,2023-03-22 21:00:00
2590,2023-03-22 20:00:00
2591,2023-03-22 19:00:00
2592,2023-03-22 18:00:00
2593,2023-03-22 17:00:00
2594,2023-10-03 00:00:00
2595,2023-10-02 23:00:00
2596,2023-10-02 22:00:00
2597,2023-10-02 21:00:00
2598,2023-10-02 20:00:00
2599,2023-10-02 19:00:00
2600,2023-10-02 18:00:00
2601,2023-10-02 17:00:00
2602,2023-10-29 00:00:00
2603,2023-10-28 23:00:00
2604,2023-10-28 22:00:00
2605,2023-10-28 21:00:00
2606,2023-10-28 20:00:00
2607,2023-10-28 19:00:00
2608,2023-10-28 18:00:00
2609,2023-10-28 17:00:00
2610,2023-10-28 16:00:00
2611,2023-10-28 15:00:00
2612,2023-10-28 14:00:00
2613,2023-10-28 13:00:00
2614,2023-10-28 12:00:00
2615,2023-10-28 11:00:00
2616,2023-10-28 10:00:00
2617,2023-10-28 09:00:00
2618,2023-10-28 08:00:00
2619,2023-10-28 07:00:00
2620,2023-10-28 06:00:00
2621,2023-10-28 05:00:00
2622,2023-10-28 04:00:00
2629,2002-10-02 07:00:00
2630,2002-10-02 06:00:00
2631,2002-10-02 05:00:00
2632,2002-10-02 04:00:00
2642,2003-11-02 04:00:00
2643,2003-11-02 03:00:00
2644,2003-11-02 02:00:00
2645,2003-11-02 01:00:00
2646,2003-11-02 00:00:00
2647,2003-11-01 23:00:00
2648,2003-11-01 22:00:00
2649,2003-11-01 21:00:00
2650,2003-11-01 20:00:00
2651,2003-11-01 19:00:00
2652,2003-11-01 18:00:00
2653,2003-11-01 17:00:00
2654,2003-11-01 16:00:00
2655,2003-11-01 15:00:00
2656,2003-11-01 14:00:00
2657,2003-11-01 13:00:00
2658,2003-11-01 12:00:00
2659,2003-11-01 11:00:00
2660,2003-11-01 10:00:00
2661,2003-11-01 09:00:00
2662,2003-11-01 08:00:00
2669,2004-09-19 15:00:00
2680,2004-11-27 10:00:00
2681,2004-11-27 09:00:00
2682,2004-11-27 08:00:00
2683,2004-11-27 07:00:00
2684,2004-11-27 06:00:00
2685,2004-11-27 05:00:00
2686,2004-11-27 04:00:00
2687,2004-11-27 03:00:00
2688,2004-11-27 02:00:00
2689,2004-11-27 01:00:00
2690,2004-11-27 00:00:00
2691,2004-11-26 23:00:00
2692,2004-11-26 22:00:00
2693,2004-11-26 21:00:00
2694,2004-11-26 20:00:00
2695,2004-11-26 19:00:00
2696,2004-11-26 18:00:00
2704,2005-01-11 13:00:00
2705,2005-01-11 12:00:00
2711,2005-04-24 13:00:00
2712,2005-04-24 12:00:00
2713,2005-04-24 11:00:00
2714,2006-09-15 21:00:00
2715,2006-09-15 20:00:00
2716,2006-09-15 19:00:00
2717,2006-09-15 18:00:00
2718,2006-09-15 17:00:00
2719,2006-09-15 16:00:00
2720,2006-09-15 15:00:00
2721,2006-09-15 14:00:00
2722,2006-09-15 13:00:00
2723,2006-10-09 10:00:00
2724,2006-10-09 09:00:00
2725,2006-10-09 08:00:00
2726,2006-10-09 07:00:00
2727,2006-10-09 06:00:00
2728,2006-10-09 05:00:00
2729,2006-10-09 04:00:00
2730,2006-10-09 03:00:00
2731,2006-10-09 02:00:00
2732,2006-10-09 01:00:00
2733,2006-10-09 00:00:00
2734,2006-10-08 23:00:00
2735,2006-10-08 22:00:00
2736,2006-10-08 21:00:00
2737,2006-10-08 20:00:00
2738,2006-10-08 19:00:00
2739,2006-10-08 18:00:00
2740,2006-10-08 17:00:00
2741,2006-10-08 16:00:00
2742,2006-10-08 15:00:00
2743,2006-10-08 14:00:00
2744,2006-10-08 13:00:00
2745,2006-10-08 12:00:00
2746,2006-10-08 11:00:00
2747,2006-10-08 10:00:00
2748,2006-10-08 09:00:00
2749,2006-10-08 08:00:00
2750,2006-10-08 07:00:00
2751,2006-10-08 06:00:00
2752,2006-10-08 05:00:00
2753,2006-10-08 04:00:00
2754,2006-10-08 03:00:00
2755,2006-10-08 02:00:00
2756,2006-10-08 01:00:00
2757,2006-10-08 00:00:00
2758,2006-10-07 23:00:00
2759,2006-10-07 22:00:00
2760,2006-10-07 21:00:00
2761,2006-10-07 20:00:00
2762,2006-10-07 19:00:00
2763,2006-10-07 18:00:00
2764,2006-10-07 17:00:00
2765,2006-10-07 16:00:00
2766,2006-10-07 15:00:00
2767,2007-05-04 10:00:00
2768,2007-05-04 09:00:00
2769,2007-05-04 08:00:00
2770,2007-05-04 07:00:00
2771,2007-05-04 06:00:00
2772,2007-05-04 05:00:00
2773,2007-05-04 04:00:00
2774,2007-05-04 03:00:00
2775,2007-05-04 02:00:00
2776,2007-05-04 01:00:00
2777,2007-05-04 00:00:00
2778,2007-05-03 23:00:00
2779,2007-05-03 22:00:00
2780,2007-05-03 21:00:00
2781,2007-05-03 20:00:00
2782,2007-05-03 19:00:00
2783,2007-05-03 18:00:00
2808,2007-09-29 20:00:00
2809,2007-09-29 19:00:00
2810,2007-09-29 18:00:00
2811,2007-09-29 17:00:00
2812,2007-09-29 16:00:00
2813,2007-09-29 15:00:00
2814,2007-09-29 14:00:00
2815,2007-09-29 13:00:00
2816,2007-09-29 12:00:00
2831,2007-10-01 07:00:00
2843,2007-11-30 10:00:00
2844,2007-11-30 09:00:00
2845,2007-11-30 08:00:00
2846,2007-11-30 07:00:00
2847,2009-11-12 20:00:00
2848,2009-11-12 19:00:00
2849,2009-11-12 18:00:00
2850,2009-11-12 17:00:00
2851,2009-11-12 16:00:00
2852,2009-11-12 15:00:00
2853,2009-11-12 14:00:00
2854,2009-11-12 13:00:00
2855,2009-11-12 12:00:00
2856,2009-11-12 11:00:00
2857,2010-03-31 21:00:00
2858,2010-03-31 20:00:00
2859,2010-03-31 19:00:00
2860,2010-03-31 18:00:00
2861,2010-03-31 17:00:00
2862,2010-03-31 16:00:00
2863,2010-03-31 15:00:00
2864,2010-03-31 14:00:00
2874,2014-09-28 13:00:00
2875,2014-09-28 12:00:00
2876,2014-09-28 11:00:00
2877,2014-09-28 10:00:00
2878,2014-09-28 09:00:00
2879,2014-09-28 08:00:00
2880,2014-11-02 19:00:00
2881,2014-11-02 18:00:00
2882,2014-11-02 17:00:00
2883,2014-11-02 16:00:00
2884,2014-11-02 15:00:00
2885,2014-11-02 14:00:00
2886,2014-11-02 13:00:00
2887,2014-11-02 12:00:00
2888,2014-11-02 11:00:00
2889,2014-11-02 10:00:00
2890,2014-11-02 09:00:00
2891,2016-09-22 17:00:00
2892,2016-09-22 16:00:00
2893,2016-09-22 15:00:00
2894,2016-09-22 14:00:00
2895,2016-09-22 13:00:00
2896,2016-09-22 12:00:00
2897,2016-09-22 11:00:00
2898,2016-09-22 10:00:00
2899,2016-09-22 09:00:00
2900,2016-09-22 08:00:00
2901,2016-09-22 07:00:00
2902,2018-10-04 18:00:00
2903,2018-10-04 17:00:00
2904,2018-10-04 16:00:00
2905,2018-10-04 15:00:00
2906,2018-10-04 14:00:00
2907,2018-10-04 13:00:00
2908,2018-10-04 12:00:00
2909,2018-10-04 11:00:00
2910,2018-10-04 10:00:00
2911,2018-10-04 09:00:00
2912,2019-01-17 21:00:00
2913,2019-01-17 20:00:00
2914,2019-01-17 19:00:00
2915,2019-01-17 18:00:00
2916,2019-01-17 17:00:00
2917,2019-01-17 16:00:00
2918,2019-01-17 15:00:00
2919,2019-01-17 14:00:00
2920,2019-01-17 13:00:00
2921,2019-01-17 12:00:00
2922,2019-01-17 11:00:00
2923,2019-01-17 10:00:00
2924,2019-01-17 09:00:00
2925,2019-01-17 08:00:00
2926,2020-06-06 20:00:00
2927,2020-06-06 19:00:00
2928,2020-06-06 18:00:00
2929,2020-06-06 17:00:00
2930,2020-06-06 16:00:00
2931,2020-06-06 15:00:00
2932,2020-06-06 14:00:00
2933,2020-06-06 13:00:00
2939,2020-11-07 16:00:00
2944,2022-12-31 17:00:00
2945,2022-12-31 16:00:00
2946,2022-12-31 15:00:00
2947,2022-12-31 14:00:00
2948,2022-12-31 13:00:00
2949,2022-12-31 12:00:00
2950,2022-12-31 11:00:00
2951,2022-12-31 10:00:00
2952,2022-12-31 09:00:00
2953,2022-12-31 08:00:00
2954,2022-12-31 07:00:00
2955,2022-12-31 06:00:00
2956,2022-12-31 05:00:00
2957,2022-12-31 04:00:00
2958,2001-02-27 00:00:00
2959,2001-02-26 23:00:00
2960,2001-02-26 22:00:00
2961,2001-02-26 21:00:00
2962,2001-02-26 20:00:00
2963,2001-02-26 19:00:00
2964,2001-02-26 18:00:00
2965,2001-03-01 00:00:00
2966,2001-02-28 23:00:00
2967,2001-02-28 22:00:00
2968,2001-02-28 21:00:00
2969,2001-02-28 20:00:00
2970,2001-02-28 19:00:00
2971,2001-02-28 18:00:00
2972,2001-02-28 17:00:00
2973,2001-02-28 16:00:00
2974,2001-04-07 00:00:00
2975,2001-04-06 23:00:00
2976,2001-04-06 22:00:00
2977,2001-04-06 21:00:00
2978,2001-04-06 20:00:00
2979,2001-04-06 19:00:00
2980,2001-04-06 18:00:00
2981,2001-04-06 17:00:00
2982,2001-04-06 16:00:00
2983,2001-04-06 15:00:00
2984,2001-04-06 14:00:00
2985,2001-04-06 13:00:00
2986,2001-11-26 00:00:00
2987,2001-11-25 23:00:00
2988,2001-11-25 22:00:00
2989,2001-11-25 21:00:00
2990,2001-11-25 20:00:00
2991,2001-11-25 19:00:00
2992,2001-11-25 18:00:00
2993,2001-11-25 17:00:00
2994,2001-11-25 16:00:00
2995,2001-11-25 15:00:00
2996,2002-09-10 00:00:00
2997,2002-09-09 23:00:00
2998,2002-09-09 22:00:00
2999,2002-09-09 21:00:00
3000,2002-09-09 20:00:00
3001,2002-09-09 19:00:00
3002,2002-09-09 18:00:00
3003,2002-09-09 17:00:00
3004,2002-09-09 16:00:00
3005,2002-09-09 15:00:00
3006,2002-09-09 14:00:00
3007,2002-09-09 13:00:00
3008,2002-09-09 12:00:00
3009,2002-09-09 11:00:00
3010,2002-09-09 10:00:00
3011,2002-09-09 09:00:00
3012,2002-09-09 08:00:00
3013,2002-09-09 07:00:00
3014,2002-09-09 06:00:00
3015,2002-09-09 05:00:00
3016,2002-09-09 04:00:00
3017,2002-09-09 03:00:00
3018,2002-09-09 02:00:00
3019,2002-09-09 01:00:00
3020,2002-09-09 00:00:00
3021,2002-09-08 23:00:00
3022,2002-09-08 22:00:00
3023,2002-09-08 21:00:00
3024,2002-09-08 20:00:00
3025,2002-09-08 19:00:00
3026,2002-09-08 18:00:00
3027,2002-09-08 17:00:00
3028,2002-09-08 16:00:00
3029,2002-09-08 15:00:00
3030,2002-09-08 14:00:00
3031,2002-09-08 13:00:00
3032,2002-09-08 12:00:00
3033,2002-09-08 11:00:00
3034,2002-09-08 10:00:00
3035,2002-09-08 09:00:00
3036,2002-09-08 08:00:00
3037,2002-09-19 00:00:00
3038,2002-09-18 23:00:00
3039,2002-09-18 22:00:00
3040,2002-09-18 21:00:00
3041,2002-09-18 20:00:00
3042,2002-09-18 19:00:00
3043,2002-09-18 18:00:00
3044,2002-09-18 17:00:00
3045,2002-09-18 16:00:00
3046,2002-09-18 15:00:00
3047,2002-09-18 14:00:00
3048,2002-09-18 13:00:00
3049,2002-09-18 12:00:00
3050,2002-09-18 11:00:00
3051,2002-09-18 10:00:00
3052,2002-09-18 09:00:00
3053,2002-09-18 08:00:00
3054,2002-09-18 07:00:00
3055,2002-09-18 06:00:00
3056,2002-09-18 05:00:00
3057,2002-09-18 04:00:00
3058,2002-09-18 03:00:00
3059,2002-09-18 02:00:00
3060,2002-09-18 01:00:00
3073,2002-11-09 21:00:00
3074,2002-11-09 20:00:00
3075,2002-11-09 19:00:00
3076,2002-11-09 18:00:00
3077,2002-11-09 17:00:00
3078,2002-11-09 16:00:00
3079,2002-12-18 00:00:00
3080,2002-12-17 23:00:00
3081,2002-12-17 22:00:00
3082,2002-12-17 21:00:00
3083,2002-12-17 20:00:00
3084,2002-12-17 19:00:00
3085,2002-12-17 18:00:00
3086,2002-12-17 17:00:00
3087,2002-12-17 16:00:00
3088,2002-12-17 15:00:00
3089,2002-12-17 14:00:00
3090,2002-12-17 13:00:00
3091,2003-03-18 00:00:00
3092,2003-03-17 23:00:00
3093,2003-03-17 22:00:00
3094,2003-03-17 21:00:00
3095,2003-03-17 20:00:00
3096,2003-03-17 19:00:00
3097,2003-03-17 18:00:00
3098,2003-03-17 17:00:00
3099,2003-03-17 16:00:00
3100,2003-03-17 15:00:00
3101,2003-03-17 14:00:00
3102,2003-03-17 13:00:00
3103,2003-03-17 12:00:00
3104,2003-03-17 11:00:00
3105,2003-03-17 10:00:00
3106,2003-03-17 09:00:00
3107,2003-03-17 08:00:00
3146,2003-11-14 00:00:00
3147,2003-11-13 23:00:00
3148,2003-11-13 22:00:00
3149,2003-11-13 21:00:00
3150,2003-11-13 20:00:00
3151,2003-11-13 19:00:00
3160,2004-01-04 00:00:00
3161,2004-01-03 23:00:00
3162,2004-01-03 22:00:00
3163,2004-01-03 21:00:00
3164,2004-01-03 20:00:00
3165,2004-01-03 19:00:00
3166,2004-01-03 18:00:00
3198,2005-03-21 00:00:00
3199,2005-03-20 23:00:00
3200,2005-03-20 22:00:00
3201,2005-03-20 21:00:00
3202,2005-03-20 20:00:00
3203,2005-03-20 19:00:00
3204,2005-03-20 18:00:00
3205,2005-03-20 17:00:00
3206,2005-03-20 16:00:00
3207,2005-03-20 15:00:00
3208,2005-03-20 14:00:00
3209,2005-03-20 13:00:00
3221,2006-02-18 00:00:00
3222,2006-02-17 23:00:00
3223,2006-02-17 22:00:00
3224,2006-02-17 21:00:00
3225,2006-02-17 20:00:00
3226,2006-02-17 19:00:00
3227,2006-02-17 18:00:00
3228,2006-03-12 00:00:00
3229,2006-03-11 23:00:00
3230,2006-03-11 22:00:00
3231,2006-03-11 21:00:00
3232,2006-03-11 20:00:00
3233,2006-03-11 19:00:00
3234,2006-03-11 18:00:00
3235,2006-03-13 00:00:00
3236,2006-03-12 23:00:00
3237,2006-03-12 22:00:00
3238,2006-03-12 21:00:00
3239,2006-03-12 20:00:00
3240,2006-03-12 19:00:00
3241,2006-03-12 18:00:00
3242,2006-03-12 17:00:00
3243,2006-03-12 16:00:00
3244,2006-03-12 15:00:00
3245,2006-03-12 14:00:00
3246,2006-03-12 13:00:00
3247,2006-03-12 12:00:00
3278,2007-12-09 00:00:00
3279,2007-12-08 23:00:00
3280,2007-12-08 22:00:00
3281,2007-12-08 21:00:00
3282,2007-12-08 20:00:00
3283,2007-12-08 19:00:00
3284,2007-12-08 18:00:00
3285,2007-12-08 17:00:00
3286,2007-12-08 16:00:00
3287,2007-12-08 15:00:00
3288,2007-12-11 00:00:00
3289,2007-12-10 23:00:00
3290,2007-12-10 22:00:00
3291,2007-12-10 21:00:00
3292,2007-12-10 20:00:00
3293,2007-12-10 19:00:00
3294,2007-12-10 18:00:00
3312,2008-01-08 00:00:00
3313,2008-01-07 23:00:00
3314,2008-01-07 22:00:00
3315,2008-01-07 21:00:00
3316,2008-01-07 20:00:00
3317,2008-01-07 19:00:00
3318,2008-01-07 18:00:00
3319,2008-01-07 17:00:00
3320,2008-01-07 16:00:00
3321,2008-01-07 15:00:00
3330,2008-02-05 00:00:00
3331,2008-02-04 23:00:00
3332,2008-02-04 22:00:00
3333,2008-02-04 21:00:00
3334,2008-02-04 20:00:00
3335,2008-02-04 19:00:00
3336,2008-02-04 18:00:00
3337,2008-02-04 17:00:00
3338,2008-02-04 16:00:00
3339,2008-02-04 15:00:00
3340,2008-02-04 14:00:00
3352,2008-10-12 00:00:00
3353,2008-10-11 23:00:00
3354,2008-10-11 22:00:00
3355,2008-10-11 21:00:00
3363,2008-12-17 00:00:00
3364,2008-12-16 23:00:00
3365,2008-12-16 22:00:00
3366,2008-12-16 21:00:00
3367,2008-12-16 20:00:00
3368,2008-12-16 19:00:00
3369,2008-12-16 18:00:00
3370,2008-12-16 17:00:00
3371,2008-12-16 16:00:00
3372,2008-12-16 15:00:00
3373,2008-12-16 14:00:00
3374,2008-12-23 00:00:00
3375,2008-12-22 23:00:00
3376,2008-12-22 22:00:00
3377,2008-12-22 21:00:00
3378,2008-12-22 20:00:00
3379,2008-12-22 19:00:00
3380,2008-12-22 18:00:00
3381,2008-12-22 17:00:00
3382,2008-12-22 16:00:00
3390,2009-11-15 00:00:00
3391,2009-11-14 23:00:00
3392,2009-11-14 22:00:00
3393,2009-11-14 21:00:00
3394,2009-11-14 20:00:00
3395,2009-11-14 19:00:00
3396,2009-11-14 18:00:00
3397,2009-11-14 17:00:00
3398,2009-11-14 16:00:00
3399,2009-11-14 15:00:00
3406,2009-12-09 00:00:00
3407,2009-12-08 23:00:00
3408,2009-12-08 22:00:00
3409,2009-12-08 21:00:00
3410,2009-12-08 20:00:00
3411,2009-12-08 19:00:00
3412,2009-12-08 18:00:00
3413,2009-12-08 17:00:00
3414,2009-12-08 16:00:00
3415,2009-12-08 15:00:00
3416,2009-12-08 14:00:00
3417,2009-12-08 13:00:00
3418,2009-12-14 00:00:00
3419,2009-12-13 23:00:00
3420,2009-12-13 22:00:00
3421,2009-12-13 21:00:00
3422,2009-12-13 20:00:00
3423,2009-12-13 19:00:00
3424,2009-12-13 18:00:00
3429,2010-01-23 00:00:00
3430,2010-01-22 23:00:00
3431,2010-01-22 22:00:00
3432,2010-01-22 21:00:00
3433,2010-01-22 20:00:00
3434,2010-01-22 19:00:00
3435,2010-01-22 18:00:00
3444,2010-12-30 00:00:00
3445,2010-12-29 23:00:00
3446,2010-12-29 22:00:00
3447,2010-12-29 21:00:00
3448,2010-12-29 20:00:00
3449,2010-12-29 19:00:00
3450,2010-12-29 18:00:00
3451,2010-12-29 17:00:00
3452,2010-12-29 16:00:00
3453,2010-12-31 00:00:00
3454,2010-12-30 23:00:00
3455,2010-12-30 22:00:00
3456,2010-12-30 21:00:00
3457,2010-12-30 20:00:00
3458,2010-12-30 19:00:00
3464,2011-03-08 00:00:00
3465,2011-03-07 23:00:00
3466,2011-03-07 22:00:00
3467,2011-03-07 21:00:00
3468,2011-03-07 20:00:00
3469,2011-03-07 19:00:00
3470,2011-03-07 18:00:00
3471,2011-03-07 17:00:00
3472,2011-03-07 16:00:00
3473,2011-03-07 15:00:00
3474,2011-03-07 14:00:00
3475,2011-03-07 13:00:00
3476,2011-04-08 00:00:00
3477,2011-04-07 23:00:00
3478,2011-04-07 22:00:00
3479,2011-04-07 21:00:00
3480,2011-04-07 20:00:00
3481,2011-04-07 19:00:00
3482,2011-04-07 18:00:00
3483,2011-04-07 17:00:00
3484,2011-04-07 16:00:00
3485,2011-04-07 15:00:00
3486,2011-04-07 14:00:00
3487,2011-04-07 13:00:00
3506,2011-10-27 00:00:00
3507,2011-10-26 23:00:00
3508,2011-10-26 22:00:00
3509,2011-10-26 21:00:00
3510,2011-10-26 20:00:00
3511,2011-10-26 19:00:00
3512,2011-10-26 18:00:00
3513,2011-10-26 17:00:00
3514,2011-10-26 16:00:00
3515,2011-10-26 15:00:00
3516,2011-10-26 14:00:00
3517,2011-10-26 13:00:00
3518,2011-10-26 12:00:00
3519,2011-10-26 11:00:00
3527,2015-02-24 00:00:00
3528,2015-02-23 23:00:00
3529,2015-02-23 22:00:00
3530,2015-02-23 21:00:00
3531,2015-02-23 20:00:00
3532,2015-02-23 19:00:00
3533,2015-02-23 18:00:00
3534,2015-02-23 17:00:00
3535,2015-02-23 16:00:00
3536,2015-03-01 00:00:00
3537,2015-02-28 23:00:00
3538,2015-02-28 22:00:00
3539,2015-02-28 21:00:00
3540,2015-02-28 20:00:00
3541,2015-02-28 19:00:00
3542,2015-02-28 18:00:00
3543,2015-02-28 17:00:00
3544,2015-02-28 16:00:00
3545,2015-03-02 00:00:00
3546,2015-03-01 23:00:00
3547,2015-03-01 22:00:00
3548,2015-03-01 21:00:00
3549,2015-03-01 20:00:00
3550,2015-03-01 19:00:00
3551,2015-03-01 18:00:00
3552,2015-03-03 00:00:00
3553,2015-03-02 23:00:00
3554,2015-03-02 22:00:00
3555,2015-03-02 21:00:00
3556,2015-05-16 00:00:00
3557,2015-05-15 23:00:00
3558,2015-05-15 22:00:00
3559,2015-05-15 21:00:00
3560,2015-05-15 20:00:00
3561,2015-05-15 19:00:00
3562,2015-05-15 18:00:00
3563,2015-05-15 17:00:00
3564,2015-05-15 16:00:00
3565,2015-11-17 00:00:00
3566,2015-11-16 23:00:00
3567,2015-11-16 22:00:00
3568,2015-11-16 21:00:00
3569,2015-11-16 20:00:00
3570,2015-11-16 19:00:00
3571,2015-11-16 18:00:00
3572,2015-11-16 17:00:00
3573,2015-11-16 16:00:00
3574,2015-11-16 15:00:00
3575,2015-11-16 14:00:00
3576,2015-11-16 13:00:00
3577,2015-11-16 12:00:00
3578,2015-11-16 11:00:00
3579,2015-11-16 10:00:00
3580,2015-11-16 09:00:00
3581,2015-11-16 08:00:00
3582,2015-11-16 07:00:00
3622,2017-01-22 00:00:00
3623,2017-01-21 23:00:00
3624,2017-01-21 22:00:00
3625,2017-01-21 21:00:00
3626,2017-01-21 20:00:00
3627,2017-01-21 19:00:00
3628,2017-01-21 18:00:00
3629,2017-01-21 17:00:00
3630,2017-01-21 16:00:00
3631,2017-01-21 15:00:00
3632,2017-01-21 14:00:00
3633,2017-01-21 13:00:00
3634,2017-01-21 12:00:00
3635,2017-01-21 11:00:00
3636,2017-01-21 10:00:00
3637,2017-01-21 09:00:00
3638,2017-01-21 08:00:00
3639,2017-01-21 07:00:00
3640,2017-01-21 06:00:00
3641,2017-01-21 05:00:00
3642,2017-01-24 00:00:00
3643,2017-01-23 23:00:00
3644,2017-01-23 22:00:00
3645,2017-01-23 21:00:00
3646,2017-01-23 20:00:00
3647,2017-01-23 19:00:00
3657,2017-02-27 15:00:00
3658,2017-03-01 00:00:00
3659,2017-02-28 23:00:00
3660,2017-02-28 22:00:00
3661,2017-02-28 21:00:00
3662,2017-02-28 20:00:00
3663,2017-02-28 19:00:00
3664,2017-02-28 18:00:00
3665,2017-02-28 17:00:00
3666,2017-02-28 16:00:00
3667,2017-02-28 15:00:00
3697,2019-03-03 13:00:00
3709,2019-03-14 00:00:00
3710,2019-03-13 23:00:00
3711,2019-03-13 22:00:00
3712,2019-03-13 21:00:00
3713,2019-03-13 20:00:00
3714,2019-03-13 19:00:00
3715,2019-03-13 18:00:00
3716,2019-03-13 17:00:00
3717,2019-03-13 16:00:00
3718,2019-03-13 15:00:00
3719,2019-03-13 14:00:00
3720,2019-03-13 13:00:00
3721,2019-03-13 12:00:00
3722,2019-03-13 11:00:00
3723,2019-03-13 10:00:00
3724,2019-03-13 09:00:00
3725,2019-03-13 08:00:00
3726,2019-03-13 07:00:00
3727,2019-03-12 05:00:00
3728,2019-03-12 04:00:00
3729,2019-03-12 03:00:00
3730,2019-03-12 02:00:00
3731,2019-03-12 01:00:00
3735,2019-11-30 00:00:00
3736,2019-11-29 23:00:00
3737,2019-11-29 22:00:00
3743,2020-12-29 00:00:00
3744,2020-12-28 23:00:00
3745,2020-12-28 22:00:00
3746,2020-12-28 21:00:00
3763,2023-03-21 18:00:00
3770,2006-10-07 10:00:00
3771,2006-10-07 09:00:00
3772,2006-10-07 08:00:00
3773,2006-10-07 07:00:00
3774,2006-10-07 06:00:00
3775,2006-10-07 05:00:00
3776,2008-04-17 00:00:00
3777,2011-10-08 00:00:00
3778,2011-10-07 23:00:00
3779,2011-10-07 22:00:00
3780,2011-10-07 21:00:00
3781,2011-10-07 20:00:00
3782,2011-10-07 19:00:00
3783,2011-10-07 18:00:00
3784,2011-10-07 17:00:00
3785,2011-10-07 16:00:00
3786,2011-10-07 15:00:00
3787,2011-10-07 14:00:00
3788,2011-10-07 13:00:00
3789,2011-10-07 12:00:00
3790,2012-04-04 00:00:00
3791,2012-04-03 23:00:00
3792,2012-04-03 22:00:00
3793,2012-04-03 21:00:00
3794,2012-04-03 20:00:00
3795,2012-04-03 19:00:00
3796,2015-02-11 00:00:00
3797,2015-02-10 05:00:00
3798,2015-02-10 04:00:00
3799,2015-02-10 03:00:00
3800,2015-02-10 02:00:00
3801,2015-02-10 01:00:00
3802,2015-02-10 00:00:00
3803,2015-02-09 23:00:00
3804,2015-02-09 22:00:00
3805,2015-02-09 21:00:00
3806,2015-02-09 20:00:00
3807,2015-02-09 19:00:00
3808,2015-02-09 18:00:00
3809,2015-02-09 17:00:00
3810,2015-02-09 16:00:00
3811,2015-02-09 15:00:00
3812,2015-02-09 14:00:00
3813,2015-02-09 13:00:00
3814,2015-02-09 12:00:00
3815,2015-02-09 11:00:00
3816,2015-02-09 10:00:00
3817,2015-02-09 09:00:00
3818,2015-02-09 08:00:00
3819,2015-02-09 07:00:00
3820,2015-02-09 06:00:00
3821,2019-10-24 00:00:00
3822,2000-10-24 00:00:00
3824,2006-10-07 12:00:00
3825,2006-10-07 11:00:00
3840,2007-12-08 14:00:00
3841,2007-12-08 13:00:00
3842,2007-12-08 12:00:00
3843,2007-12-08 11:00:00
3844,2007-12-08 10:00:00
3845,2007-12-08 09:00:00
3846,2007-12-08 08:00:00
3847,2007-12-08 07:00:00
3848,2007-12-08 06:00:00
3849,2007-12-08 05:00:00
3850,2007-12-08 04:00:00
3851,2009-04-18 00:00:00
3852,2009-04-15 17:00:00
3853,2009-04-15 16:00:00
3854,2009-04-15 15:00:00
3855,2009-04-15 14:00:00
3856,2009-04-15 13:00:00
3857,2010-04-23 00:00:00
3858,2010-04-22 23:00:00
3859,2010-04-22 22:00:00
3860,2010-04-22 21:00:00
3861,2010-04-22 20:00:00
3862,2010-04-22 19:00:00
3863,2010-04-22 18:00:00
3864,2010-04-22 17:00:00
3865,2010-04-22 16:00:00
3866,2010-04-22 15:00:00
3867,2011-02-06 00:00:00
3868,2011-02-05 23:00:00
3869,2011-02-05 22:00:00
3870,2011-02-05 21:00:00
3871,2011-02-05 20:00:00
3872,2011-02-05 19:00:00
3873,2011-02-05 18:00:00
3874,2011-02-05 17:00:00
3875,2011-02-05 16:00:00
3876,2011-02-05 15:00:00
3877,2011-02-05 14:00:00
3878,2011-02-05 13:00:00
3879,2011-02-05 12:00:00
3880,2011-02-05 11:00:00
3881,2011-02-05 10:00:00
3882,2011-02-05 09:00:00
3883,2011-02-05 08:00:00
3884,2013-09-13 00:00:00
3885,2017-04-26 00:00:00
3886,2017-04-25 23:00:00
3887,2017-04-25 09:00:00
3888,2017-04-25 08:00:00
3889,2017-04-25 07:00:00
3890,2017-04-25 06:00:00
3891,2017-04-25 05:00:00
3892,2017-04-25 04:00:00
3893,2017-04-25 03:00:00
3894,2017-04-25 02:00:00
3895,2017-04-25 01:00:00
3896,2017-04-25 00:00:00
3897,2017-04-24 23:00:00
3898,2017-04-24 22:00:00
3899,2017-04-24 21:00:00
3900,2017-04-24 20:00:00
3901,2017-04-24 19:00:00
3902,2017-04-24 18:00:00
3903,2017-04-24 17:00:00
3904,2017-04-24 16:00:00
3905,2017-04-24 15:00:00
3906,2017-04-24 14:00:00
3907,2017-04-24 13:00:00
3908,2017-04-24 12:00:00
3931,2009-06-19 09:00:00
3932,2009-06-19 08:00:00
3933,2009-06-19 07:00:00
3934,2009-06-19 06:00:00
3935,2009-10-20 21:00:00
3936,2009-10-20 20:00:00
3937,2009-10-20 19:00:00
3938,2009-10-20 18:00:00
3939,2009-10-20 17:00:00
3940,2009-10-20 16:00:00
3946,2015-11-16 05:00:00
3947,2015-11-16 04:00:00
3948,2015-11-16 03:00:00
3949,2015-11-16 02:00:00
3950,2015-11-16 01:00:00
3959,2017-03-23 19:00:00
3960,2017-03-23 18:00:00
3961,2017-03-23 17:00:00
3962,2017-03-23 16:00:00
3963,2017-03-23 15:00:00
3964,2017-03-23 14:00:00
3968,2003-04-15 08:00:00
3969,2003-04-15 07:00:00
3970,2003-04-15 06:00:00
3971,2011-10-07 06:00:00
3972,2011-10-07 05:00:00
3973,2011-10-07 04:00:00
3974,2011-10-07 03:00:00
3975,2011-10-07 02:00:00
3976,2011-10-07 01:00:00
3977,2000-10-11 20:00:00
3978,2000-10-11 19:00:00
3979,2000-10-11 18:00:00
3980,2000-10-11 17:00:00
3981,2000-10-11 16:00:00
3982,2000-10-11 15:00:00
3989,2004-09-19 14:00:00
3990,2004-10-20 20:00:00
3991,2004-10-20 19:00:00
3992,2004-10-20 18:00:00
3993,2004-10-20 17:00:00
3994,2004-10-20 16:00:00
3995,2004-10-20 15:00:00
3996,2004-10-20 14:00:00
3997,2004-10-20 13:00:00
3998,2004-10-20 12:00:00
3999,2004-10-21 20:00:00
4000,2004-10-21 19:00:00
4001,2004-10-21 18:00:00
4002,2004-10-21 17:00:00
4003,2004-10-21 16:00:00
4004,2004-10-21 15:00:00
4005,2004-10-21 14:00:00
4006,2004-10-21 13:00:00
4014,2005-01-11 11:00:00
4015,2005-01-11 10:00:00
4016,2005-10-28 18:00:00
4017,2005-10-28 17:00:00
4018,2005-10-28 16:00:00
4019,2005-10-28 15:00:00
4020,2005-10-28 14:00:00
4021,2005-10-28 13:00:00
4022,2005-10-28 12:00:00
4023,2005-10-28 11:00:00
4034,2006-09-15 12:00:00
4035,2006-10-06 20:00:00
4036,2006-10-06 19:00:00
4037,2006-10-06 18:00:00
4038,2006-10-06 17:00:00
4039,2006-10-06 16:00:00
4040,2006-10-06 15:00:00
4045,2007-09-22 15:00:00
4046,2007-09-22 14:00:00
4047,2007-09-22 13:00:00
4048,2007-09-22 12:00:00
4049,2007-09-22 11:00:00
4050,2007-09-22 10:00:00
4051,2007-09-22 09:00:00
4052,2007-09-22 08:00:00
4053,2007-09-22 07:00:00
4054,2007-09-22 06:00:00
4055,2007-09-22 05:00:00
4056,2007-09-22 04:00:00
4057,2007-09-22 03:00:00
4068,2009-10-04 20:00:00
4069,2009-10-04 19:00:00
4070,2009-10-04 18:00:00
4071,2009-10-04 17:00:00
4072,2009-10-04 16:00:00
4073,2009-10-04 15:00:00
4074,2009-10-04 14:00:00
4075,2009-10-04 13:00:00
4082,2011-05-17 17:00:00
4083,2011-05-17 16:00:00
4084,2011-05-17 15:00:00
4085,2011-05-17 14:00:00
4086,2011-05-17 13:00:00
4087,2011-05-17 12:00:00
4088,2011-05-17 11:00:00
4089,2011-05-17 10:00:00
4090,2011-05-17 09:00:00
4091,2011-05-18 16:00:00
4092,2011-05-18 15:00:00
4093,2011-05-18 14:00:00
4094,2011-05-18 13:00:00
4095,2011-05-18 12:00:00
4096,2011-05-18 11:00:00
4097,2011-05-18 10:00:00
4098,2011-05-18 09:00:00
4099,2011-05-18 08:00:00
4100,2011-05-18 07:00:00
4101,2011-05-18 06:00:00
4102,2011-05-18 05:00:00
4103,2011-05-18 04:00:00
4104,2012-11-09 20:00:00
4105,2012-11-09 19:00:00
4106,2012-11-09 18:00:00
4107,2012-11-09 17:00:00
4108,2012-11-09 16:00:00
4109,2012-11-09 15:00:00
4110,2012-11-09 14:00:00
4111,2013-09-26 20:00:00
4112,2013-09-26 19:00:00
4113,2013-09-26 18:00:00
4114,2013-09-26 17:00:00
4115,2013-09-26 16:00:00
4116,2013-09-26 15:00:00
4117,2013-09-26 14:00:00
4118,2013-09-26 13:00:00
4121,2013-10-10 12:00:00
4122,2013-10-10 11:00:00
4123,2013-10-10 10:00:00
4124,2013-10-10 09:00:00
4125,2013-10-10 08:00:00
4126,2013-10-10 07:00:00
4127,2013-10-10 06:00:00
4136,2014-09-28 07:00:00
4137,2015-11-03 20:00:00
4138,2015-11-03 19:00:00
4139,2015-11-03 18:00:00
4140,2015-11-03 17:00:00
4141,2015-11-03 16:00:00
4142,2015-11-03 15:00:00
4143,2015-11-03 14:00:00
4144,2016-05-07 12:00:00
4145,2016-05-07 11:00:00
4146,2016-05-07 10:00:00
4147,2016-05-07 09:00:00
4148,2016-05-07 08:00:00
4149,2016-05-07 07:00:00
4150,2016-05-07 06:00:00
4151,2016-05-07 05:00:00
4152,2016-05-07 04:00:00
4153,2016-05-07 03:00:00
4154,2016-05-07 02:00:00
4155,2018-08-22 15:00:00
4156,2018-08-22 14:00:00
4157,2018-08-22 13:00:00
4158,2018-08-22 12:00:00
4159,2018-08-22 11:00:00
4160,2018-08-22 10:00:00
4161,2018-08-22 09:00:00
4170,2019-02-05 18:00:00
4171,2019-02-05 17:00:00
4172,2019-02-05 16:00:00
4173,2019-02-05 15:00:00
4174,2019-02-05 14:00:00
4175,2019-02-05 13:00:00
4176,2021-10-25 20:00:00
4177,2021-10-25 19:00:00
4178,2021-10-25 18:00:00
4179,2021-10-25 17:00:00
4180,2021-10-25 16:00:00
4181,2021-10-25 15:00:00
4182,2021-10-25 14:00:00
4183,2021-10-25 13:00:00
4184,2021-10-25 12:00:00
4185,2023-01-01 18:00:00
4186,2023-01-01 17:00:00
4187,2023-01-01 16:00:00
4188,2023-01-01 15:00:00
4189,2023-01-01 14:00:00
4190,2023-01-01 13:00:00
4191,2023-01-01 12:00:00
4192,2023-01-01 11:00:00
4193,2023-01-01 10:00:00
4194,2023-01-01 09:00:00
4195,2023-01-01 08:00:00
4196,2023-01-01 07:00:00
4197,2023-01-01 06:00:00
4210,2003-05-04 22:00:00
4211,2003-05-04 21:00:00
4212,2003-05-04 20:00:00
4213,2003-05-04 19:00:00
4214,2003-05-04 18:00:00
4215,2003-05-04 17:00:00
4216,2003-05-04 16:00:00
4217,2003-05-04 15:00:00
4218,2003-05-04 14:00:00
4219,2003-05-04 13:00:00
4220,2003-05-04 12:00:00
4221,2003-05-04 11:00:00
4222,2003-05-04 10:00:00
4235,2003-09-10 07:00:00
4236,2003-09-10 06:00:00
4237,2003-09-10 05:00:00
4238,2003-09-10 04:00:00
4239,2003-09-10 03:00:00
4240,2003-09-10 02:00:00
4241,2003-09-10 01:00:00
4256,2003-09-09 10:00:00
4257,2003-09-09 09:00:00
4258,2003-09-09 08:00:00
4259,2003-09-09 07:00:00
4260,2003-09-09 06:00:00
4281,2004-09-20 10:00:00
4282,2004-09-20 09:00:00
4283,2004-09-20 08:00:00
4284,2004-09-20 07:00:00
4317,2005-01-10 13:00:00
4318,2005-01-10 12:00:00
4319,2005-01-10 11:00:00
4332,2005-10-29 21:00:00
4333,2005-10-29 20:00:00
4334,2005-10-29 19:00:00
4335,2005-10-29 18:00:00
4336,2005-10-29 17:00:00
4337,2005-10-29 16:00:00
4338,2005-10-29 15:00:00
4339,2005-10-29 14:00:00
4340,2005-10-29 13:00:00
4341,2005-10-29 12:00:00
4342,2005-10-29 11:00:00
4343,2005-10-29 10:00:00
4344,2005-10-29 09:00:00
4345,2005-10-29 08:00:00
4346,2005-10-29 07:00:00
4347,2005-10-29 06:00:00
4348,2005-10-29 05:00:00
4349,2005-10-29 04:00:00
4350,2005-10-29 03:00:00
4351,2005-10-29 02:00:00
4352,2005-10-29 01:00:00
4362,2005-12-02 14:00:00
4363,2005-12-02 13:00:00
4385,2007-01-12 11:00:00
4449,2008-01-05 14:00:00
4450,2008-01-05 13:00:00
4451,2008-01-05 12:00:00
4460,2008-02-03 15:00:00
4461,2008-02-03 14:00:00
4462,2008-02-03 13:00:00
4463,2008-02-03 12:00:00
4464,2008-02-03 11:00:00
4465,2008-02-03 10:00:00
4466,2008-02-03 09:00:00
4467,2008-02-03 08:00:00
4476,2008-10-04 15:00:00
4477,2008-10-04 14:00:00
4478,2008-11-27 16:00:00
4479,2008-11-27 15:00:00
4480,2008-11-27 14:00:00
4481,2008-11-27 13:00:00
4482,2008-11-27 12:00:00
4483,2008-11-27 11:00:00
4484,2008-11-27 10:00:00
4485,2008-11-27 09:00:00
4486,2008-11-27 08:00:00
4487,2008-11-27 07:00:00
4488,2008-11-27 06:00:00
4489,2008-11-27 05:00:00
4490,2008-11-27 04:00:00
4491,2008-11-27 03:00:00
4492,2008-11-27 02:00:00
4493,2008-11-27 01:00:00
4494,2008-11-27 00:00:00
4495,2008-11-26 23:00:00
4509,2009-12-13 17:00:00
4510,2009-12-13 16:00:00
4511,2009-12-13 15:00:00
4512,2009-12-13 14:00:00
4513,2009-12-13 13:00:00
4514,2009-12-13 12:00:00
4515,2009-12-13 11:00:00
4523,2010-12-20 16:00:00
4524,2010-12-20 15:00:00
4525,2010-12-20 14:00:00
4526,2010-12-20 13:00:00
4527,2010-12-20 12:00:00
4528,2010-12-20 11:00:00
4529,2010-12-20 10:00:00
4530,2010-12-20 09:00:00
4531,2010-12-20 08:00:00
4560,2013-10-29 12:00:00
4561,2013-10-29 11:00:00
4562,2013-10-29 10:00:00
4563,2013-10-29 09:00:00
4586,2015-03-02 20:00:00
4587,2015-03-02 19:00:00
4588,2015-03-02 18:00:00
4589,2015-03-02 17:00:00
4590,2015-03-02 16:00:00
4591,2015-03-02 15:00:00
4602,2017-01-09 13:00:00
4603,2017-02-11 10:00:00
4604,2017-02-11 09:00:00
4605,2017-02-11 08:00:00
4606,2017-02-11 07:00:00
4607,2017-02-11 06:00:00
4608,2017-02-11 05:00:00
4609,2017-02-11 04:00:00
4610,2017-02-11 03:00:00
4611,2017-02-11 02:00:00
4612,2017-02-11 01:00:00
4613,2017-02-11 00:00:00
4614,2017-02-10 23:00:00
4615,2017-02-10 22:00:00
4616,2017-02-10 21:00:00
4617,2018-03-23 18:00:00
4618,2018-03-23 17:00:00
4619,2018-03-23 16:00:00
4620,2018-03-23 15:00:00
4621,2018-03-23 14:00:00
4622,2018-03-23 13:00:00
4623,2018-03-23 12:00:00
4624,2018-03-23 11:00:00
4625,2018-03-23 10:00:00
4626,2018-03-23 09:00:00
4627,2018-03-23 08:00:00
4628,2018-03-23 07:00:00
4629,2018-03-23 06:00:00
4630,2018-03-23 05:00:00
4631,2018-03-23 04:00:00
4632,2018-03-23 03:00:00
4633,2018-03-23 02:00:00
4700,2019-03-02 08:00:00
4701,2019-03-02 07:00:00
4702,2019-03-02 06:00:00
4703,2019-03-02 05:00:00
4704,2019-03-02 04:00:00
4705,2019-03-02 03:00:00
4706,2019-03-02 02:00:00
4707,2019-03-08 22:00:00
4708,2019-03-08 21:00:00
4709,2019-03-08 20:00:00
4710,2019-03-08 19:00:00
4711,2019-03-08 18:00:00
4712,2019-03-08 17:00:00
4713,2019-03-08 16:00:00
4714,2019-03-08 15:00:00
4715,2019-03-08 14:00:00
4716,2019-03-08 13:00:00
4717,2019-03-08 12:00:00
4718,2019-03-08 11:00:00
4719,2019-03-08 10:00:00
4720,2019-03-08 09:00:00
4730,2019-06-21 20:00:00
4731,2019-06-21 19:00:00
4732,2019-06-21 18:00:00
4733,2019-06-21 17:00:00
4734,2019-06-21 16:00:00
4735,2019-06-21 15:00:00
4736,2019-06-21 14:00:00
4737,2019-06-21 13:00:00
4738,2019-06-21 12:00:00
4739,2019-06-21 11:00:00
4740,2019-06-21 10:00:00
4741,2019-06-21 09:00:00
4755,2020-03-19 07:00:00
4756,2020-03-19 06:00:00
4757,2020-03-19 05:00:00
4758,2020-03-19 04:00:00
4797,2021-12-09 13:00:00
4798,2021-12-09 12:00:00
4799,2021-12-09 11:00:00
4800,2021-12-09 10:00:00
4801,2021-12-09 09:00:00
4802,2021-12-09 08:00:00
4816,2021-12-23 10:00:00
4817,2021-12-23 09:00:00
4828,2021-12-24 12:00:00
4829,2021-12-24 11:00:00
4830,2021-12-24 10:00:00
4831,2021-12-24 09:00:00
4832,2021-12-24 08:00:00
4833,2021-12-24 07:00:00
4834,2021-12-24 06:00:00
4835,2021-12-24 05:00:00
4846,2022-12-27 13:00:00
4847,2022-12-27 12:00:00
4848,2022-12-27 11:00:00
4849,2022-12-27 10:00:00
4850,2022-12-27 09:00:00
4851,2022-12-27 08:00:00
4852,2022-12-27 07:00:00
4853,2022-12-26 13:00:00
4854,2022-12-26 12:00:00
4855,2022-12-26 11:00:00
4856,2022-12-26 10:00:00
4886,2023-03-15 10:00:00
4887,2023-03-15 09:00:00
4888,2023-03-15 08:00:00
4889,2023-03-15 07:00:00
4890,2000-01-18 19:00:00
4891,2000-01-18 18:00:00
4892,2000-01-18 17:00:00
4893,2000-01-18 16:00:00
4894,2000-01-18 15:00:00
4895,2000-01-18 14:00:00
4896,2000-01-18 13:00:00
4897,2000-01-18 12:00:00
4898,2000-01-18 11:00:00
4899,2000-01-18 10:00:00
4900,2000-04-22 08:00:00
4901,2000-04-22 07:00:00
4902,2000-04-22 06:00:00
4903,2000-04-22 05:00:00
4904,2000-04-22 04:00:00
4905,2000-04-22 03:00:00
4906,2000-04-22 02:00:00
4907,2000-04-22 01:00:00
4908,2000-04-22 00:00:00
4909,2000-04-21 23:00:00
4918,2002-10-02 03:00:00
4919,2002-10-02 02:00:00
4920,2002-10-02 01:00:00
4921,2003-05-04 08:00:00
4922,2003-05-04 07:00:00
4923,2003-05-04 06:00:00
4924,2003-05-04 05:00:00
4925,2003-05-04 04:00:00
4926,2003-05-04 03:00:00
4927,2003-05-04 02:00:00
4928,2003-05-04 01:00:00
4929,2003-05-04 00:00:00
4930,2003-05-03 23:00:00
4931,2003-05-03 22:00:00
4932,2003-05-03 21:00:00
4933,2003-05-03 20:00:00
4934,2003-05-03 19:00:00
4950,2003-12-07 19:00:00
4951,2003-12-07 18:00:00
4952,2003-12-07 17:00:00
4953,2003-12-07 16:00:00
4954,2003-12-07 15:00:00
4955,2003-12-07 14:00:00
4956,2003-12-07 13:00:00
4957,2003-12-07 12:00:00
4958,2003-12-07 11:00:00
4970,2004-09-20 06:00:00
4971,2004-09-20 05:00:00
4972,2004-09-20 04:00:00
4996,2004-12-29 12:00:00
4997,2004-12-29 11:00:00
5008,2005-10-04 14:00:00
5009,2005-10-04 13:00:00
5010,2005-10-04 12:00:00
5011,2005-10-04 11:00:00
5012,2005-10-04 10:00:00
5013,2005-10-04 09:00:00
5014,2005-10-04 08:00:00
5015,2005-10-04 07:00:00
5016,2005-10-04 06:00:00
5017,2005-10-04 05:00:00
5018,2005-10-04 04:00:00
5019,2005-10-04 03:00:00
5020,2005-10-04 02:00:00
5021,2005-10-04 01:00:00
5022,2005-10-04 00:00:00
5023,2005-10-03 23:00:00
5024,2005-10-03 22:00:00
5025,2005-10-03 21:00:00
5026,2005-10-03 20:00:00
5033,2005-12-02 12:00:00
5034,2005-12-02 11:00:00
5035,2005-12-02 10:00:00
5036,2005-12-02 09:00:00
5037,2005-12-02 08:00:00
5038,2005-12-02 07:00:00
5039,2005-12-02 06:00:00
5040,2005-12-02 05:00:00
5083,2007-11-30 06:00:00
5084,2007-11-30 05:00:00
5085,2007-11-30 04:00:00
5086,2007-11-30 03:00:00
5087,2007-11-30 02:00:00
5092,2007-12-01 14:00:00
5093,2007-12-01 13:00:00
5094,2007-12-01 12:00:00
5095,2007-12-01 11:00:00
5096,2007-12-01 10:00:00
5097,2007-12-01 09:00:00
5098,2007-12-01 08:00:00
5099,2007-12-01 07:00:00
5100,2007-12-01 06:00:00
5101,2007-12-01 05:00:00
5102,2007-12-01 04:00:00
5103,2007-12-01 03:00:00
5104,2007-12-01 02:00:00
5105,2009-01-24 18:00:00
5106,2009-01-24 17:00:00
5107,2009-01-24 16:00:00
5108,2009-01-24 15:00:00
5109,2009-01-24 14:00:00
5110,2009-01-24 13:00:00
5111,2009-01-24 12:00:00
5112,2009-01-24 11:00:00
5113,2009-01-24 10:00:00
5114,2009-01-24 09:00:00
5115,2009-01-24 08:00:00
5116,2009-01-24 07:00:00
5117,2009-01-24 06:00:00
5118,2009-01-24 05:00:00
5119,2009-01-24 04:00:00
5120,2009-01-24 03:00:00
5121,2009-01-24 02:00:00
5122,2009-01-24 01:00:00
5123,2009-01-24 00:00:00
5124,2009-01-23 23:00:00
5125,2009-01-23 22:00:00
5126,2009-01-23 21:00:00
5127,2009-01-23 20:00:00
5128,2009-01-23 19:00:00
5129,2009-01-25 19:00:00
5130,2009-01-25 18:00:00
5131,2009-01-25 17:00:00
5132,2009-01-25 16:00:00
5133,2009-01-25 15:00:00
5134,2009-01-25 14:00:00
5135,2009-01-25 13:00:00
5136,2009-01-25 12:00:00
5137,2009-01-25 11:00:00
5138,2009-01-25 10:00:00
5139,2009-01-25 09:00:00
5140,2009-01-25 08:00:00
5141,2009-01-25 07:00:00
5142,2009-01-25 06:00:00
5143,2009-01-25 05:00:00
5144,2009-01-25 04:00:00
5145,2009-01-25 03:00:00
5146,2009-01-25 02:00:00
5147,2009-01-25 01:00:00
5148,2009-01-25 00:00:00
5149,2009-01-24 23:00:00
5154,2010-12-19 13:00:00
5155,2010-12-19 12:00:00
5156,2010-12-19 11:00:00
5157,2010-12-19 10:00:00
5158,2010-12-19 09:00:00
5159,2010-12-19 08:00:00
5160,2010-12-19 07:00:00
5161,2010-12-19 06:00:00
5162,2010-12-19 05:00:00
5163,2010-12-19 04:00:00
5164,2010-12-19 03:00:00
5165,2010-12-19 02:00:00
5166,2015-02-04 07:00:00
5167,2015-02-04 06:00:00
5168,2015-02-04 05:00:00
5169,2015-02-04 04:00:00
5170,2015-02-04 03:00:00
5171,2015-02-04 02:00:00
5172,2015-02-04 01:00:00
5173,2015-02-04 00:00:00
5177,2015-03-02 14:00:00
5178,2015-03-02 13:00:00
5179,2015-03-02 12:00:00
5180,2015-03-02 11:00:00
5181,2015-03-02 10:00:00
5182,2015-03-02 09:00:00
5183,2015-03-02 08:00:00
5184,2015-03-02 07:00:00
5185,2015-03-02 06:00:00
5186,2015-03-02 05:00:00
5187,2015-03-02 04:00:00
5188,2015-03-02 03:00:00
5192,2017-01-08 16:00:00
5193,2017-01-08 15:00:00
5194,2017-01-08 14:00:00
5195,2017-01-08 13:00:00
5196,2017-01-08 12:00:00
5197,2017-01-08 11:00:00
5198,2017-01-08 10:00:00
5199,2017-01-08 09:00:00
5200,2017-01-08 08:00:00
5201,2017-01-11 15:00:00
5202,2017-01-11 14:00:00
5203,2017-01-11 13:00:00
5204,2017-01-11 12:00:00
5205,2017-01-11 11:00:00
5206,2017-01-11 10:00:00
5207,2017-01-11 09:00:00
5208,2017-01-11 08:00:00
5209,2017-01-11 07:00:00
5210,2017-01-11 06:00:00
5211,2017-01-11 05:00:00
5235,2019-01-17 07:00:00
5236,2019-01-17 06:00:00
5237,2019-01-17 05:00:00
5238,2019-01-17 04:00:00
5239,2019-01-17 03:00:00
5240,2019-01-17 02:00:00
5241,2019-01-17 01:00:00
5242,2019-01-17 00:00:00
5250,2019-03-06 13:00:00
5251,2019-03-06 12:00:00
5252,2019-03-06 11:00:00
5253,2019-03-06 10:00:00
5254,2019-03-06 09:00:00
5255,2019-03-06 08:00:00
5265,2019-03-08 08:00:00
5266,2019-03-08 07:00:00
5267,2019-03-08 06:00:00
5268,2019-03-08 05:00:00
5269,2020-12-28 15:00:00
5270,2020-12-28 14:00:00
5271,2020-12-28 13:00:00
5272,2020-12-28 12:00:00
5273,2020-12-28 11:00:00
5274,2020-12-28 10:00:00
5275,2020-12-28 09:00:00
5276,2020-12-28 08:00:00
5277,2020-12-28 07:00:00
5278,2020-12-28 06:00:00
5279,2020-12-28 05:00:00
5280,2020-12-28 04:00:00
5281,2020-12-28 03:00:00
5282,2020-12-28 02:00:00
5283,2020-12-28 01:00:00
5284,2020-12-28 00:00:00
5285,2020-12-27 23:00:00
5286,2020-12-27 22:00:00
5316,2000-01-25 07:00:00
5317,2000-01-25 06:00:00
5318,2000-01-25 05:00:00
5319,2000-01-25 04:00:00
5320,2000-01-25 03:00:00
5337,2002-09-10 08:00:00
5338,2002-09-10 07:00:00
5339,2002-09-10 06:00:00
5340,2002-09-10 05:00:00
5341,2002-09-10 04:00:00
5342,2002-09-10 03:00:00
5343,2002-09-10 02:00:00
5344,2002-09-10 01:00:00
5377,2002-11-09 15:00:00
5389,2003-02-27 13:00:00
5390,2003-02-27 12:00:00
5435,2005-04-26 00:00:00
5436,2005-04-25 23:00:00
5437,2005-04-25 22:00:00
5438,2005-04-25 21:00:00
5439,2005-04-25 20:00:00
5440,2005-04-25 19:00:00
5441,2005-04-25 18:00:00
5442,2005-04-25 17:00:00
5443,2005-04-25 16:00:00
5444,2005-04-25 15:00:00
5445,2005-04-25 14:00:00
5446,2005-04-25 13:00:00
5447,2005-04-25 12:00:00
5448,2005-04-25 11:00:00
5449,2005-04-25 10:00:00
5450,2005-04-25 09:00:00
5451,2005-04-25 08:00:00
5452,2005-04-25 07:00:00
5453,2005-04-25 06:00:00
5454,2005-04-25 05:00:00
5455,2005-04-25 04:00:00
5456,2005-04-25 03:00:00
5457,2005-04-25 02:00:00
5458,2005-04-25 01:00:00
5483,2007-01-14 00:00:00
5484,2007-01-13 23:00:00
5485,2007-01-13 22:00:00
5486,2007-01-13 21:00:00
5487,2007-01-13 20:00:00
5488,2007-01-13 19:00:00
5489,2007-01-13 18:00:00
5490,2007-01-13 17:00:00
5550,2008-11-28 00:00:00
5551,2008-11-27 23:00:00
5552,2008-11-27 22:00:00
5553,2008-11-27 21:00:00
5554,2008-11-27 20:00:00
5555,2008-11-27 19:00:00
5556,2008-11-27 18:00:00
5557,2008-11-27 17:00:00
5577,2009-06-10 00:00:00
5578,2009-06-09 23:00:00
5579,2009-06-09 22:00:00
5580,2009-06-09 21:00:00
5581,2009-06-09 20:00:00
5582,2009-06-09 19:00:00
5583,2009-06-09 18:00:00
5584,2009-06-09 17:00:00
5585,2009-06-09 16:00:00
5586,2009-06-09 15:00:00
5614,2012-09-13 00:00:00
5615,2012-09-12 23:00:00
5616,2012-09-12 22:00:00
5617,2012-09-12 21:00:00
5618,2012-09-12 20:00:00
5619,2012-09-12 19:00:00
5620,2012-09-12 18:00:00
5621,2012-09-12 17:00:00
5622,2012-09-12 16:00:00
5623,2012-09-12 15:00:00
5624,2012-09-12 14:00:00
5625,2012-09-12 13:00:00
5626,2012-09-12 12:00:00
5627,2012-09-12 11:00:00
5628,2012-09-12 10:00:00
5629,2012-09-12 09:00:00
5630,2012-09-12 08:00:00
5631,2012-09-12 07:00:00
5632,2012-09-12 06:00:00
5633,2012-09-12 05:00:00
5634,2012-09-12 04:00:00
5635,2012-09-12 03:00:00
5636,2012-09-12 02:00:00
5637,2012-09-12 01:00:00
5638,2012-09-12 00:00:00
5639,2012-09-11 23:00:00
5640,2012-09-11 22:00:00
5641,2013-09-14 00:00:00
5642,2013-09-13 23:00:00
5643,2013-09-13 22:00:00
5644,2013-09-13 21:00:00
5645,2013-09-13 20:00:00
5646,2013-09-13 19:00:00
5647,2013-09-13 18:00:00
5648,2013-09-13 17:00:00
5649,2013-09-13 16:00:00
5695,2015-05-15 15:00:00
5696,2015-05-15 14:00:00
5697,2015-05-15 13:00:00
5746,2019-12-09 00:00:00
5747,2019-12-08 23:00:00
5748,2019-12-08 22:00:00
5749,2019-12-08 21:00:00
5750,2019-12-08 20:00:00
5751,2019-12-08 19:00:00
5752,2019-12-08 18:00:00
5753,2019-12-08 17:00:00
5754,2019-12-08 16:00:00
5755,2019-12-08 15:00:00
5756,2019-12-08 14:00:00
5757,2019-12-08 13:00:00
5758,2019-12-08 12:00:00
5780,2001-04-20 19:00:00
5781,2001-04-20 18:00:00
5782,2001-04-20 17:00:00
5783,2001-04-20 16:00:00
5784,2001-04-20 15:00:00
5785,2001-04-20 14:00:00
5786,2001-04-20 13:00:00
5787,2001-04-20 12:00:00
5792,2002-09-08 07:00:00
5793,2002-09-08 06:00:00
5794,2002-09-08 05:00:00
5795,2002-09-08 04:00:00
5796,2002-09-08 03:00:00
5797,2002-09-08 02:00:00
5798,2002-09-08 01:00:00
5799,2002-09-08 00:00:00
5807,2007-09-23 10:00:00
5808,2007-09-23 09:00:00
5809,2007-09-23 08:00:00
5810,2007-09-23 07:00:00
5811,2007-09-23 06:00:00
5812,2007-09-23 05:00:00
5813,2010-04-22 05:00:00
5814,2010-04-22 04:00:00
5815,2010-04-22 03:00:00
5816,2010-04-22 02:00:00
5817,2010-04-22 01:00:00
5838,2003-03-16 13:00:00
5839,2003-03-16 12:00:00
5840,2003-05-16 00:00:00
5841,2003-05-15 23:00:00
5842,2003-05-15 22:00:00
5843,2003-05-15 21:00:00
5844,2003-05-15 20:00:00
5845,2003-05-15 19:00:00
5846,2003-05-15 18:00:00
5847,2003-05-15 17:00:00
5848,2003-05-15 16:00:00
5849,2003-05-15 15:00:00
5850,2003-05-15 14:00:00
5851,2003-05-15 13:00:00
5852,2003-05-15 12:00:00
5853,2003-05-15 11:00:00
5854,2003-05-15 10:00:00
5855,2003-05-15 09:00:00
5856,2003-05-15 08:00:00
5857,2003-05-15 07:00:00
5858,2003-05-15 06:00:00
5859,2003-05-15 05:00:00
5860,2003-05-15 04:00:00
5861,2003-05-15 03:00:00
5862,2003-05-15 02:00:00
5888,2006-10-07 00:00:00
5889,2006-10-06 23:00:00
5890,2006-10-06 22:00:00
5891,2006-10-06 21:00:00
5895,2007-04-09 00:00:00
5896,2007-04-08 23:00:00
5897,2007-04-08 22:00:00
5898,2007-04-08 21:00:00
5899,2007-04-08 20:00:00
5900,2007-04-08 19:00:00
5901,2007-04-08 18:00:00
5902,2007-04-08 17:00:00
5903,2007-04-08 16:00:00
5904,2007-04-08 15:00:00
5905,2007-04-08 14:00:00
5906,2007-04-08 13:00:00
5993,2008-11-26 22:00:00
5994,2008-11-26 21:00:00
5995,2008-11-26 20:00:00
6013,2010-09-22 15:00:00
6014,2010-09-22 14:00:00
6015,2010-09-22 13:00:00
6033,2011-04-24 07:00:00
6034,2011-04-24 06:00:00
6035,2011-04-24 05:00:00
6063,2014-12-14 00:00:00
6064,2014-12-13 23:00:00
6065,2014-12-13 22:00:00
6066,2014-12-13 21:00:00
6067,2014-12-13 20:00:00
6068,2014-12-13 19:00:00
6069,2014-12-13 18:00:00
6070,2014-12-13 17:00:00
6071,2014-12-13 16:00:00
6072,2014-12-13 15:00:00
6073,2014-12-13 14:00:00
6074,2014-12-13 13:00:00
6075,2014-12-13 12:00:00
6076,2014-12-13 11:00:00
6077,2014-12-13 10:00:00
6078,2014-12-13 09:00:00
6079,2014-12-13 08:00:00
6080,2014-12-13 07:00:00
6081,2014-12-13 06:00:00
6082,2014-12-13 05:00:00
6083,2014-12-13 04:00:00
6084,2018-08-22 00:00:00
6085,2018-08-21 23:00:00
6086,2018-08-21 22:00:00
6087,2018-08-21 21:00:00
6088,2018-08-21 20:00:00
6089,2018-08-21 19:00:00
6090,2018-08-21 18:00:00
6091,2018-08-21 17:00:00
6092,2018-08-21 16:00:00
6093,2018-08-21 15:00:00
6094,2018-08-21 14:00:00
6095,2018-08-21 13:00:00
6139,2018-10-05 05:00:00
6140,2018-10-05 04:00:00
6141,2018-10-05 03:00:00
6142,2018-10-05 02:00:00
6143,2018-10-05 01:00:00
6144,2018-10-05 00:00:00
6185,2019-11-29 21:00:00
6186,2019-11-29 20:00:00
6196,2020-06-07 00:00:00
6197,2020-06-06 23:00:00
6198,2020-06-06 22:00:00
6199,2020-06-06 21:00:00
6217,2021-10-26 22:00:00
6232,2022-11-03 10:00:00
6233,2022-11-03 09:00:00
6234,2023-01-18 00:00:00
6235,2023-01-17 23:00:00
6236,2023-01-17 22:00:00
6237,2023-01-17 21:00:00
6238,2023-01-17 20:00:00
6239,2023-01-17 19:00:00
6240,2023-01-17 18:00:00
6241,2023-01-17 17:00:00
6242,2023-01-17 16:00:00
6243,2023-01-17 15:00:00
6244,2023-01-17 14:00:00
6245,2023-01-17 13:00:00
6246,2023-01-17 12:00:00
6247,2023-01-17 11:00:00
6248,2023-01-17 10:00:00
6249,2023-01-17 09:00:00
6250,2023-01-17 08:00:00
6270,2023-03-21 17:00:00
6271,2023-03-21 16:00:00
6272,2023-03-21 15:00:00
6273,2023-03-21 14:00:00
6315,2004-04-23 00:00:00
6316,2004-04-22 23:00:00
6317,2004-04-22 22:00:00
6318,2004-04-22 21:00:00
6319,2004-04-22 20:00:00
6320,2004-04-22 19:00:00
6321,2004-04-22 18:00:00
6322,2004-04-22 17:00:00
6323,2004-04-22 16:00:00
6324,2004-04-22 15:00:00
6325,2004-04-22 14:00:00
6326,2004-04-22 13:00:00
6327,2004-04-22 12:00:00
6328,2004-04-22 11:00:00
6329,2004-04-22 10:00:00
6330,2004-04-22 09:00:00
6331,2004-04-22 08:00:00
6332,2004-04-22 07:00:00
6333,2004-04-22 06:00:00
6334,2004-04-22 05:00:00
6335,2004-04-22 04:00:00
6336,2004-04-22 03:00:00
6337,2004-04-22 02:00:00
6338,2004-04-22 01:00:00
6339,2004-04-22 00:00:00
6340,2004-04-21 23:00:00
6341,2004-04-21 22:00:00
6342,2004-04-21 21:00:00
6343,2004-04-21 20:00:00
6344,2004-04-21 19:00:00
6345,2004-04-21 18:00:00
6346,2004-04-21 17:00:00
6347,2004-04-21 16:00:00
6348,2004-04-21 15:00:00
6349,2004-04-21 14:00:00
6350,2004-04-21 13:00:00
6382,2005-03-26 00:00:00
6383,2005-03-25 23:00:00
6384,2005-03-25 22:00:00
6385,2005-03-25 21:00:00
6386,2005-03-25 20:00:00
6387,2005-03-25 19:00:00
6388,2005-03-25 18:00:00
6389,2005-03-25 17:00:00
6390,2005-03-25 16:00:00
6391,2005-03-25 15:00:00
6392,2005-03-25 14:00:00
6393,2005-03-25 13:00:00
6394,2005-03-25 12:00:00
6395,2005-03-25 11:00:00
6396,2005-03-25 10:00:00
6397,2005-03-25 09:00:00
6398,2005-03-25 08:00:00
6399,2005-03-25 07:00:00
6400,2005-03-25 06:00:00
6401,2005-03-25 05:00:00
6402,2005-03-25 04:00:00
6403,2005-03-25 03:00:00
6404,2005-03-25 02:00:00
6405,2005-03-25 01:00:00
6406,2005-03-25 00:00:00
6407,2005-03-24 23:00:00
6408,2005-03-24 22:00:00
6409,2005-03-24 21:00:00
6527,2008-06-05 00:00:00
6528,2008-06-04 23:00:00
6529,2008-06-04 22:00:00
6530,2008-06-04 21:00:00
6531,2008-06-04 20:00:00
6532,2008-06-04 19:00:00
6533,2008-06-04 18:00:00
6534,2008-06-04 17:00:00
6535,2008-06-04 16:00:00
6536,2008-06-04 15:00:00
6537,2008-06-04 14:00:00
6538,2008-06-04 13:00:00
6539,2008-06-04 12:00:00
6540,2008-06-04 11:00:00
6541,2008-06-04 10:00:00
6542,2008-06-04 09:00:00
6543,2008-06-04 08:00:00
6544,2008-06-04 07:00:00
6545,2008-06-04 06:00:00
6546,2008-06-04 05:00:00
6592,2009-11-14 14:00:00
6593,2009-11-14 13:00:00
6594,2009-11-14 12:00:00
6595,2009-11-14 11:00:00
6596,2009-11-14 10:00:00
6597,2009-11-14 09:00:00
6598,2009-11-14 08:00:00
6599,2009-11-14 07:00:00
6600,2009-11-14 06:00:00
6601,2009-11-14 05:00:00
6602,2009-11-14 04:00:00
6603,2009-11-14 03:00:00
6604,2009-11-14 02:00:00
6605,2009-11-14 01:00:00
6606,2009-11-14 00:00:00
6607,2009-11-13 23:00:00
6608,2009-11-13 22:00:00
6609,2009-11-13 21:00:00
6610,2009-11-13 20:00:00
6611,2009-11-13 19:00:00
6612,2009-11-13 18:00:00
6613,2009-11-13 17:00:00
6614,2009-11-13 16:00:00
6615,2009-11-13 15:00:00
6674,2013-01-26 04:00:00
6675,2013-01-26 03:00:00
6676,2013-01-26 02:00:00
6677,2013-01-26 01:00:00
6678,2013-01-26 00:00:00
6679,2013-01-25 23:00:00
6680,2013-01-25 22:00:00
6681,2013-01-25 21:00:00
6682,2013-01-25 20:00:00
6683,2013-01-25 19:00:00
6684,2013-01-25 18:00:00
6685,2013-01-25 17:00:00
6686,2013-01-25 16:00:00
6687,2013-01-25 15:00:00
6688,2013-01-25 14:00:00
6689,2013-01-25 13:00:00
6690,2013-01-25 12:00:00
6691,2013-01-25 11:00:00
6692,2013-01-25 10:00:00
6693,2013-01-25 09:00:00
6694,2013-01-25 08:00:00
6695,2013-01-25 07:00:00
6696,2013-01-25 06:00:00
6697,2013-01-25 05:00:00
6698,2013-01-25 04:00:00
6699,2013-01-25 03:00:00
6706,2013-09-22 18:00:00
6707,2013-09-22 17:00:00
6708,2013-09-22 16:00:00
6709,2013-09-22 15:00:00
6710,2013-09-22 14:00:00
6736,2014-04-26 17:00:00
6737,2014-04-26 16:00:00
6738,2014-04-26 15:00:00
6739,2014-04-26 14:00:00
6740,2014-04-26 13:00:00
6780,2018-08-21 12:00:00
6781,2018-08-21 11:00:00
6782,2018-08-21 10:00:00
6783,2018-08-21 09:00:00
6784,2018-08-21 08:00:00
6785,2018-08-21 07:00:00
6786,2018-08-21 06:00:00
6787,2018-08-21 05:00:00
6788,2018-08-21 04:00:00
6911,2023-01-17 07:00:00
6912,2023-01-17 06:00:00
6913,2023-01-17 05:00:00
6914,2000-09-22 12:00:00
6915,2000-09-22 11:00:00
6916,2000-09-22 10:00:00
6917,2000-09-22 09:00:00
6918,2000-09-22 08:00:00
6919,2000-09-22 07:00:00
6920,2000-09-22 06:00:00
6921,2000-09-22 05:00:00
6922,2000-09-22 04:00:00
6923,2000-09-22 03:00:00
6924,2000-09-22 02:00:00
6925,2000-09-22 01:00:00
6926,2000-09-22 00:00:00
6927,2000-09-21 23:00:00
6928,2000-09-21 22:00:00
6929,2000-09-21 21:00:00
6930,2000-09-21 20:00:00
6965,2004-09-19 13:00:00
6991,2005-01-10 10:00:00
6992,2005-01-10 09:00:00
6993,2005-01-10 08:00:00
6994,2005-01-10 07:00:00
6995,2005-01-10 06:00:00
6996,2005-01-10 05:00:00
6997,2005-01-10 04:00:00
6998,2005-01-10 03:00:00
6999,2005-01-10 02:00:00
7000,2005-01-10 01:00:00
7012,2005-01-11 09:00:00
7013,2005-01-11 08:00:00
7023,2006-09-15 11:00:00
7024,2007-05-04 16:00:00
7025,2007-05-04 15:00:00
7026,2007-05-04 14:00:00
7027,2007-05-04 13:00:00
7028,2007-05-04 12:00:00
7029,2007-05-04 11:00:00
7100,2007-12-01 01:00:00
7107,2007-12-07 13:00:00
7108,2007-12-07 12:00:00
7109,2007-12-07 11:00:00
7110,2007-12-07 10:00:00
7111,2007-12-07 09:00:00
7112,2007-12-07 08:00:00
7113,2007-12-07 07:00:00
7114,2007-12-07 06:00:00
7115,2007-12-07 05:00:00
7116,2007-12-20 19:00:00
7117,2007-12-20 18:00:00
7118,2007-12-20 17:00:00
7119,2007-12-20 16:00:00
7120,2007-12-20 15:00:00
7121,2007-12-20 14:00:00
7122,2007-12-20 13:00:00
7123,2007-12-20 12:00:00
7124,2007-12-20 11:00:00
7125,2007-12-20 10:00:00
7126,2007-12-20 09:00:00
7127,2007-12-20 08:00:00
7128,2007-12-20 07:00:00
7129,2007-12-20 06:00:00
7130,2007-12-20 05:00:00
7131,2007-12-20 04:00:00
7143,2010-06-12 21:00:00
7144,2010-06-12 20:00:00
7145,2010-06-12 19:00:00
7146,2010-06-12 18:00:00
7147,2010-06-12 17:00:00
7148,2010-06-12 16:00:00
7161,2010-12-21 13:00:00
7162,2010-12-21 12:00:00
7163,2010-12-21 11:00:00
7164,2010-12-21 10:00:00
7165,2010-12-21 09:00:00
7166,2010-12-21 08:00:00
7167,2010-12-21 07:00:00
7168,2010-12-21 06:00:00
7169,2010-12-21 05:00:00
7170,2010-12-21 04:00:00
7171,2010-12-21 03:00:00
7200,2016-12-15 23:00:00
7201,2016-12-15 22:00:00
7202,2016-12-15 21:00:00
7203,2017-01-04 12:00:00
7204,2017-01-04 11:00:00
7205,2017-01-04 10:00:00
7206,2017-01-04 09:00:00
7207,2017-01-04 08:00:00
7208,2017-01-04 07:00:00
7209,2017-01-04 06:00:00
7210,2018-02-14 17:00:00
7211,2018-02-14 16:00:00
7212,2018-02-14 15:00:00
7213,2018-02-14 14:00:00
7214,2018-02-14 13:00:00
7215,2018-02-14 12:00:00
7242,2019-04-30 06:00:00
7243,2019-04-30 05:00:00
7244,2019-04-30 04:00:00
7245,2019-04-30 03:00:00
7246,2019-04-30 02:00:00
7247,2019-04-30 01:00:00
7248,2019-04-30 00:00:00
7249,2019-04-29 23:00:00
7250,2019-04-29 22:00:00
7251,2019-04-29 21:00:00
7252,2019-04-29 20:00:00
7253,2019-04-29 19:00:00
7254,2019-04-29 18:00:00
7255,2019-04-29 17:00:00
7256,2019-04-29 16:00:00
7257,2019-04-29 15:00:00
7258,2019-04-29 14:00:00
7259,2019-04-29 13:00:00
7273,2022-12-27 06:00:00
7274,2022-12-27 05:00:00
7275,2022-12-27 04:00:00
7276,2022-12-27 03:00:00
7277,2022-12-27 02:00:00
7278,2022-12-27 01:00:00
7279,2022-12-27 00:00:00
7280,2022-12-26 23:00:00
7281,2022-12-26 22:00:00
7282,2022-12-26 21:00:00
7283,2022-12-26 20:00:00
7284,2022-12-26 19:00:00
7285,2022-12-26 18:00:00
7286,2022-12-26 17:00:00
7287,2022-12-26 16:00:00
7288,2022-12-26 15:00:00
7289,2022-12-26 14:00:00
7301,2008-05-23 12:00:00
7302,2008-05-23 11:00:00
7315,2002-09-18 00:00:00
7316,2002-09-17 23:00:00
7317,2002-09-17 22:00:00
7318,2002-09-17 21:00:00
7319,2002-09-17 20:00:00
7320,2002-09-17 19:00:00
7389,2005-01-04 15:00:00
7390,2005-01-04 14:00:00
7391,2005-01-04 13:00:00
7392,2005-01-04 12:00:00
7393,2005-01-04 11:00:00
7394,2005-01-04 10:00:00
7395,2005-01-04 09:00:00
7396,2005-01-04 08:00:00
7397,2005-01-04 07:00:00
7398,2005-01-04 06:00:00
7495,2010-01-19 00:00:00
7496,2010-01-18 23:00:00
7497,2010-01-18 22:00:00
7498,2010-01-18 21:00:00
7499,2010-01-18 20:00:00
7500,2010-01-18 19:00:00
7501,2010-01-18 18:00:00
7502,2010-01-18 17:00:00
7503,2010-01-18 16:00:00
7504,2010-01-18 15:00:00
7505,2010-01-18 14:00:00
7506,2010-01-18 13:00:00
7507,2010-01-18 12:00:00
7575,2015-06-06 15:00:00
7622,2019-11-20 20:00:00
7623,2019-11-20 19:00:00
7624,2019-11-20 18:00:00
7641,2021-12-29 00:00:00
7642,2021-12-28 23:00:00
7643,2021-12-28 22:00:00
7644,2021-12-28 21:00:00
7645,2021-12-28 20:00:00
7646,2021-12-28 19:00:00
7647,2021-12-28 18:00:00
7648,2021-12-28 17:00:00
7649,2021-12-28 16:00:00
7650,2021-12-28 15:00:00
7651,2021-12-28 14:00:00
7652,2021-12-28 13:00:00
7653,2021-12-28 12:00:00
7690,2002-10-01 20:00:00
7691,2002-10-01 19:00:00
7692,2002-10-01 18:00:00
7693,2002-10-01 17:00:00
7694,2002-10-01 16:00:00
7695,2002-10-01 15:00:00
7696,2002-10-01 14:00:00
7697,2002-10-01 13:00:00
7698,2002-10-01 12:00:00
7699,2002-10-01 11:00:00
7700,2002-10-01 10:00:00
7701,2002-10-01 09:00:00
7714,2003-03-16 08:00:00
7715,2003-03-16 07:00:00
7716,2003-03-16 06:00:00
7717,2003-03-16 05:00:00
7718,2003-03-16 04:00:00
7719,2003-03-16 03:00:00
7720,2003-03-16 02:00:00
7721,2003-03-16 01:00:00
7722,2003-03-16 00:00:00
7723,2003-03-15 23:00:00
7724,2003-03-15 22:00:00
7725,2003-03-15 21:00:00
7726,2003-03-15 20:00:00
7727,2003-03-15 19:00:00
7728,2003-03-15 18:00:00
7745,2004-10-21 12:00:00
7746,2004-10-27 19:00:00
7747,2004-10-27 18:00:00
7748,2004-10-27 17:00:00
7749,2004-10-27 16:00:00
7750,2004-10-27 15:00:00
7751,2004-10-27 14:00:00
7752,2004-10-27 13:00:00
7753,2004-10-27 12:00:00
7754,2004-10-27 11:00:00
7755,2004-10-27 10:00:00
7756,2004-10-27 09:00:00
7757,2004-10-27 08:00:00
7758,2004-10-27 07:00:00
7759,2004-10-27 06:00:00
7789,2005-04-24 10:00:00
7790,2005-04-24 09:00:00
7791,2005-04-24 08:00:00
7792,2005-04-24 07:00:00
7793,2005-04-24 06:00:00
7794,2005-04-24 05:00:00
7795,2005-04-24 04:00:00
7796,2005-04-24 03:00:00
7805,2006-10-09 16:00:00
7806,2006-10-09 15:00:00
7807,2006-10-09 14:00:00
7808,2006-10-09 13:00:00
7809,2006-10-09 12:00:00
7810,2006-10-09 11:00:00
7877,2008-10-04 13:00:00
7878,2008-10-04 12:00:00
7879,2008-10-04 11:00:00
7880,2008-10-04 10:00:00
7881,2008-10-04 09:00:00
7899,2011-05-09 20:00:00
7900,2011-05-09 19:00:00
7901,2011-05-09 18:00:00
7902,2011-05-09 17:00:00
7903,2011-05-09 16:00:00
7904,2011-05-09 15:00:00
7905,2011-05-09 14:00:00
7906,2011-05-17 18:00:00
7923,2011-10-05 20:00:00
7924,2011-10-05 19:00:00
7925,2011-10-05 18:00:00
7926,2011-10-05 17:00:00
7927,2011-10-05 16:00:00
7928,2011-10-05 15:00:00
7929,2011-10-05 14:00:00
7930,2011-10-05 13:00:00
7931,2011-10-05 12:00:00
7932,2011-10-05 11:00:00
7933,2011-10-05 10:00:00
7934,2012-11-09 21:00:00
7950,2013-10-10 05:00:00
7951,2013-10-10 04:00:00
7952,2013-10-10 03:00:00
7962,2015-09-15 18:00:00
7963,2015-09-15 17:00:00
7964,2015-09-15 16:00:00
7965,2015-09-15 15:00:00
7966,2015-09-15 14:00:00
7967,2016-03-06 20:00:00
7968,2016-03-06 19:00:00
7969,2016-03-06 18:00:00
7970,2016-03-06 17:00:00
7971,2016-03-06 16:00:00
7972,2016-03-06 15:00:00
7973,2016-09-22 19:00:00
7974,2016-09-22 18:00:00
7982,2018-08-22 17:00:00
7983,2018-08-22 16:00:00
7991,2018-08-22 08:00:00
7992,2018-08-22 07:00:00
7993,2018-08-22 06:00:00
7994,2018-08-22 05:00:00
7995,2018-08-22 04:00:00
7996,2018-08-22 03:00:00
7997,2018-08-22 02:00:00
7998,2018-08-22 01:00:00
8020,2019-01-16 23:00:00
8021,2019-01-16 22:00:00
8022,2019-01-16 21:00:00
8023,2019-01-16 20:00:00
8024,2019-02-05 19:00:00
8031,2019-02-05 12:00:00
8032,2019-02-05 11:00:00
8033,2019-02-05 10:00:00
8034,2019-02-05 09:00:00
8035,2019-02-05 08:00:00
8036,2019-02-05 07:00:00
8037,2019-02-05 06:00:00
8054,2021-10-08 20:00:00
8055,2021-10-08 19:00:00
8056,2021-10-08 18:00:00
8057,2021-10-08 17:00:00
8058,2021-10-08 16:00:00
8059,2021-10-08 15:00:00
8061,2023-01-01 19:00:00
8073,2000-10-10 20:00:00
8074,2000-10-10 19:00:00
8075,2000-10-10 18:00:00
8076,2000-10-10 17:00:00
8077,2000-10-10 16:00:00
8078,2000-10-10 15:00:00
8079,2000-10-10 14:00:00
8080,2001-04-05 17:00:00
8081,2001-04-05 16:00:00
8082,2001-04-05 15:00:00
8083,2001-04-05 14:00:00
8084,2001-04-05 13:00:00
8085,2001-04-05 12:00:00
8086,2001-04-05 11:00:00
8087,2001-04-05 10:00:00
8088,2001-04-05 09:00:00
8089,2001-04-05 08:00:00
8090,2001-04-05 07:00:00
8112,2004-10-21 11:00:00
8127,2005-04-24 02:00:00
8162,2016-09-22 20:00:00
8172,2019-05-23 19:00:00
8173,2019-05-23 18:00:00
8174,2019-05-23 17:00:00
8175,2019-05-23 16:00:00
8176,2019-05-23 15:00:00
8177,2019-05-23 14:00:00
8178,2019-05-23 13:00:00
8179,2019-05-23 12:00:00
8180,2019-05-23 11:00:00
8181,2019-05-23 10:00:00
8182,2020-06-07 11:00:00
8183,2020-06-07 10:00:00
8184,2020-06-07 09:00:00
8185,2020-06-07 08:00:00
8186,2020-06-07 07:00:00
8187,2020-06-07 06:00:00
8188,2020-06-07 05:00:00
8189,2020-06-07 04:00:00
8196,2020-11-07 15:00:00
8197,2020-11-07 14:00:00
8198,2020-11-07 13:00:00
8199,2021-05-21 20:00:00
8200,2021-05-21 19:00:00
8201,2021-05-21 18:00:00
8202,2021-05-21 17:00:00
8203,2021-05-21 16:00:00
8204,2021-05-21 15:00:00
8218,2022-06-19 19:00:00
8219,2022-06-19 18:00:00
8220,2022-06-19 17:00:00
8221,2022-06-19 16:00:00
8222,2022-06-19 15:00:00
8223,2022-06-19 14:00:00
8224,2022-06-19 13:00:00
8225,2022-06-19 12:00:00
8249,2004-10-21 10:00:00
8250,2004-10-21 09:00:00
8251,2004-10-21 08:00:00
8252,2004-10-21 07:00:00
8253,2004-10-21 06:00:00
8254,2004-10-21 05:00:00
8266,2004-10-28 10:00:00
8267,2004-10-28 09:00:00
8268,2004-11-08 22:00:00
8269,2004-11-08 21:00:00
8270,2004-11-08 20:00:00
8271,2004-11-08 19:00:00
8272,2004-11-08 18:00:00
8273,2004-11-08 17:00:00
8274,2004-11-08 16:00:00
8291,2006-03-29 11:00:00
8292,2006-03-29 10:00:00
8293,2006-03-29 09:00:00
8339,2011-10-05 22:00:00
8340,2011-10-05 21:00:00
8358,2013-09-22 13:00:00
8371,2014-09-27 19:00:00
8372,2014-09-27 18:00:00
8373,2014-09-27 17:00:00
8374,2014-09-27 16:00:00
8375,2014-09-27 15:00:00
8376,2014-09-27 14:00:00
8377,2014-09-27 13:00:00
8378,2014-09-27 12:00:00
8379,2014-09-27 11:00:00
8380,2014-09-27 10:00:00
8381,2014-09-27 09:00:00
8382,2014-09-27 08:00:00
8383,2014-09-27 07:00:00
8384,2014-09-27 06:00:00
8385,2014-09-27 05:00:00
8386,2014-09-27 04:00:00
8387,2014-09-27 03:00:00
8388,2014-09-27 02:00:00
8389,2014-09-27 01:00:00
8390,2014-09-27 00:00:00
8402,2014-11-02 08:00:00
8403,2014-11-02 07:00:00
8404,2014-11-02 06:00:00
8405,2014-11-02 05:00:00
8406,2014-11-02 04:00:00
8407,2018-08-22 19:00:00
8408,2018-08-22 18:00:00
8438,2019-01-17 22:00:00
8463,2019-02-05 21:00:00
8464,2019-02-05 20:00:00
8533,2000-10-23 23:00:00
8534,2000-10-23 22:00:00
8535,2000-10-23 21:00:00
8536,2000-10-23 20:00:00
8537,2000-10-23 19:00:00
8538,2000-10-23 18:00:00
8539,2000-10-23 17:00:00
8540,2000-10-23 16:00:00
8541,2000-10-23 15:00:00
8542,2001-04-06 00:00:00
8543,2001-04-05 23:00:00
8544,2001-04-05 22:00:00
8545,2001-04-05 21:00:00
8546,2001-04-05 20:00:00
8547,2001-04-05 19:00:00
8548,2001-04-05 18:00:00
8559,2003-02-14 00:00:00
8560,2003-02-13 23:00:00
8561,2003-02-13 22:00:00
8562,2003-02-13 21:00:00
8563,2003-02-13 20:00:00
8564,2003-02-13 19:00:00
8565,2003-02-13 18:00:00
8566,2003-02-13 17:00:00
8567,2003-02-13 16:00:00
8568,2003-02-13 15:00:00
8569,2003-02-13 14:00:00
8570,2003-02-13 13:00:00
8571,2003-02-13 12:00:00
8572,2003-02-13 11:00:00
8640,2004-09-04 13:00:00
8662,2005-01-08 15:00:00
8663,2005-01-08 14:00:00
8792,2008-01-27 15:00:00
8793,2008-01-27 14:00:00
8794,2008-01-27 13:00:00
8830,2008-12-25 14:00:00
8850,2010-03-08 00:00:00
8851,2010-03-07 23:00:00
8852,2010-03-07 22:00:00
8853,2010-03-07 21:00:00
8854,2010-03-07 20:00:00
8855,2010-03-07 19:00:00
8856,2010-03-07 18:00:00
8857,2010-03-07 17:00:00
8858,2010-03-07 16:00:00
8897,2010-12-23 00:00:00
8898,2010-12-22 23:00:00
8899,2010-12-22 22:00:00
8900,2010-12-22 21:00:00
8901,2010-12-22 20:00:00
8902,2010-12-22 19:00:00
8903,2010-12-22 18:00:00
8904,2010-12-22 17:00:00
8905,2010-12-22 16:00:00
8918,2011-03-07 12:00:00
8931,2011-10-06 12:00:00
8946,2011-10-26 10:00:00
8947,2011-10-26 09:00:00
8948,2011-10-26 08:00:00
8949,2011-11-06 00:00:00
8950,2011-11-05 23:00:00
8951,2011-11-05 22:00:00
8952,2011-11-05 21:00:00
8953,2011-11-05 20:00:00
8954,2011-11-05 19:00:00
8955,2011-11-05 18:00:00
8956,2011-11-05 17:00:00
8957,2011-11-05 16:00:00
8958,2011-11-05 15:00:00
8959,2011-11-05 14:00:00
8960,2011-11-05 13:00:00
8961,2011-11-05 12:00:00
8962,2011-11-05 11:00:00
8963,2011-11-05 10:00:00
8964,2011-11-05 09:00:00
8965,2011-11-05 08:00:00
8966,2011-11-05 07:00:00
8967,2011-11-05 06:00:00
8977,2012-12-14 15:00:00
8978,2012-12-14 14:00:00
9013,2013-01-29 00:00:00
9014,2013-01-28 23:00:00
9015,2013-01-28 22:00:00
9016,2013-01-28 21:00:00
9017,2013-01-28 20:00:00
9018,2013-01-28 19:00:00
9019,2013-01-28 18:00:00
9020,2013-01-28 17:00:00
9021,2013-01-28 16:00:00
9022,2013-01-28 15:00:00
9023,2013-01-28 14:00:00
9024,2013-01-28 13:00:00
9025,2013-01-28 12:00:00
9026,2013-01-28 11:00:00
9027,2013-03-09 00:00:00
9028,2013-03-08 23:00:00
9029,2013-03-08 22:00:00
9030,2013-03-08 21:00:00
9031,2013-03-08 20:00:00
9032,2013-03-08 19:00:00
9033,2013-03-08 18:00:00
9034,2013-03-08 17:00:00
9035,2013-04-10 00:00:00
9036,2013-04-09 23:00:00
9037,2013-04-09 22:00:00
9038,2013-04-09 21:00:00
9039,2013-04-09 20:00:00
9040,2013-04-09 19:00:00
9041,2013-04-09 18:00:00
9042,2013-04-09 17:00:00
9043,2013-04-09 16:00:00
9044,2013-04-09 15:00:00
9045,2013-04-09 14:00:00
9046,2013-04-09 13:00:00
9047,2013-04-09 12:00:00
9048,2013-04-09 11:00:00
9049,2013-04-09 10:00:00
9050,2013-04-09 09:00:00
9051,2013-04-09 08:00:00
9052,2013-04-09 07:00:00
9053,2013-04-09 06:00:00
9054,2013-04-09 05:00:00
9055,2013-04-09 04:00:00
9056,2013-04-09 03:00:00
9057,2013-04-09 02:00:00
9058,2013-04-09 01:00:00
9059,2013-04-09 00:00:00
9060,2013-04-08 23:00:00
9061,2013-04-08 22:00:00
9062,2013-04-08 21:00:00
9090,2014-03-01 11:00:00
9091,2014-03-01 10:00:00
9092,2014-09-30 00:00:00
9093,2014-09-29 23:00:00
9094,2014-09-29 22:00:00
9095,2014-09-29 21:00:00
9096,2014-09-29 20:00:00
9097,2014-09-29 19:00:00
9098,2014-09-29 18:00:00
9099,2014-09-29 17:00:00
9100,2014-09-29 16:00:00
9101,2014-09-29 15:00:00
9102,2014-09-29 14:00:00
9103,2014-09-29 13:00:00
9104,2014-09-29 12:00:00
9105,2014-09-29 11:00:00
9106,2014-09-29 10:00:00
9107,2014-09-29 09:00:00
9108,2014-09-29 08:00:00
9121,2015-05-15 12:00:00
9122,2015-05-15 11:00:00
9123,2015-05-15 10:00:00
9124,2015-05-15 09:00:00
9125,2015-05-15 08:00:00
9126,2015-05-15 07:00:00
9127,2015-05-15 06:00:00
9128,2015-09-06 00:00:00
9129,2015-09-05 23:00:00
9130,2015-09-05 22:00:00
9131,2015-09-05 21:00:00
9132,2015-09-05 20:00:00
9133,2015-09-05 19:00:00
9134,2015-09-05 18:00:00
9135,2015-09-05 17:00:00
9136,2015-09-05 16:00:00
9137,2015-09-05 15:00:00
9138,2015-09-05 14:00:00
9139,2015-09-05 13:00:00
9140,2015-09-05 12:00:00
9141,2015-09-05 11:00:00
9142,2015-09-05 10:00:00
9143,2015-09-05 09:00:00
9144,2015-09-05 08:00:00
9145,2015-09-05 07:00:00
9146,2015-09-05 06:00:00
9147,2015-09-05 05:00:00
9148,2015-09-05 04:00:00
9149,2015-09-05 03:00:00
9150,2015-09-05 02:00:00
9163,2017-01-09 12:00:00
9174,2017-02-27 14:00:00
9175,2017-02-27 13:00:00
9190,2019-02-14 10:00:00
9191,2019-02-14 09:00:00
9192,2019-02-14 08:00:00
9193,2019-02-14 07:00:00
9194,2019-02-23 00:00:00
9195,2019-02-22 23:00:00
9196,2019-02-22 22:00:00
9197,2019-02-22 21:00:00
9198,2019-02-22 20:00:00
9199,2019-02-22 19:00:00
9200,2019-02-22 18:00:00
9201,2019-02-22 17:00:00
9202,2019-02-22 16:00:00
9203,2019-02-22 15:00:00
9204,2019-02-22 14:00:00
9205,2019-02-22 13:00:00
9206,2019-02-22 12:00:00
9207,2019-02-22 11:00:00
9208,2019-02-22 10:00:00
9209,2019-02-22 09:00:00
9210,2019-02-22 08:00:00
9241,2021-05-22 00:00:00
9242,2021-05-21 23:00:00
9243,2021-05-21 22:00:00
9244,2021-05-21 21:00:00
9278,2021-12-23 08:00:00
9279,2021-12-23 07:00:00
9290,2022-06-20 00:00:00
9291,2022-06-19 23:00:00
9292,2022-06-19 22:00:00
9293,2022-06-19 21:00:00
9294,2022-06-19 20:00:00
9302,2022-09-23 00:00:00
9303,2022-09-22 23:00:00
9304,2022-09-22 22:00:00
9305,2022-09-22 21:00:00
9306,2022-09-22 20:00:00
9307,2022-09-22 19:00:00
9308,2022-09-22 18:00:00
9309,2022-09-22 17:00:00
9310,2022-09-22 16:00:00
9311,2022-09-22 15:00:00
9312,2022-09-22 14:00:00
9313,2022-09-22 13:00:00
9314,2022-09-22 12:00:00
9315,2022-09-22 11:00:00
9316,2022-09-22 10:00:00
9317,2022-09-22 09:00:00
9318,2022-09-22 08:00:00
9350,2023-01-16 17:00:00
9351,2023-01-16 16:00:00
9352,2023-01-16 15:00:00
9353,2023-01-16 14:00:00
9354,2023-01-16 13:00:00
9355,2023-01-16 12:00:00
9356,2023-01-16 11:00:00
9357,2023-01-16 10:00:00
9358,2023-01-16 09:00:00
9359,2023-01-16 08:00:00
9360,2023-01-16 07:00:00
9361,2023-01-16 06:00:00
9362,2023-01-16 05:00:00
9363,2023-01-16 04:00:00
9364,2023-01-16 03:00:00
9365,2023-01-16 02:00:00
9393,2000-10-29 00:00:00
9394,2000-10-28 23:00:00
9395,2000-10-28 22:00:00
9396,2000-10-28 21:00:00
9397,2000-10-28 20:00:00
9398,2000-10-28 19:00:00
9399,2000-10-28 18:00:00
9400,2000-10-28 17:00:00
9401,2000-10-28 16:00:00
9402,2000-10-28 15:00:00
9403,2000-10-28 14:00:00
9404,2000-10-28 13:00:00
9405,2000-10-28 12:00:00
9406,2000-10-28 11:00:00
9407,2000-10-28 10:00:00
9485,2003-03-17 07:00:00
9486,2003-03-17 06:00:00
9487,2003-03-17 05:00:00
9568,2008-02-04 13:00:00
9569,2008-02-04 12:00:00
9570,2008-02-04 11:00:00
9571,2008-02-04 10:00:00
9572,2008-02-04 09:00:00
9573,2008-02-04 08:00:00
9601,2015-11-16 06:00:00
9615,2016-04-16 00:00:00
9616,2016-04-15 23:00:00
9617,2016-04-15 22:00:00
9618,2016-04-15 21:00:00
9619,2016-04-15 20:00:00
9620,2016-04-15 19:00:00
9621,2016-04-15 18:00:00
9622,2016-04-15 17:00:00
9623,2016-04-15 16:00:00
9624,2016-04-15 15:00:00
9625,2016-04-15 14:00:00
9626,2016-04-15 13:00:00
9627,2016-04-15 12:00:00
9628,2016-04-15 11:00:00
9629,2016-04-15 10:00:00
9630,2016-04-15 09:00:00
9647,2017-01-05 15:00:00
9648,2017-01-05 14:00:00
9649,2017-01-05 13:00:00
9650,2017-01-05 12:00:00
9651,2017-01-05 11:00:00
9652,2017-01-05 10:00:00
9653,2017-01-05 09:00:00
9654,2017-01-05 08:00:00
9676,2001-04-21 18:00:00
9677,2001-04-21 17:00:00
9678,2001-04-21 16:00:00
9679,2001-04-21 15:00:00
9680,2001-04-21 14:00:00
9681,2001-04-21 13:00:00
9682,2001-04-21 12:00:00
9683,2001-04-21 11:00:00
9684,2001-04-21 10:00:00
9685,2001-04-21 09:00:00
9686,2001-04-21 08:00:00
9687,2001-04-21 07:00:00
9688,2001-04-21 06:00:00
9689,2001-04-21 05:00:00
9690,2001-04-21 04:00:00
9691,2001-04-21 03:00:00
9692,2001-04-21 02:00:00
9693,2001-04-21 01:00:00
9694,2001-04-21 00:00:00
9695,2001-04-20 23:00:00
9696,2001-04-20 22:00:00
9697,2001-04-20 21:00:00
9698,2003-04-15 17:00:00
9699,2003-04-15 16:00:00
9700,2003-04-15 15:00:00
9701,2003-04-15 14:00:00
9702,2003-04-15 13:00:00
9703,2003-04-15 12:00:00
9720,2004-09-21 17:00:00
9721,2004-09-21 16:00:00
9722,2004-09-21 15:00:00
9723,2004-09-21 14:00:00
9724,2004-09-21 13:00:00
9725,2004-09-21 12:00:00
9726,2004-09-21 11:00:00
9727,2004-09-21 10:00:00
9728,2004-09-21 09:00:00
9729,2004-09-21 08:00:00
9730,2004-09-21 07:00:00
9731,2004-09-21 06:00:00
9732,2004-09-21 05:00:00
9733,2004-09-21 04:00:00
9734,2004-09-21 03:00:00
9735,2004-09-21 02:00:00
9736,2004-09-21 01:00:00
9813,2007-05-03 17:00:00
9814,2007-05-03 16:00:00
9815,2007-05-03 15:00:00
9816,2007-05-03 14:00:00
9817,2007-05-03 13:00:00
9818,2007-05-03 12:00:00
9819,2007-05-03 11:00:00
9820,2007-05-03 10:00:00
9821,2007-05-03 09:00:00
9832,2007-09-17 08:00:00
9846,2007-10-01 06:00:00
9847,2007-10-01 05:00:00
9864,2009-01-24 19:00:00
9886,2010-10-24 20:00:00
9887,2010-10-24 19:00:00
9888,2010-10-24 18:00:00
9889,2010-10-24 17:00:00
9890,2010-10-24 16:00:00
9891,2010-10-24 15:00:00
9892,2010-10-24 14:00:00
9893,2010-10-24 13:00:00
9894,2010-10-24 12:00:00
9895,2010-10-24 11:00:00
9896,2010-11-21 21:00:00
9897,2010-11-21 20:00:00
9898,2010-11-21 19:00:00
9899,2010-11-21 18:00:00
9900,2010-11-21 17:00:00
9901,2010-11-21 16:00:00
9902,2010-11-21 15:00:00
9903,2010-11-21 14:00:00
9904,2010-11-21 13:00:00
9905,2010-11-21 12:00:00
9914,2013-09-12 17:00:00
9915,2013-09-12 16:00:00
9916,2013-09-12 15:00:00
9917,2013-09-12 14:00:00
9918,2013-09-12 13:00:00
9919,2013-09-12 12:00:00
9920,2013-09-12 11:00:00
9921,2013-09-12 10:00:00
9922,2013-12-03 21:00:00
9923,2013-12-03 20:00:00
9924,2013-12-03 19:00:00
9925,2013-12-03 18:00:00
9926,2013-12-03 17:00:00
9927,2013-12-03 16:00:00
9928,2013-12-03 15:00:00
9929,2013-12-03 14:00:00
9930,2013-12-03 13:00:00
9931,2013-12-03 12:00:00
9932,2013-12-03 11:00:00
9933,2013-12-03 10:00:00
9934,2013-12-03 09:00:00
9935,2013-12-03 08:00:00
9936,2013-12-03 07:00:00
9937,2013-12-03 06:00:00
9938,2013-12-03 05:00:00
9939,2013-12-03 04:00:00
9940,2014-02-09 14:00:00
9941,2014-02-09 13:00:00
9942,2014-02-09 12:00:00
9943,2014-02-09 11:00:00
9944,2014-02-09 10:00:00
9945,2014-02-09 09:00:00
9946,2014-02-09 08:00:00
9947,2014-02-09 07:00:00
9948,2014-02-09 06:00:00
9949,2014-02-09 05:00:00
9953,2017-01-04 15:00:00
9954,2017-01-04 14:00:00
9955,2017-01-04 13:00:00
9963,2017-01-04 05:00:00
9974,2017-01-09 11:00:00
9975,2017-01-11 19:00:00
9976,2017-01-11 18:00:00
9977,2017-01-11 17:00:00
9978,2017-01-11 16:00:00
9990,2017-01-11 04:00:00
9991,2017-01-11 03:00:00
9992,2017-01-11 02:00:00
9993,2017-01-11 01:00:00
9994,2017-01-11 00:00:00
10006,2018-03-23 01:00:00
10007,2018-03-23 00:00:00
10008,2018-03-22 23:00:00
10009,2018-03-22 22:00:00
10010,2018-03-22 21:00:00
10011,2018-03-22 20:00:00
10012,2018-03-22 19:00:00
10013,2018-03-22 18:00:00
10014,2018-03-22 17:00:00
10015,2018-03-22 16:00:00
10016,2018-03-22 15:00:00
10017,2018-03-22 14:00:00
10018,2018-03-22 13:00:00
10019,2018-03-22 12:00:00
10020,2018-03-22 11:00:00
10021,2018-03-22 10:00:00
10037,2018-04-07 02:00:00
10060,2019-06-22 08:00:00
10061,2019-06-22 07:00:00
10062,2019-06-22 06:00:00
10063,2019-06-22 05:00:00
10064,2019-06-22 04:00:00
10065,2019-06-22 03:00:00
10066,2019-06-22 02:00:00
10067,2019-06-22 01:00:00
10068,2019-06-22 00:00:00
10069,2019-06-21 23:00:00
10070,2019-06-21 22:00:00
10071,2019-06-21 21:00:00
10108,2022-01-05 14:00:00
10109,2022-01-05 13:00:00
10110,2022-01-05 12:00:00
10111,2022-01-05 11:00:00
10112,2022-01-05 10:00:00
10113,2022-01-05 09:00:00
10114,2022-01-05 08:00:00
10115,2022-01-05 07:00:00
10116,2022-01-05 06:00:00
10117,2022-01-05 05:00:00
10118,2022-12-31 20:00:00
10119,2022-12-31 19:00:00
10120,2022-12-31 18:00:00
10135,2022-12-31 03:00:00
10136,2022-12-31 02:00:00
10137,2022-12-31 01:00:00
10138,2022-12-31 00:00:00
10139,2022-12-30 23:00:00
10140,2022-12-30 22:00:00
10141,2022-12-30 21:00:00
10147,2023-03-22 16:00:00
10148,2023-03-22 15:00:00
10149,2023-03-22 14:00:00
10150,2023-03-22 13:00:00
10170,2020-06-07 17:00:00
10171,2020-06-07 16:00:00
10172,2020-06-07 15:00:00
10173,2020-06-07 14:00:00
10174,2020-06-07 13:00:00
10175,2020-06-07 12:00:00
10197,2002-11-08 14:00:00
10208,2002-11-09 14:00:00
10209,2002-11-09 13:00:00
10210,2002-11-09 12:00:00
10211,2002-11-09 11:00:00
10212,2002-11-09 10:00:00
10213,2002-11-09 09:00:00
10214,2002-11-09 08:00:00
10235,2003-03-17 04:00:00
10236,2003-03-17 03:00:00
10237,2003-03-17 02:00:00
10238,2003-03-17 01:00:00
10320,2008-02-04 07:00:00
10321,2008-02-04 06:00:00
10322,2008-02-04 05:00:00
10323,2008-02-04 04:00:00
10324,2008-02-04 03:00:00
10325,2008-03-03 00:00:00
10326,2008-03-02 23:00:00
10327,2008-03-02 22:00:00
10328,2008-03-02 21:00:00
10329,2009-10-21 00:00:00
10330,2009-10-20 23:00:00
10331,2009-10-20 22:00:00
10338,2009-10-20 15:00:00
10339,2009-10-20 14:00:00
10340,2009-10-20 13:00:00
10362,2010-01-21 03:00:00
10363,2010-01-21 02:00:00
10364,2010-01-21 01:00:00
10365,2010-01-21 00:00:00
10366,2010-01-20 23:00:00
10367,2010-01-20 22:00:00
10372,2010-01-20 17:00:00
10373,2010-01-20 16:00:00
10374,2010-01-20 15:00:00
10375,2010-01-20 14:00:00
10376,2010-01-20 13:00:00
10377,2010-01-20 12:00:00
10432,2017-01-05 03:00:00
10433,2017-01-05 02:00:00
10434,2017-01-05 01:00:00
10450,2019-03-11 13:00:00
10467,2019-11-29 19:00:00
10468,2019-11-29 18:00:00
10469,2019-11-29 17:00:00
10528,2005-11-15 00:00:00
10529,2005-11-14 23:00:00
10530,2005-11-14 22:00:00
10531,2005-11-14 21:00:00
10532,2005-11-14 20:00:00
10533,2005-11-14 19:00:00
10566,2007-01-06 00:00:00
10567,2007-01-05 23:00:00
10568,2007-01-05 22:00:00
10569,2007-01-05 21:00:00
10570,2007-01-05 20:00:00
10571,2007-05-07 00:00:00
10572,2007-05-06 23:00:00
10573,2007-05-06 22:00:00
10574,2007-05-06 21:00:00
10575,2007-05-06 20:00:00
10576,2007-05-06 19:00:00
10577,2007-05-06 18:00:00
10578,2007-05-06 17:00:00
10579,2007-05-06 04:00:00
10580,2007-05-06 03:00:00
10581,2007-05-06 02:00:00
10582,2007-05-06 01:00:00
10583,2007-05-06 00:00:00
10584,2007-05-05 23:00:00
10585,2007-05-05 22:00:00
10586,2007-05-05 21:00:00
10587,2007-05-05 20:00:00
10588,2007-05-05 19:00:00
10589,2007-05-05 18:00:00
10590,2007-05-05 17:00:00
10591,2007-05-05 16:00:00
10592,2007-05-05 15:00:00
10593,2007-05-05 14:00:00
10594,2007-05-05 13:00:00
10595,2007-05-05 12:00:00
10596,2007-05-05 11:00:00
10597,2007-05-05 10:00:00
10598,2007-05-05 09:00:00
10599,2007-05-05 08:00:00
10600,2007-05-05 07:00:00
10601,2007-05-05 06:00:00
10619,2013-09-12 23:00:00
10620,2013-09-12 22:00:00
10621,2013-09-12 21:00:00
10622,2013-09-12 20:00:00
10623,2013-09-12 19:00:00
10624,2013-09-12 18:00:00
10636,2016-12-16 17:00:00
10637,2016-12-16 16:00:00
10675,2000-01-26 17:00:00
10676,2000-01-26 16:00:00
10677,2000-01-26 15:00:00
10678,2000-01-26 14:00:00
10679,2000-01-26 13:00:00
10680,2000-01-26 12:00:00
10681,2000-01-26 11:00:00
10682,2000-01-26 10:00:00
10683,2000-01-26 09:00:00
10684,2000-01-26 08:00:00
10685,2000-01-26 07:00:00
10686,2000-01-26 06:00:00
10687,2000-01-26 05:00:00
10688,2000-01-26 04:00:00
10689,2000-01-26 03:00:00
10690,2000-01-26 02:00:00
10691,2000-01-26 01:00:00
10702,2000-04-22 17:00:00
10703,2000-04-22 16:00:00
10704,2000-04-22 15:00:00
10705,2000-04-22 14:00:00
10706,2000-04-22 13:00:00
10707,2000-04-22 12:00:00
10708,2000-04-22 11:00:00
10709,2000-04-22 10:00:00
10710,2000-04-22 09:00:00
10729,2002-11-08 13:00:00
10730,2002-11-08 12:00:00
10837,2004-09-21 22:00:00
10838,2004-09-21 21:00:00
10839,2004-09-21 20:00:00
10840,2004-09-21 19:00:00
10841,2004-09-21 18:00:00
10918,2005-01-09 12:00:00
10919,2005-01-09 11:00:00
10970,2007-09-17 07:00:00
10971,2007-09-17 06:00:00
10972,2007-09-17 05:00:00
11057,2008-01-06 13:00:00
11083,2008-02-24 15:00:00
11084,2008-02-24 14:00:00
11085,2008-12-18 22:00:00
11086,2008-12-18 21:00:00
11087,2008-12-18 20:00:00
11088,2008-12-18 19:00:00
11089,2008-12-18 18:00:00
11090,2008-12-18 17:00:00
11091,2008-12-18 16:00:00
11092,2008-12-18 15:00:00
11093,2008-12-18 14:00:00
11094,2008-12-18 13:00:00
11095,2008-12-18 12:00:00
11096,2008-12-18 11:00:00
11097,2008-12-18 10:00:00
11098,2008-12-18 09:00:00
11116,2009-02-23 14:00:00
11117,2009-02-23 13:00:00
11118,2009-02-23 12:00:00
11119,2009-02-23 11:00:00
11120,2009-02-23 10:00:00
11121,2009-02-23 09:00:00
11122,2009-02-23 08:00:00
11123,2009-02-23 07:00:00
11124,2009-02-23 06:00:00
11125,2009-02-23 05:00:00
11126,2009-10-14 22:00:00
11127,2009-10-14 21:00:00
11128,2009-10-14 18:00:00
11129,2009-10-14 17:00:00
11130,2009-10-14 16:00:00
11131,2009-10-14 15:00:00
11132,2009-10-14 14:00:00
11133,2009-10-14 13:00:00
11134,2009-10-14 12:00:00
11135,2009-10-14 11:00:00
11145,2010-11-21 23:00:00
11146,2010-11-21 22:00:00
11196,2011-10-06 11:00:00
11205,2012-01-21 15:00:00
11206,2012-01-21 14:00:00
11207,2012-01-21 13:00:00
11208,2012-01-21 12:00:00
11209,2012-01-21 11:00:00
11210,2012-01-21 10:00:00
11211,2012-01-21 09:00:00
11212,2012-01-21 08:00:00
11213,2012-01-21 07:00:00
11214,2012-11-10 23:00:00
11215,2012-11-10 22:00:00
11216,2012-11-10 21:00:00
11217,2012-11-10 20:00:00
11218,2012-11-10 19:00:00
11219,2012-11-10 18:00:00
11220,2012-11-10 17:00:00
11221,2012-11-10 16:00:00
11222,2012-11-10 15:00:00
11223,2012-11-10 14:00:00
11224,2012-11-10 13:00:00
11225,2012-11-10 12:00:00
11226,2012-11-10 11:00:00
11227,2012-11-10 10:00:00
11228,2012-11-10 09:00:00
11229,2012-11-10 08:00:00
11230,2012-11-10 07:00:00
11231,2012-11-10 06:00:00
11232,2012-11-10 05:00:00
11233,2012-11-10 04:00:00
11234,2012-11-10 03:00:00
11235,2012-11-10 02:00:00
11236,2012-11-10 01:00:00
11237,2012-11-10 00:00:00
11238,2012-11-09 23:00:00
11239,2012-11-09 22:00:00
11240,2013-11-16 22:00:00
11241,2013-11-16 21:00:00
11242,2013-11-16 20:00:00
11243,2013-11-16 19:00:00
11244,2013-11-16 18:00:00
11245,2013-11-16 17:00:00
11246,2013-11-16 16:00:00
11247,2013-11-16 15:00:00
11248,2013-11-16 14:00:00
11249,2013-11-16 13:00:00
11250,2013-11-16 12:00:00
11251,2013-11-16 11:00:00
11252,2013-11-16 10:00:00
11253,2013-11-16 09:00:00
11254,2013-11-16 08:00:00
11255,2013-11-16 07:00:00
11256,2013-11-16 06:00:00
11257,2013-11-16 05:00:00
11258,2013-11-16 04:00:00
11259,2013-11-16 03:00:00
11260,2013-11-16 02:00:00
11261,2013-11-16 01:00:00
11262,2014-01-31 13:00:00
11263,2014-01-31 12:00:00
11264,2014-01-31 11:00:00
11265,2014-01-31 10:00:00
11266,2014-01-31 09:00:00
11267,2014-01-31 08:00:00
11282,2014-03-01 09:00:00
11297,2014-09-29 07:00:00
11298,2014-09-29 06:00:00
11299,2014-09-29 05:00:00
11300,2014-09-29 04:00:00
11301,2014-09-29 03:00:00
11302,2014-09-29 02:00:00
11303,2014-09-29 01:00:00
11323,2015-11-04 23:00:00
11324,2015-11-04 22:00:00
11325,2015-11-04 21:00:00
11326,2015-11-04 20:00:00
11327,2015-11-04 19:00:00
11328,2015-11-04 18:00:00
11329,2015-11-04 17:00:00
11330,2015-11-04 16:00:00
11331,2015-11-04 15:00:00
11332,2015-11-04 14:00:00
11333,2015-11-04 13:00:00
11334,2016-01-30 23:00:00
11335,2016-01-30 22:00:00
11336,2016-01-30 21:00:00
11337,2016-01-30 20:00:00
11338,2016-01-30 19:00:00
11339,2016-01-30 18:00:00
11340,2016-01-30 17:00:00
11341,2016-01-30 16:00:00
11342,2016-01-30 15:00:00
11343,2016-01-30 14:00:00
11344,2016-01-30 13:00:00
11345,2016-01-30 12:00:00
11346,2016-01-30 11:00:00
11347,2016-01-30 10:00:00
11348,2016-01-30 09:00:00
11349,2016-01-30 08:00:00
11350,2016-01-30 07:00:00
11351,2016-01-30 06:00:00
11352,2016-01-30 05:00:00
11353,2016-01-30 04:00:00
11354,2016-01-30 03:00:00
11355,2016-01-30 02:00:00
11384,2016-02-01 11:00:00
11385,2016-02-01 10:00:00
11386,2016-11-27 19:00:00
11387,2016-11-27 18:00:00
11388,2016-11-27 17:00:00
11389,2016-11-27 16:00:00
11390,2016-11-27 15:00:00
11391,2016-11-27 14:00:00
11392,2016-11-27 13:00:00
11393,2016-11-27 12:00:00
11394,2016-11-27 11:00:00
11438,2017-01-23 18:00:00
11439,2017-01-23 17:00:00
11440,2017-01-23 16:00:00
11441,2017-01-23 15:00:00
11442,2017-01-23 14:00:00
11443,2017-02-11 21:00:00
11444,2017-02-11 20:00:00
11445,2017-02-11 19:00:00
11446,2017-02-11 18:00:00
11447,2017-02-11 17:00:00
11448,2017-02-11 16:00:00
11449,2017-02-11 15:00:00
11450,2017-02-11 14:00:00
11451,2017-02-11 13:00:00
11452,2017-02-11 12:00:00
11453,2017-02-11 11:00:00
11466,2018-03-23 20:00:00
11467,2018-03-23 19:00:00
11502,2018-04-07 01:00:00
11503,2018-04-20 21:00:00
11504,2018-04-20 20:00:00
11505,2018-04-20 16:00:00
11506,2018-04-20 15:00:00
11507,2018-04-20 14:00:00
11508,2018-04-20 13:00:00
11509,2018-04-20 12:00:00
11510,2018-04-20 11:00:00
11511,2018-04-20 10:00:00
11512,2018-04-20 09:00:00
11513,2018-04-20 08:00:00
11514,2018-04-20 07:00:00
11515,2018-04-20 06:00:00
11516,2018-04-20 05:00:00
11517,2018-04-20 04:00:00
11518,2018-11-04 22:00:00
11519,2018-11-04 21:00:00
11520,2018-11-04 20:00:00
11521,2018-11-04 19:00:00
11522,2018-11-04 18:00:00
11523,2018-11-04 17:00:00
11524,2018-11-04 16:00:00
11525,2018-11-04 15:00:00
11526,2018-11-04 14:00:00
11559,2019-03-07 21:00:00
11560,2019-03-07 20:00:00
11561,2019-03-07 19:00:00
11562,2019-03-07 18:00:00
11563,2019-03-07 17:00:00
11564,2019-03-07 16:00:00
11565,2019-03-07 15:00:00
11566,2019-03-07 14:00:00
11567,2019-03-07 13:00:00
11568,2019-03-07 12:00:00
11569,2019-03-07 11:00:00
11570,2019-03-07 10:00:00
11571,2019-03-07 09:00:00
11572,2019-03-07 08:00:00
11573,2019-03-07 07:00:00
11591,2019-03-08 04:00:00
11592,2019-03-08 03:00:00
11593,2019-03-08 02:00:00
11594,2019-03-08 01:00:00
11595,2019-03-08 00:00:00
11596,2019-03-07 23:00:00
11597,2019-03-07 22:00:00
11634,2019-12-14 16:00:00
11635,2019-12-14 15:00:00
11636,2019-12-14 14:00:00
11637,2019-12-14 13:00:00
11638,2019-12-14 12:00:00
11639,2019-12-14 11:00:00
11640,2019-12-14 10:00:00
11641,2019-12-14 09:00:00
11642,2019-12-14 08:00:00
11643,2019-12-14 07:00:00
11644,2019-12-14 06:00:00
11645,2019-12-14 05:00:00
11646,2019-12-14 04:00:00
11664,2020-03-19 03:00:00
11665,2020-03-19 02:00:00
11666,2020-03-19 01:00:00
11684,2021-02-03 22:00:00
11685,2021-02-03 21:00:00
11686,2021-02-03 20:00:00
11687,2021-02-03 19:00:00
11688,2021-02-03 18:00:00
11689,2021-02-03 17:00:00
11690,2021-02-03 16:00:00
11691,2021-02-03 15:00:00
11692,2021-02-03 14:00:00
11693,2021-02-03 13:00:00
11694,2021-02-03 12:00:00
11695,2021-02-03 11:00:00
11696,2021-02-03 10:00:00
11697,2021-02-03 09:00:00
11698,2021-02-03 08:00:00
11699,2021-02-03 07:00:00
11700,2021-02-03 06:00:00
11701,2021-02-03 05:00:00
11702,2021-02-03 04:00:00
11703,2021-02-03 03:00:00
11704,2021-02-03 02:00:00
11705,2021-02-03 01:00:00
11706,2021-02-03 00:00:00
11707,2021-02-02 23:00:00
11708,2021-02-02 22:00:00
11709,2021-02-02 21:00:00
11710,2021-02-02 20:00:00
11711,2021-02-02 19:00:00
11712,2021-02-02 18:00:00
11713,2021-02-02 17:00:00
11714,2021-02-02 16:00:00
11715,2021-02-02 15:00:00
11716,2021-02-02 14:00:00
11717,2021-02-02 13:00:00
11718,2021-02-02 12:00:00
11719,2021-02-02 11:00:00
11720,2021-02-02 10:00:00
11721,2021-02-02 09:00:00
11722,2021-02-02 08:00:00
11723,2021-02-02 07:00:00
11759,2021-12-23 06:00:00
11760,2021-12-23 05:00:00
11786,2021-12-30 22:00:00
11787,2021-12-30 21:00:00
11788,2021-12-30 20:00:00
11789,2021-12-30 19:00:00
11807,2023-03-10 14:00:00
11808,2023-03-10 13:00:00
11835,2023-03-22 12:00:00
11836,2001-04-21 22:00:00
11837,2001-04-21 21:00:00
11838,2001-04-21 20:00:00
11839,2001-04-21 19:00:00
11850,2001-06-13 21:00:00
11851,2001-06-13 20:00:00
11852,2001-06-13 19:00:00
11853,2001-06-13 18:00:00
11854,2001-06-13 17:00:00
11855,2001-06-13 16:00:00
11856,2001-06-13 15:00:00
11857,2001-06-13 14:00:00
11858,2001-06-13 13:00:00
11859,2001-06-13 12:00:00
11860,2001-06-13 11:00:00
11861,2001-06-13 10:00:00
11862,2001-06-13 09:00:00
11863,2001-06-13 08:00:00
11864,2001-06-13 07:00:00
11865,2001-06-13 06:00:00
11866,2001-06-13 05:00:00
11874,2001-11-22 13:00:00
11875,2001-11-22 12:00:00
11876,2001-11-22 11:00:00
11877,2001-11-22 10:00:00
11878,2001-11-22 09:00:00
11892,2003-03-16 11:00:00
11893,2003-03-16 10:00:00
11894,2003-03-16 09:00:00
11952,2005-11-12 16:00:00
11953,2005-11-12 15:00:00
11954,2005-11-12 14:00:00
11955,2005-11-12 13:00:00
11956,2005-11-12 12:00:00
11957,2005-11-12 11:00:00
11958,2005-11-12 10:00:00
11959,2005-11-12 09:00:00
11960,2005-11-12 08:00:00
11961,2005-11-12 07:00:00
11962,2005-11-12 06:00:00
11963,2005-11-12 05:00:00
11964,2005-11-12 04:00:00
11965,2005-11-12 03:00:00
11966,2005-11-12 02:00:00
11967,2005-11-12 01:00:00
11968,2005-11-12 00:00:00
11969,2005-11-11 23:00:00
11970,2005-11-11 22:00:00
11971,2005-11-11 21:00:00
11972,2005-11-11 20:00:00
11973,2005-11-11 19:00:00
11974,2005-11-11 18:00:00
11975,2005-11-11 17:00:00
11976,2005-11-11 16:00:00
11977,2005-11-11 03:00:00
11978,2005-11-11 02:00:00
11979,2005-11-11 01:00:00
11980,2005-11-11 00:00:00
11991,2007-03-24 05:00:00
11992,2007-03-24 04:00:00
11993,2007-03-24 03:00:00
11994,2007-03-24 02:00:00
11995,2007-03-24 01:00:00
11996,2007-03-24 00:00:00
11997,2007-03-23 23:00:00
11998,2007-03-23 22:00:00
11999,2007-03-23 21:00:00
12000,2007-03-23 20:00:00
12001,2007-03-23 19:00:00
12002,2007-03-23 18:00:00
12003,2007-03-23 17:00:00
12004,2007-03-23 16:00:00
12005,2007-03-23 15:00:00
12006,2007-03-23 14:00:00
12007,2007-03-23 13:00:00
12008,2007-03-23 12:00:00
12009,2007-03-23 11:00:00
12010,2007-03-23 10:00:00
12100,2011-02-07 18:00:00
12101,2011-02-07 17:00:00
12102,2011-02-07 16:00:00
12103,2011-02-07 15:00:00
12104,2011-02-07 14:00:00
12105,2011-02-07 13:00:00
12106,2011-02-07 12:00:00
12107,2011-02-07 11:00:00
12108,2011-03-17 22:00:00
12109,2011-03-17 21:00:00
12110,2011-03-17 20:00:00
12111,2011-03-17 19:00:00
12112,2011-03-17 18:00:00
12113,2011-03-17 17:00:00
12114,2011-03-17 16:00:00
12115,2011-03-17 15:00:00
12116,2011-03-17 14:00:00
12117,2011-03-17 13:00:00
12118,2011-03-17 12:00:00
12119,2011-03-17 11:00:00
12120,2011-03-17 10:00:00
12121,2011-03-17 09:00:00
12122,2011-03-17 08:00:00
12123,2011-03-17 07:00:00
12124,2011-03-17 06:00:00
12165,2016-03-14 20:00:00
12166,2016-03-14 19:00:00
12167,2016-03-14 18:00:00
12168,2016-03-14 17:00:00
12169,2016-03-14 16:00:00
12170,2016-03-14 15:00:00
12171,2016-03-14 14:00:00
12172,2016-03-14 13:00:00
12173,2016-03-14 12:00:00
12174,2016-03-14 11:00:00
12175,2016-03-14 10:00:00
12176,2016-12-10 19:00:00
12177,2016-12-10 18:00:00
12178,2016-12-10 17:00:00
12179,2016-12-10 16:00:00
12180,2016-12-10 15:00:00
12181,2016-12-10 14:00:00
12182,2016-12-10 13:00:00
12183,2016-12-10 12:00:00
12227,2017-11-17 14:00:00
12228,2017-11-17 13:00:00
12229,2017-11-17 12:00:00
12230,2017-11-17 11:00:00
12231,2017-11-17 10:00:00
12232,2017-11-17 09:00:00
12233,2017-11-17 08:00:00
12234,2017-11-17 07:00:00
12343,2021-12-24 04:00:00
12375,2000-06-19 20:00:00
12376,2000-06-19 19:00:00
12377,2000-06-19 18:00:00
12378,2000-06-19 17:00:00
12379,2000-06-19 16:00:00
12380,2000-06-19 15:00:00
12381,2000-06-19 14:00:00
12382,2000-06-19 13:00:00
12383,2000-06-19 12:00:00
12384,2000-06-19 11:00:00
12385,2000-06-19 10:00:00
12386,2000-06-19 09:00:00
12387,2000-06-19 08:00:00
12388,2000-09-23 20:00:00
12389,2000-09-23 19:00:00
12390,2000-09-23 18:00:00
12391,2000-09-23 17:00:00
12392,2000-09-23 16:00:00
12393,2000-09-23 15:00:00
12394,2000-09-23 14:00:00
12395,2000-09-23 13:00:00
12396,2000-09-23 12:00:00
12397,2000-09-23 11:00:00
12398,2000-09-23 10:00:00
12399,2000-09-23 09:00:00
12400,2000-09-23 08:00:00
12401,2000-09-23 07:00:00
12402,2000-09-23 06:00:00
12403,2000-09-23 05:00:00
12404,2000-09-23 04:00:00
12405,2000-09-23 03:00:00
12406,2000-09-23 02:00:00
12407,2000-09-23 01:00:00
12408,2000-09-23 00:00:00
12426,2003-03-26 20:00:00
12427,2003-03-26 19:00:00
12428,2003-03-26 18:00:00
12429,2003-03-26 17:00:00
12430,2003-03-26 16:00:00
12431,2003-03-26 15:00:00
12432,2003-03-26 14:00:00
12433,2003-03-26 13:00:00
12434,2003-03-26 12:00:00
12435,2003-03-26 11:00:00
12436,2003-03-26 10:00:00
12437,2003-03-26 09:00:00
12438,2003-03-26 08:00:00
12439,2003-03-26 07:00:00
12472,2006-10-25 19:00:00
12473,2006-10-25 18:00:00
12474,2006-10-25 17:00:00
12475,2006-10-25 16:00:00
12476,2006-10-25 15:00:00
12477,2006-10-25 14:00:00
12478,2006-10-25 13:00:00
12479,2006-10-25 12:00:00
12480,2006-10-25 11:00:00
12481,2006-10-25 10:00:00
12482,2006-10-25 09:00:00
12483,2006-10-25 08:00:00
12484,2006-10-25 07:00:00
12485,2006-10-25 06:00:00
12486,2006-10-25 05:00:00
12487,2006-10-25 04:00:00
12506,2008-02-24 13:00:00
12507,2008-02-24 12:00:00
12508,2008-02-24 11:00:00
12509,2008-02-24 10:00:00
12510,2008-02-24 09:00:00
12511,2008-02-24 08:00:00
12527,2009-02-23 04:00:00
12528,2009-02-23 03:00:00
12529,2009-02-23 02:00:00
12530,2009-02-23 01:00:00
12531,2009-04-16 08:00:00
12532,2009-04-16 07:00:00
12533,2009-04-16 06:00:00
12534,2009-04-16 05:00:00
12535,2009-04-16 04:00:00
12536,2009-04-16 03:00:00
12537,2009-04-16 02:00:00
12549,2011-03-27 19:00:00
12550,2011-03-27 18:00:00
12551,2011-03-27 17:00:00
12552,2011-03-27 16:00:00
12553,2011-03-27 15:00:00
12554,2011-03-27 14:00:00
12555,2011-03-27 13:00:00
12558,2013-12-03 22:00:00
12570,2014-02-09 16:00:00
12571,2014-02-09 15:00:00
12582,2014-02-09 04:00:00
12583,2014-02-09 03:00:00
12584,2014-02-09 02:00:00
12585,2014-02-09 01:00:00
12605,2016-03-14 09:00:00
12606,2016-03-14 08:00:00
12607,2016-03-14 07:00:00
12608,2016-03-14 06:00:00
12609,2016-03-14 05:00:00
12610,2016-03-14 04:00:00
12611,2016-03-14 03:00:00
12612,2016-03-14 02:00:00
12613,2016-12-10 20:00:00
12622,2016-12-10 11:00:00
12623,2016-12-10 10:00:00
12624,2016-12-10 09:00:00
12625,2016-12-10 08:00:00
12626,2016-12-10 07:00:00
12633,2016-12-16 15:00:00
12634,2016-12-16 14:00:00
12635,2016-12-16 13:00:00
12636,2016-12-16 12:00:00
12637,2016-12-16 11:00:00
12638,2016-12-16 10:00:00
12639,2016-12-16 09:00:00
12640,2016-12-16 08:00:00
12655,2017-01-04 04:00:00
12656,2017-01-04 03:00:00
12657,2017-01-04 02:00:00
12658,2017-01-04 01:00:00
12659,2017-01-04 00:00:00
12660,2017-01-03 23:00:00
12661,2017-01-03 22:00:00
12662,2017-01-03 21:00:00
12663,2017-01-03 20:00:00
12664,2017-01-03 19:00:00
12665,2017-01-03 18:00:00
12666,2017-01-03 17:00:00
12667,2017-01-03 16:00:00
12668,2017-01-03 15:00:00
12669,2017-01-03 14:00:00
12670,2017-01-03 13:00:00
12671,2017-01-03 12:00:00
12672,2017-01-03 11:00:00
12691,2017-02-07 18:00:00
12692,2017-02-07 17:00:00
12693,2017-02-07 16:00:00
12694,2017-02-07 15:00:00
12781,2019-12-12 20:00:00
12782,2019-12-12 19:00:00
12783,2019-12-12 18:00:00
12824,2001-04-20 10:00:00
12825,2001-04-20 09:00:00
12826,2001-04-20 08:00:00
12827,2001-04-20 07:00:00
12828,2001-04-20 06:00:00
12829,2001-04-20 05:00:00
12830,2001-04-20 04:00:00
12831,2001-04-20 03:00:00
12832,2005-10-04 15:00:00
12849,2010-04-22 11:00:00
12850,2010-04-22 10:00:00
12851,2010-04-22 09:00:00
12852,2010-04-22 08:00:00
12853,2010-04-22 07:00:00
12868,2017-11-04 16:00:00
12869,2017-11-04 15:00:00
12870,2017-11-04 14:00:00
12871,2017-11-04 13:00:00
12872,2017-11-04 12:00:00
12873,2017-11-04 11:00:00
12874,2017-11-04 10:00:00
12875,2017-11-04 09:00:00
12876,2017-11-04 08:00:00
12877,2017-11-04 07:00:00
12878,2017-11-04 06:00:00
12879,2017-11-04 05:00:00
12880,2000-03-16 00:00:00
12881,2000-03-15 23:00:00
12882,2000-03-15 22:00:00
12883,2000-03-15 21:00:00
12884,2000-03-15 20:00:00
12885,2000-03-15 19:00:00
12886,2001-04-22 00:00:00
12887,2001-04-21 23:00:00
12903,2002-10-02 00:00:00
12904,2002-10-01 23:00:00
12905,2002-10-01 22:00:00
12906,2002-10-01 21:00:00
12919,2002-10-01 08:00:00
12920,2002-10-01 07:00:00
12921,2002-10-01 06:00:00
12922,2002-10-01 05:00:00
12923,2002-10-01 04:00:00
12924,2002-10-01 03:00:00
12925,2002-10-01 02:00:00
12926,2002-10-01 01:00:00
12927,2002-10-01 00:00:00
12928,2002-09-30 23:00:00
12929,2002-09-30 22:00:00
12930,2002-09-30 21:00:00
12932,2006-10-26 00:00:00
12933,2006-10-25 23:00:00
12934,2006-10-25 22:00:00
12935,2006-10-25 21:00:00
12936,2006-10-25 20:00:00
12953,2010-04-22 00:00:00
12954,2010-04-21 23:00:00
12955,2010-04-21 22:00:00
12956,2010-04-21 21:00:00
12957,2010-04-21 20:00:00
12958,2010-04-21 19:00:00
12959,2010-04-21 18:00:00
12960,2010-04-21 17:00:00
12961,2010-04-21 16:00:00
12962,2010-04-21 15:00:00
12963,2010-04-21 14:00:00
12964,2010-04-21 13:00:00
12965,2010-04-21 12:00:00
12966,2010-04-21 11:00:00
12967,2010-04-21 10:00:00
12968,2010-04-21 09:00:00
12969,2010-04-21 08:00:00
12970,2010-04-21 07:00:00
12971,2010-04-21 06:00:00
12972,2010-04-21 05:00:00
12973,2010-04-21 04:00:00
12974,2010-04-21 03:00:00
12975,2010-04-21 02:00:00
12976,2010-04-21 01:00:00
12977,2010-04-21 00:00:00
12978,2010-04-20 23:00:00
12979,2010-04-20 22:00:00
12980,2010-04-20 21:00:00
12981,2010-04-20 20:00:00
12982,2013-05-09 00:00:00
12983,2013-05-08 20:00:00
12984,2013-05-08 19:00:00
12985,2013-05-08 18:00:00
12986,2013-05-08 17:00:00
12987,2013-05-08 16:00:00
12988,2013-05-08 15:00:00
12989,2013-05-08 14:00:00
12990,2013-05-08 13:00:00
12991,2013-05-08 12:00:00
12992,2013-05-08 11:00:00
12993,2013-05-08 10:00:00
12994,2013-05-08 09:00:00
12995,2013-05-08 08:00:00
12996,2013-05-08 07:00:00
12997,2013-05-08 06:00:00
12998,2013-05-08 05:00:00
12999,2013-05-08 04:00:00
13000,2013-05-08 03:00:00
13001,2013-05-08 02:00:00
13002,2013-05-08 01:00:00
13003,2013-05-08 00:00:00
13004,2013-05-07 23:00:00
13005,2013-05-07 22:00:00
13006,2013-05-07 21:00:00
13007,2013-05-07 20:00:00
13008,2013-05-07 19:00:00
13009,2013-05-07 18:00:00
13010,2013-05-07 17:00:00
13011,2013-05-07 16:00:00
13021,2017-05-19 00:00:00
13022,2017-05-18 23:00:00
13023,2017-05-18 22:00:00
13024,2017-05-18 21:00:00
13025,2017-05-18 20:00:00
13026,2017-05-18 19:00:00
13027,2017-05-18 18:00:00
13028,2017-05-18 17:00:00
13029,2017-05-18 16:00:00
13030,2017-05-18 15:00:00
13031,2017-05-18 12:00:00
13032,2017-05-18 11:00:00
13033,2017-05-18 10:00:00
13034,2017-05-18 09:00:00
13035,2017-05-18 08:00:00
13036,2017-05-18 07:00:00
13037,2017-05-18 06:00:00
13038,2017-05-18 05:00:00
13039,2017-05-18 04:00:00
13040,2017-05-18 03:00:00
13041,2017-05-18 02:00:00
13042,2017-05-17 20:00:00
13043,2017-05-17 19:00:00
13044,2017-05-17 18:00:00
13045,2017-05-17 17:00:00
13056,2021-05-23 00:00:00
13057,2021-05-22 23:00:00
13058,2021-05-22 22:00:00
13059,2021-05-22 21:00:00
13060,2021-05-22 20:00:00
13061,2021-05-22 19:00:00
13062,2021-05-22 18:00:00
13063,2021-05-22 17:00:00
13064,2021-05-22 16:00:00
13065,2021-05-22 15:00:00
13066,2021-05-22 14:00:00
13067,2021-05-22 13:00:00
13068,2021-05-22 12:00:00
13069,2021-05-22 11:00:00
13070,2021-05-22 10:00:00
13071,2021-05-22 09:00:00
13072,2021-05-22 08:00:00
13073,2021-05-22 07:00:00
13074,2021-05-22 06:00:00
13075,2007-03-22 05:00:00
13076,2007-03-22 04:00:00
13077,2007-03-22 03:00:00
13078,2007-03-22 02:00:00
13079,2007-03-22 01:00:00
13080,2007-03-22 00:00:00
13081,2007-03-21 23:00:00
13082,2007-03-21 22:00:00
13083,2007-03-21 21:00:00
13084,2007-03-21 20:00:00
13085,2007-03-21 19:00:00
13086,2008-05-22 13:00:00
13087,2008-05-22 12:00:00
13088,2008-05-22 11:00:00
13089,2010-04-22 06:00:00
13094,2011-05-10 14:00:00
13095,2011-05-10 13:00:00
13096,2011-05-10 12:00:00
13097,2011-05-10 11:00:00
13098,2011-05-10 10:00:00
13099,2011-05-10 09:00:00
13100,2011-05-10 08:00:00
13101,2011-05-10 07:00:00
13130,2000-10-28 09:00:00
13131,2000-10-28 08:00:00
13132,2000-10-28 07:00:00
13133,2000-10-28 06:00:00
13286,2006-10-04 00:00:00
13287,2006-10-03 23:00:00
13288,2006-10-03 22:00:00
13289,2006-10-03 21:00:00
13290,2006-10-03 20:00:00
13291,2006-10-03 19:00:00
13292,2006-10-03 18:00:00
13293,2006-10-03 17:00:00
13294,2006-10-03 16:00:00
13295,2006-10-03 15:00:00
13296,2006-10-03 14:00:00
13297,2006-10-03 13:00:00
13298,2006-10-03 12:00:00
13299,2006-10-03 11:00:00
13300,2006-10-03 10:00:00
13301,2006-10-03 09:00:00
13428,2011-12-13 06:00:00
13429,2011-12-13 05:00:00
13430,2011-12-13 04:00:00
13431,2011-12-13 03:00:00
13432,2011-12-13 02:00:00
13433,2011-12-13 01:00:00
13434,2011-12-13 00:00:00
13435,2011-12-12 23:00:00
13436,2011-12-12 22:00:00
13437,2011-12-12 21:00:00
13438,2011-12-12 20:00:00
13472,2014-02-01 00:00:00
13473,2014-01-31 23:00:00
13474,2014-01-31 22:00:00
13475,2014-01-31 21:00:00
13476,2014-01-31 20:00:00
13477,2014-01-31 19:00:00
13478,2014-01-31 18:00:00
13479,2014-01-31 17:00:00
13480,2014-01-31 16:00:00
13481,2014-01-31 15:00:00
13482,2014-01-31 14:00:00
13489,2014-01-31 07:00:00
13490,2014-01-31 06:00:00
13491,2014-01-31 05:00:00
13492,2014-01-31 04:00:00
13493,2014-01-31 03:00:00
13494,2014-01-31 02:00:00
13495,2014-01-31 01:00:00
13515,2015-02-22 13:00:00
13516,2015-02-22 12:00:00
13538,2015-11-15 13:00:00
13539,2015-11-15 12:00:00
13540,2015-11-15 11:00:00
13563,2016-04-15 06:00:00
13564,2016-04-15 05:00:00
13565,2016-04-15 04:00:00
13566,2016-04-15 03:00:00
13567,2016-04-15 02:00:00
13568,2016-04-15 01:00:00
13718,2022-12-29 00:00:00
13719,2022-12-28 23:00:00
13720,2022-12-28 22:00:00
13721,2022-12-28 21:00:00
13722,2022-12-28 20:00:00
13723,2022-12-28 19:00:00
13724,2022-12-28 18:00:00
13725,2022-12-28 17:00:00
13726,2022-12-28 16:00:00
13727,2022-12-28 15:00:00
13728,2022-12-28 14:00:00
13729,2022-12-28 13:00:00
13730,2022-12-28 12:00:00
13738,2023-03-12 00:00:00
13739,2023-03-11 23:00:00
13740,2023-03-11 22:00:00
13741,2023-03-11 21:00:00
13742,2023-03-11 20:00:00
13743,2023-03-11 19:00:00
13744,2023-03-11 18:00:00
13745,2023-03-11 17:00:00
13746,2023-03-11 16:00:00
13747,2023-03-11 15:00:00
13748,2023-03-11 14:00:00
13749,2023-03-11 13:00:00
13750,2023-03-11 12:00:00
13751,2023-03-11 11:00:00
13752,2023-03-11 10:00:00
13753,2023-03-11 09:00:00
13766,2001-08-21 18:00:00
13767,2001-08-21 17:00:00
13768,2001-08-21 16:00:00
13769,2001-08-21 15:00:00
13770,2001-08-21 14:00:00
13771,2001-08-21 13:00:00
13772,2001-08-21 12:00:00
13773,2001-08-21 11:00:00
13774,2001-08-21 10:00:00
13775,2001-08-21 09:00:00
13776,2001-08-21 08:00:00
13777,2001-08-21 07:00:00
13778,2001-08-21 06:00:00
13779,2001-08-21 05:00:00
13780,2001-08-21 04:00:00
13879,2005-11-11 15:00:00
13880,2005-11-11 14:00:00
13881,2006-03-07 20:00:00
13882,2006-03-07 19:00:00
13883,2006-03-07 18:00:00
13884,2006-03-07 17:00:00
13885,2006-03-07 16:00:00
13886,2006-03-07 15:00:00
13887,2006-03-07 14:00:00
13888,2006-03-07 13:00:00
13889,2006-03-07 12:00:00
13890,2006-03-07 11:00:00
13891,2006-03-07 10:00:00
13892,2006-03-07 09:00:00
13893,2006-03-07 08:00:00
13894,2006-03-07 07:00:00
13902,2006-09-15 22:00:00
13912,2006-10-09 21:00:00
13913,2006-10-09 20:00:00
13914,2006-10-09 19:00:00
13915,2006-10-09 18:00:00
13916,2006-10-09 17:00:00
13956,2007-05-04 19:00:00
13957,2007-05-04 18:00:00
13958,2007-05-04 17:00:00
14040,2008-01-05 11:00:00
14041,2008-01-05 10:00:00
14042,2008-01-05 09:00:00
14043,2008-01-05 08:00:00
14079,2009-12-07 14:00:00
14080,2009-12-07 13:00:00
14081,2009-12-07 12:00:00
14082,2009-12-07 11:00:00
14144,2014-11-02 21:00:00
14145,2014-11-02 20:00:00
14155,2016-09-22 21:00:00
14180,2016-12-16 07:00:00
14181,2016-12-16 06:00:00
14182,2016-12-16 05:00:00
14183,2016-12-16 04:00:00
14259,2020-03-18 07:00:00
14260,2020-03-18 06:00:00
14261,2020-03-18 05:00:00
14262,2020-03-18 04:00:00
14263,2020-03-18 03:00:00
14275,2022-03-28 18:00:00
14276,2022-03-28 17:00:00
14277,2022-03-28 16:00:00
14278,2022-03-28 15:00:00
14279,2022-03-28 14:00:00
14280,2022-03-28 13:00:00
14362,2004-09-04 12:00:00
14363,2004-09-04 11:00:00
14364,2004-09-04 10:00:00
14365,2004-09-04 09:00:00
14366,2004-09-04 08:00:00
14367,2004-09-04 07:00:00
14368,2004-09-04 06:00:00
14369,2004-09-04 05:00:00
14370,2004-09-04 04:00:00
14371,2004-09-04 03:00:00
14424,2005-03-24 20:00:00
14425,2005-03-24 19:00:00
14426,2005-03-24 18:00:00
14427,2005-03-24 17:00:00
14428,2005-03-24 16:00:00
14429,2005-03-24 15:00:00
14430,2005-03-24 14:00:00
14431,2005-03-24 13:00:00
14432,2005-03-24 12:00:00
14433,2005-03-24 11:00:00
14434,2005-03-24 10:00:00
14435,2005-03-24 09:00:00
14445,2005-10-04 17:00:00
14446,2005-10-04 16:00:00
14528,2009-12-13 10:00:00
14529,2009-12-13 09:00:00
14530,2009-12-13 08:00:00
14531,2009-12-13 07:00:00
14532,2009-12-13 06:00:00
14533,2010-03-31 22:00:00
14541,2010-10-24 21:00:00
14577,2010-12-20 07:00:00
14603,2015-10-21 14:00:00
14604,2015-10-21 13:00:00
14605,2015-10-21 12:00:00
14606,2015-10-21 11:00:00
14607,2015-10-21 10:00:00
14608,2015-10-21 09:00:00
14609,2015-10-21 08:00:00
14610,2015-10-21 07:00:00
14611,2015-10-21 06:00:00
14612,2015-10-21 05:00:00
14613,2015-10-21 04:00:00
14614,2015-10-21 03:00:00
14615,2015-10-21 02:00:00
14616,2015-10-21 01:00:00
14617,2015-10-21 00:00:00
14618,2015-10-20 23:00:00
14635,2016-12-16 03:00:00
14636,2016-12-16 02:00:00
14637,2016-12-16 01:00:00
14638,2016-12-16 00:00:00
14642,2016-12-15 20:00:00
14643,2016-12-15 19:00:00
14739,2019-05-20 06:00:00
14740,2019-05-20 05:00:00
14741,2019-05-20 04:00:00
14742,2019-05-20 03:00:00
14743,2019-05-20 02:00:00
14745,2020-12-28 20:00:00
14746,2020-12-28 19:00:00
14747,2020-12-28 18:00:00
14748,2020-12-28 17:00:00
14749,2020-12-28 16:00:00
14781,2022-11-03 08:00:00
14782,2022-11-03 07:00:00
14783,2022-11-03 06:00:00
14784,2022-11-03 05:00:00
14785,2022-11-03 04:00:00
14786,2022-11-03 03:00:00
14787,2022-11-03 02:00:00
14788,2022-11-03 01:00:00
14789,2022-12-05 19:00:00
14790,2022-12-05 18:00:00
14791,2022-12-05 17:00:00
14792,2022-12-05 16:00:00
14793,2022-12-05 15:00:00
14794,2022-12-05 14:00:00
14795,2022-12-05 13:00:00
14796,2022-12-05 12:00:00
14797,2022-12-05 11:00:00
14798,2022-12-05 10:00:00
14799,2022-12-05 09:00:00
14800,2023-03-20 19:00:00
14801,2023-03-20 18:00:00
14802,2023-03-20 17:00:00
14803,2023-03-20 16:00:00
14804,2023-03-20 15:00:00
14805,2023-03-20 14:00:00
14806,2023-03-20 13:00:00
14807,2023-03-20 12:00:00
14808,2023-03-20 11:00:00
14815,2002-01-31 00:00:00
14816,2002-01-30 23:00:00
14817,2002-01-30 22:00:00
14818,2002-01-30 21:00:00
14819,2002-01-30 20:00:00
14820,2002-01-30 19:00:00
14821,2002-01-30 18:00:00
14822,2002-01-30 17:00:00
14889,2007-03-25 00:00:00
14890,2007-03-24 23:00:00
14891,2007-03-24 22:00:00
14892,2007-03-24 21:00:00
14893,2007-03-24 20:00:00
14894,2007-03-24 19:00:00
14895,2007-03-24 18:00:00
14896,2007-03-24 17:00:00
14897,2007-03-24 16:00:00
14898,2007-03-24 15:00:00
14899,2007-03-24 14:00:00
14900,2007-03-24 13:00:00
14901,2007-03-24 12:00:00
14902,2007-03-24 11:00:00
14903,2007-03-24 10:00:00
14904,2007-03-24 09:00:00
14905,2007-03-24 08:00:00
14906,2007-03-24 07:00:00
14907,2007-03-24 06:00:00
14950,2007-12-10 17:00:00
14951,2007-12-10 16:00:00
14971,2009-04-12 00:00:00
14972,2009-04-11 23:00:00
14973,2009-04-11 22:00:00
14974,2009-04-11 21:00:00
14975,2009-04-11 20:00:00
14976,2009-04-11 19:00:00
14977,2010-07-26 00:00:00
14978,2010-07-25 23:00:00
14979,2010-07-25 22:00:00
14980,2010-07-25 21:00:00
14981,2010-07-25 20:00:00
14982,2010-07-25 19:00:00
14983,2010-07-25 18:00:00
14984,2010-07-25 17:00:00
14985,2010-07-25 16:00:00
14986,2010-07-25 15:00:00
14987,2010-07-25 14:00:00
15007,2011-10-07 11:00:00
15008,2011-10-07 10:00:00
15009,2011-10-07 09:00:00
15010,2011-10-07 08:00:00
15011,2011-10-07 07:00:00
15052,2012-09-11 21:00:00
15053,2012-09-11 20:00:00
15054,2012-09-11 19:00:00
15055,2012-09-11 18:00:00
15056,2012-09-11 17:00:00
15057,2013-11-05 00:00:00
15058,2013-11-04 23:00:00
15059,2013-11-04 22:00:00
15060,2013-11-04 21:00:00
15061,2013-11-04 20:00:00
15062,2013-11-04 19:00:00
15086,2015-04-27 00:00:00
15087,2015-04-26 23:00:00
15088,2015-04-26 22:00:00
15089,2015-04-26 21:00:00
15090,2015-04-26 20:00:00
15091,2015-04-26 19:00:00
15092,2015-04-26 18:00:00
15093,2015-04-26 17:00:00
15094,2015-04-26 16:00:00
15095,2015-04-26 15:00:00
15096,2015-04-26 14:00:00
15097,2015-04-26 13:00:00
15098,2015-04-26 12:00:00
15099,2015-04-26 11:00:00
15100,2015-04-26 10:00:00
15101,2015-04-26 09:00:00
15102,2015-04-26 08:00:00
15135,2017-10-06 00:00:00
15136,2017-10-05 23:00:00
15137,2017-10-05 22:00:00
15138,2017-10-05 21:00:00
15139,2017-10-05 20:00:00
15140,2017-10-05 19:00:00
15141,2017-10-05 18:00:00
15142,2017-10-05 17:00:00
15143,2017-10-05 16:00:00
15144,2017-10-05 15:00:00
15183,2020-03-14 00:00:00
15184,2020-03-13 23:00:00
15185,2020-03-13 22:00:00
15186,2020-03-13 21:00:00
15187,2020-03-13 20:00:00
15188,2020-03-13 19:00:00
15189,2020-03-13 18:00:00
15206,2023-03-17 00:00:00
15207,2023-03-16 23:00:00
15208,2023-03-16 22:00:00
15209,2023-03-16 21:00:00
15210,2023-03-16 20:00:00
15211,2023-03-16 19:00:00
15212,2023-03-16 18:00:00
15213,2023-03-16 17:00:00
15214,2023-03-16 16:00:00
15215,2023-03-16 15:00:00
15216,2023-03-16 14:00:00
15217,2023-03-16 13:00:00
15218,2023-03-16 12:00:00
15219,2023-03-16 11:00:00
15220,2023-03-16 10:00:00
15221,2023-03-16 09:00:00
15222,2023-03-16 08:00:00
15223,2023-03-16 07:00:00
15224,2023-03-16 06:00:00
15234,2002-09-07 23:00:00
15235,2002-09-07 22:00:00
15236,2002-09-07 21:00:00
15237,2002-09-07 20:00:00
15238,2002-09-07 19:00:00
15239,2002-09-07 18:00:00
15240,2006-12-27 07:00:00
15241,2006-12-27 06:00:00
15242,2006-12-27 05:00:00
15243,2006-12-27 04:00:00
15244,2006-12-27 03:00:00
15245,2017-03-23 21:00:00
15246,2017-03-23 20:00:00
15248,2002-02-21 00:00:00
15249,2002-02-20 23:00:00
15257,2003-05-05 00:00:00
15258,2003-05-04 23:00:00
15313,2004-01-03 17:00:00
15314,2004-01-03 16:00:00
15379,2005-02-20 00:00:00
15380,2005-02-19 23:00:00
15381,2005-02-19 22:00:00
15382,2005-02-19 21:00:00
15383,2005-02-19 20:00:00
15384,2005-02-19 19:00:00
15385,2005-02-19 18:00:00
15386,2005-02-19 17:00:00
15387,2005-02-19 16:00:00
15388,2005-02-19 15:00:00
15389,2005-02-19 14:00:00
15390,2005-02-19 13:00:00
15391,2005-02-19 12:00:00
15392,2005-02-19 11:00:00
15393,2005-02-19 10:00:00
15394,2005-05-08 00:00:00
15395,2005-05-07 23:00:00
15396,2005-05-07 22:00:00
15397,2005-05-07 21:00:00
15398,2005-05-07 20:00:00
15399,2005-05-07 19:00:00
15400,2005-05-07 18:00:00
15401,2005-05-07 17:00:00
15402,2005-05-07 16:00:00
15403,2005-05-07 15:00:00
15404,2005-05-07 14:00:00
15405,2005-05-07 13:00:00
15406,2005-05-07 12:00:00
15407,2005-05-07 11:00:00
15408,2005-05-07 10:00:00
15419,2006-04-07 00:00:00
15420,2006-04-06 23:00:00
15421,2006-04-06 19:00:00
15422,2006-04-06 18:00:00
15423,2006-04-06 17:00:00
15424,2006-04-06 16:00:00
15425,2006-04-06 15:00:00
15426,2006-04-06 14:00:00
15427,2006-04-06 13:00:00
15428,2006-04-06 12:00:00
15429,2006-11-15 00:00:00
15462,2007-10-01 04:00:00
15463,2007-10-01 03:00:00
15464,2007-10-01 02:00:00
15465,2007-10-01 01:00:00
15466,2007-10-01 00:00:00
15467,2007-09-30 23:00:00
15468,2007-09-30 22:00:00
15469,2007-09-30 21:00:00
15470,2007-09-30 20:00:00
15471,2007-09-30 19:00:00
15472,2007-09-30 18:00:00
15473,2007-09-30 17:00:00
15474,2007-09-30 16:00:00
15475,2007-09-30 15:00:00
15554,2008-10-11 20:00:00
15555,2008-10-11 19:00:00
15556,2008-12-19 00:00:00
15557,2008-12-18 23:00:00
15584,2009-01-24 22:00:00
15585,2009-01-24 21:00:00
15586,2009-01-24 20:00:00
15612,2009-10-15 00:00:00
15613,2009-10-14 23:00:00
15616,2009-10-14 20:00:00
15617,2009-10-14 19:00:00
15647,2010-11-22 00:00:00
15693,2011-05-12 00:00:00
15694,2011-05-11 23:00:00
15701,2011-05-10 06:00:00
15702,2011-05-10 05:00:00
15703,2011-05-10 04:00:00
15704,2011-05-10 03:00:00
15705,2011-05-10 02:00:00
15706,2011-05-10 01:00:00
15730,2012-02-29 00:00:00
15731,2012-02-28 23:00:00
15732,2012-02-28 22:00:00
15733,2012-02-28 21:00:00
15734,2012-02-28 20:00:00
15735,2012-02-28 19:00:00
15736,2012-02-28 18:00:00
15737,2012-02-28 17:00:00
15738,2012-02-28 16:00:00
15739,2012-02-28 15:00:00
15740,2012-02-28 14:00:00
15741,2012-02-28 13:00:00
15742,2012-02-28 12:00:00
15743,2012-02-28 11:00:00
15744,2012-02-28 10:00:00
15745,2012-02-28 09:00:00
15746,2012-02-28 08:00:00
15747,2012-02-28 07:00:00
15748,2012-02-28 06:00:00
15749,2012-02-28 05:00:00
15750,2012-02-28 04:00:00
15751,2012-02-28 03:00:00
15760,2012-09-11 16:00:00
15761,2012-09-11 15:00:00
15762,2012-09-11 14:00:00
15763,2012-09-11 13:00:00
15764,2012-09-11 12:00:00
15765,2012-09-11 11:00:00
15766,2012-09-11 10:00:00
15767,2012-09-11 09:00:00
15768,2012-09-11 08:00:00
15769,2012-09-11 07:00:00
15770,2012-09-11 06:00:00
15771,2012-09-11 05:00:00
15772,2012-09-11 04:00:00
15773,2012-09-11 03:00:00
15774,2012-09-11 02:00:00
15775,2012-09-11 01:00:00
15776,2012-09-11 00:00:00
15777,2012-09-10 23:00:00
15778,2012-09-10 22:00:00
15795,2013-05-08 23:00:00
15796,2013-05-08 22:00:00
15797,2013-05-08 21:00:00
15824,2014-02-09 00:00:00
15825,2014-02-08 23:00:00
15826,2014-02-08 22:00:00
15827,2014-02-08 21:00:00
15828,2014-02-10 00:00:00
15829,2014-02-09 23:00:00
15830,2014-02-09 22:00:00
15831,2014-02-09 21:00:00
15832,2014-02-09 20:00:00
15833,2014-02-09 19:00:00
15834,2014-02-09 18:00:00
15835,2014-02-09 17:00:00
15854,2014-12-22 00:00:00
15868,2015-02-22 11:00:00
15869,2015-02-22 10:00:00
15870,2015-02-22 09:00:00
15871,2015-02-22 08:00:00
15872,2016-01-31 00:00:00
15913,2016-04-15 08:00:00
15914,2016-04-15 07:00:00
15915,2016-11-28 00:00:00
15916,2016-11-27 23:00:00
15917,2016-11-27 22:00:00
15918,2016-11-27 21:00:00
15919,2016-11-27 20:00:00
15963,2017-01-08 07:00:00
15974,2017-01-12 00:00:00
15975,2017-01-11 23:00:00
15976,2017-01-11 22:00:00
15977,2017-01-11 21:00:00
15978,2017-01-11 20:00:00
15992,2017-02-08 00:00:00
15993,2017-02-07 23:00:00
15994,2017-02-07 22:00:00
15995,2017-02-07 21:00:00
15996,2017-02-07 20:00:00
15997,2017-02-07 19:00:00
16013,2018-03-24 00:00:00
16014,2018-03-23 23:00:00
16015,2018-03-23 22:00:00
16016,2018-03-23 21:00:00
16103,2019-03-09 00:00:00
16104,2019-03-08 23:00:00
16124,2020-02-08 00:00:00
16143,2021-02-04 00:00:00
16144,2021-02-03 23:00:00
16213,2023-01-01 00:00:00
16214,2022-12-31 23:00:00
16215,2022-12-31 22:00:00
16216,2022-12-31 21:00:00
16275,2001-04-20 20:00:00
16290,2003-11-03 05:00:00
16291,2003-11-03 04:00:00
16292,2003-11-03 03:00:00
16293,2003-11-03 02:00:00
16294,2003-11-03 01:00:00
16339,2005-01-11 07:00:00
16340,2005-01-11 06:00:00
16356,2006-09-15 10:00:00
16357,2006-09-15 09:00:00
16445,2017-01-09 10:00:00
16446,2017-01-09 09:00:00
16447,2017-01-09 08:00:00
16448,2017-01-09 07:00:00
16449,2017-01-09 06:00:00
16450,2017-01-09 05:00:00
16451,2017-01-09 04:00:00
16452,2017-01-09 03:00:00
16453,2017-01-09 02:00:00
16454,2017-01-09 01:00:00
16469,2023-01-01 05:00:00
16470,2023-01-01 04:00:00
16471,2023-01-01 03:00:00
16476,2000-09-22 15:00:00
16477,2000-09-22 14:00:00
16478,2000-09-22 13:00:00
16499,2003-04-15 11:00:00
16500,2003-04-15 10:00:00
16501,2003-04-15 09:00:00
16522,2003-12-07 10:00:00
16523,2004-02-28 04:00:00
16524,2004-02-28 03:00:00
16525,2004-02-28 02:00:00
16526,2004-02-28 01:00:00
16579,2005-01-11 05:00:00
16580,2005-01-11 04:00:00
16581,2005-12-01 16:00:00
16582,2005-12-01 15:00:00
16583,2005-12-01 14:00:00
16584,2005-12-01 13:00:00
16585,2005-12-01 12:00:00
16586,2005-12-01 11:00:00
16587,2005-12-01 10:00:00
16597,2007-09-24 15:00:00
16598,2007-09-24 14:00:00
16599,2007-09-24 13:00:00
16600,2007-09-24 12:00:00
16601,2007-09-24 11:00:00
16602,2007-09-24 10:00:00
16603,2007-09-24 09:00:00
16604,2007-09-24 08:00:00
16605,2007-09-24 07:00:00
16606,2007-09-24 06:00:00
16607,2007-09-24 05:00:00
16608,2007-09-24 04:00:00
16609,2007-09-24 03:00:00
16610,2007-09-24 02:00:00
16611,2007-09-24 01:00:00
16641,2007-10-20 15:00:00
16642,2007-10-20 14:00:00
16643,2007-10-20 13:00:00
16644,2007-10-20 12:00:00
16645,2007-10-20 11:00:00
16646,2007-10-20 10:00:00
16647,2007-10-20 09:00:00
16648,2007-10-20 08:00:00
16649,2007-10-20 07:00:00
16650,2007-10-20 06:00:00
16651,2007-10-20 05:00:00
16652,2007-10-20 04:00:00
16653,2007-10-20 03:00:00
16654,2007-10-20 02:00:00
16655,2007-10-20 01:00:00
16656,2007-10-20 00:00:00
16657,2007-10-19 23:00:00
16658,2007-10-19 22:00:00
16659,2007-10-19 21:00:00
16660,2007-10-19 20:00:00
16661,2007-10-19 19:00:00
16662,2007-10-19 18:00:00
16663,2007-10-19 17:00:00
16664,2007-10-19 16:00:00
16665,2007-10-19 15:00:00
16666,2007-10-19 14:00:00
16667,2007-10-19 13:00:00
16668,2007-10-19 12:00:00
16669,2007-10-19 11:00:00
16670,2007-10-19 10:00:00
16671,2007-10-19 09:00:00
16672,2007-10-19 08:00:00
16673,2007-10-19 07:00:00
16674,2007-10-19 06:00:00
16675,2007-10-19 05:00:00
16676,2007-10-19 04:00:00
16677,2007-10-19 03:00:00
16697,2008-01-05 07:00:00
16698,2008-01-05 06:00:00
16699,2008-01-05 05:00:00
16700,2008-01-05 04:00:00
16701,2008-01-05 03:00:00
16702,2008-01-05 02:00:00
16742,2010-04-01 14:00:00
16743,2010-04-01 13:00:00
16744,2010-04-01 12:00:00
16745,2010-04-01 11:00:00
16746,2010-04-01 10:00:00
16747,2010-04-01 09:00:00
16748,2010-04-01 08:00:00
16749,2010-04-01 07:00:00
16750,2010-04-01 06:00:00
16751,2010-04-01 05:00:00
16752,2010-04-01 04:00:00
16753,2010-04-01 03:00:00
16754,2010-04-01 02:00:00
16755,2010-04-01 01:00:00
16756,2010-04-01 00:00:00
16757,2010-03-31 23:00:00
16767,2010-11-21 11:00:00
16768,2010-11-21 10:00:00
16769,2010-11-21 09:00:00
16779,2011-04-20 15:00:00
16780,2011-04-20 14:00:00
16781,2011-04-20 13:00:00
16782,2011-04-20 12:00:00
16783,2011-04-20 11:00:00
16784,2011-04-20 10:00:00
16785,2011-04-20 09:00:00
16786,2011-04-20 08:00:00
16787,2011-04-20 07:00:00
16788,2011-04-20 06:00:00
16789,2011-04-20 05:00:00
16790,2011-04-20 04:00:00
16791,2011-04-20 03:00:00
16792,2011-04-20 02:00:00
16793,2011-04-20 01:00:00
16794,2011-04-20 00:00:00
16795,2011-04-21 17:00:00
16796,2011-04-21 16:00:00
16797,2011-04-21 15:00:00
16798,2011-04-21 14:00:00
16799,2011-04-21 13:00:00
16800,2011-04-21 12:00:00
16801,2011-04-21 11:00:00
16802,2011-04-21 10:00:00
16803,2011-04-21 09:00:00
16804,2011-04-21 08:00:00
16805,2011-04-21 07:00:00
16806,2011-04-21 06:00:00
16816,2013-12-03 03:00:00
16817,2013-12-03 02:00:00
16818,2013-12-03 01:00:00
16819,2013-12-03 00:00:00
16820,2013-12-02 23:00:00
16821,2013-12-02 22:00:00
16822,2013-12-02 21:00:00
16823,2013-12-02 20:00:00
16847,2015-12-21 17:00:00
16848,2015-12-21 16:00:00
16918,2017-01-10 23:00:00
16919,2017-01-10 22:00:00
16920,2017-01-10 21:00:00
16921,2017-04-20 15:00:00
16922,2017-04-20 14:00:00
16923,2017-04-20 13:00:00
16924,2017-04-20 12:00:00
16925,2017-04-20 11:00:00
16926,2017-04-20 10:00:00
16927,2017-04-20 09:00:00
16928,2017-04-20 08:00:00
16929,2017-04-20 07:00:00
16930,2017-04-20 06:00:00
16931,2017-04-20 05:00:00
16932,2017-04-20 04:00:00
16933,2017-04-20 03:00:00
16934,2017-04-20 02:00:00
16935,2017-04-20 01:00:00
16936,2017-04-20 00:00:00
16937,2017-04-19 23:00:00
16938,2017-04-19 22:00:00
16939,2017-04-19 21:00:00
16940,2017-04-19 20:00:00
16941,2017-04-19 19:00:00
16942,2017-04-19 18:00:00
16943,2017-04-19 17:00:00
16944,2017-04-19 16:00:00
16945,2017-11-04 19:00:00
16946,2017-11-04 18:00:00
16947,2017-11-04 17:00:00
16958,2017-11-05 16:00:00
16959,2017-11-05 15:00:00
16960,2017-11-05 14:00:00
16961,2017-11-05 13:00:00
16962,2017-11-05 12:00:00
16963,2017-11-05 11:00:00
16964,2017-11-05 10:00:00
16965,2017-11-05 09:00:00
16999,2021-10-12 18:00:00
17000,2021-10-12 17:00:00
17001,2021-10-12 16:00:00
17002,2021-10-12 15:00:00
17003,2021-10-12 14:00:00
17004,2021-10-12 13:00:00
17005,2021-10-12 12:00:00
17006,2021-10-12 11:00:00
17007,2021-10-12 10:00:00
17024,2023-03-22 11:00:00
17025,2023-03-22 10:00:00
17026,2023-03-22 09:00:00
17027,2023-03-22 08:00:00
17028,2023-03-22 07:00:00
17029,2023-03-22 06:00:00
17030,2023-03-22 05:00:00
17031,2023-03-22 04:00:00
17032,2023-03-22 03:00:00
17033,2023-03-22 02:00:00
17034,2023-03-22 01:00:00
17132,2005-04-24 00:00:00
17133,2005-04-23 23:00:00
17134,2005-04-23 22:00:00
17135,2005-04-23 21:00:00
17136,2005-04-23 20:00:00
17137,2005-04-23 19:00:00
17138,2005-04-23 18:00:00
17139,2005-04-23 17:00:00
17140,2005-04-23 16:00:00
17141,2005-04-23 15:00:00
17142,2005-04-23 14:00:00
17143,2005-04-23 13:00:00
17144,2005-04-23 12:00:00
17145,2005-04-23 11:00:00
17146,2005-04-23 10:00:00
17147,2005-04-23 09:00:00
17148,2005-04-23 08:00:00
17149,2005-04-23 07:00:00
17150,2005-04-23 06:00:00
17151,2005-04-23 05:00:00
17152,2005-04-23 04:00:00
17277,2010-12-27 07:00:00
17278,2010-12-27 06:00:00
17279,2010-12-27 05:00:00
17280,2010-12-27 04:00:00
17281,2010-12-27 03:00:00
17282,2010-12-27 02:00:00
17283,2010-12-27 01:00:00
17328,2015-06-05 17:00:00
17336,2015-06-11 00:00:00
17337,2015-06-10 23:00:00
17338,2015-06-10 22:00:00
17339,2015-06-10 21:00:00
17340,2015-06-10 20:00:00
17341,2015-06-10 19:00:00
17342,2015-06-10 18:00:00
17343,2015-06-10 17:00:00
17344,2015-06-10 16:00:00
17345,2015-06-10 15:00:00
17346,2015-06-10 14:00:00
17347,2015-10-05 00:00:00
17348,2015-10-04 23:00:00
17349,2015-10-04 22:00:00
17350,2015-10-04 21:00:00
17351,2015-10-04 20:00:00
17352,2015-10-04 19:00:00
17353,2015-10-04 18:00:00
17354,2015-10-04 17:00:00
17355,2015-10-04 16:00:00
17356,2015-10-04 15:00:00
17357,2015-10-04 14:00:00
17358,2015-10-04 13:00:00
17359,2015-10-04 12:00:00
17360,2015-11-04 00:00:00
17361,2015-11-03 23:00:00
17362,2015-11-03 22:00:00
17363,2015-11-03 21:00:00
17410,2019-03-12 10:00:00
17411,2019-03-12 09:00:00
17412,2019-03-12 08:00:00
17413,2019-03-12 07:00:00
17414,2019-03-12 06:00:00
17423,2019-03-22 00:00:00
17424,2019-03-21 23:00:00
17425,2019-03-21 22:00:00
17426,2019-03-21 21:00:00
17427,2019-03-21 20:00:00
17428,2019-03-21 19:00:00
17429,2019-03-21 18:00:00
17430,2019-03-21 17:00:00
17431,2019-03-21 16:00:00
17432,2019-03-21 15:00:00
17440,2019-11-20 17:00:00
17502,2000-03-07 00:00:00
17503,2000-03-06 23:00:00
17504,2000-03-06 22:00:00
17505,2000-03-06 21:00:00
17506,2000-03-06 20:00:00
17507,2000-03-06 19:00:00
17514,2001-01-28 00:00:00
17515,2001-01-27 23:00:00
17516,2001-01-27 22:00:00
17517,2001-01-27 21:00:00
17518,2001-01-27 20:00:00
17559,2003-02-25 15:00:00
17621,2004-10-28 00:00:00
17622,2004-10-27 23:00:00
17623,2004-10-27 22:00:00
17624,2004-10-27 21:00:00
17625,2004-10-27 20:00:00
17697,2007-02-12 00:00:00
17698,2007-02-11 23:00:00
17699,2007-02-11 22:00:00
17700,2007-02-11 21:00:00
17701,2007-02-11 20:00:00
17702,2007-02-11 19:00:00
17703,2007-02-11 18:00:00
17704,2007-02-11 17:00:00
17705,2007-02-11 16:00:00
17706,2007-02-11 15:00:00
17707,2007-02-11 14:00:00
17708,2007-02-11 13:00:00
17864,2010-01-22 17:00:00
17977,2013-01-28 00:00:00
17978,2013-01-27 23:00:00
17979,2013-01-27 22:00:00
17980,2013-01-27 21:00:00
17981,2013-01-27 20:00:00
17982,2013-01-27 19:00:00
17983,2013-01-27 18:00:00
17984,2013-01-27 17:00:00
17985,2013-01-27 16:00:00
17986,2013-01-27 15:00:00
17987,2013-01-27 14:00:00
17988,2013-01-27 13:00:00
17989,2013-01-27 12:00:00
17990,2013-01-27 11:00:00
18017,2014-02-27 13:00:00
18018,2014-02-27 12:00:00
18019,2014-02-27 11:00:00
18020,2014-02-27 10:00:00
18062,2015-10-06 00:00:00
18063,2015-10-05 23:00:00
18064,2015-10-05 22:00:00
18065,2015-10-05 21:00:00
18066,2015-10-05 20:00:00
18067,2015-10-05 19:00:00
18068,2015-10-05 18:00:00
18069,2015-10-05 17:00:00
18070,2015-10-05 16:00:00
18071,2015-11-05 00:00:00
18110,2016-12-22 17:00:00
18217,2019-12-08 11:00:00
18218,2019-12-28 00:00:00
18219,2019-12-27 23:00:00
18220,2019-12-27 22:00:00
18221,2019-12-27 21:00:00
18222,2019-12-27 20:00:00
18223,2019-12-27 19:00:00
18224,2019-12-27 18:00:00
18309,2023-01-16 00:00:00
18310,2023-01-15 23:00:00
18311,2023-01-15 22:00:00
18312,2023-01-15 21:00:00
18313,2023-01-15 20:00:00
18314,2023-01-15 19:00:00
18315,2023-01-15 18:00:00
18316,2023-01-15 17:00:00
18317,2023-01-15 16:00:00
18318,2023-01-15 15:00:00
18346,2023-03-02 00:00:00
18347,2023-03-01 23:00:00
18348,2023-03-01 22:00:00
18349,2023-03-01 21:00:00
18350,2023-03-01 20:00:00
18351,2023-03-01 19:00:00
18352,2023-03-01 18:00:00
18353,2023-03-01 17:00:00
18354,2023-03-01 16:00:00
18371,2023-03-21 00:00:00
18372,2023-03-20 23:00:00
18373,2023-03-20 22:00:00
18374,2023-03-20 21:00:00
18375,2023-03-20 20:00:00
18522,2006-10-10 00:00:00
18523,2006-10-09 23:00:00
18524,2006-10-09 22:00:00
18606,2008-12-15 17:00:00
18613,2009-06-11 00:00:00
18614,2009-06-10 23:00:00
18615,2009-06-10 22:00:00
18616,2009-06-10 21:00:00
18617,2009-06-10 20:00:00
18618,2009-06-10 19:00:00
18619,2009-06-10 18:00:00
18620,2009-06-10 17:00:00
18621,2009-06-10 16:00:00
18622,2009-06-10 15:00:00
18623,2009-06-10 14:00:00
18624,2009-06-10 13:00:00
18625,2009-06-10 12:00:00
18626,2009-06-10 11:00:00
18627,2009-06-10 10:00:00
18628,2009-06-10 09:00:00
18629,2009-06-10 08:00:00
18740,2015-05-19 00:00:00
18741,2015-05-18 23:00:00
18742,2015-05-18 22:00:00
18743,2015-05-18 21:00:00
18744,2015-05-18 20:00:00
18917,2003-05-04 09:00:00
18985,2004-04-21 12:00:00
19019,2004-09-22 00:00:00
19020,2004-09-21 23:00:00
19140,2006-10-03 08:00:00
19141,2006-10-03 07:00:00
19142,2006-10-03 06:00:00
19143,2006-10-03 05:00:00
19267,2008-12-14 00:00:00
19268,2008-12-13 23:00:00
19269,2008-12-13 22:00:00
19270,2008-12-13 21:00:00
19271,2008-12-13 20:00:00
19272,2008-12-13 19:00:00
19273,2008-12-13 18:00:00
19274,2008-12-13 17:00:00
19275,2008-12-13 16:00:00
19276,2008-12-13 15:00:00
19305,2009-09-16 00:00:00
19306,2009-09-15 23:00:00
19307,2009-09-15 22:00:00
19308,2009-09-15 21:00:00
19309,2009-09-15 20:00:00
19310,2009-09-15 19:00:00
19311,2009-09-15 18:00:00
19312,2009-09-15 17:00:00
19313,2009-09-15 16:00:00
19314,2009-09-15 15:00:00
19315,2009-09-15 14:00:00
19316,2009-09-15 13:00:00
19317,2009-09-15 12:00:00
19318,2009-09-15 11:00:00
19319,2009-09-15 10:00:00
19320,2009-09-15 09:00:00
19321,2009-09-15 08:00:00
19322,2009-09-15 07:00:00
19323,2009-09-15 06:00:00
19324,2009-09-15 05:00:00
19325,2009-09-15 04:00:00
19326,2009-09-15 03:00:00
19327,2009-09-15 02:00:00
19328,2009-09-15 01:00:00
19409,2012-11-11 00:00:00
19475,2014-03-01 08:00:00
19488,2015-11-04 12:00:00
19507,2016-12-15 18:00:00
19508,2016-12-15 17:00:00
19509,2016-12-15 16:00:00
19510,2016-12-15 15:00:00
19542,2017-02-12 00:00:00
19543,2017-02-11 23:00:00
19544,2017-02-11 22:00:00
19559,2018-04-21 00:00:00
19560,2018-04-20 23:00:00
19561,2018-04-20 22:00:00
19564,2018-04-20 19:00:00
19706,2021-06-25 00:00:00
19707,2021-06-24 23:00:00
19708,2021-06-24 22:00:00
19709,2021-06-24 21:00:00
19710,2021-06-24 20:00:00
19711,2021-06-24 19:00:00
19712,2021-06-24 18:00:00
19713,2021-06-24 17:00:00
19714,2021-06-24 16:00:00
19715,2021-06-24 15:00:00
19716,2021-06-24 14:00:00
19717,2021-06-24 13:00:00
19718,2021-06-24 12:00:00
19719,2021-06-24 11:00:00
19720,2021-06-24 10:00:00
19721,2021-06-24 09:00:00
19722,2021-06-24 08:00:00
19723,2021-06-24 07:00:00
19724,2021-06-24 06:00:00
19725,2021-06-24 05:00:00
19726,2021-06-24 04:00:00
19727,2021-06-24 03:00:00
19728,2021-06-24 02:00:00
19729,2021-06-24 01:00:00
19730,2021-06-24 00:00:00
19731,2021-06-23 23:00:00
19732,2021-06-23 22:00:00
19733,2021-06-23 21:00:00
19734,2021-06-23 20:00:00
19735,2021-06-23 19:00:00
19736,2021-06-23 18:00:00
19794,2022-12-28 11:00:00
19795,2022-12-28 10:00:00
19796,2022-12-28 09:00:00
19797,2022-12-28 08:00:00
19798,2022-12-28 07:00:00
19799,2022-12-28 06:00:00
19947,2005-01-08 13:00:00
19948,2005-01-08 12:00:00
19949,2005-01-08 11:00:00
19950,2005-01-08 10:00:00
19997,2006-11-14 23:00:00
19998,2006-11-14 22:00:00
19999,2007-08-28 00:00:00
20000,2007-08-27 23:00:00
20001,2007-08-27 22:00:00
20002,2007-08-27 21:00:00
20003,2007-08-27 20:00:00
20004,2007-08-27 19:00:00
20005,2007-08-27 18:00:00
20006,2007-08-27 17:00:00
20007,2007-08-27 16:00:00
20008,2007-08-27 15:00:00
20009,2007-08-27 14:00:00
20010,2007-08-27 13:00:00
20011,2007-08-27 12:00:00
20012,2007-08-27 11:00:00
20013,2007-08-27 10:00:00
20014,2007-08-27 09:00:00
20015,2007-08-27 08:00:00
20016,2007-08-27 07:00:00
20017,2007-08-27 06:00:00
20018,2007-08-27 05:00:00
20019,2007-08-27 04:00:00
20020,2007-08-27 03:00:00
20021,2007-08-27 02:00:00
20073,2010-10-25 19:00:00
20074,2010-10-25 18:00:00
20075,2010-10-25 17:00:00
20076,2010-10-25 16:00:00
20147,2014-02-08 20:00:00
20148,2014-02-08 19:00:00
20149,2014-02-08 18:00:00
20150,2014-02-08 17:00:00
20151,2014-02-08 16:00:00
20191,2014-12-21 23:00:00
20192,2014-12-21 22:00:00
20193,2014-12-21 21:00:00
20194,2014-12-21 20:00:00
20195,2014-12-21 19:00:00
20196,2014-12-21 18:00:00
20197,2014-12-21 17:00:00
20295,2019-03-03 12:00:00
20296,2019-03-03 11:00:00
20297,2019-03-03 10:00:00
20426,2023-03-10 12:00:00
20427,2023-03-10 11:00:00
20436,2023-10-02 16:00:00
20582,2009-04-11 18:00:00
20630,2013-09-12 09:00:00
20631,2013-09-12 08:00:00
20632,2013-09-12 07:00:00
20633,2013-09-12 06:00:00
20634,2013-09-12 05:00:00
20635,2013-09-12 04:00:00
20636,2013-09-12 03:00:00
20637,2013-09-12 02:00:00
20638,2013-09-12 01:00:00
20639,2013-09-12 00:00:00
20640,2013-09-11 23:00:00
20641,2013-09-11 22:00:00
20642,2013-09-11 21:00:00
20643,2013-09-11 20:00:00
20644,2013-09-11 19:00:00
20645,2013-09-11 18:00:00
20646,2014-10-10 00:00:00
20647,2014-10-09 23:00:00
20648,2014-10-09 22:00:00
20649,2014-10-09 21:00:00
20650,2014-10-09 20:00:00
20651,2014-10-09 19:00:00
20652,2014-10-09 18:00:00
20653,2014-10-09 17:00:00
20654,2014-10-09 16:00:00
20655,2014-10-09 15:00:00
20656,2014-10-09 14:00:00
20657,2014-10-09 13:00:00
20658,2014-10-09 12:00:00
20659,2014-10-09 11:00:00
20660,2014-10-09 10:00:00
20674,2017-04-04 00:00:00
20675,2017-04-03 23:00:00
20676,2017-04-03 22:00:00
20677,2017-04-03 21:00:00
20678,2017-04-03 20:00:00
20679,2017-04-03 19:00:00
20680,2017-04-03 18:00:00
20681,2017-04-03 17:00:00
20682,2017-04-03 16:00:00
20683,2017-04-03 15:00:00
20684,2017-04-03 14:00:00
20685,2017-04-03 13:00:00
20686,2017-04-03 12:00:00
20687,2017-04-03 11:00:00
20688,2017-04-03 10:00:00
20689,2017-04-03 09:00:00
20690,2017-04-03 08:00:00
20691,2017-04-03 07:00:00
20692,2017-04-03 06:00:00
20693,2017-04-03 05:00:00
20694,2017-04-03 04:00:00
20695,2017-04-03 03:00:00
20696,2017-04-03 02:00:00
20697,2017-04-03 01:00:00
20721,2023-06-20 23:00:00
20722,2023-06-20 22:00:00
20723,2023-06-20 21:00:00
20724,2023-06-20 20:00:00
20725,2023-06-20 19:00:00
20726,2023-06-20 18:00:00
20727,2023-06-20 17:00:00
20728,2023-06-20 16:00:00
20729,2023-06-20 15:00:00
20730,2023-06-20 14:00:00
20731,2023-06-20 13:00:00
20732,2023-06-20 12:00:00
20733,2023-06-20 11:00:00
20734,2023-06-20 10:00:00
20735,2023-06-20 09:00:00
20736,2023-06-20 08:00:00
20737,2023-06-20 07:00:00
20738,2023-06-20 06:00:00
20739,2023-06-20 05:00:00
20753,2007-04-23 18:00:00
20754,2007-04-23 17:00:00
20755,2007-04-23 16:00:00
20756,2007-04-23 15:00:00
20757,2007-04-23 14:00:00
20758,2007-04-23 13:00:00
20759,2007-04-23 12:00:00
20760,2007-04-23 11:00:00
20761,2007-04-23 10:00:00
20762,2007-04-23 09:00:00
20763,2007-04-23 08:00:00
20764,2007-04-23 07:00:00
20765,2007-04-23 06:00:00
20766,2007-04-23 05:00:00
20767,2007-04-23 04:00:00
20768,2007-04-23 03:00:00
20769,2007-04-23 02:00:00
20770,2007-04-23 01:00:00
20771,2007-04-23 00:00:00
20772,2007-04-22 23:00:00
20773,2007-04-22 22:00:00
20774,2007-04-22 21:00:00
20775,2007-04-22 20:00:00
20776,2007-04-22 19:00:00
20778,2007-05-05 05:00:00
20779,2007-05-05 04:00:00
20780,2007-05-05 03:00:00
20781,2007-05-05 02:00:00
20782,2007-05-05 01:00:00
20783,2007-05-05 00:00:00
20784,2007-05-04 23:00:00
20785,2007-05-04 22:00:00
20786,2007-05-04 21:00:00
20787,2007-05-04 20:00:00
20837,2017-09-23 12:00:00
20838,2017-09-23 11:00:00
20839,2017-09-23 10:00:00
20840,2017-09-23 09:00:00
20841,2017-09-23 08:00:00
20843,2022-12-28 05:00:00
20844,2022-12-28 04:00:00
20845,2022-12-28 03:00:00
20846,2022-12-28 02:00:00
20847,2022-12-28 01:00:00
20856,2001-04-20 11:00:00
20865,2001-04-20 02:00:00
20879,2023-06-20 04:00:00
20912,2003-11-11 16:00:00
20913,2003-11-11 15:00:00
20914,2004-04-03 00:00:00
20915,2004-04-02 23:00:00
20916,2004-04-02 22:00:00
20917,2004-04-02 21:00:00
20918,2004-04-02 20:00:00
20919,2004-04-02 19:00:00
20920,2004-04-02 18:00:00
21014,2008-01-27 12:00:00
21015,2008-01-27 11:00:00
21016,2008-01-27 10:00:00
21017,2008-01-27 09:00:00
21018,2008-01-27 08:00:00
21035,2008-12-15 16:00:00
21036,2008-12-15 15:00:00
21037,2008-12-15 14:00:00
21038,2008-12-15 13:00:00
21039,2008-12-15 12:00:00
21040,2008-12-15 11:00:00
21041,2008-12-15 10:00:00
21042,2008-12-15 09:00:00
21043,2008-12-15 08:00:00
21044,2008-12-15 07:00:00
21081,2015-06-06 14:00:00
21082,2015-06-06 13:00:00
21102,2015-10-05 15:00:00
21103,2016-01-08 00:00:00
21104,2016-01-07 23:00:00
21105,2016-01-07 22:00:00
21106,2016-01-07 21:00:00
21107,2016-01-07 20:00:00
21108,2016-01-07 19:00:00
21109,2016-01-07 18:00:00
21110,2016-01-07 17:00:00
21111,2016-01-07 16:00:00
21112,2016-01-07 15:00:00
21113,2016-01-07 14:00:00
21207,2001-01-27 19:00:00
21208,2001-01-27 18:00:00
21216,2002-09-07 17:00:00
21217,2002-09-07 16:00:00
21218,2002-09-07 15:00:00
21219,2002-09-07 14:00:00
21220,2002-09-07 13:00:00
21221,2002-09-07 12:00:00
21222,2002-09-07 11:00:00
21223,2002-09-07 10:00:00
21224,2002-09-07 09:00:00
21225,2002-09-07 08:00:00
21226,2002-09-07 07:00:00
21609,2015-06-10 13:00:00
21610,2015-06-10 12:00:00
21611,2015-06-10 11:00:00
21682,2019-11-29 16:00:00
21844,2000-05-08 16:00:00
21845,2000-05-08 15:00:00
21846,2000-05-08 14:00:00
21847,2000-05-08 13:00:00
21848,2000-05-08 12:00:00
21849,2000-05-08 11:00:00
21864,2000-10-23 14:00:00
21865,2000-10-23 13:00:00
21866,2000-10-23 12:00:00
21867,2000-10-23 11:00:00
21920,2003-05-15 01:00:00
21921,2003-05-15 00:00:00
22002,2005-03-31 00:00:00
22003,2005-03-30 23:00:00
22004,2005-03-30 22:00:00
22005,2005-03-30 21:00:00
22006,2005-03-30 20:00:00
22007,2005-03-30 19:00:00
22008,2005-03-30 18:00:00
22009,2005-03-30 17:00:00
22010,2005-03-30 16:00:00
22105,2008-04-09 10:00:00
22276,2014-01-31 00:00:00
22277,2014-01-30 23:00:00
22278,2014-01-30 22:00:00
22279,2014-01-30 21:00:00
22280,2014-01-30 20:00:00
22381,2019-04-29 12:00:00
22382,2019-04-29 11:00:00
22470,2002-09-07 06:00:00
22471,2002-09-07 05:00:00
22488,2004-10-28 08:00:00
22489,2004-10-28 07:00:00
22490,2004-10-28 06:00:00
22491,2004-10-28 05:00:00
22614,2014-12-13 03:00:00
22615,2014-12-13 02:00:00
22724,2019-03-02 01:00:00
22725,2019-03-02 00:00:00
22726,2019-03-01 23:00:00
22727,2019-03-01 22:00:00
22728,2019-03-01 21:00:00
22817,2021-03-12 20:00:00
22818,2021-03-12 19:00:00
22819,2021-03-12 18:00:00
22820,2021-03-12 17:00:00
22821,2021-03-12 16:00:00
22822,2021-03-12 15:00:00
22823,2021-03-12 14:00:00
22824,2021-03-12 13:00:00
22825,2021-03-12 12:00:00
22826,2021-03-12 11:00:00
22827,2021-03-12 10:00:00
22828,2021-03-12 09:00:00
22829,2021-03-12 08:00:00
22830,2021-03-12 07:00:00
22831,2021-03-12 06:00:00
22832,2021-03-12 05:00:00
22833,2021-03-12 04:00:00
22834,2021-03-12 03:00:00
22835,2021-03-12 02:00:00
22836,2021-03-12 01:00:00
22837,2021-03-12 00:00:00
22869,2000-02-25 00:00:00
22870,2000-02-24 23:00:00
22871,2000-02-24 22:00:00
22872,2000-02-24 21:00:00
22873,2000-02-24 20:00:00
22874,2000-02-24 19:00:00
22875,2000-02-24 18:00:00
22882,2000-03-06 18:00:00
22883,2000-03-06 17:00:00
22898,2001-02-09 00:00:00
22899,2001-02-08 23:00:00
22900,2001-02-08 22:00:00
22901,2001-02-08 21:00:00
22902,2001-02-08 20:00:00
22903,2001-02-08 19:00:00
22904,2001-02-08 18:00:00
22905,2001-02-08 17:00:00
22906,2001-02-08 16:00:00
22907,2001-02-08 15:00:00
22908,2001-02-08 14:00:00
22909,2001-02-08 13:00:00
22910,2001-02-08 12:00:00
22911,2001-02-08 11:00:00
22932,2001-04-06 12:00:00
22933,2001-04-06 11:00:00
23065,2005-01-04 00:00:00
23066,2005-01-03 23:00:00
23067,2005-01-03 22:00:00
23068,2005-01-03 21:00:00
23069,2005-01-03 20:00:00
23070,2005-01-03 19:00:00
23071,2005-01-03 18:00:00
23072,2005-01-03 17:00:00
23128,2005-10-05 00:00:00
23129,2005-10-04 23:00:00
23130,2005-10-04 22:00:00
23131,2005-10-04 21:00:00
23132,2005-10-04 20:00:00
23133,2005-10-04 19:00:00
23134,2005-10-04 18:00:00
23142,2006-03-11 17:00:00
23147,2006-09-22 20:00:00
23148,2006-09-22 19:00:00
23149,2006-09-22 18:00:00
23150,2006-09-22 17:00:00
23151,2006-09-22 16:00:00
23152,2006-09-22 15:00:00
23153,2006-09-22 14:00:00
23154,2006-09-22 13:00:00
23155,2006-12-20 00:00:00
23156,2006-12-19 23:00:00
23157,2006-12-19 22:00:00
23158,2006-12-19 21:00:00
23159,2006-12-19 20:00:00
23160,2006-12-19 19:00:00
23161,2006-12-19 18:00:00
23162,2006-12-19 17:00:00
23175,2007-10-06 00:00:00
23176,2007-10-05 23:00:00
23177,2007-10-05 22:00:00
23178,2007-10-05 21:00:00
23179,2007-10-05 20:00:00
23180,2007-10-05 19:00:00
23278,2009-04-11 17:00:00
23307,2010-01-22 16:00:00
23315,2010-10-08 00:00:00
23316,2010-10-07 23:00:00
23317,2010-10-07 22:00:00
23318,2010-10-07 21:00:00
23319,2010-10-07 20:00:00
23320,2010-10-07 19:00:00
23321,2010-10-07 18:00:00
23349,2011-10-06 00:00:00
23350,2011-10-05 23:00:00
23389,2011-10-26 07:00:00
23390,2011-10-26 06:00:00
23410,2011-11-05 05:00:00
23411,2011-11-05 04:00:00
23412,2011-11-05 03:00:00
23413,2011-11-05 02:00:00
23414,2011-11-05 01:00:00
23415,2011-11-05 00:00:00
23416,2011-11-04 23:00:00
23417,2011-11-04 22:00:00
23418,2012-02-28 00:00:00
23419,2012-02-27 23:00:00
23420,2012-02-27 22:00:00
23421,2012-02-27 21:00:00
23422,2012-02-27 20:00:00
23423,2012-02-27 19:00:00
23424,2012-02-27 18:00:00
23447,2012-12-14 13:00:00
23496,2013-11-24 00:00:00
23497,2013-11-23 23:00:00
23498,2013-11-23 22:00:00
23499,2013-11-23 21:00:00
23500,2013-11-23 20:00:00
23501,2013-11-23 19:00:00
23502,2013-12-05 00:00:00
23503,2013-12-04 23:00:00
23504,2013-12-04 22:00:00
23505,2013-12-04 21:00:00
23506,2013-12-04 20:00:00
23507,2013-12-04 19:00:00
23508,2013-12-04 18:00:00
23509,2013-12-04 17:00:00
23515,2014-01-30 19:00:00
23516,2014-01-30 18:00:00
23541,2014-11-03 00:00:00
23542,2014-11-02 23:00:00
23543,2014-11-02 22:00:00
23556,2015-02-23 15:00:00
23557,2015-02-23 14:00:00
23565,2015-03-01 17:00:00
23626,2018-02-20 00:00:00
23627,2018-02-19 23:00:00
23628,2018-02-19 22:00:00
23629,2018-02-19 21:00:00
23630,2018-02-19 20:00:00
23631,2018-02-19 19:00:00
23698,2020-10-26 00:00:00
23699,2020-10-25 23:00:00
23700,2020-10-25 22:00:00
23701,2020-10-25 21:00:00
23702,2020-10-25 20:00:00
23703,2020-10-25 19:00:00
23704,2020-10-25 18:00:00
23705,2020-10-25 17:00:00
23706,2020-10-25 16:00:00
23816,2023-06-21 21:00:00
23817,2023-06-21 20:00:00
23818,2023-06-21 19:00:00
23819,2023-06-21 07:00:00
23820,2023-06-21 06:00:00
23821,2023-06-21 05:00:00
23822,2023-06-21 04:00:00
23837,2023-06-20 03:00:00
23838,2023-06-20 02:00:00
23839,2023-06-20 01:00:00
23840,2023-06-20 00:00:00
23841,2023-06-19 23:00:00
23842,2023-06-19 22:00:00
23843,2023-06-19 21:00:00
23844,2023-06-19 20:00:00
23845,2023-06-19 19:00:00
23846,2023-06-19 18:00:00
23847,2023-06-19 17:00:00
23848,2023-06-19 16:00:00
23849,2023-06-19 15:00:00
23850,2023-06-19 14:00:00
23851,2023-06-19 13:00:00
